
R version 3.6.3 (2020-02-29) -- "Holding the Windsock"
Copyright (C) 2020 The R Foundation for Statistical Computing
Platform: x86_64-pc-linux-gnu (64-bit)

R est un logiciel libre livré sans AUCUNE GARANTIE.
Vous pouvez le redistribuer sous certaines conditions.
Tapez 'license()' ou 'licence()' pour plus de détails.

  Natural language support but running in an English locale

R is a collaborative project with many contributors.
Type 'contributors()' for more information and
'citation()' on how to cite R or R packages in publications.

Tapez 'demo()' pour des démonstrations, 'help()' pour l'aide
en ligne ou 'help.start()' pour obtenir l'aide au format HTML.
Tapez 'q()' pour quitter R.

[Sauvegarde de la session précédente restaurée]

> # Folders
> saemixDir <- "/home/eco/work/saemix/versions/saemix3.1"
> saemixVersion <- "cran31"
> simulDir <-"/home/eco/work/saemix/saemixextension"
> 
> # libraries
> library(devtools)
Le chargement a nécessité le package : usethis
> 
> # Details
> today <- '220920'
> who <- "eco"
> settings <- "defaultTrue"
> computeIndPar <- FALSE # can be set to TRUE to compute individual parameter estimates
> 
> # Scenario
> scenario <- "imaxRichProp"
> datDir <- file.path(simulDir,"simulationSuite","cont", scenario,"data")
> resDir <- file.path(simulDir,"simulationSuite","cont", scenario,"results")
> namRes <- file.path(resDir, paste0(today,"_",who,"_",saemixVersion,"_",scenario,"_",settings,".res"))
> 
> nsim<-100
> namsimdat<-"pdimax"
> parpop<-c(100,0.7,500,2)
> parcov<-(-0.5) # ED50=500 in group 0, 300 in group 1
> nampar<-c("E0","Imax","ED50","gamma")
> omega<-diag(c(0.01,0,0.09,0)) # 10% IIV on E0 and 30% IIV on ID50, no correlation
> respar<-c(5,0.2) # additive and proportional error terms
> 
> sigma<-respar
> if(length(grep("Add", scenario))>0) sigma<-respar[1]
> if(length(grep("Prop", scenario))>0) sigma<-respar[2]
> pvrai <- c(parpop[1:3], parcov, parpop[4], omega[1,1],omega[3,3], respar)
> pfaux <-c(50,0.5,100,0,1,1,1,1,0.5)
> 
> if(settings=="defaultTrue") {
+   psi0 <- pvrai[c(1:3,5)]
+   omega0 <- omega
+   res0 <- sigma
+ }
> if(settings %in% c("defaultFalse","longFalse")) {
+   psi0 <- pfaux[c(1:3,5)]
+   omega0 <- diag(c(1,1,1))
+   res0 <- sigma*2
+ }
> 
> sigmoidImax<-function(psi,id,xidep) {
+   # input:
+   #   psi : matrix of parameters (3 columns, E0, Emax, E50)
+   #   id : vector of indices 
+   #   xidep : dependent variables (same nb of rows as length of id)
+   # returns:
+   #   a vector of predictions of length equal to length of id
+   dose<-xidep[,1]
+   e0<-psi[id,1]
+   imax<-psi[id,2]
+   ed50<-psi[id,3]
+   gamma<-psi[id,4]
+   f<-e0*(1-imax*(dose**gamma)/((ed50**gamma)+(dose**gamma)))
+   return(f)
+ }
> 
> # Random generator seed
> set.seed(860922741)
> zeseed <- trunc(runif(nsim, 0, 1)*10^7)
> 
> # Estimation
> dev_mode() # development mode
✔ Dev mode: ON
d> install.packages(pkgs=file.path(saemixDir,"saemix_3.1.tar.gz"),repos=NULL)
Installation du package dans ‘/home/eco/R-dev’
(car ‘lib’ n'est pas spécifié)
* installing *source* package ‘saemix’ ...
** using staged installation
** R
** data
*** moving datasets to lazyload DB
** inst
** byte-compile and prepare package for lazy loading
** help
*** installing help indices
** building package indices
** testing if installed package can be loaded from temporary location
** testing if installed package can be loaded from final location
** testing if installed package keeps a record of temporary installation path
* DONE (saemix)
d> library(saemix)
Le chargement a nécessité le package : npde

Attachement du package : ‘npde’

 以下のオブジェクトは ‘.GlobalEnv’ によってマスクされています: 

     kurtosis, showall, skewness 

Package saemix, version 3.1
  please direct bugs, questions and feedback to emmanuelle.comets@inserm.fr


Attachement du package : ‘saemix’

 以下のオブジェクトは ‘.GlobalEnv’ によってマスクされています: 

     advanced.gof, AIC.SaemixObject, basic.gof, BIC.covariate,
    BIC.SaemixObject, coef.SaemixObject, compute.eta.map, compute.LLy,
    compute.sres, compute.Uy, conddist.saemix,
    conditional.distribution_c, conditional.distribution_d,
    covariate.fits, createSaemixObject.empty,
    createSaemixObject.initial, cutoff, cutoff.eps, cutoff.max,
    cutoff.res, default.saemix.plots, derivphi, dtransphi, error,
    error.typ, estep, estimateIndividualParametersNewdata,
    estimateMeanParametersNewdata, eta, fim.saemix,
    fitted.SaemixObject, fitted.SaemixRes, gammarnd.mlx, gqg.mlx,
    individual.fits, initialiseMainAlgo, kurtosis, llgq.saemix,
    llis.saemix, logLik.SaemixObject, map.saemix, mydiag, normcdf,
    norminv, phi, plot.SaemixData, plot.SaemixSimData, plotnpde,
    predict.SaemixModel, psi, readSaemix, replace.data.options,
    replace.plot.options, replaceData.saemixObject, resid.SaemixObject,
    resid.SaemixRes, saemix.data.setoptions, saemix.plot.convergence,
    saemix.plot.correlations, saemix.plot.data, saemix.plot.distpsi,
    saemix.plot.distribresiduals, saemix.plot.fits, saemix.plot.llis,
    saemix.plot.mirror, saemix.plot.npde, saemix.plot.obsvspred,
    saemix.plot.parcov, saemix.plot.parcov.aux, saemix.plot.randeff,
    saemix.plot.randeffcov, saemix.plot.scatterresiduals,
    saemix.plot.select, saemix.plot.setoptions, saemix.plot.vpc,
    saemix.predict, saemixControl, saemixData, saemixModel,
    saemixPredictNewdata, simul.saemix, simulate.SaemixObject,
    simulateDiscreteSaemix, skewness, ssq, subset.SaemixData, testnpde,
    tpdf.mlx, transform.numeric, transform.SaemixData, transformCatCov,
    transformContCov, transphi, transpsi, trnd.mlx,
    validate.covariance.model, validate.names, vcov.SaemixObject,
    vcov.SaemixRes 

 以下のオブジェクトは ‘package:npde’ からマスクされています: 

     kurtosis, skewness 

d> library(saemix)
d> 
d> saemix.model.add<-saemixModel(model=sigmoidImax, description="PD Imax model",
+                               psi0=matrix(psi0, ncol=4, byrow = TRUE, dimnames=list(NULL, nampar)),transform.par=c(1,1,1,1),
+                               covariance.model=diag(c(1,0,1,0)), covariate.model=c(0,0,1,0),
+                               omega.init = omega0, error.init=c(sigma,0), error.model="additive")
Invalid error model, switching to constant


The following SaemixModel object was successfully created:

Nonlinear mixed-effects model
  Model function:  PD Imax model
  Model type:  structural
function (psi, id, xidep) 
{
    dose <- xidep[, 1]
    e0 <- psi[id, 1]
    imax <- psi[id, 2]
    ed50 <- psi[id, 3]
    gamma <- psi[id, 4]
    f <- e0 * (1 - imax * (dose^gamma)/((ed50^gamma) + (dose^gamma)))
    return(f)
}
  Nb of parameters: 4 
      parameter names:  E0 Imax ED50 gamma 
      distribution:
     Parameter Distribution Estimated
[1,] E0        log-normal   Estimated
[2,] Imax      log-normal   Estimated
[3,] ED50      log-normal   Estimated
[4,] gamma     log-normal   Estimated
  Variance-covariance matrix:
      E0 Imax ED50 gamma
E0     1    0    0     0
Imax   0    0    0     0
ED50   0    0    1     0
gamma  0    0    0     0
  Error model: constant , initial values: a.1=0.2 
  Covariate model:
     E0 Imax ED50 gamma
[1,]  0    0    1     0
    Initial values
              E0 Imax ED50 gamma
Pop.CondInit 100  0.7  500     2
Cov.CondInit   0  0.0    0     0
d> saemix.model.prop<-saemixModel(model=sigmoidImax, description="PD Imax model",
+                                psi0=matrix(psi0, ncol=4, byrow = TRUE, dimnames=list(NULL, nampar)),transform.par=c(1,1,1,1),
+                                covariance.model=diag(c(1,0,1,0)),covariate.model=c(0,0,1,0),
+                                omega.init = omega0, error.init=c(0,sigma), error.model="proportional")


The following SaemixModel object was successfully created:

Nonlinear mixed-effects model
  Model function:  PD Imax model
  Model type:  structural
function (psi, id, xidep) 
{
    dose <- xidep[, 1]
    e0 <- psi[id, 1]
    imax <- psi[id, 2]
    ed50 <- psi[id, 3]
    gamma <- psi[id, 4]
    f <- e0 * (1 - imax * (dose^gamma)/((ed50^gamma) + (dose^gamma)))
    return(f)
}
  Nb of parameters: 4 
      parameter names:  E0 Imax ED50 gamma 
      distribution:
     Parameter Distribution Estimated
[1,] E0        log-normal   Estimated
[2,] Imax      log-normal   Estimated
[3,] ED50      log-normal   Estimated
[4,] gamma     log-normal   Estimated
  Variance-covariance matrix:
      E0 Imax ED50 gamma
E0     1    0    0     0
Imax   0    0    0     0
ED50   0    0    1     0
gamma  0    0    0     0
  Error model: proportional , initial values: b.1=0.2 
  Covariate model:
     E0 Imax ED50 gamma
[1,]  0    0    1     0
    Initial values
              E0 Imax ED50 gamma
Pop.CondInit 100  0.7  500     2
Cov.CondInit   0  0.0    0     0
d> if(length(grep("Add", scenario))>0) saemix.model<-saemix.model.add
d> if(length(grep("Prop", scenario))>0) saemix.model<-saemix.model.prop
d> 
d> saemix.options<-list(seed=zeseed[1], save=FALSE, save.graphs=FALSE, displayProgress=FALSE)
d> if(settings=="longFalse") {
+   saemix.options$nchains <- 5
+   saemix.options$nbiter.saemix <- c(800, 300)
+ }
d> 
d> # testing
d> # saemix.data<-saemixData(xdat,header=T,name.group="id",name.predictors="dose",name.response="eff", name.covariate="group",units=list(x="-",y="-"))
d> # yfit <- saemix(saemix.model, saemix.data, saemix.options)
d> 
d> isim <- 1
d> for(isim in 1:nsim) {
+   # data
+   namfich<-paste('data_',namsimdat,isim,".tab",sep="")
+   saemix.data<-saemixData(file.path(datDir,namfich),header=T,name.group="id",name.predictors="dose",name.response="eff", name.covariate='group',units=list(x="-",y="-"))
+   
+   yfit <- saemix(saemix.model, saemix.data, saemix.options)
+   if(computeIndPar)
+     yfit <- conddist.saemix(yfit)
+   # Saving population parameters
+   idx.eps<-yfit@model@indx.res
+   idx.iiv<-yfit@model@indx.omega
+   vec<-summary(yfit@results)
+   l1<-unlist(c(isim,vec$fixed.effects[,2],vec$random.effects[,2],vec$logLik[1:2,2]))
+   l2<-unlist(c(vec$fixed.effects[,3],vec$random.effects[,3]))
+   if(isim==1) {
+     headersOrig<-c("Simulation",vec$fixed.effects[,1],as.character(vec$random.effects[,1]),"LL.lin","LL.IS")
+     headersSE<-headersOrig[1:(length(headersOrig)-2)]
+     headersSE[-c(1)]<-paste("SE.", headersSE[-c(1)],sep="")
+     headersOrig <- c(headersOrig, headersSE[-c(1)])
+     write(headersOrig,namRes,ncol=length(headersOrig))
+   }
+   write(c(l1,l2),namRes,ncol=length((headersOrig)),append=T)
+ }
Reading data from file /home/eco/work/saemix/saemixextension/simulationSuite/cont/imaxRichProp/data/data_pdimax1.tab 
These are the first lines of the dataset as read into R. Please check the format of the data is appropriate, if not, modify the na and/or sep items and retry:
  id dose       eff group
1  1    0 134.71462     0
2  1  200  90.26499     0
3  1  400  55.17392     0
4  1  500  45.31694     0
5  1  700  52.45116     0
6  1 1000  39.37709     0


The following SaemixData object was successfully created:

Object of class SaemixData
    longitudinal data for use with the SAEM algorithm
Dataset /home/eco/work/saemix/saemixextension/simulationSuite/cont/imaxRichProp/data/data_pdimax1.tab 
    Structured data: eff ~ dose | id 
    Predictor: dose (-) 
    covariates: group (-) 
      reference class for covariate group :  0 
Nonlinear mixed-effects model fit by the SAEM algorithm
-----------------------------------
----          Data             ----
-----------------------------------
Object of class SaemixData
    longitudinal data for use with the SAEM algorithm
Dataset /home/eco/work/saemix/saemixextension/simulationSuite/cont/imaxRichProp/data/data_pdimax1.tab 
    Structured data: eff ~ dose | id 
    Predictor: dose (-) 
    covariates: group (-) 
      reference class for covariate group :  0 
Dataset characteristics:
    number of subjects:     100 
    number of observations: 600 
    average/min/max nb obs: 6.00  /  6  /  6 
First 10 lines of data:
   id dose       eff group mdv cens occ ytype
1   1    0 134.71462     0   0    0   1     1
2   1  200  90.26499     0   0    0   1     1
3   1  400  55.17392     0   0    0   1     1
4   1  500  45.31694     0   0    0   1     1
5   1  700  52.45116     0   0    0   1     1
6   1 1000  39.37709     0   0    0   1     1
7   2    0  83.68029     0   0    0   1     1
8   2  200  77.89033     0   0    0   1     1
9   2  400  47.00002     0   0    0   1     1
10  2  500  69.73336     0   0    0   1     1
-----------------------------------
----          Model            ----
-----------------------------------
Nonlinear mixed-effects model
  Model function:  PD Imax model
  Model type:  structural
function (psi, id, xidep) 
{
    dose <- xidep[, 1]
    e0 <- psi[id, 1]
    imax <- psi[id, 2]
    ed50 <- psi[id, 3]
    gamma <- psi[id, 4]
    f <- e0 * (1 - imax * (dose^gamma)/((ed50^gamma) + (dose^gamma)))
    return(f)
}
<bytecode: 0x5634e2004478>
  Nb of parameters: 4 
      parameter names:  E0 Imax ED50 gamma 
      distribution:
     Parameter Distribution Estimated
[1,] E0        log-normal   Estimated
[2,] Imax      log-normal   Estimated
[3,] ED50      log-normal   Estimated
[4,] gamma     log-normal   Estimated
  Variance-covariance matrix:
      E0 Imax ED50 gamma
E0     1    0    0     0
Imax   0    0    0     0
ED50   0    0    1     0
gamma  0    0    0     0
  Error model: proportional , initial values: b.1=0.2 
  Covariate model:
      [,1] [,2] [,3] [,4]
group    0    0    1    0
    Initial values
              E0 Imax ED50 gamma
Pop.CondInit 100  0.7  500     2
Cov.CondInit   0  0.0    0     0
-----------------------------------
----    Key algorithm options  ----
-----------------------------------
    Estimation of individual parameters (MAP)
    Estimation of standard errors and linearised log-likelihood
    Estimation of log-likelihood by importance sampling
    Number of iterations:  K1=300, K2=100 
    Number of chains:  1 
    Seed:  6424598 
    Number of MCMC iterations for IS:  5000 
    Simulations:
        nb of simulated datasets used for npde:  1000 
        nb of simulated datasets used for VPC:  100 
    Input/output
        save the results to a file:  FALSE 
        save the graphs to files:  FALSE 
----------------------------------------------------
----                  Results                   ----
----------------------------------------------------
-----------------  Fixed effects  ------------------
----------------------------------------------------
     Parameter        Estimate SE      CV(%) p-value
[1,] E0                99.75    2.2905  2.3  -      
[2,] Imax               0.69    0.0263  3.8  -      
[3,] ED50             483.97   32.0736  6.6  -      
[4,] beta_group(ED50)  -0.46    0.0763 16.5  7e-10  
[5,] gamma              1.98    0.2008 10.1  -      
[6,] b.1                0.20    0.0066  3.3  -      
----------------------------------------------------
-----------  Variance of random effects  -----------
----------------------------------------------------
     Parameter   Estimate SE     CV(%)
E0   omega2.E0   0.015    0.0043 28   
ED50 omega2.ED50 0.059    0.0222 38   
----------------------------------------------------
------  Correlation matrix of random effects  ------
----------------------------------------------------
            omega2.E0 omega2.ED50
omega2.E0   1         0          
omega2.ED50 0         1          
----------------------------------------------------
---------------  Statistical criteria  -------------
----------------------------------------------------
Likelihood computed by linearisation
      -2LL= 4893.117 
      AIC = 4909.117 
      BIC = 4929.958 

Likelihood computed by importance sampling
      -2LL= 4905.306 
      AIC = 4921.306 
      BIC = 4942.147 
----------------------------------------------------
----------------------------------------------------
-----------------  Fixed effects  ------------------
----------------------------------------------------
         Parameter Estimate      SE CV(%) p-value
1               E0    99.75  2.2905  2.30       -
2             Imax     0.69  0.0263  3.82       -
3             ED50   483.97 32.0736  6.63       -
4 beta_group(ED50)    -0.46  0.0763 16.52 1.4e-09
5            gamma     1.98  0.2008 10.12       -
6              b.1     0.20  0.0066  3.32       -
----------------------------------------------------
-----------  Variance of random effects  -----------
----------------------------------------------------
       Parameter Estimate     SE CV(%)
E0     omega2.E0    0.015 0.0043 27.67
ED50 omega2.ED50    0.059 0.0222 37.66
----------------------------------------------------
------  Correlation matrix of random effects  ------
----------------------------------------------------
            omega2.E0 omega2.ED50
omega2.E0   1.00      0.00       
omega2.ED50 0.00      1.00       
----------------------------------------------------
---------------  Statistical criteria  -------------
----------------------------------------------------
Likelihood computed by linearisation
      -2LL= 4893.117 
      AIC = 4909.117 
      BIC = 4929.958 

Likelihood computed by importance sampling
      -2LL= 4905.306 
      AIC = 4921.306 
      BIC = 4942.147 
----------------------------------------------------
Reading data from file /home/eco/work/saemix/saemixextension/simulationSuite/cont/imaxRichProp/data/data_pdimax2.tab 
These are the first lines of the dataset as read into R. Please check the format of the data is appropriate, if not, modify the na and/or sep items and retry:
  id dose       eff group
1  1    0 101.54662     0
2  1  200  90.92071     0
3  1  400  43.68509     0
4  1  500  59.32144     0
5  1  700  44.48336     0
6  1 1000  43.63614     0


The following SaemixData object was successfully created:

Object of class SaemixData
    longitudinal data for use with the SAEM algorithm
Dataset /home/eco/work/saemix/saemixextension/simulationSuite/cont/imaxRichProp/data/data_pdimax2.tab 
    Structured data: eff ~ dose | id 
    Predictor: dose (-) 
    covariates: group (-) 
      reference class for covariate group :  0 
Nonlinear mixed-effects model fit by the SAEM algorithm
-----------------------------------
----          Data             ----
-----------------------------------
Object of class SaemixData
    longitudinal data for use with the SAEM algorithm
Dataset /home/eco/work/saemix/saemixextension/simulationSuite/cont/imaxRichProp/data/data_pdimax2.tab 
    Structured data: eff ~ dose | id 
    Predictor: dose (-) 
    covariates: group (-) 
      reference class for covariate group :  0 
Dataset characteristics:
    number of subjects:     100 
    number of observations: 600 
    average/min/max nb obs: 6.00  /  6  /  6 
First 10 lines of data:
   id dose       eff group mdv cens occ ytype
1   1    0 101.54662     0   0    0   1     1
2   1  200  90.92071     0   0    0   1     1
3   1  400  43.68509     0   0    0   1     1
4   1  500  59.32144     0   0    0   1     1
5   1  700  44.48336     0   0    0   1     1
6   1 1000  43.63614     0   0    0   1     1
7   2    0 123.85067     0   0    0   1     1
8   2  200  32.93476     0   0    0   1     1
9   2  400  53.08888     0   0    0   1     1
10  2  500  52.13822     0   0    0   1     1
-----------------------------------
----          Model            ----
-----------------------------------
Nonlinear mixed-effects model
  Model function:  PD Imax model
  Model type:  structural
function (psi, id, xidep) 
{
    dose <- xidep[, 1]
    e0 <- psi[id, 1]
    imax <- psi[id, 2]
    ed50 <- psi[id, 3]
    gamma <- psi[id, 4]
    f <- e0 * (1 - imax * (dose^gamma)/((ed50^gamma) + (dose^gamma)))
    return(f)
}
<bytecode: 0x5634e2004478>
  Nb of parameters: 4 
      parameter names:  E0 Imax ED50 gamma 
      distribution:
     Parameter Distribution Estimated
[1,] E0        log-normal   Estimated
[2,] Imax      log-normal   Estimated
[3,] ED50      log-normal   Estimated
[4,] gamma     log-normal   Estimated
  Variance-covariance matrix:
      E0 Imax ED50 gamma
E0     1    0    0     0
Imax   0    0    0     0
ED50   0    0    1     0
gamma  0    0    0     0
  Error model: proportional , initial values: b.1=0.2 
  Covariate model:
      [,1] [,2] [,3] [,4]
group    0    0    1    0
    Initial values
              E0 Imax ED50 gamma
Pop.CondInit 100  0.7  500     2
Cov.CondInit   0  0.0    0     0
-----------------------------------
----    Key algorithm options  ----
-----------------------------------
    Estimation of individual parameters (MAP)
    Estimation of standard errors and linearised log-likelihood
    Estimation of log-likelihood by importance sampling
    Number of iterations:  K1=300, K2=100 
    Number of chains:  1 
    Seed:  6424598 
    Number of MCMC iterations for IS:  5000 
    Simulations:
        nb of simulated datasets used for npde:  1000 
        nb of simulated datasets used for VPC:  100 
    Input/output
        save the results to a file:  FALSE 
        save the graphs to files:  FALSE 
----------------------------------------------------
----                  Results                   ----
----------------------------------------------------
-----------------  Fixed effects  ------------------
----------------------------------------------------
     Parameter        Estimate SE      CV(%) p-value
[1,] E0                99.75    2.1267  2.1  -      
[2,] Imax               0.74    0.0368  5.0  -      
[3,] ED50             486.11   34.5919  7.1  -      
[4,] beta_group(ED50)  -0.29    0.0625 21.3  1.3e-06
[5,] gamma              1.83    0.2023 11.1  -      
[6,] b.1                0.20    0.0067  3.3  -      
----------------------------------------------------
-----------  Variance of random effects  -----------
----------------------------------------------------
     Parameter   Estimate SE    CV(%)
E0   omega2.E0   0.0057   0.003 53   
ED50 omega2.ED50 0.0437   0.016 37   
----------------------------------------------------
------  Correlation matrix of random effects  ------
----------------------------------------------------
            omega2.E0 omega2.ED50
omega2.E0   1         0          
omega2.ED50 0         1          
----------------------------------------------------
---------------  Statistical criteria  -------------
----------------------------------------------------
Likelihood computed by linearisation
      -2LL= 4861.545 
      AIC = 4877.545 
      BIC = 4898.386 

Likelihood computed by importance sampling
      -2LL= 4871.114 
      AIC = 4887.114 
      BIC = 4907.955 
----------------------------------------------------
----------------------------------------------------
-----------------  Fixed effects  ------------------
----------------------------------------------------
         Parameter Estimate      SE CV(%) p-value
1               E0    99.75  2.1267  2.13       -
2             Imax     0.74  0.0368  4.97       -
3             ED50   486.11 34.5919  7.12       -
4 beta_group(ED50)    -0.29  0.0625 21.31 2.7e-06
5            gamma     1.83  0.2023 11.09       -
6              b.1     0.20  0.0067  3.27       -
----------------------------------------------------
-----------  Variance of random effects  -----------
----------------------------------------------------
       Parameter Estimate    SE CV(%)
E0     omega2.E0   0.0057 0.003 52.91
ED50 omega2.ED50   0.0437 0.016 36.54
----------------------------------------------------
------  Correlation matrix of random effects  ------
----------------------------------------------------
            omega2.E0 omega2.ED50
omega2.E0   1.00      0.00       
omega2.ED50 0.00      1.00       
----------------------------------------------------
---------------  Statistical criteria  -------------
----------------------------------------------------
Likelihood computed by linearisation
      -2LL= 4861.545 
      AIC = 4877.545 
      BIC = 4898.386 

Likelihood computed by importance sampling
      -2LL= 4871.114 
      AIC = 4887.114 
      BIC = 4907.955 
----------------------------------------------------
Reading data from file /home/eco/work/saemix/saemixextension/simulationSuite/cont/imaxRichProp/data/data_pdimax3.tab 
These are the first lines of the dataset as read into R. Please check the format of the data is appropriate, if not, modify the na and/or sep items and retry:
  id dose       eff group
1  1    0  73.68507     0
2  1  200 115.18332     0
3  1  400 100.45344     0
4  1  500  55.32270     0
5  1  700  52.14326     0
6  1 1000  48.14818     0


The following SaemixData object was successfully created:

Object of class SaemixData
    longitudinal data for use with the SAEM algorithm
Dataset /home/eco/work/saemix/saemixextension/simulationSuite/cont/imaxRichProp/data/data_pdimax3.tab 
    Structured data: eff ~ dose | id 
    Predictor: dose (-) 
    covariates: group (-) 
      reference class for covariate group :  0 
Nonlinear mixed-effects model fit by the SAEM algorithm
-----------------------------------
----          Data             ----
-----------------------------------
Object of class SaemixData
    longitudinal data for use with the SAEM algorithm
Dataset /home/eco/work/saemix/saemixextension/simulationSuite/cont/imaxRichProp/data/data_pdimax3.tab 
    Structured data: eff ~ dose | id 
    Predictor: dose (-) 
    covariates: group (-) 
      reference class for covariate group :  0 
Dataset characteristics:
    number of subjects:     100 
    number of observations: 600 
    average/min/max nb obs: 6.00  /  6  /  6 
First 10 lines of data:
   id dose       eff group mdv cens occ ytype
1   1    0  73.68507     0   0    0   1     1
2   1  200 115.18332     0   0    0   1     1
3   1  400 100.45344     0   0    0   1     1
4   1  500  55.32270     0   0    0   1     1
5   1  700  52.14326     0   0    0   1     1
6   1 1000  48.14818     0   0    0   1     1
7   2    0 109.09023     0   0    0   1     1
8   2  200  69.47421     0   0    0   1     1
9   2  400  58.39252     0   0    0   1     1
10  2  500  46.08649     0   0    0   1     1
-----------------------------------
----          Model            ----
-----------------------------------
Nonlinear mixed-effects model
  Model function:  PD Imax model
  Model type:  structural
function (psi, id, xidep) 
{
    dose <- xidep[, 1]
    e0 <- psi[id, 1]
    imax <- psi[id, 2]
    ed50 <- psi[id, 3]
    gamma <- psi[id, 4]
    f <- e0 * (1 - imax * (dose^gamma)/((ed50^gamma) + (dose^gamma)))
    return(f)
}
<bytecode: 0x5634e2004478>
  Nb of parameters: 4 
      parameter names:  E0 Imax ED50 gamma 
      distribution:
     Parameter Distribution Estimated
[1,] E0        log-normal   Estimated
[2,] Imax      log-normal   Estimated
[3,] ED50      log-normal   Estimated
[4,] gamma     log-normal   Estimated
  Variance-covariance matrix:
      E0 Imax ED50 gamma
E0     1    0    0     0
Imax   0    0    0     0
ED50   0    0    1     0
gamma  0    0    0     0
  Error model: proportional , initial values: b.1=0.2 
  Covariate model:
      [,1] [,2] [,3] [,4]
group    0    0    1    0
    Initial values
              E0 Imax ED50 gamma
Pop.CondInit 100  0.7  500     2
Cov.CondInit   0  0.0    0     0
-----------------------------------
----    Key algorithm options  ----
-----------------------------------
    Estimation of individual parameters (MAP)
    Estimation of standard errors and linearised log-likelihood
    Estimation of log-likelihood by importance sampling
    Number of iterations:  K1=300, K2=100 
    Number of chains:  1 
    Seed:  6424598 
    Number of MCMC iterations for IS:  5000 
    Simulations:
        nb of simulated datasets used for npde:  1000 
        nb of simulated datasets used for VPC:  100 
    Input/output
        save the results to a file:  FALSE 
        save the graphs to files:  FALSE 
----------------------------------------------------
----                  Results                   ----
----------------------------------------------------
-----------------  Fixed effects  ------------------
----------------------------------------------------
     Parameter        Estimate SE      CV(%) p-value
[1,] E0                96.99    2.2111  2.3  -      
[2,] Imax               0.66    0.0233  3.6  -      
[3,] ED50             485.35   28.4621  5.9  -      
[4,] beta_group(ED50)  -0.52    0.0690 13.4  3.6e-14
[5,] gamma              2.20    0.2239 10.2  -      
[6,] b.1                0.20    0.0067  3.3  -      
----------------------------------------------------
-----------  Variance of random effects  -----------
----------------------------------------------------
     Parameter   Estimate SE     CV(%)
E0   omega2.E0   0.015    0.0038 26   
ED50 omega2.ED50 0.031    0.0186 60   
----------------------------------------------------
------  Correlation matrix of random effects  ------
----------------------------------------------------
            omega2.E0 omega2.ED50
omega2.E0   1         0          
omega2.ED50 0         1          
----------------------------------------------------
---------------  Statistical criteria  -------------
----------------------------------------------------
Likelihood computed by linearisation
      -2LL= 4868.908 
      AIC = 4884.908 
      BIC = 4905.749 

Likelihood computed by importance sampling
      -2LL= 4879.603 
      AIC = 4895.603 
      BIC = 4916.445 
----------------------------------------------------
----------------------------------------------------
-----------------  Fixed effects  ------------------
----------------------------------------------------
         Parameter Estimate      SE CV(%) p-value
1               E0    96.99  2.2111  2.28       -
2             Imax     0.66  0.0233  3.56       -
3             ED50   485.35 28.4621  5.86       -
4 beta_group(ED50)    -0.52  0.0690 13.36 7.3e-14
5            gamma     2.20  0.2239 10.19       -
6              b.1     0.20  0.0067  3.30       -
----------------------------------------------------
-----------  Variance of random effects  -----------
----------------------------------------------------
       Parameter Estimate     SE CV(%)
E0     omega2.E0    0.015 0.0038 26.38
ED50 omega2.ED50    0.031 0.0186 59.51
----------------------------------------------------
------  Correlation matrix of random effects  ------
----------------------------------------------------
            omega2.E0 omega2.ED50
omega2.E0   1.00      0.00       
omega2.ED50 0.00      1.00       
----------------------------------------------------
---------------  Statistical criteria  -------------
----------------------------------------------------
Likelihood computed by linearisation
      -2LL= 4868.908 
      AIC = 4884.908 
      BIC = 4905.749 

Likelihood computed by importance sampling
      -2LL= 4879.603 
      AIC = 4895.603 
      BIC = 4916.445 
----------------------------------------------------
Reading data from file /home/eco/work/saemix/saemixextension/simulationSuite/cont/imaxRichProp/data/data_pdimax4.tab 
These are the first lines of the dataset as read into R. Please check the format of the data is appropriate, if not, modify the na and/or sep items and retry:
  id dose      eff group
1  1    0 77.85681     0
2  1  200 89.19532     0
3  1  400 80.61407     0
4  1  500 83.11972     0
5  1  700 54.36246     0
6  1 1000 44.73528     0


The following SaemixData object was successfully created:

Object of class SaemixData
    longitudinal data for use with the SAEM algorithm
Dataset /home/eco/work/saemix/saemixextension/simulationSuite/cont/imaxRichProp/data/data_pdimax4.tab 
    Structured data: eff ~ dose | id 
    Predictor: dose (-) 
    covariates: group (-) 
      reference class for covariate group :  0 
Nonlinear mixed-effects model fit by the SAEM algorithm
-----------------------------------
----          Data             ----
-----------------------------------
Object of class SaemixData
    longitudinal data for use with the SAEM algorithm
Dataset /home/eco/work/saemix/saemixextension/simulationSuite/cont/imaxRichProp/data/data_pdimax4.tab 
    Structured data: eff ~ dose | id 
    Predictor: dose (-) 
    covariates: group (-) 
      reference class for covariate group :  0 
Dataset characteristics:
    number of subjects:     100 
    number of observations: 600 
    average/min/max nb obs: 6.00  /  6  /  6 
First 10 lines of data:
   id dose       eff group mdv cens occ ytype
1   1    0  77.85681     0   0    0   1     1
2   1  200  89.19532     0   0    0   1     1
3   1  400  80.61407     0   0    0   1     1
4   1  500  83.11972     0   0    0   1     1
5   1  700  54.36246     0   0    0   1     1
6   1 1000  44.73528     0   0    0   1     1
7   2    0 110.69156     0   0    0   1     1
8   2  200  84.56834     0   0    0   1     1
9   2  400  58.40620     0   0    0   1     1
10  2  500  61.76211     0   0    0   1     1
-----------------------------------
----          Model            ----
-----------------------------------
Nonlinear mixed-effects model
  Model function:  PD Imax model
  Model type:  structural
function (psi, id, xidep) 
{
    dose <- xidep[, 1]
    e0 <- psi[id, 1]
    imax <- psi[id, 2]
    ed50 <- psi[id, 3]
    gamma <- psi[id, 4]
    f <- e0 * (1 - imax * (dose^gamma)/((ed50^gamma) + (dose^gamma)))
    return(f)
}
<bytecode: 0x5634e2004478>
  Nb of parameters: 4 
      parameter names:  E0 Imax ED50 gamma 
      distribution:
     Parameter Distribution Estimated
[1,] E0        log-normal   Estimated
[2,] Imax      log-normal   Estimated
[3,] ED50      log-normal   Estimated
[4,] gamma     log-normal   Estimated
  Variance-covariance matrix:
      E0 Imax ED50 gamma
E0     1    0    0     0
Imax   0    0    0     0
ED50   0    0    1     0
gamma  0    0    0     0
  Error model: proportional , initial values: b.1=0.2 
  Covariate model:
      [,1] [,2] [,3] [,4]
group    0    0    1    0
    Initial values
              E0 Imax ED50 gamma
Pop.CondInit 100  0.7  500     2
Cov.CondInit   0  0.0    0     0
-----------------------------------
----    Key algorithm options  ----
-----------------------------------
    Estimation of individual parameters (MAP)
    Estimation of standard errors and linearised log-likelihood
    Estimation of log-likelihood by importance sampling
    Number of iterations:  K1=300, K2=100 
    Number of chains:  1 
    Seed:  6424598 
    Number of MCMC iterations for IS:  5000 
    Simulations:
        nb of simulated datasets used for npde:  1000 
        nb of simulated datasets used for VPC:  100 
    Input/output
        save the results to a file:  FALSE 
        save the graphs to files:  FALSE 
----------------------------------------------------
----                  Results                   ----
----------------------------------------------------
-----------------  Fixed effects  ------------------
----------------------------------------------------
     Parameter        Estimate SE      CV(%) p-value
[1,] E0                98.99    2.1953  2.2  -      
[2,] Imax               0.70    0.0250  3.5  -      
[3,] ED50             496.00   31.2344  6.3  -      
[4,] beta_group(ED50)  -0.50    0.0719 14.4  1.8e-12
[5,] gamma              2.02    0.1994  9.9  -      
[6,] b.1                0.21    0.0069  3.3  -      
----------------------------------------------------
-----------  Variance of random effects  -----------
----------------------------------------------------
     Parameter   Estimate SE     CV(%)
E0   omega2.E0   0.0093   0.0036 39   
ED50 omega2.ED50 0.0599   0.0200 33   
----------------------------------------------------
------  Correlation matrix of random effects  ------
----------------------------------------------------
            omega2.E0 omega2.ED50
omega2.E0   1         0          
omega2.ED50 0         1          
----------------------------------------------------
---------------  Statistical criteria  -------------
----------------------------------------------------
Likelihood computed by linearisation
      -2LL= 4884.829 
      AIC = 4900.829 
      BIC = 4921.67 

Likelihood computed by importance sampling
      -2LL= 4896.588 
      AIC = 4912.588 
      BIC = 4933.43 
----------------------------------------------------
----------------------------------------------------
-----------------  Fixed effects  ------------------
----------------------------------------------------
         Parameter Estimate      SE CV(%) p-value
1               E0    98.99  2.1953  2.22       -
2             Imax     0.70  0.0250  3.55       -
3             ED50   496.00 31.2344  6.30       -
4 beta_group(ED50)    -0.50  0.0719 14.38 3.5e-12
5            gamma     2.02  0.1994  9.86       -
6              b.1     0.21  0.0069  3.30       -
----------------------------------------------------
-----------  Variance of random effects  -----------
----------------------------------------------------
       Parameter Estimate     SE CV(%)
E0     omega2.E0   0.0093 0.0036 38.78
ED50 omega2.ED50   0.0599 0.0200 33.44
----------------------------------------------------
------  Correlation matrix of random effects  ------
----------------------------------------------------
            omega2.E0 omega2.ED50
omega2.E0   1.00      0.00       
omega2.ED50 0.00      1.00       
----------------------------------------------------
---------------  Statistical criteria  -------------
----------------------------------------------------
Likelihood computed by linearisation
      -2LL= 4884.829 
      AIC = 4900.829 
      BIC = 4921.67 

Likelihood computed by importance sampling
      -2LL= 4896.588 
      AIC = 4912.588 
      BIC = 4933.43 
----------------------------------------------------
Reading data from file /home/eco/work/saemix/saemixextension/simulationSuite/cont/imaxRichProp/data/data_pdimax5.tab 
These are the first lines of the dataset as read into R. Please check the format of the data is appropriate, if not, modify the na and/or sep items and retry:
  id dose      eff group
1  1    0 89.30645     0
2  1  200 95.36220     0
3  1  400 60.13205     0
4  1  500 35.00487     0
5  1  700 51.32923     0
6  1 1000 56.64851     0


The following SaemixData object was successfully created:

Object of class SaemixData
    longitudinal data for use with the SAEM algorithm
Dataset /home/eco/work/saemix/saemixextension/simulationSuite/cont/imaxRichProp/data/data_pdimax5.tab 
    Structured data: eff ~ dose | id 
    Predictor: dose (-) 
    covariates: group (-) 
      reference class for covariate group :  0 
Nonlinear mixed-effects model fit by the SAEM algorithm
-----------------------------------
----          Data             ----
-----------------------------------
Object of class SaemixData
    longitudinal data for use with the SAEM algorithm
Dataset /home/eco/work/saemix/saemixextension/simulationSuite/cont/imaxRichProp/data/data_pdimax5.tab 
    Structured data: eff ~ dose | id 
    Predictor: dose (-) 
    covariates: group (-) 
      reference class for covariate group :  0 
Dataset characteristics:
    number of subjects:     100 
    number of observations: 600 
    average/min/max nb obs: 6.00  /  6  /  6 
First 10 lines of data:
   id dose      eff group mdv cens occ ytype
1   1    0 89.30645     0   0    0   1     1
2   1  200 95.36220     0   0    0   1     1
3   1  400 60.13205     0   0    0   1     1
4   1  500 35.00487     0   0    0   1     1
5   1  700 51.32923     0   0    0   1     1
6   1 1000 56.64851     0   0    0   1     1
7   2    0 63.50680     0   0    0   1     1
8   2  200 47.26939     0   0    0   1     1
9   2  400 26.33596     0   0    0   1     1
10  2  500 40.14919     0   0    0   1     1
-----------------------------------
----          Model            ----
-----------------------------------
Nonlinear mixed-effects model
  Model function:  PD Imax model
  Model type:  structural
function (psi, id, xidep) 
{
    dose <- xidep[, 1]
    e0 <- psi[id, 1]
    imax <- psi[id, 2]
    ed50 <- psi[id, 3]
    gamma <- psi[id, 4]
    f <- e0 * (1 - imax * (dose^gamma)/((ed50^gamma) + (dose^gamma)))
    return(f)
}
<bytecode: 0x5634e2004478>
  Nb of parameters: 4 
      parameter names:  E0 Imax ED50 gamma 
      distribution:
     Parameter Distribution Estimated
[1,] E0        log-normal   Estimated
[2,] Imax      log-normal   Estimated
[3,] ED50      log-normal   Estimated
[4,] gamma     log-normal   Estimated
  Variance-covariance matrix:
      E0 Imax ED50 gamma
E0     1    0    0     0
Imax   0    0    0     0
ED50   0    0    1     0
gamma  0    0    0     0
  Error model: proportional , initial values: b.1=0.2 
  Covariate model:
      [,1] [,2] [,3] [,4]
group    0    0    1    0
    Initial values
              E0 Imax ED50 gamma
Pop.CondInit 100  0.7  500     2
Cov.CondInit   0  0.0    0     0
-----------------------------------
----    Key algorithm options  ----
-----------------------------------
    Estimation of individual parameters (MAP)
    Estimation of standard errors and linearised log-likelihood
    Estimation of log-likelihood by importance sampling
    Number of iterations:  K1=300, K2=100 
    Number of chains:  1 
    Seed:  6424598 
    Number of MCMC iterations for IS:  5000 
    Simulations:
        nb of simulated datasets used for npde:  1000 
        nb of simulated datasets used for VPC:  100 
    Input/output
        save the results to a file:  FALSE 
        save the graphs to files:  FALSE 
----------------------------------------------------
----                  Results                   ----
----------------------------------------------------
-----------------  Fixed effects  ------------------
----------------------------------------------------
     Parameter        Estimate SE      CV(%) p-value
[1,] E0               101.10    2.1413  2.1  -      
[2,] Imax               0.74    0.0293  3.9  -      
[3,] ED50             505.89   36.4880  7.2  -      
[4,] beta_group(ED50)  -0.43    0.0773 18.0  1.4e-08
[5,] gamma              1.78    0.1737  9.8  -      
[6,] b.1                0.20    0.0067  3.3  -      
----------------------------------------------------
-----------  Variance of random effects  -----------
----------------------------------------------------
     Parameter   Estimate SE     CV(%)
E0   omega2.E0   0.0062   0.0034 55   
ED50 omega2.ED50 0.0895   0.0229 26   
----------------------------------------------------
------  Correlation matrix of random effects  ------
----------------------------------------------------
            omega2.E0 omega2.ED50
omega2.E0   1         0          
omega2.ED50 0         1          
----------------------------------------------------
---------------  Statistical criteria  -------------
----------------------------------------------------
Likelihood computed by linearisation
      -2LL= 4889.907 
      AIC = 4905.907 
      BIC = 4926.749 

Likelihood computed by importance sampling
      -2LL= 4900.347 
      AIC = 4916.347 
      BIC = 4937.188 
----------------------------------------------------
----------------------------------------------------
-----------------  Fixed effects  ------------------
----------------------------------------------------
         Parameter Estimate      SE CV(%) p-value
1               E0   101.10  2.1413  2.12       -
2             Imax     0.74  0.0293  3.94       -
3             ED50   505.89 36.4880  7.21       -
4 beta_group(ED50)    -0.43  0.0773 18.00 2.8e-08
5            gamma     1.78  0.1737  9.75       -
6              b.1     0.20  0.0067  3.30       -
----------------------------------------------------
-----------  Variance of random effects  -----------
----------------------------------------------------
       Parameter Estimate     SE CV(%)
E0     omega2.E0   0.0062 0.0034 55.17
ED50 omega2.ED50   0.0895 0.0229 25.56
----------------------------------------------------
------  Correlation matrix of random effects  ------
----------------------------------------------------
            omega2.E0 omega2.ED50
omega2.E0   1.00      0.00       
omega2.ED50 0.00      1.00       
----------------------------------------------------
---------------  Statistical criteria  -------------
----------------------------------------------------
Likelihood computed by linearisation
      -2LL= 4889.907 
      AIC = 4905.907 
      BIC = 4926.749 

Likelihood computed by importance sampling
      -2LL= 4900.347 
      AIC = 4916.347 
      BIC = 4937.188 
----------------------------------------------------
Reading data from file /home/eco/work/saemix/saemixextension/simulationSuite/cont/imaxRichProp/data/data_pdimax6.tab 
These are the first lines of the dataset as read into R. Please check the format of the data is appropriate, if not, modify the na and/or sep items and retry:
  id dose       eff group
1  1    0 138.66976     0
2  1  200  50.57595     0
3  1  400  81.79572     0
4  1  500  77.87382     0
5  1  700  45.17800     0
6  1 1000  41.28463     0


The following SaemixData object was successfully created:

Object of class SaemixData
    longitudinal data for use with the SAEM algorithm
Dataset /home/eco/work/saemix/saemixextension/simulationSuite/cont/imaxRichProp/data/data_pdimax6.tab 
    Structured data: eff ~ dose | id 
    Predictor: dose (-) 
    covariates: group (-) 
      reference class for covariate group :  0 
Nonlinear mixed-effects model fit by the SAEM algorithm
-----------------------------------
----          Data             ----
-----------------------------------
Object of class SaemixData
    longitudinal data for use with the SAEM algorithm
Dataset /home/eco/work/saemix/saemixextension/simulationSuite/cont/imaxRichProp/data/data_pdimax6.tab 
    Structured data: eff ~ dose | id 
    Predictor: dose (-) 
    covariates: group (-) 
      reference class for covariate group :  0 
Dataset characteristics:
    number of subjects:     100 
    number of observations: 600 
    average/min/max nb obs: 6.00  /  6  /  6 
First 10 lines of data:
   id dose       eff group mdv cens occ ytype
1   1    0 138.66976     0   0    0   1     1
2   1  200  50.57595     0   0    0   1     1
3   1  400  81.79572     0   0    0   1     1
4   1  500  77.87382     0   0    0   1     1
5   1  700  45.17800     0   0    0   1     1
6   1 1000  41.28463     0   0    0   1     1
7   2    0 117.90619     0   0    0   1     1
8   2  200  91.98423     0   0    0   1     1
9   2  400  85.03610     0   0    0   1     1
10  2  500  67.10714     0   0    0   1     1
-----------------------------------
----          Model            ----
-----------------------------------
Nonlinear mixed-effects model
  Model function:  PD Imax model
  Model type:  structural
function (psi, id, xidep) 
{
    dose <- xidep[, 1]
    e0 <- psi[id, 1]
    imax <- psi[id, 2]
    ed50 <- psi[id, 3]
    gamma <- psi[id, 4]
    f <- e0 * (1 - imax * (dose^gamma)/((ed50^gamma) + (dose^gamma)))
    return(f)
}
<bytecode: 0x5634e2004478>
  Nb of parameters: 4 
      parameter names:  E0 Imax ED50 gamma 
      distribution:
     Parameter Distribution Estimated
[1,] E0        log-normal   Estimated
[2,] Imax      log-normal   Estimated
[3,] ED50      log-normal   Estimated
[4,] gamma     log-normal   Estimated
  Variance-covariance matrix:
      E0 Imax ED50 gamma
E0     1    0    0     0
Imax   0    0    0     0
ED50   0    0    1     0
gamma  0    0    0     0
  Error model: proportional , initial values: b.1=0.2 
  Covariate model:
      [,1] [,2] [,3] [,4]
group    0    0    1    0
    Initial values
              E0 Imax ED50 gamma
Pop.CondInit 100  0.7  500     2
Cov.CondInit   0  0.0    0     0
-----------------------------------
----    Key algorithm options  ----
-----------------------------------
    Estimation of individual parameters (MAP)
    Estimation of standard errors and linearised log-likelihood
    Estimation of log-likelihood by importance sampling
    Number of iterations:  K1=300, K2=100 
    Number of chains:  1 
    Seed:  6424598 
    Number of MCMC iterations for IS:  5000 
    Simulations:
        nb of simulated datasets used for npde:  1000 
        nb of simulated datasets used for VPC:  100 
    Input/output
        save the results to a file:  FALSE 
        save the graphs to files:  FALSE 
----------------------------------------------------
----                  Results                   ----
----------------------------------------------------
-----------------  Fixed effects  ------------------
----------------------------------------------------
     Parameter        Estimate SE      CV(%) p-value
[1,] E0               100.12    2.0287  2.0  -      
[2,] Imax               0.69    0.0203  2.9  -      
[3,] ED50             547.59   30.2432  5.5  -      
[4,] beta_group(ED50)  -0.60    0.0668 11.2  0      
[5,] gamma              2.32    0.2101  9.0  -      
[6,] b.1                0.20    0.0067  3.3  -      
----------------------------------------------------
-----------  Variance of random effects  -----------
----------------------------------------------------
     Parameter   Estimate SE     CV(%)
E0   omega2.E0   0.0058   0.0029 51   
ED50 omega2.ED50 0.0586   0.0169 29   
----------------------------------------------------
------  Correlation matrix of random effects  ------
----------------------------------------------------
            omega2.E0 omega2.ED50
omega2.E0   1         0          
omega2.ED50 0         1          
----------------------------------------------------
---------------  Statistical criteria  -------------
----------------------------------------------------
Likelihood computed by linearisation
      -2LL= 4884.996 
      AIC = 4900.996 
      BIC = 4921.837 

Likelihood computed by importance sampling
      -2LL= 4894.622 
      AIC = 4910.622 
      BIC = 4931.463 
----------------------------------------------------
----------------------------------------------------
-----------------  Fixed effects  ------------------
----------------------------------------------------
         Parameter Estimate      SE CV(%) p-value
1               E0   100.12  2.0287  2.03       -
2             Imax     0.69  0.0203  2.94       -
3             ED50   547.59 30.2432  5.52       -
4 beta_group(ED50)    -0.60  0.0668 11.19    0.00
5            gamma     2.32  0.2101  9.04       -
6              b.1     0.20  0.0067  3.30       -
----------------------------------------------------
-----------  Variance of random effects  -----------
----------------------------------------------------
       Parameter Estimate     SE CV(%)
E0     omega2.E0   0.0058 0.0029 50.86
ED50 omega2.ED50   0.0586 0.0169 28.89
----------------------------------------------------
------  Correlation matrix of random effects  ------
----------------------------------------------------
            omega2.E0 omega2.ED50
omega2.E0   1.00      0.00       
omega2.ED50 0.00      1.00       
----------------------------------------------------
---------------  Statistical criteria  -------------
----------------------------------------------------
Likelihood computed by linearisation
      -2LL= 4884.996 
      AIC = 4900.996 
      BIC = 4921.837 

Likelihood computed by importance sampling
      -2LL= 4894.622 
      AIC = 4910.622 
      BIC = 4931.463 
----------------------------------------------------
Reading data from file /home/eco/work/saemix/saemixextension/simulationSuite/cont/imaxRichProp/data/data_pdimax7.tab 
These are the first lines of the dataset as read into R. Please check the format of the data is appropriate, if not, modify the na and/or sep items and retry:
  id dose      eff group
1  1    0 96.01110     0
2  1  200 89.33928     0
3  1  400 73.52137     0
4  1  500 55.08958     0
5  1  700 31.40046     0
6  1 1000 45.72666     0


The following SaemixData object was successfully created:

Object of class SaemixData
    longitudinal data for use with the SAEM algorithm
Dataset /home/eco/work/saemix/saemixextension/simulationSuite/cont/imaxRichProp/data/data_pdimax7.tab 
    Structured data: eff ~ dose | id 
    Predictor: dose (-) 
    covariates: group (-) 
      reference class for covariate group :  0 
Nonlinear mixed-effects model fit by the SAEM algorithm
-----------------------------------
----          Data             ----
-----------------------------------
Object of class SaemixData
    longitudinal data for use with the SAEM algorithm
Dataset /home/eco/work/saemix/saemixextension/simulationSuite/cont/imaxRichProp/data/data_pdimax7.tab 
    Structured data: eff ~ dose | id 
    Predictor: dose (-) 
    covariates: group (-) 
      reference class for covariate group :  0 
Dataset characteristics:
    number of subjects:     100 
    number of observations: 600 
    average/min/max nb obs: 6.00  /  6  /  6 
First 10 lines of data:
   id dose       eff group mdv cens occ ytype
1   1    0  96.01110     0   0    0   1     1
2   1  200  89.33928     0   0    0   1     1
3   1  400  73.52137     0   0    0   1     1
4   1  500  55.08958     0   0    0   1     1
5   1  700  31.40046     0   0    0   1     1
6   1 1000  45.72666     0   0    0   1     1
7   2    0  84.99275     0   0    0   1     1
8   2  200 109.00696     0   0    0   1     1
9   2  400  64.35588     0   0    0   1     1
10  2  500  67.34224     0   0    0   1     1
-----------------------------------
----          Model            ----
-----------------------------------
Nonlinear mixed-effects model
  Model function:  PD Imax model
  Model type:  structural
function (psi, id, xidep) 
{
    dose <- xidep[, 1]
    e0 <- psi[id, 1]
    imax <- psi[id, 2]
    ed50 <- psi[id, 3]
    gamma <- psi[id, 4]
    f <- e0 * (1 - imax * (dose^gamma)/((ed50^gamma) + (dose^gamma)))
    return(f)
}
<bytecode: 0x5634e2004478>
  Nb of parameters: 4 
      parameter names:  E0 Imax ED50 gamma 
      distribution:
     Parameter Distribution Estimated
[1,] E0        log-normal   Estimated
[2,] Imax      log-normal   Estimated
[3,] ED50      log-normal   Estimated
[4,] gamma     log-normal   Estimated
  Variance-covariance matrix:
      E0 Imax ED50 gamma
E0     1    0    0     0
Imax   0    0    0     0
ED50   0    0    1     0
gamma  0    0    0     0
  Error model: proportional , initial values: b.1=0.2 
  Covariate model:
      [,1] [,2] [,3] [,4]
group    0    0    1    0
    Initial values
              E0 Imax ED50 gamma
Pop.CondInit 100  0.7  500     2
Cov.CondInit   0  0.0    0     0
-----------------------------------
----    Key algorithm options  ----
-----------------------------------
    Estimation of individual parameters (MAP)
    Estimation of standard errors and linearised log-likelihood
    Estimation of log-likelihood by importance sampling
    Number of iterations:  K1=300, K2=100 
    Number of chains:  1 
    Seed:  6424598 
    Number of MCMC iterations for IS:  5000 
    Simulations:
        nb of simulated datasets used for npde:  1000 
        nb of simulated datasets used for VPC:  100 
    Input/output
        save the results to a file:  FALSE 
        save the graphs to files:  FALSE 
----------------------------------------------------
----                  Results                   ----
----------------------------------------------------
-----------------  Fixed effects  ------------------
----------------------------------------------------
     Parameter        Estimate SE      CV(%) p-value
[1,] E0               100.02    2.0991  2.1  -      
[2,] Imax               0.73    0.0265  3.6  -      
[3,] ED50             475.37   32.0478  6.7  -      
[4,] beta_group(ED50)  -0.43    0.0732 16.9  1.7e-09
[5,] gamma              1.84    0.1768  9.6  -      
[6,] b.1                0.21    0.0068  3.3  -      
----------------------------------------------------
-----------  Variance of random effects  -----------
----------------------------------------------------
     Parameter   Estimate SE     CV(%)
E0   omega2.E0   0.0041   0.0031 76   
ED50 omega2.ED50 0.0794   0.0210 26   
----------------------------------------------------
------  Correlation matrix of random effects  ------
----------------------------------------------------
            omega2.E0 omega2.ED50
omega2.E0   1         0          
omega2.ED50 0         1          
----------------------------------------------------
---------------  Statistical criteria  -------------
----------------------------------------------------
Likelihood computed by linearisation
      -2LL= 4859.969 
      AIC = 4875.969 
      BIC = 4896.81 

Likelihood computed by importance sampling
      -2LL= 4868.228 
      AIC = 4884.228 
      BIC = 4905.069 
----------------------------------------------------
----------------------------------------------------
-----------------  Fixed effects  ------------------
----------------------------------------------------
         Parameter Estimate      SE CV(%) p-value
1               E0   100.02  2.0991  2.10       -
2             Imax     0.73  0.0265  3.62       -
3             ED50   475.37 32.0478  6.74       -
4 beta_group(ED50)    -0.43  0.0732 16.92 3.4e-09
5            gamma     1.84  0.1768  9.62       -
6              b.1     0.21  0.0068  3.28       -
----------------------------------------------------
-----------  Variance of random effects  -----------
----------------------------------------------------
       Parameter Estimate     SE CV(%)
E0     omega2.E0   0.0041 0.0031 75.93
ED50 omega2.ED50   0.0794 0.0210 26.49
----------------------------------------------------
------  Correlation matrix of random effects  ------
----------------------------------------------------
            omega2.E0 omega2.ED50
omega2.E0   1.00      0.00       
omega2.ED50 0.00      1.00       
----------------------------------------------------
---------------  Statistical criteria  -------------
----------------------------------------------------
Likelihood computed by linearisation
      -2LL= 4859.969 
      AIC = 4875.969 
      BIC = 4896.81 

Likelihood computed by importance sampling
      -2LL= 4868.228 
      AIC = 4884.228 
      BIC = 4905.069 
----------------------------------------------------
Reading data from file /home/eco/work/saemix/saemixextension/simulationSuite/cont/imaxRichProp/data/data_pdimax8.tab 
These are the first lines of the dataset as read into R. Please check the format of the data is appropriate, if not, modify the na and/or sep items and retry:
  id dose       eff group
1  1    0 141.14690     0
2  1  200  87.49209     0
3  1  400  76.63910     0
4  1  500  37.37453     0
5  1  700  49.09923     0
6  1 1000  50.56323     0


The following SaemixData object was successfully created:

Object of class SaemixData
    longitudinal data for use with the SAEM algorithm
Dataset /home/eco/work/saemix/saemixextension/simulationSuite/cont/imaxRichProp/data/data_pdimax8.tab 
    Structured data: eff ~ dose | id 
    Predictor: dose (-) 
    covariates: group (-) 
      reference class for covariate group :  0 
Nonlinear mixed-effects model fit by the SAEM algorithm
-----------------------------------
----          Data             ----
-----------------------------------
Object of class SaemixData
    longitudinal data for use with the SAEM algorithm
Dataset /home/eco/work/saemix/saemixextension/simulationSuite/cont/imaxRichProp/data/data_pdimax8.tab 
    Structured data: eff ~ dose | id 
    Predictor: dose (-) 
    covariates: group (-) 
      reference class for covariate group :  0 
Dataset characteristics:
    number of subjects:     100 
    number of observations: 600 
    average/min/max nb obs: 6.00  /  6  /  6 
First 10 lines of data:
   id dose       eff group mdv cens occ ytype
1   1    0 141.14690     0   0    0   1     1
2   1  200  87.49209     0   0    0   1     1
3   1  400  76.63910     0   0    0   1     1
4   1  500  37.37453     0   0    0   1     1
5   1  700  49.09923     0   0    0   1     1
6   1 1000  50.56323     0   0    0   1     1
7   2    0  83.52774     0   0    0   1     1
8   2  200  64.35815     0   0    0   1     1
9   2  400  94.41520     0   0    0   1     1
10  2  500  63.57348     0   0    0   1     1
-----------------------------------
----          Model            ----
-----------------------------------
Nonlinear mixed-effects model
  Model function:  PD Imax model
  Model type:  structural
function (psi, id, xidep) 
{
    dose <- xidep[, 1]
    e0 <- psi[id, 1]
    imax <- psi[id, 2]
    ed50 <- psi[id, 3]
    gamma <- psi[id, 4]
    f <- e0 * (1 - imax * (dose^gamma)/((ed50^gamma) + (dose^gamma)))
    return(f)
}
<bytecode: 0x5634e2004478>
  Nb of parameters: 4 
      parameter names:  E0 Imax ED50 gamma 
      distribution:
     Parameter Distribution Estimated
[1,] E0        log-normal   Estimated
[2,] Imax      log-normal   Estimated
[3,] ED50      log-normal   Estimated
[4,] gamma     log-normal   Estimated
  Variance-covariance matrix:
      E0 Imax ED50 gamma
E0     1    0    0     0
Imax   0    0    0     0
ED50   0    0    1     0
gamma  0    0    0     0
  Error model: proportional , initial values: b.1=0.2 
  Covariate model:
      [,1] [,2] [,3] [,4]
group    0    0    1    0
    Initial values
              E0 Imax ED50 gamma
Pop.CondInit 100  0.7  500     2
Cov.CondInit   0  0.0    0     0
-----------------------------------
----    Key algorithm options  ----
-----------------------------------
    Estimation of individual parameters (MAP)
    Estimation of standard errors and linearised log-likelihood
    Estimation of log-likelihood by importance sampling
    Number of iterations:  K1=300, K2=100 
    Number of chains:  1 
    Seed:  6424598 
    Number of MCMC iterations for IS:  5000 
    Simulations:
        nb of simulated datasets used for npde:  1000 
        nb of simulated datasets used for VPC:  100 
    Input/output
        save the results to a file:  FALSE 
        save the graphs to files:  FALSE 
----------------------------------------------------
----                  Results                   ----
----------------------------------------------------
-----------------  Fixed effects  ------------------
----------------------------------------------------
     Parameter        Estimate SE      CV(%) p-value
[1,] E0               101.66    2.2726  2.2  -      
[2,] Imax               0.73    0.0254  3.5  -      
[3,] ED50             523.32   39.3924  7.5  -      
[4,] beta_group(ED50)  -0.59    0.0892 15.0  1.5e-11
[5,] gamma              1.75    0.1627  9.3  -      
[6,] b.1                0.20    0.0067  3.3  -      
----------------------------------------------------
-----------  Variance of random effects  -----------
----------------------------------------------------
     Parameter   Estimate SE     CV(%)
E0   omega2.E0   0.012    0.0043 35   
ED50 omega2.ED50 0.116    0.0294 25   
----------------------------------------------------
------  Correlation matrix of random effects  ------
----------------------------------------------------
            omega2.E0 omega2.ED50
omega2.E0   1         0          
omega2.ED50 0         1          
----------------------------------------------------
---------------  Statistical criteria  -------------
----------------------------------------------------
Likelihood computed by linearisation
      -2LL= 4912.563 
      AIC = 4928.563 
      BIC = 4949.404 

Likelihood computed by importance sampling
      -2LL= 4922.287 
      AIC = 4938.287 
      BIC = 4959.128 
----------------------------------------------------
----------------------------------------------------
-----------------  Fixed effects  ------------------
----------------------------------------------------
         Parameter Estimate      SE CV(%) p-value
1               E0   101.66  2.2726  2.24       -
2             Imax     0.73  0.0254  3.46       -
3             ED50   523.32 39.3924  7.53       -
4 beta_group(ED50)    -0.59  0.0892 15.04   3e-11
5            gamma     1.75  0.1627  9.30       -
6              b.1     0.20  0.0067  3.33       -
----------------------------------------------------
-----------  Variance of random effects  -----------
----------------------------------------------------
       Parameter Estimate     SE CV(%)
E0     omega2.E0    0.012 0.0043 34.67
ED50 omega2.ED50    0.116 0.0294 25.31
----------------------------------------------------
------  Correlation matrix of random effects  ------
----------------------------------------------------
            omega2.E0 omega2.ED50
omega2.E0   1.00      0.00       
omega2.ED50 0.00      1.00       
----------------------------------------------------
---------------  Statistical criteria  -------------
----------------------------------------------------
Likelihood computed by linearisation
      -2LL= 4912.563 
      AIC = 4928.563 
      BIC = 4949.404 

Likelihood computed by importance sampling
      -2LL= 4922.287 
      AIC = 4938.287 
      BIC = 4959.128 
----------------------------------------------------
Reading data from file /home/eco/work/saemix/saemixextension/simulationSuite/cont/imaxRichProp/data/data_pdimax9.tab 
These are the first lines of the dataset as read into R. Please check the format of the data is appropriate, if not, modify the na and/or sep items and retry:
  id dose       eff group
1  1    0 115.04321     0
2  1  200  73.37849     0
3  1  400  84.28576     0
4  1  500  54.79999     0
5  1  700  42.33406     0
6  1 1000  57.69699     0


The following SaemixData object was successfully created:

Object of class SaemixData
    longitudinal data for use with the SAEM algorithm
Dataset /home/eco/work/saemix/saemixextension/simulationSuite/cont/imaxRichProp/data/data_pdimax9.tab 
    Structured data: eff ~ dose | id 
    Predictor: dose (-) 
    covariates: group (-) 
      reference class for covariate group :  0 
Nonlinear mixed-effects model fit by the SAEM algorithm
-----------------------------------
----          Data             ----
-----------------------------------
Object of class SaemixData
    longitudinal data for use with the SAEM algorithm
Dataset /home/eco/work/saemix/saemixextension/simulationSuite/cont/imaxRichProp/data/data_pdimax9.tab 
    Structured data: eff ~ dose | id 
    Predictor: dose (-) 
    covariates: group (-) 
      reference class for covariate group :  0 
Dataset characteristics:
    number of subjects:     100 
    number of observations: 600 
    average/min/max nb obs: 6.00  /  6  /  6 
First 10 lines of data:
   id dose       eff group mdv cens occ ytype
1   1    0 115.04321     0   0    0   1     1
2   1  200  73.37849     0   0    0   1     1
3   1  400  84.28576     0   0    0   1     1
4   1  500  54.79999     0   0    0   1     1
5   1  700  42.33406     0   0    0   1     1
6   1 1000  57.69699     0   0    0   1     1
7   2    0  81.78337     0   0    0   1     1
8   2  200  96.93472     0   0    0   1     1
9   2  400  95.17135     0   0    0   1     1
10  2  500  63.83673     0   0    0   1     1
-----------------------------------
----          Model            ----
-----------------------------------
Nonlinear mixed-effects model
  Model function:  PD Imax model
  Model type:  structural
function (psi, id, xidep) 
{
    dose <- xidep[, 1]
    e0 <- psi[id, 1]
    imax <- psi[id, 2]
    ed50 <- psi[id, 3]
    gamma <- psi[id, 4]
    f <- e0 * (1 - imax * (dose^gamma)/((ed50^gamma) + (dose^gamma)))
    return(f)
}
<bytecode: 0x5634e2004478>
  Nb of parameters: 4 
      parameter names:  E0 Imax ED50 gamma 
      distribution:
     Parameter Distribution Estimated
[1,] E0        log-normal   Estimated
[2,] Imax      log-normal   Estimated
[3,] ED50      log-normal   Estimated
[4,] gamma     log-normal   Estimated
  Variance-covariance matrix:
      E0 Imax ED50 gamma
E0     1    0    0     0
Imax   0    0    0     0
ED50   0    0    1     0
gamma  0    0    0     0
  Error model: proportional , initial values: b.1=0.2 
  Covariate model:
      [,1] [,2] [,3] [,4]
group    0    0    1    0
    Initial values
              E0 Imax ED50 gamma
Pop.CondInit 100  0.7  500     2
Cov.CondInit   0  0.0    0     0
-----------------------------------
----    Key algorithm options  ----
-----------------------------------
    Estimation of individual parameters (MAP)
    Estimation of standard errors and linearised log-likelihood
    Estimation of log-likelihood by importance sampling
    Number of iterations:  K1=300, K2=100 
    Number of chains:  1 
    Seed:  6424598 
    Number of MCMC iterations for IS:  5000 
    Simulations:
        nb of simulated datasets used for npde:  1000 
        nb of simulated datasets used for VPC:  100 
    Input/output
        save the results to a file:  FALSE 
        save the graphs to files:  FALSE 
----------------------------------------------------
----                  Results                   ----
----------------------------------------------------
-----------------  Fixed effects  ------------------
----------------------------------------------------
     Parameter        Estimate SE      CV(%) p-value
[1,] E0                97.04    2.0288  2.1  -      
[2,] Imax               0.68    0.0226  3.4  -      
[3,] ED50             562.45   34.9809  6.2  -      
[4,] beta_group(ED50)  -0.48    0.0771 16.2  3.2e-10
[5,] gamma              2.40    0.2304  9.6  -      
[6,] b.1                0.20    0.0067  3.3  -      
----------------------------------------------------
-----------  Variance of random effects  -----------
----------------------------------------------------
     Parameter   Estimate SE     CV(%)
E0   omega2.E0   0.0097   0.0036 37   
ED50 omega2.ED50 0.0882   0.0219 25   
----------------------------------------------------
------  Correlation matrix of random effects  ------
----------------------------------------------------
            omega2.E0 omega2.ED50
omega2.E0   1         0          
omega2.ED50 0         1          
----------------------------------------------------
---------------  Statistical criteria  -------------
----------------------------------------------------
Likelihood computed by linearisation
      -2LL= 4938.196 
      AIC = 4954.196 
      BIC = 4975.037 

Likelihood computed by importance sampling
      -2LL= 4947.025 
      AIC = 4963.025 
      BIC = 4983.866 
----------------------------------------------------
----------------------------------------------------
-----------------  Fixed effects  ------------------
----------------------------------------------------
         Parameter Estimate      SE CV(%) p-value
1               E0    97.04  2.0288  2.09       -
2             Imax     0.68  0.0226  3.35       -
3             ED50   562.45 34.9809  6.22       -
4 beta_group(ED50)    -0.48  0.0771 16.18 6.4e-10
5            gamma     2.40  0.2304  9.60       -
6              b.1     0.20  0.0067  3.35       -
----------------------------------------------------
-----------  Variance of random effects  -----------
----------------------------------------------------
       Parameter Estimate     SE CV(%)
E0     omega2.E0   0.0097 0.0036 37.07
ED50 omega2.ED50   0.0882 0.0219 24.80
----------------------------------------------------
------  Correlation matrix of random effects  ------
----------------------------------------------------
            omega2.E0 omega2.ED50
omega2.E0   1.00      0.00       
omega2.ED50 0.00      1.00       
----------------------------------------------------
---------------  Statistical criteria  -------------
----------------------------------------------------
Likelihood computed by linearisation
      -2LL= 4938.196 
      AIC = 4954.196 
      BIC = 4975.037 

Likelihood computed by importance sampling
      -2LL= 4947.025 
      AIC = 4963.025 
      BIC = 4983.866 
----------------------------------------------------
Reading data from file /home/eco/work/saemix/saemixextension/simulationSuite/cont/imaxRichProp/data/data_pdimax10.tab 
These are the first lines of the dataset as read into R. Please check the format of the data is appropriate, if not, modify the na and/or sep items and retry:
  id dose       eff group
1  1    0 112.86878     0
2  1  200 105.54245     0
3  1  400  61.49626     0
4  1  500  58.50057     0
5  1  700  28.36648     0
6  1 1000  42.31616     0


The following SaemixData object was successfully created:

Object of class SaemixData
    longitudinal data for use with the SAEM algorithm
Dataset /home/eco/work/saemix/saemixextension/simulationSuite/cont/imaxRichProp/data/data_pdimax10.tab 
    Structured data: eff ~ dose | id 
    Predictor: dose (-) 
    covariates: group (-) 
      reference class for covariate group :  0 
Nonlinear mixed-effects model fit by the SAEM algorithm
-----------------------------------
----          Data             ----
-----------------------------------
Object of class SaemixData
    longitudinal data for use with the SAEM algorithm
Dataset /home/eco/work/saemix/saemixextension/simulationSuite/cont/imaxRichProp/data/data_pdimax10.tab 
    Structured data: eff ~ dose | id 
    Predictor: dose (-) 
    covariates: group (-) 
      reference class for covariate group :  0 
Dataset characteristics:
    number of subjects:     100 
    number of observations: 600 
    average/min/max nb obs: 6.00  /  6  /  6 
First 10 lines of data:
   id dose       eff group mdv cens occ ytype
1   1    0 112.86878     0   0    0   1     1
2   1  200 105.54245     0   0    0   1     1
3   1  400  61.49626     0   0    0   1     1
4   1  500  58.50057     0   0    0   1     1
5   1  700  28.36648     0   0    0   1     1
6   1 1000  42.31616     0   0    0   1     1
7   2    0  83.75133     0   0    0   1     1
8   2  200  73.41567     0   0    0   1     1
9   2  400  69.60728     0   0    0   1     1
10  2  500  48.78492     0   0    0   1     1
-----------------------------------
----          Model            ----
-----------------------------------
Nonlinear mixed-effects model
  Model function:  PD Imax model
  Model type:  structural
function (psi, id, xidep) 
{
    dose <- xidep[, 1]
    e0 <- psi[id, 1]
    imax <- psi[id, 2]
    ed50 <- psi[id, 3]
    gamma <- psi[id, 4]
    f <- e0 * (1 - imax * (dose^gamma)/((ed50^gamma) + (dose^gamma)))
    return(f)
}
<bytecode: 0x5634e2004478>
  Nb of parameters: 4 
      parameter names:  E0 Imax ED50 gamma 
      distribution:
     Parameter Distribution Estimated
[1,] E0        log-normal   Estimated
[2,] Imax      log-normal   Estimated
[3,] ED50      log-normal   Estimated
[4,] gamma     log-normal   Estimated
  Variance-covariance matrix:
      E0 Imax ED50 gamma
E0     1    0    0     0
Imax   0    0    0     0
ED50   0    0    1     0
gamma  0    0    0     0
  Error model: proportional , initial values: b.1=0.2 
  Covariate model:
      [,1] [,2] [,3] [,4]
group    0    0    1    0
    Initial values
              E0 Imax ED50 gamma
Pop.CondInit 100  0.7  500     2
Cov.CondInit   0  0.0    0     0
-----------------------------------
----    Key algorithm options  ----
-----------------------------------
    Estimation of individual parameters (MAP)
    Estimation of standard errors and linearised log-likelihood
    Estimation of log-likelihood by importance sampling
    Number of iterations:  K1=300, K2=100 
    Number of chains:  1 
    Seed:  6424598 
    Number of MCMC iterations for IS:  5000 
    Simulations:
        nb of simulated datasets used for npde:  1000 
        nb of simulated datasets used for VPC:  100 
    Input/output
        save the results to a file:  FALSE 
        save the graphs to files:  FALSE 
----------------------------------------------------
----                  Results                   ----
----------------------------------------------------
-----------------  Fixed effects  ------------------
----------------------------------------------------
     Parameter        Estimate SE      CV(%) p-value
[1,] E0                97.29    2.1587  2.2  -      
[2,] Imax               0.67    0.0221  3.3  -      
[3,] ED50             480.40   30.1962  6.3  -      
[4,] beta_group(ED50)  -0.45    0.0773 17.0  2.1e-09
[5,] gamma              2.27    0.2237  9.8  -      
[6,] b.1                0.20    0.0068  3.3  -      
----------------------------------------------------
-----------  Variance of random effects  -----------
----------------------------------------------------
     Parameter   Estimate SE     CV(%)
E0   omega2.E0   0.012    0.0039 33   
ED50 omega2.ED50 0.076    0.0224 30   
----------------------------------------------------
------  Correlation matrix of random effects  ------
----------------------------------------------------
            omega2.E0 omega2.ED50
omega2.E0   1         0          
omega2.ED50 0         1          
----------------------------------------------------
---------------  Statistical criteria  -------------
----------------------------------------------------
Likelihood computed by linearisation
      -2LL= 4895.531 
      AIC = 4911.531 
      BIC = 4932.372 

Likelihood computed by importance sampling
      -2LL= 4905.948 
      AIC = 4921.948 
      BIC = 4942.789 
----------------------------------------------------
----------------------------------------------------
-----------------  Fixed effects  ------------------
----------------------------------------------------
         Parameter Estimate      SE CV(%) p-value
1               E0    97.29  2.1587  2.22       -
2             Imax     0.67  0.0221  3.30       -
3             ED50   480.40 30.1962  6.29       -
4 beta_group(ED50)    -0.45  0.0773 17.02 4.2e-09
5            gamma     2.27  0.2237  9.85       -
6              b.1     0.20  0.0068  3.33       -
----------------------------------------------------
-----------  Variance of random effects  -----------
----------------------------------------------------
       Parameter Estimate     SE CV(%)
E0     omega2.E0    0.012 0.0039 33.07
ED50 omega2.ED50    0.076 0.0224 29.57
----------------------------------------------------
------  Correlation matrix of random effects  ------
----------------------------------------------------
            omega2.E0 omega2.ED50
omega2.E0   1.00      0.00       
omega2.ED50 0.00      1.00       
----------------------------------------------------
---------------  Statistical criteria  -------------
----------------------------------------------------
Likelihood computed by linearisation
      -2LL= 4895.531 
      AIC = 4911.531 
      BIC = 4932.372 

Likelihood computed by importance sampling
      -2LL= 4905.948 
      AIC = 4921.948 
      BIC = 4942.789 
----------------------------------------------------
Reading data from file /home/eco/work/saemix/saemixextension/simulationSuite/cont/imaxRichProp/data/data_pdimax11.tab 
These are the first lines of the dataset as read into R. Please check the format of the data is appropriate, if not, modify the na and/or sep items and retry:
  id dose       eff group
1  1    0 140.83108     0
2  1  200  99.70772     0
3  1  400  41.86947     0
4  1  500  39.81655     0
5  1  700  54.53316     0
6  1 1000  41.24541     0


The following SaemixData object was successfully created:

Object of class SaemixData
    longitudinal data for use with the SAEM algorithm
Dataset /home/eco/work/saemix/saemixextension/simulationSuite/cont/imaxRichProp/data/data_pdimax11.tab 
    Structured data: eff ~ dose | id 
    Predictor: dose (-) 
    covariates: group (-) 
      reference class for covariate group :  0 
Nonlinear mixed-effects model fit by the SAEM algorithm
-----------------------------------
----          Data             ----
-----------------------------------
Object of class SaemixData
    longitudinal data for use with the SAEM algorithm
Dataset /home/eco/work/saemix/saemixextension/simulationSuite/cont/imaxRichProp/data/data_pdimax11.tab 
    Structured data: eff ~ dose | id 
    Predictor: dose (-) 
    covariates: group (-) 
      reference class for covariate group :  0 
Dataset characteristics:
    number of subjects:     100 
    number of observations: 600 
    average/min/max nb obs: 6.00  /  6  /  6 
First 10 lines of data:
   id dose       eff group mdv cens occ ytype
1   1    0 140.83108     0   0    0   1     1
2   1  200  99.70772     0   0    0   1     1
3   1  400  41.86947     0   0    0   1     1
4   1  500  39.81655     0   0    0   1     1
5   1  700  54.53316     0   0    0   1     1
6   1 1000  41.24541     0   0    0   1     1
7   2    0 111.98368     0   0    0   1     1
8   2  200  85.77973     0   0    0   1     1
9   2  400  73.09505     0   0    0   1     1
10  2  500  61.33399     0   0    0   1     1
-----------------------------------
----          Model            ----
-----------------------------------
Nonlinear mixed-effects model
  Model function:  PD Imax model
  Model type:  structural
function (psi, id, xidep) 
{
    dose <- xidep[, 1]
    e0 <- psi[id, 1]
    imax <- psi[id, 2]
    ed50 <- psi[id, 3]
    gamma <- psi[id, 4]
    f <- e0 * (1 - imax * (dose^gamma)/((ed50^gamma) + (dose^gamma)))
    return(f)
}
<bytecode: 0x5634e2004478>
  Nb of parameters: 4 
      parameter names:  E0 Imax ED50 gamma 
      distribution:
     Parameter Distribution Estimated
[1,] E0        log-normal   Estimated
[2,] Imax      log-normal   Estimated
[3,] ED50      log-normal   Estimated
[4,] gamma     log-normal   Estimated
  Variance-covariance matrix:
      E0 Imax ED50 gamma
E0     1    0    0     0
Imax   0    0    0     0
ED50   0    0    1     0
gamma  0    0    0     0
  Error model: proportional , initial values: b.1=0.2 
  Covariate model:
      [,1] [,2] [,3] [,4]
group    0    0    1    0
    Initial values
              E0 Imax ED50 gamma
Pop.CondInit 100  0.7  500     2
Cov.CondInit   0  0.0    0     0
-----------------------------------
----    Key algorithm options  ----
-----------------------------------
    Estimation of individual parameters (MAP)
    Estimation of standard errors and linearised log-likelihood
    Estimation of log-likelihood by importance sampling
    Number of iterations:  K1=300, K2=100 
    Number of chains:  1 
    Seed:  6424598 
    Number of MCMC iterations for IS:  5000 
    Simulations:
        nb of simulated datasets used for npde:  1000 
        nb of simulated datasets used for VPC:  100 
    Input/output
        save the results to a file:  FALSE 
        save the graphs to files:  FALSE 
----------------------------------------------------
----                  Results                   ----
----------------------------------------------------
-----------------  Fixed effects  ------------------
----------------------------------------------------
     Parameter        Estimate SE      CV(%) p-value
[1,] E0               103.15    2.0177  2.0  -      
[2,] Imax               0.73    0.0254  3.5  -      
[3,] ED50             537.91   40.4980  7.5  -      
[4,] beta_group(ED50)  -0.61    0.0854 13.9  3.6e-13
[5,] gamma              1.69    0.1544  9.2  -      
[6,] b.1                0.20    0.0064  3.3  -      
----------------------------------------------------
-----------  Variance of random effects  -----------
----------------------------------------------------
     Parameter   Estimate SE     CV(%)
E0   omega2.E0   0.0028   0.0029 102  
ED50 omega2.ED50 0.1236   0.0274  22  
----------------------------------------------------
------  Correlation matrix of random effects  ------
----------------------------------------------------
            omega2.E0 omega2.ED50
omega2.E0   1         0          
omega2.ED50 0         1          
----------------------------------------------------
---------------  Statistical criteria  -------------
----------------------------------------------------
Likelihood computed by linearisation
      -2LL= 4871.725 
      AIC = 4887.725 
      BIC = 4908.566 

Likelihood computed by importance sampling
      -2LL= 4880.341 
      AIC = 4896.341 
      BIC = 4917.182 
----------------------------------------------------
----------------------------------------------------
-----------------  Fixed effects  ------------------
----------------------------------------------------
         Parameter Estimate      SE CV(%) p-value
1               E0   103.15  2.0177  1.96       -
2             Imax     0.73  0.0254  3.47       -
3             ED50   537.91 40.4980  7.53       -
4 beta_group(ED50)    -0.61  0.0854 13.93 7.2e-13
5            gamma     1.69  0.1544  9.16       -
6              b.1     0.20  0.0064  3.30       -
----------------------------------------------------
-----------  Variance of random effects  -----------
----------------------------------------------------
       Parameter Estimate     SE  CV(%)
E0     omega2.E0   0.0028 0.0029 102.14
ED50 omega2.ED50   0.1236 0.0274  22.20
----------------------------------------------------
------  Correlation matrix of random effects  ------
----------------------------------------------------
            omega2.E0 omega2.ED50
omega2.E0   1.00      0.00       
omega2.ED50 0.00      1.00       
----------------------------------------------------
---------------  Statistical criteria  -------------
----------------------------------------------------
Likelihood computed by linearisation
      -2LL= 4871.725 
      AIC = 4887.725 
      BIC = 4908.566 

Likelihood computed by importance sampling
      -2LL= 4880.341 
      AIC = 4896.341 
      BIC = 4917.182 
----------------------------------------------------
Reading data from file /home/eco/work/saemix/saemixextension/simulationSuite/cont/imaxRichProp/data/data_pdimax12.tab 
These are the first lines of the dataset as read into R. Please check the format of the data is appropriate, if not, modify the na and/or sep items and retry:
  id dose       eff group
1  1    0 107.91547     0
2  1  200  73.37124     0
3  1  400 105.05105     0
4  1  500  45.53398     0
5  1  700  59.59632     0
6  1 1000  45.30785     0


The following SaemixData object was successfully created:

Object of class SaemixData
    longitudinal data for use with the SAEM algorithm
Dataset /home/eco/work/saemix/saemixextension/simulationSuite/cont/imaxRichProp/data/data_pdimax12.tab 
    Structured data: eff ~ dose | id 
    Predictor: dose (-) 
    covariates: group (-) 
      reference class for covariate group :  0 
Nonlinear mixed-effects model fit by the SAEM algorithm
-----------------------------------
----          Data             ----
-----------------------------------
Object of class SaemixData
    longitudinal data for use with the SAEM algorithm
Dataset /home/eco/work/saemix/saemixextension/simulationSuite/cont/imaxRichProp/data/data_pdimax12.tab 
    Structured data: eff ~ dose | id 
    Predictor: dose (-) 
    covariates: group (-) 
      reference class for covariate group :  0 
Dataset characteristics:
    number of subjects:     100 
    number of observations: 600 
    average/min/max nb obs: 6.00  /  6  /  6 
First 10 lines of data:
   id dose       eff group mdv cens occ ytype
1   1    0 107.91547     0   0    0   1     1
2   1  200  73.37124     0   0    0   1     1
3   1  400 105.05105     0   0    0   1     1
4   1  500  45.53398     0   0    0   1     1
5   1  700  59.59632     0   0    0   1     1
6   1 1000  45.30785     0   0    0   1     1
7   2    0  74.74881     0   0    0   1     1
8   2  200 119.53283     0   0    0   1     1
9   2  400  79.49403     0   0    0   1     1
10  2  500  58.82905     0   0    0   1     1
-----------------------------------
----          Model            ----
-----------------------------------
Nonlinear mixed-effects model
  Model function:  PD Imax model
  Model type:  structural
function (psi, id, xidep) 
{
    dose <- xidep[, 1]
    e0 <- psi[id, 1]
    imax <- psi[id, 2]
    ed50 <- psi[id, 3]
    gamma <- psi[id, 4]
    f <- e0 * (1 - imax * (dose^gamma)/((ed50^gamma) + (dose^gamma)))
    return(f)
}
<bytecode: 0x5634e2004478>
  Nb of parameters: 4 
      parameter names:  E0 Imax ED50 gamma 
      distribution:
     Parameter Distribution Estimated
[1,] E0        log-normal   Estimated
[2,] Imax      log-normal   Estimated
[3,] ED50      log-normal   Estimated
[4,] gamma     log-normal   Estimated
  Variance-covariance matrix:
      E0 Imax ED50 gamma
E0     1    0    0     0
Imax   0    0    0     0
ED50   0    0    1     0
gamma  0    0    0     0
  Error model: proportional , initial values: b.1=0.2 
  Covariate model:
      [,1] [,2] [,3] [,4]
group    0    0    1    0
    Initial values
              E0 Imax ED50 gamma
Pop.CondInit 100  0.7  500     2
Cov.CondInit   0  0.0    0     0
-----------------------------------
----    Key algorithm options  ----
-----------------------------------
    Estimation of individual parameters (MAP)
    Estimation of standard errors and linearised log-likelihood
    Estimation of log-likelihood by importance sampling
    Number of iterations:  K1=300, K2=100 
    Number of chains:  1 
    Seed:  6424598 
    Number of MCMC iterations for IS:  5000 
    Simulations:
        nb of simulated datasets used for npde:  1000 
        nb of simulated datasets used for VPC:  100 
    Input/output
        save the results to a file:  FALSE 
        save the graphs to files:  FALSE 
----------------------------------------------------
----                  Results                   ----
----------------------------------------------------
-----------------  Fixed effects  ------------------
----------------------------------------------------
     Parameter        Estimate SE      CV(%) p-value
[1,] E0                98.64    2.3287  2.4  -      
[2,] Imax               0.70    0.0261  3.7  -      
[3,] ED50             530.30   33.3412  6.3  -      
[4,] beta_group(ED50)  -0.50    0.0731 14.6  4.2e-12
[5,] gamma              2.15    0.2213 10.3  -      
[6,] b.1                0.22    0.0072  3.3  -      
----------------------------------------------------
-----------  Variance of random effects  -----------
----------------------------------------------------
     Parameter   Estimate SE     CV(%)
E0   omega2.E0   0.013    0.0043 32   
ED50 omega2.ED50 0.059    0.0204 35   
----------------------------------------------------
------  Correlation matrix of random effects  ------
----------------------------------------------------
            omega2.E0 omega2.ED50
omega2.E0   1         0          
omega2.ED50 0         1          
----------------------------------------------------
---------------  Statistical criteria  -------------
----------------------------------------------------
Likelihood computed by linearisation
      -2LL= 4979.198 
      AIC = 4995.198 
      BIC = 5016.04 

Likelihood computed by importance sampling
      -2LL= 4988.666 
      AIC = 5004.666 
      BIC = 5025.507 
----------------------------------------------------
----------------------------------------------------
-----------------  Fixed effects  ------------------
----------------------------------------------------
         Parameter Estimate      SE CV(%) p-value
1               E0    98.64  2.3287  2.36       -
2             Imax     0.70  0.0261  3.72       -
3             ED50   530.30 33.3412  6.29       -
4 beta_group(ED50)    -0.50  0.0731 14.64 8.4e-12
5            gamma     2.15  0.2213 10.28       -
6              b.1     0.22  0.0072  3.31       -
----------------------------------------------------
-----------  Variance of random effects  -----------
----------------------------------------------------
       Parameter Estimate     SE CV(%)
E0     omega2.E0    0.013 0.0043 32.44
ED50 omega2.ED50    0.059 0.0204 34.82
----------------------------------------------------
------  Correlation matrix of random effects  ------
----------------------------------------------------
            omega2.E0 omega2.ED50
omega2.E0   1.00      0.00       
omega2.ED50 0.00      1.00       
----------------------------------------------------
---------------  Statistical criteria  -------------
----------------------------------------------------
Likelihood computed by linearisation
      -2LL= 4979.198 
      AIC = 4995.198 
      BIC = 5016.04 

Likelihood computed by importance sampling
      -2LL= 4988.666 
      AIC = 5004.666 
      BIC = 5025.507 
----------------------------------------------------
Reading data from file /home/eco/work/saemix/saemixextension/simulationSuite/cont/imaxRichProp/data/data_pdimax13.tab 
These are the first lines of the dataset as read into R. Please check the format of the data is appropriate, if not, modify the na and/or sep items and retry:
  id dose       eff group
1  1    0 109.91877     0
2  1  200  80.86938     0
3  1  400  93.01798     0
4  1  500  61.78689     0
5  1  700  39.08204     0
6  1 1000  21.95378     0


The following SaemixData object was successfully created:

Object of class SaemixData
    longitudinal data for use with the SAEM algorithm
Dataset /home/eco/work/saemix/saemixextension/simulationSuite/cont/imaxRichProp/data/data_pdimax13.tab 
    Structured data: eff ~ dose | id 
    Predictor: dose (-) 
    covariates: group (-) 
      reference class for covariate group :  0 
Nonlinear mixed-effects model fit by the SAEM algorithm
-----------------------------------
----          Data             ----
-----------------------------------
Object of class SaemixData
    longitudinal data for use with the SAEM algorithm
Dataset /home/eco/work/saemix/saemixextension/simulationSuite/cont/imaxRichProp/data/data_pdimax13.tab 
    Structured data: eff ~ dose | id 
    Predictor: dose (-) 
    covariates: group (-) 
      reference class for covariate group :  0 
Dataset characteristics:
    number of subjects:     100 
    number of observations: 600 
    average/min/max nb obs: 6.00  /  6  /  6 
First 10 lines of data:
   id dose       eff group mdv cens occ ytype
1   1    0 109.91877     0   0    0   1     1
2   1  200  80.86938     0   0    0   1     1
3   1  400  93.01798     0   0    0   1     1
4   1  500  61.78689     0   0    0   1     1
5   1  700  39.08204     0   0    0   1     1
6   1 1000  21.95378     0   0    0   1     1
7   2    0  81.20002     0   0    0   1     1
8   2  200  93.55151     0   0    0   1     1
9   2  400  64.20890     0   0    0   1     1
10  2  500  65.08884     0   0    0   1     1
-----------------------------------
----          Model            ----
-----------------------------------
Nonlinear mixed-effects model
  Model function:  PD Imax model
  Model type:  structural
function (psi, id, xidep) 
{
    dose <- xidep[, 1]
    e0 <- psi[id, 1]
    imax <- psi[id, 2]
    ed50 <- psi[id, 3]
    gamma <- psi[id, 4]
    f <- e0 * (1 - imax * (dose^gamma)/((ed50^gamma) + (dose^gamma)))
    return(f)
}
<bytecode: 0x5634e2004478>
  Nb of parameters: 4 
      parameter names:  E0 Imax ED50 gamma 
      distribution:
     Parameter Distribution Estimated
[1,] E0        log-normal   Estimated
[2,] Imax      log-normal   Estimated
[3,] ED50      log-normal   Estimated
[4,] gamma     log-normal   Estimated
  Variance-covariance matrix:
      E0 Imax ED50 gamma
E0     1    0    0     0
Imax   0    0    0     0
ED50   0    0    1     0
gamma  0    0    0     0
  Error model: proportional , initial values: b.1=0.2 
  Covariate model:
      [,1] [,2] [,3] [,4]
group    0    0    1    0
    Initial values
              E0 Imax ED50 gamma
Pop.CondInit 100  0.7  500     2
Cov.CondInit   0  0.0    0     0
-----------------------------------
----    Key algorithm options  ----
-----------------------------------
    Estimation of individual parameters (MAP)
    Estimation of standard errors and linearised log-likelihood
    Estimation of log-likelihood by importance sampling
    Number of iterations:  K1=300, K2=100 
    Number of chains:  1 
    Seed:  6424598 
    Number of MCMC iterations for IS:  5000 
    Simulations:
        nb of simulated datasets used for npde:  1000 
        nb of simulated datasets used for VPC:  100 
    Input/output
        save the results to a file:  FALSE 
        save the graphs to files:  FALSE 
----------------------------------------------------
----                  Results                   ----
----------------------------------------------------
-----------------  Fixed effects  ------------------
----------------------------------------------------
     Parameter        Estimate SE      CV(%) p-value
[1,] E0                96.86    2.0557  2.1  -      
[2,] Imax               0.69    0.0225  3.2  -      
[3,] ED50             523.99   34.7100  6.6  -      
[4,] beta_group(ED50)  -0.56    0.0804 14.4  2e-12  
[5,] gamma              2.07    0.1937  9.3  -      
[6,] b.1                0.20    0.0067  3.3  -      
----------------------------------------------------
-----------  Variance of random effects  -----------
----------------------------------------------------
     Parameter   Estimate SE     CV(%)
E0   omega2.E0   0.0084   0.0035 42   
ED50 omega2.ED50 0.0938   0.0242 26   
----------------------------------------------------
------  Correlation matrix of random effects  ------
----------------------------------------------------
            omega2.E0 omega2.ED50
omega2.E0   1         0          
omega2.ED50 0         1          
----------------------------------------------------
---------------  Statistical criteria  -------------
----------------------------------------------------
Likelihood computed by linearisation
      -2LL= 4873.315 
      AIC = 4889.315 
      BIC = 4910.156 

Likelihood computed by importance sampling
      -2LL= 4882.173 
      AIC = 4898.173 
      BIC = 4919.014 
----------------------------------------------------
----------------------------------------------------
-----------------  Fixed effects  ------------------
----------------------------------------------------
         Parameter Estimate      SE CV(%) p-value
1               E0    96.86  2.0557  2.12       -
2             Imax     0.69  0.0225  3.24       -
3             ED50   523.99 34.7100  6.62       -
4 beta_group(ED50)    -0.56  0.0804 14.41 3.9e-12
5            gamma     2.07  0.1937  9.35       -
6              b.1     0.20  0.0067  3.32       -
----------------------------------------------------
-----------  Variance of random effects  -----------
----------------------------------------------------
       Parameter Estimate     SE CV(%)
E0     omega2.E0   0.0084 0.0035 42.40
ED50 omega2.ED50   0.0938 0.0242 25.80
----------------------------------------------------
------  Correlation matrix of random effects  ------
----------------------------------------------------
            omega2.E0 omega2.ED50
omega2.E0   1.00      0.00       
omega2.ED50 0.00      1.00       
----------------------------------------------------
---------------  Statistical criteria  -------------
----------------------------------------------------
Likelihood computed by linearisation
      -2LL= 4873.315 
      AIC = 4889.315 
      BIC = 4910.156 

Likelihood computed by importance sampling
      -2LL= 4882.173 
      AIC = 4898.173 
      BIC = 4919.014 
----------------------------------------------------
Reading data from file /home/eco/work/saemix/saemixextension/simulationSuite/cont/imaxRichProp/data/data_pdimax14.tab 
These are the first lines of the dataset as read into R. Please check the format of the data is appropriate, if not, modify the na and/or sep items and retry:
  id dose       eff group
1  1    0 130.98195     0
2  1  200 106.01821     0
3  1  400  69.55178     0
4  1  500  78.06617     0
5  1  700  32.94698     0
6  1 1000  36.74974     0


The following SaemixData object was successfully created:

Object of class SaemixData
    longitudinal data for use with the SAEM algorithm
Dataset /home/eco/work/saemix/saemixextension/simulationSuite/cont/imaxRichProp/data/data_pdimax14.tab 
    Structured data: eff ~ dose | id 
    Predictor: dose (-) 
    covariates: group (-) 
      reference class for covariate group :  0 
Nonlinear mixed-effects model fit by the SAEM algorithm
-----------------------------------
----          Data             ----
-----------------------------------
Object of class SaemixData
    longitudinal data for use with the SAEM algorithm
Dataset /home/eco/work/saemix/saemixextension/simulationSuite/cont/imaxRichProp/data/data_pdimax14.tab 
    Structured data: eff ~ dose | id 
    Predictor: dose (-) 
    covariates: group (-) 
      reference class for covariate group :  0 
Dataset characteristics:
    number of subjects:     100 
    number of observations: 600 
    average/min/max nb obs: 6.00  /  6  /  6 
First 10 lines of data:
   id dose       eff group mdv cens occ ytype
1   1    0 130.98195     0   0    0   1     1
2   1  200 106.01821     0   0    0   1     1
3   1  400  69.55178     0   0    0   1     1
4   1  500  78.06617     0   0    0   1     1
5   1  700  32.94698     0   0    0   1     1
6   1 1000  36.74974     0   0    0   1     1
7   2    0 150.45341     0   0    0   1     1
8   2  200  82.36973     0   0    0   1     1
9   2  400  86.35557     0   0    0   1     1
10  2  500  76.14303     0   0    0   1     1
-----------------------------------
----          Model            ----
-----------------------------------
Nonlinear mixed-effects model
  Model function:  PD Imax model
  Model type:  structural
function (psi, id, xidep) 
{
    dose <- xidep[, 1]
    e0 <- psi[id, 1]
    imax <- psi[id, 2]
    ed50 <- psi[id, 3]
    gamma <- psi[id, 4]
    f <- e0 * (1 - imax * (dose^gamma)/((ed50^gamma) + (dose^gamma)))
    return(f)
}
<bytecode: 0x5634e2004478>
  Nb of parameters: 4 
      parameter names:  E0 Imax ED50 gamma 
      distribution:
     Parameter Distribution Estimated
[1,] E0        log-normal   Estimated
[2,] Imax      log-normal   Estimated
[3,] ED50      log-normal   Estimated
[4,] gamma     log-normal   Estimated
  Variance-covariance matrix:
      E0 Imax ED50 gamma
E0     1    0    0     0
Imax   0    0    0     0
ED50   0    0    1     0
gamma  0    0    0     0
  Error model: proportional , initial values: b.1=0.2 
  Covariate model:
      [,1] [,2] [,3] [,4]
group    0    0    1    0
    Initial values
              E0 Imax ED50 gamma
Pop.CondInit 100  0.7  500     2
Cov.CondInit   0  0.0    0     0
-----------------------------------
----    Key algorithm options  ----
-----------------------------------
    Estimation of individual parameters (MAP)
    Estimation of standard errors and linearised log-likelihood
    Estimation of log-likelihood by importance sampling
    Number of iterations:  K1=300, K2=100 
    Number of chains:  1 
    Seed:  6424598 
    Number of MCMC iterations for IS:  5000 
    Simulations:
        nb of simulated datasets used for npde:  1000 
        nb of simulated datasets used for VPC:  100 
    Input/output
        save the results to a file:  FALSE 
        save the graphs to files:  FALSE 
----------------------------------------------------
----                  Results                   ----
----------------------------------------------------
-----------------  Fixed effects  ------------------
----------------------------------------------------
     Parameter        Estimate SE      CV(%) p-value
[1,] E0               106.27    1.9964  1.9  -      
[2,] Imax               0.74    0.0220  3.0  -      
[3,] ED50             527.03   37.4721  7.1  -      
[4,] beta_group(ED50)  -0.60    0.0843 13.9  3.6e-13
[5,] gamma              1.78    0.1503  8.5  -      
[6,] b.1                0.19    0.0063  3.3  -      
----------------------------------------------------
-----------  Variance of random effects  -----------
----------------------------------------------------
     Parameter   Estimate SE     CV(%)
E0   omega2.E0   0.0022   0.0028 123  
ED50 omega2.ED50 0.1291   0.0264  20  
----------------------------------------------------
------  Correlation matrix of random effects  ------
----------------------------------------------------
            omega2.E0 omega2.ED50
omega2.E0   1         0          
omega2.ED50 0         1          
----------------------------------------------------
---------------  Statistical criteria  -------------
----------------------------------------------------
Likelihood computed by linearisation
      -2LL= 4866.045 
      AIC = 4882.045 
      BIC = 4902.887 

Likelihood computed by importance sampling
      -2LL= 4874.169 
      AIC = 4890.169 
      BIC = 4911.01 
----------------------------------------------------
----------------------------------------------------
-----------------  Fixed effects  ------------------
----------------------------------------------------
         Parameter Estimate      SE CV(%) p-value
1               E0   106.27  1.9964  1.88       -
2             Imax     0.74  0.0220  2.99       -
3             ED50   527.03 37.4721  7.11       -
4 beta_group(ED50)    -0.60  0.0843 13.94 7.3e-13
5            gamma     1.78  0.1503  8.46       -
6              b.1     0.19  0.0063  3.31       -
----------------------------------------------------
-----------  Variance of random effects  -----------
----------------------------------------------------
       Parameter Estimate     SE  CV(%)
E0     omega2.E0   0.0022 0.0028 123.23
ED50 omega2.ED50   0.1291 0.0264  20.49
----------------------------------------------------
------  Correlation matrix of random effects  ------
----------------------------------------------------
            omega2.E0 omega2.ED50
omega2.E0   1.00      0.00       
omega2.ED50 0.00      1.00       
----------------------------------------------------
---------------  Statistical criteria  -------------
----------------------------------------------------
Likelihood computed by linearisation
      -2LL= 4866.045 
      AIC = 4882.045 
      BIC = 4902.887 

Likelihood computed by importance sampling
      -2LL= 4874.169 
      AIC = 4890.169 
      BIC = 4911.01 
----------------------------------------------------
Reading data from file /home/eco/work/saemix/saemixextension/simulationSuite/cont/imaxRichProp/data/data_pdimax15.tab 
These are the first lines of the dataset as read into R. Please check the format of the data is appropriate, if not, modify the na and/or sep items and retry:
  id dose      eff group
1  1    0 77.65363     0
2  1  200 80.21649     0
3  1  400 64.85238     0
4  1  500 68.42407     0
5  1  700 50.92242     0
6  1 1000 40.80100     0


The following SaemixData object was successfully created:

Object of class SaemixData
    longitudinal data for use with the SAEM algorithm
Dataset /home/eco/work/saemix/saemixextension/simulationSuite/cont/imaxRichProp/data/data_pdimax15.tab 
    Structured data: eff ~ dose | id 
    Predictor: dose (-) 
    covariates: group (-) 
      reference class for covariate group :  0 
Nonlinear mixed-effects model fit by the SAEM algorithm
-----------------------------------
----          Data             ----
-----------------------------------
Object of class SaemixData
    longitudinal data for use with the SAEM algorithm
Dataset /home/eco/work/saemix/saemixextension/simulationSuite/cont/imaxRichProp/data/data_pdimax15.tab 
    Structured data: eff ~ dose | id 
    Predictor: dose (-) 
    covariates: group (-) 
      reference class for covariate group :  0 
Dataset characteristics:
    number of subjects:     100 
    number of observations: 600 
    average/min/max nb obs: 6.00  /  6  /  6 
First 10 lines of data:
   id dose       eff group mdv cens occ ytype
1   1    0  77.65363     0   0    0   1     1
2   1  200  80.21649     0   0    0   1     1
3   1  400  64.85238     0   0    0   1     1
4   1  500  68.42407     0   0    0   1     1
5   1  700  50.92242     0   0    0   1     1
6   1 1000  40.80100     0   0    0   1     1
7   2    0  97.60507     0   0    0   1     1
8   2  200 102.61804     0   0    0   1     1
9   2  400  95.37075     0   0    0   1     1
10  2  500  72.07296     0   0    0   1     1
-----------------------------------
----          Model            ----
-----------------------------------
Nonlinear mixed-effects model
  Model function:  PD Imax model
  Model type:  structural
function (psi, id, xidep) 
{
    dose <- xidep[, 1]
    e0 <- psi[id, 1]
    imax <- psi[id, 2]
    ed50 <- psi[id, 3]
    gamma <- psi[id, 4]
    f <- e0 * (1 - imax * (dose^gamma)/((ed50^gamma) + (dose^gamma)))
    return(f)
}
<bytecode: 0x5634e2004478>
  Nb of parameters: 4 
      parameter names:  E0 Imax ED50 gamma 
      distribution:
     Parameter Distribution Estimated
[1,] E0        log-normal   Estimated
[2,] Imax      log-normal   Estimated
[3,] ED50      log-normal   Estimated
[4,] gamma     log-normal   Estimated
  Variance-covariance matrix:
      E0 Imax ED50 gamma
E0     1    0    0     0
Imax   0    0    0     0
ED50   0    0    1     0
gamma  0    0    0     0
  Error model: proportional , initial values: b.1=0.2 
  Covariate model:
      [,1] [,2] [,3] [,4]
group    0    0    1    0
    Initial values
              E0 Imax ED50 gamma
Pop.CondInit 100  0.7  500     2
Cov.CondInit   0  0.0    0     0
-----------------------------------
----    Key algorithm options  ----
-----------------------------------
    Estimation of individual parameters (MAP)
    Estimation of standard errors and linearised log-likelihood
    Estimation of log-likelihood by importance sampling
    Number of iterations:  K1=300, K2=100 
    Number of chains:  1 
    Seed:  6424598 
    Number of MCMC iterations for IS:  5000 
    Simulations:
        nb of simulated datasets used for npde:  1000 
        nb of simulated datasets used for VPC:  100 
    Input/output
        save the results to a file:  FALSE 
        save the graphs to files:  FALSE 
----------------------------------------------------
----                  Results                   ----
----------------------------------------------------
-----------------  Fixed effects  ------------------
----------------------------------------------------
     Parameter        Estimate SE      CV(%) p-value
[1,] E0                98.58    2.0768  2.1  -      
[2,] Imax               0.73    0.0298  4.1  -      
[3,] ED50             545.55   41.8092  7.7  -      
[4,] beta_group(ED50)  -0.54    0.0833 15.4  4.8e-11
[5,] gamma              1.74    0.1748 10.0  -      
[6,] b.1                0.20    0.0066  3.3  -      
----------------------------------------------------
-----------  Variance of random effects  -----------
----------------------------------------------------
     Parameter   Estimate SE     CV(%)
E0   omega2.E0   0.0069   0.0034 50   
ED50 omega2.ED50 0.1016   0.0262 26   
----------------------------------------------------
------  Correlation matrix of random effects  ------
----------------------------------------------------
            omega2.E0 omega2.ED50
omega2.E0   1         0          
omega2.ED50 0         1          
----------------------------------------------------
---------------  Statistical criteria  -------------
----------------------------------------------------
Likelihood computed by linearisation
      -2LL= 4878.734 
      AIC = 4894.734 
      BIC = 4915.575 

Likelihood computed by importance sampling
      -2LL= 4888.784 
      AIC = 4904.784 
      BIC = 4925.626 
----------------------------------------------------
----------------------------------------------------
-----------------  Fixed effects  ------------------
----------------------------------------------------
         Parameter Estimate      SE CV(%) p-value
1               E0    98.58  2.0768  2.11       -
2             Imax     0.73  0.0298  4.10       -
3             ED50   545.55 41.8092  7.66       -
4 beta_group(ED50)    -0.54  0.0833 15.45 9.5e-11
5            gamma     1.74  0.1748 10.02       -
6              b.1     0.20  0.0066  3.30       -
----------------------------------------------------
-----------  Variance of random effects  -----------
----------------------------------------------------
       Parameter Estimate     SE CV(%)
E0     omega2.E0   0.0069 0.0034 49.79
ED50 omega2.ED50   0.1016 0.0262 25.76
----------------------------------------------------
------  Correlation matrix of random effects  ------
----------------------------------------------------
            omega2.E0 omega2.ED50
omega2.E0   1.00      0.00       
omega2.ED50 0.00      1.00       
----------------------------------------------------
---------------  Statistical criteria  -------------
----------------------------------------------------
Likelihood computed by linearisation
      -2LL= 4878.734 
      AIC = 4894.734 
      BIC = 4915.575 

Likelihood computed by importance sampling
      -2LL= 4888.784 
      AIC = 4904.784 
      BIC = 4925.626 
----------------------------------------------------
Reading data from file /home/eco/work/saemix/saemixextension/simulationSuite/cont/imaxRichProp/data/data_pdimax16.tab 
These are the first lines of the dataset as read into R. Please check the format of the data is appropriate, if not, modify the na and/or sep items and retry:
  id dose       eff group
1  1    0 113.06575     0
2  1  200  83.78506     0
3  1  400  69.88999     0
4  1  500  43.92211     0
5  1  700  43.98059     0
6  1 1000  30.69151     0


The following SaemixData object was successfully created:

Object of class SaemixData
    longitudinal data for use with the SAEM algorithm
Dataset /home/eco/work/saemix/saemixextension/simulationSuite/cont/imaxRichProp/data/data_pdimax16.tab 
    Structured data: eff ~ dose | id 
    Predictor: dose (-) 
    covariates: group (-) 
      reference class for covariate group :  0 
Nonlinear mixed-effects model fit by the SAEM algorithm
-----------------------------------
----          Data             ----
-----------------------------------
Object of class SaemixData
    longitudinal data for use with the SAEM algorithm
Dataset /home/eco/work/saemix/saemixextension/simulationSuite/cont/imaxRichProp/data/data_pdimax16.tab 
    Structured data: eff ~ dose | id 
    Predictor: dose (-) 
    covariates: group (-) 
      reference class for covariate group :  0 
Dataset characteristics:
    number of subjects:     100 
    number of observations: 600 
    average/min/max nb obs: 6.00  /  6  /  6 
First 10 lines of data:
   id dose       eff group mdv cens occ ytype
1   1    0 113.06575     0   0    0   1     1
2   1  200  83.78506     0   0    0   1     1
3   1  400  69.88999     0   0    0   1     1
4   1  500  43.92211     0   0    0   1     1
5   1  700  43.98059     0   0    0   1     1
6   1 1000  30.69151     0   0    0   1     1
7   2    0  90.96204     0   0    0   1     1
8   2  200  73.84204     0   0    0   1     1
9   2  400  73.45116     0   0    0   1     1
10  2  500  44.75334     0   0    0   1     1
-----------------------------------
----          Model            ----
-----------------------------------
Nonlinear mixed-effects model
  Model function:  PD Imax model
  Model type:  structural
function (psi, id, xidep) 
{
    dose <- xidep[, 1]
    e0 <- psi[id, 1]
    imax <- psi[id, 2]
    ed50 <- psi[id, 3]
    gamma <- psi[id, 4]
    f <- e0 * (1 - imax * (dose^gamma)/((ed50^gamma) + (dose^gamma)))
    return(f)
}
<bytecode: 0x5634e2004478>
  Nb of parameters: 4 
      parameter names:  E0 Imax ED50 gamma 
      distribution:
     Parameter Distribution Estimated
[1,] E0        log-normal   Estimated
[2,] Imax      log-normal   Estimated
[3,] ED50      log-normal   Estimated
[4,] gamma     log-normal   Estimated
  Variance-covariance matrix:
      E0 Imax ED50 gamma
E0     1    0    0     0
Imax   0    0    0     0
ED50   0    0    1     0
gamma  0    0    0     0
  Error model: proportional , initial values: b.1=0.2 
  Covariate model:
      [,1] [,2] [,3] [,4]
group    0    0    1    0
    Initial values
              E0 Imax ED50 gamma
Pop.CondInit 100  0.7  500     2
Cov.CondInit   0  0.0    0     0
-----------------------------------
----    Key algorithm options  ----
-----------------------------------
    Estimation of individual parameters (MAP)
    Estimation of standard errors and linearised log-likelihood
    Estimation of log-likelihood by importance sampling
    Number of iterations:  K1=300, K2=100 
    Number of chains:  1 
    Seed:  6424598 
    Number of MCMC iterations for IS:  5000 
    Simulations:
        nb of simulated datasets used for npde:  1000 
        nb of simulated datasets used for VPC:  100 
    Input/output
        save the results to a file:  FALSE 
        save the graphs to files:  FALSE 
----------------------------------------------------
----                  Results                   ----
----------------------------------------------------
-----------------  Fixed effects  ------------------
----------------------------------------------------
     Parameter        Estimate SE      CV(%) p-value
[1,] E0                97.01    1.9105  2.0  -      
[2,] Imax               0.69    0.0197  2.9  -      
[3,] ED50             567.28   34.9424  6.2  -      
[4,] beta_group(ED50)  -0.63    0.0770 12.2  1.1e-16
[5,] gamma              2.23    0.1938  8.7  -      
[6,] b.1                0.19    0.0065  3.3  -      
----------------------------------------------------
-----------  Variance of random effects  -----------
----------------------------------------------------
     Parameter   Estimate SE    CV(%)
E0   omega2.E0   0.0062   0.003 49   
ED50 omega2.ED50 0.0920   0.022 24   
----------------------------------------------------
------  Correlation matrix of random effects  ------
----------------------------------------------------
            omega2.E0 omega2.ED50
omega2.E0   1         0          
omega2.ED50 0         1          
----------------------------------------------------
---------------  Statistical criteria  -------------
----------------------------------------------------
Likelihood computed by linearisation
      -2LL= 4846.062 
      AIC = 4862.062 
      BIC = 4882.904 

Likelihood computed by importance sampling
      -2LL= 4854.517 
      AIC = 4870.517 
      BIC = 4891.358 
----------------------------------------------------
----------------------------------------------------
-----------------  Fixed effects  ------------------
----------------------------------------------------
         Parameter Estimate      SE CV(%) p-value
1               E0    97.01  1.9105  1.97       -
2             Imax     0.69  0.0197  2.87       -
3             ED50   567.28 34.9424  6.16       -
4 beta_group(ED50)    -0.63  0.0770 12.18 2.2e-16
5            gamma     2.23  0.1938  8.70       -
6              b.1     0.19  0.0065  3.33       -
----------------------------------------------------
-----------  Variance of random effects  -----------
----------------------------------------------------
       Parameter Estimate    SE CV(%)
E0     omega2.E0   0.0062 0.003 48.84
ED50 omega2.ED50   0.0920 0.022 23.76
----------------------------------------------------
------  Correlation matrix of random effects  ------
----------------------------------------------------
            omega2.E0 omega2.ED50
omega2.E0   1.00      0.00       
omega2.ED50 0.00      1.00       
----------------------------------------------------
---------------  Statistical criteria  -------------
----------------------------------------------------
Likelihood computed by linearisation
      -2LL= 4846.062 
      AIC = 4862.062 
      BIC = 4882.904 

Likelihood computed by importance sampling
      -2LL= 4854.517 
      AIC = 4870.517 
      BIC = 4891.358 
----------------------------------------------------
Reading data from file /home/eco/work/saemix/saemixextension/simulationSuite/cont/imaxRichProp/data/data_pdimax17.tab 
These are the first lines of the dataset as read into R. Please check the format of the data is appropriate, if not, modify the na and/or sep items and retry:
  id dose       eff group
1  1    0 106.65154     0
2  1  200  82.54727     0
3  1  400  78.63273     0
4  1  500  83.17059     0
5  1  700  63.59156     0
6  1 1000  39.73731     0


The following SaemixData object was successfully created:

Object of class SaemixData
    longitudinal data for use with the SAEM algorithm
Dataset /home/eco/work/saemix/saemixextension/simulationSuite/cont/imaxRichProp/data/data_pdimax17.tab 
    Structured data: eff ~ dose | id 
    Predictor: dose (-) 
    covariates: group (-) 
      reference class for covariate group :  0 
Nonlinear mixed-effects model fit by the SAEM algorithm
-----------------------------------
----          Data             ----
-----------------------------------
Object of class SaemixData
    longitudinal data for use with the SAEM algorithm
Dataset /home/eco/work/saemix/saemixextension/simulationSuite/cont/imaxRichProp/data/data_pdimax17.tab 
    Structured data: eff ~ dose | id 
    Predictor: dose (-) 
    covariates: group (-) 
      reference class for covariate group :  0 
Dataset characteristics:
    number of subjects:     100 
    number of observations: 600 
    average/min/max nb obs: 6.00  /  6  /  6 
First 10 lines of data:
   id dose       eff group mdv cens occ ytype
1   1    0 106.65154     0   0    0   1     1
2   1  200  82.54727     0   0    0   1     1
3   1  400  78.63273     0   0    0   1     1
4   1  500  83.17059     0   0    0   1     1
5   1  700  63.59156     0   0    0   1     1
6   1 1000  39.73731     0   0    0   1     1
7   2    0 107.83972     0   0    0   1     1
8   2  200 109.57736     0   0    0   1     1
9   2  400  86.78226     0   0    0   1     1
10  2  500  77.71716     0   0    0   1     1
-----------------------------------
----          Model            ----
-----------------------------------
Nonlinear mixed-effects model
  Model function:  PD Imax model
  Model type:  structural
function (psi, id, xidep) 
{
    dose <- xidep[, 1]
    e0 <- psi[id, 1]
    imax <- psi[id, 2]
    ed50 <- psi[id, 3]
    gamma <- psi[id, 4]
    f <- e0 * (1 - imax * (dose^gamma)/((ed50^gamma) + (dose^gamma)))
    return(f)
}
<bytecode: 0x5634e2004478>
  Nb of parameters: 4 
      parameter names:  E0 Imax ED50 gamma 
      distribution:
     Parameter Distribution Estimated
[1,] E0        log-normal   Estimated
[2,] Imax      log-normal   Estimated
[3,] ED50      log-normal   Estimated
[4,] gamma     log-normal   Estimated
  Variance-covariance matrix:
      E0 Imax ED50 gamma
E0     1    0    0     0
Imax   0    0    0     0
ED50   0    0    1     0
gamma  0    0    0     0
  Error model: proportional , initial values: b.1=0.2 
  Covariate model:
      [,1] [,2] [,3] [,4]
group    0    0    1    0
    Initial values
              E0 Imax ED50 gamma
Pop.CondInit 100  0.7  500     2
Cov.CondInit   0  0.0    0     0
-----------------------------------
----    Key algorithm options  ----
-----------------------------------
    Estimation of individual parameters (MAP)
    Estimation of standard errors and linearised log-likelihood
    Estimation of log-likelihood by importance sampling
    Number of iterations:  K1=300, K2=100 
    Number of chains:  1 
    Seed:  6424598 
    Number of MCMC iterations for IS:  5000 
    Simulations:
        nb of simulated datasets used for npde:  1000 
        nb of simulated datasets used for VPC:  100 
    Input/output
        save the results to a file:  FALSE 
        save the graphs to files:  FALSE 
----------------------------------------------------
----                  Results                   ----
----------------------------------------------------
-----------------  Fixed effects  ------------------
----------------------------------------------------
     Parameter        Estimate SE      CV(%) p-value
[1,] E0               100.63    1.8699  1.9  -      
[2,] Imax               0.71    0.0203  2.9  -      
[3,] ED50             499.39   31.6998  6.3  -      
[4,] beta_group(ED50)  -0.47    0.0758 16.1  2.9e-10
[5,] gamma              2.09    0.1801  8.6  -      
[6,] b.1                0.20    0.0065  3.3  -      
----------------------------------------------------
-----------  Variance of random effects  -----------
----------------------------------------------------
     Parameter   Estimate SE     CV(%)
E0   omega2.E0   0.00013  0.0025 1911 
ED50 omega2.ED50 0.10712  0.0219   20 
----------------------------------------------------
------  Correlation matrix of random effects  ------
----------------------------------------------------
            omega2.E0 omega2.ED50
omega2.E0   1         0          
omega2.ED50 0         1          
----------------------------------------------------
---------------  Statistical criteria  -------------
----------------------------------------------------
Likelihood computed by linearisation
      -2LL= 4843.741 
      AIC = 4859.741 
      BIC = 4880.583 

Likelihood computed by importance sampling
      -2LL= 4850.447 
      AIC = 4866.447 
      BIC = 4887.288 
----------------------------------------------------
----------------------------------------------------
-----------------  Fixed effects  ------------------
----------------------------------------------------
         Parameter Estimate      SE CV(%) p-value
1               E0   100.63  1.8699  1.86       -
2             Imax     0.71  0.0203  2.87       -
3             ED50   499.39 31.6998  6.35       -
4 beta_group(ED50)    -0.47  0.0758 16.13 5.7e-10
5            gamma     2.09  0.1801  8.63       -
6              b.1     0.20  0.0065  3.30       -
----------------------------------------------------
-----------  Variance of random effects  -----------
----------------------------------------------------
       Parameter Estimate     SE   CV(%)
E0     omega2.E0  0.00013 0.0025 1911.24
ED50 omega2.ED50  0.10712 0.0219   20.49
----------------------------------------------------
------  Correlation matrix of random effects  ------
----------------------------------------------------
            omega2.E0 omega2.ED50
omega2.E0   1.00      0.00       
omega2.ED50 0.00      1.00       
----------------------------------------------------
---------------  Statistical criteria  -------------
----------------------------------------------------
Likelihood computed by linearisation
      -2LL= 4843.741 
      AIC = 4859.741 
      BIC = 4880.583 

Likelihood computed by importance sampling
      -2LL= 4850.447 
      AIC = 4866.447 
      BIC = 4887.288 
----------------------------------------------------
Reading data from file /home/eco/work/saemix/saemixextension/simulationSuite/cont/imaxRichProp/data/data_pdimax18.tab 
These are the first lines of the dataset as read into R. Please check the format of the data is appropriate, if not, modify the na and/or sep items and retry:
  id dose       eff group
1  1    0 113.45553     0
2  1  200  86.88223     0
3  1  400  94.67907     0
4  1  500  81.90081     0
5  1  700  55.57117     0
6  1 1000  57.76379     0


The following SaemixData object was successfully created:

Object of class SaemixData
    longitudinal data for use with the SAEM algorithm
Dataset /home/eco/work/saemix/saemixextension/simulationSuite/cont/imaxRichProp/data/data_pdimax18.tab 
    Structured data: eff ~ dose | id 
    Predictor: dose (-) 
    covariates: group (-) 
      reference class for covariate group :  0 
Nonlinear mixed-effects model fit by the SAEM algorithm
-----------------------------------
----          Data             ----
-----------------------------------
Object of class SaemixData
    longitudinal data for use with the SAEM algorithm
Dataset /home/eco/work/saemix/saemixextension/simulationSuite/cont/imaxRichProp/data/data_pdimax18.tab 
    Structured data: eff ~ dose | id 
    Predictor: dose (-) 
    covariates: group (-) 
      reference class for covariate group :  0 
Dataset characteristics:
    number of subjects:     100 
    number of observations: 600 
    average/min/max nb obs: 6.00  /  6  /  6 
First 10 lines of data:
   id dose       eff group mdv cens occ ytype
1   1    0 113.45553     0   0    0   1     1
2   1  200  86.88223     0   0    0   1     1
3   1  400  94.67907     0   0    0   1     1
4   1  500  81.90081     0   0    0   1     1
5   1  700  55.57117     0   0    0   1     1
6   1 1000  57.76379     0   0    0   1     1
7   2    0  81.44578     0   0    0   1     1
8   2  200 107.24303     0   0    0   1     1
9   2  400  78.87619     0   0    0   1     1
10  2  500  34.33791     0   0    0   1     1
-----------------------------------
----          Model            ----
-----------------------------------
Nonlinear mixed-effects model
  Model function:  PD Imax model
  Model type:  structural
function (psi, id, xidep) 
{
    dose <- xidep[, 1]
    e0 <- psi[id, 1]
    imax <- psi[id, 2]
    ed50 <- psi[id, 3]
    gamma <- psi[id, 4]
    f <- e0 * (1 - imax * (dose^gamma)/((ed50^gamma) + (dose^gamma)))
    return(f)
}
<bytecode: 0x5634e2004478>
  Nb of parameters: 4 
      parameter names:  E0 Imax ED50 gamma 
      distribution:
     Parameter Distribution Estimated
[1,] E0        log-normal   Estimated
[2,] Imax      log-normal   Estimated
[3,] ED50      log-normal   Estimated
[4,] gamma     log-normal   Estimated
  Variance-covariance matrix:
      E0 Imax ED50 gamma
E0     1    0    0     0
Imax   0    0    0     0
ED50   0    0    1     0
gamma  0    0    0     0
  Error model: proportional , initial values: b.1=0.2 
  Covariate model:
      [,1] [,2] [,3] [,4]
group    0    0    1    0
    Initial values
              E0 Imax ED50 gamma
Pop.CondInit 100  0.7  500     2
Cov.CondInit   0  0.0    0     0
-----------------------------------
----    Key algorithm options  ----
-----------------------------------
    Estimation of individual parameters (MAP)
    Estimation of standard errors and linearised log-likelihood
    Estimation of log-likelihood by importance sampling
    Number of iterations:  K1=300, K2=100 
    Number of chains:  1 
    Seed:  6424598 
    Number of MCMC iterations for IS:  5000 
    Simulations:
        nb of simulated datasets used for npde:  1000 
        nb of simulated datasets used for VPC:  100 
    Input/output
        save the results to a file:  FALSE 
        save the graphs to files:  FALSE 
----------------------------------------------------
----                  Results                   ----
----------------------------------------------------
-----------------  Fixed effects  ------------------
----------------------------------------------------
     Parameter        Estimate SE      CV(%) p-value
[1,] E0               101.33    2.1863  2.2  -      
[2,] Imax               0.74    0.0324  4.4  -      
[3,] ED50             483.25   34.5187  7.1  -      
[4,] beta_group(ED50)  -0.38    0.0705 18.4  2.9e-08
[5,] gamma              1.73    0.1755 10.1  -      
[6,] b.1                0.20    0.0065  3.3  -      
----------------------------------------------------
-----------  Variance of random effects  -----------
----------------------------------------------------
     Parameter   Estimate SE     CV(%)
E0   omega2.E0   0.0094   0.0035 38   
ED50 omega2.ED50 0.0580   0.0194 33   
----------------------------------------------------
------  Correlation matrix of random effects  ------
----------------------------------------------------
            omega2.E0 omega2.ED50
omega2.E0   1         0          
omega2.ED50 0         1          
----------------------------------------------------
---------------  Statistical criteria  -------------
----------------------------------------------------
Likelihood computed by linearisation
      -2LL= 4847.402 
      AIC = 4863.402 
      BIC = 4884.243 

Likelihood computed by importance sampling
      -2LL= 4856.77 
      AIC = 4872.77 
      BIC = 4893.612 
----------------------------------------------------
----------------------------------------------------
-----------------  Fixed effects  ------------------
----------------------------------------------------
         Parameter Estimate      SE CV(%) p-value
1               E0   101.33  2.1863  2.16       -
2             Imax     0.74  0.0324  4.36       -
3             ED50   483.25 34.5187  7.14       -
4 beta_group(ED50)    -0.38  0.0705 18.44 5.8e-08
5            gamma     1.73  0.1755 10.14       -
6              b.1     0.20  0.0065  3.29       -
----------------------------------------------------
-----------  Variance of random effects  -----------
----------------------------------------------------
       Parameter Estimate     SE CV(%)
E0     omega2.E0   0.0094 0.0035 37.59
ED50 omega2.ED50   0.0580 0.0194 33.43
----------------------------------------------------
------  Correlation matrix of random effects  ------
----------------------------------------------------
            omega2.E0 omega2.ED50
omega2.E0   1.00      0.00       
omega2.ED50 0.00      1.00       
----------------------------------------------------
---------------  Statistical criteria  -------------
----------------------------------------------------
Likelihood computed by linearisation
      -2LL= 4847.402 
      AIC = 4863.402 
      BIC = 4884.243 

Likelihood computed by importance sampling
      -2LL= 4856.77 
      AIC = 4872.77 
      BIC = 4893.612 
----------------------------------------------------
Reading data from file /home/eco/work/saemix/saemixextension/simulationSuite/cont/imaxRichProp/data/data_pdimax19.tab 
These are the first lines of the dataset as read into R. Please check the format of the data is appropriate, if not, modify the na and/or sep items and retry:
  id dose       eff group
1  1    0 128.40959     0
2  1  200  82.21741     0
3  1  400  97.76032     0
4  1  500  86.53109     0
5  1  700  81.47707     0
6  1 1000  64.34025     0


The following SaemixData object was successfully created:

Object of class SaemixData
    longitudinal data for use with the SAEM algorithm
Dataset /home/eco/work/saemix/saemixextension/simulationSuite/cont/imaxRichProp/data/data_pdimax19.tab 
    Structured data: eff ~ dose | id 
    Predictor: dose (-) 
    covariates: group (-) 
      reference class for covariate group :  0 
Nonlinear mixed-effects model fit by the SAEM algorithm
-----------------------------------
----          Data             ----
-----------------------------------
Object of class SaemixData
    longitudinal data for use with the SAEM algorithm
Dataset /home/eco/work/saemix/saemixextension/simulationSuite/cont/imaxRichProp/data/data_pdimax19.tab 
    Structured data: eff ~ dose | id 
    Predictor: dose (-) 
    covariates: group (-) 
      reference class for covariate group :  0 
Dataset characteristics:
    number of subjects:     100 
    number of observations: 600 
    average/min/max nb obs: 6.00  /  6  /  6 
First 10 lines of data:
   id dose       eff group mdv cens occ ytype
1   1    0 128.40959     0   0    0   1     1
2   1  200  82.21741     0   0    0   1     1
3   1  400  97.76032     0   0    0   1     1
4   1  500  86.53109     0   0    0   1     1
5   1  700  81.47707     0   0    0   1     1
6   1 1000  64.34025     0   0    0   1     1
7   2    0 135.02212     0   0    0   1     1
8   2  200 108.18122     0   0    0   1     1
9   2  400 100.53113     0   0    0   1     1
10  2  500  73.43775     0   0    0   1     1
-----------------------------------
----          Model            ----
-----------------------------------
Nonlinear mixed-effects model
  Model function:  PD Imax model
  Model type:  structural
function (psi, id, xidep) 
{
    dose <- xidep[, 1]
    e0 <- psi[id, 1]
    imax <- psi[id, 2]
    ed50 <- psi[id, 3]
    gamma <- psi[id, 4]
    f <- e0 * (1 - imax * (dose^gamma)/((ed50^gamma) + (dose^gamma)))
    return(f)
}
<bytecode: 0x5634e2004478>
  Nb of parameters: 4 
      parameter names:  E0 Imax ED50 gamma 
      distribution:
     Parameter Distribution Estimated
[1,] E0        log-normal   Estimated
[2,] Imax      log-normal   Estimated
[3,] ED50      log-normal   Estimated
[4,] gamma     log-normal   Estimated
  Variance-covariance matrix:
      E0 Imax ED50 gamma
E0     1    0    0     0
Imax   0    0    0     0
ED50   0    0    1     0
gamma  0    0    0     0
  Error model: proportional , initial values: b.1=0.2 
  Covariate model:
      [,1] [,2] [,3] [,4]
group    0    0    1    0
    Initial values
              E0 Imax ED50 gamma
Pop.CondInit 100  0.7  500     2
Cov.CondInit   0  0.0    0     0
-----------------------------------
----    Key algorithm options  ----
-----------------------------------
    Estimation of individual parameters (MAP)
    Estimation of standard errors and linearised log-likelihood
    Estimation of log-likelihood by importance sampling
    Number of iterations:  K1=300, K2=100 
    Number of chains:  1 
    Seed:  6424598 
    Number of MCMC iterations for IS:  5000 
    Simulations:
        nb of simulated datasets used for npde:  1000 
        nb of simulated datasets used for VPC:  100 
    Input/output
        save the results to a file:  FALSE 
        save the graphs to files:  FALSE 
----------------------------------------------------
----                  Results                   ----
----------------------------------------------------
-----------------  Fixed effects  ------------------
----------------------------------------------------
     Parameter        Estimate SE      CV(%) p-value
[1,] E0                99.52    2.0237  2.0  -      
[2,] Imax               0.76    0.0325  4.3  -      
[3,] ED50             558.20   45.6830  8.2  -      
[4,] beta_group(ED50)  -0.54    0.0819 15.2  2.3e-11
[5,] gamma              1.59    0.1593 10.0  -      
[6,] b.1                0.21    0.0067  3.3  -      
----------------------------------------------------
-----------  Variance of random effects  -----------
----------------------------------------------------
     Parameter   Estimate SE    CV(%)
E0   omega2.E0   0.0019   0.003 156  
ED50 omega2.ED50 0.1111   0.026  23  
----------------------------------------------------
------  Correlation matrix of random effects  ------
----------------------------------------------------
            omega2.E0 omega2.ED50
omega2.E0   1         0          
omega2.ED50 0         1          
----------------------------------------------------
---------------  Statistical criteria  -------------
----------------------------------------------------
Likelihood computed by linearisation
      -2LL= 4875.008 
      AIC = 4891.008 
      BIC = 4911.85 

Likelihood computed by importance sampling
      -2LL= 4883.816 
      AIC = 4899.816 
      BIC = 4920.657 
----------------------------------------------------
----------------------------------------------------
-----------------  Fixed effects  ------------------
----------------------------------------------------
         Parameter Estimate      SE CV(%) p-value
1               E0    99.52  2.0237  2.03       -
2             Imax     0.76  0.0325  4.28       -
3             ED50   558.20 45.6830  8.18       -
4 beta_group(ED50)    -0.54  0.0819 15.19 4.6e-11
5            gamma     1.59  0.1593  9.99       -
6              b.1     0.21  0.0067  3.28       -
----------------------------------------------------
-----------  Variance of random effects  -----------
----------------------------------------------------
       Parameter Estimate    SE  CV(%)
E0     omega2.E0   0.0019 0.003 155.93
ED50 omega2.ED50   0.1111 0.026  23.21
----------------------------------------------------
------  Correlation matrix of random effects  ------
----------------------------------------------------
            omega2.E0 omega2.ED50
omega2.E0   1.00      0.00       
omega2.ED50 0.00      1.00       
----------------------------------------------------
---------------  Statistical criteria  -------------
----------------------------------------------------
Likelihood computed by linearisation
      -2LL= 4875.008 
      AIC = 4891.008 
      BIC = 4911.85 

Likelihood computed by importance sampling
      -2LL= 4883.816 
      AIC = 4899.816 
      BIC = 4920.657 
----------------------------------------------------
Reading data from file /home/eco/work/saemix/saemixextension/simulationSuite/cont/imaxRichProp/data/data_pdimax20.tab 
These are the first lines of the dataset as read into R. Please check the format of the data is appropriate, if not, modify the na and/or sep items and retry:
  id dose       eff group
1  1    0 100.98683     0
2  1  200  90.53343     0
3  1  400  82.93727     0
4  1  500  63.54792     0
5  1  700  63.75351     0
6  1 1000  47.47221     0


The following SaemixData object was successfully created:

Object of class SaemixData
    longitudinal data for use with the SAEM algorithm
Dataset /home/eco/work/saemix/saemixextension/simulationSuite/cont/imaxRichProp/data/data_pdimax20.tab 
    Structured data: eff ~ dose | id 
    Predictor: dose (-) 
    covariates: group (-) 
      reference class for covariate group :  0 
Nonlinear mixed-effects model fit by the SAEM algorithm
-----------------------------------
----          Data             ----
-----------------------------------
Object of class SaemixData
    longitudinal data for use with the SAEM algorithm
Dataset /home/eco/work/saemix/saemixextension/simulationSuite/cont/imaxRichProp/data/data_pdimax20.tab 
    Structured data: eff ~ dose | id 
    Predictor: dose (-) 
    covariates: group (-) 
      reference class for covariate group :  0 
Dataset characteristics:
    number of subjects:     100 
    number of observations: 600 
    average/min/max nb obs: 6.00  /  6  /  6 
First 10 lines of data:
   id dose       eff group mdv cens occ ytype
1   1    0 100.98683     0   0    0   1     1
2   1  200  90.53343     0   0    0   1     1
3   1  400  82.93727     0   0    0   1     1
4   1  500  63.54792     0   0    0   1     1
5   1  700  63.75351     0   0    0   1     1
6   1 1000  47.47221     0   0    0   1     1
7   2    0 101.89792     0   0    0   1     1
8   2  200  89.79119     0   0    0   1     1
9   2  400  47.71629     0   0    0   1     1
10  2  500  72.07832     0   0    0   1     1
-----------------------------------
----          Model            ----
-----------------------------------
Nonlinear mixed-effects model
  Model function:  PD Imax model
  Model type:  structural
function (psi, id, xidep) 
{
    dose <- xidep[, 1]
    e0 <- psi[id, 1]
    imax <- psi[id, 2]
    ed50 <- psi[id, 3]
    gamma <- psi[id, 4]
    f <- e0 * (1 - imax * (dose^gamma)/((ed50^gamma) + (dose^gamma)))
    return(f)
}
<bytecode: 0x5634e2004478>
  Nb of parameters: 4 
      parameter names:  E0 Imax ED50 gamma 
      distribution:
     Parameter Distribution Estimated
[1,] E0        log-normal   Estimated
[2,] Imax      log-normal   Estimated
[3,] ED50      log-normal   Estimated
[4,] gamma     log-normal   Estimated
  Variance-covariance matrix:
      E0 Imax ED50 gamma
E0     1    0    0     0
Imax   0    0    0     0
ED50   0    0    1     0
gamma  0    0    0     0
  Error model: proportional , initial values: b.1=0.2 
  Covariate model:
      [,1] [,2] [,3] [,4]
group    0    0    1    0
    Initial values
              E0 Imax ED50 gamma
Pop.CondInit 100  0.7  500     2
Cov.CondInit   0  0.0    0     0
-----------------------------------
----    Key algorithm options  ----
-----------------------------------
    Estimation of individual parameters (MAP)
    Estimation of standard errors and linearised log-likelihood
    Estimation of log-likelihood by importance sampling
    Number of iterations:  K1=300, K2=100 
    Number of chains:  1 
    Seed:  6424598 
    Number of MCMC iterations for IS:  5000 
    Simulations:
        nb of simulated datasets used for npde:  1000 
        nb of simulated datasets used for VPC:  100 
    Input/output
        save the results to a file:  FALSE 
        save the graphs to files:  FALSE 
----------------------------------------------------
----                  Results                   ----
----------------------------------------------------
-----------------  Fixed effects  ------------------
----------------------------------------------------
     Parameter        Estimate SE      CV(%) p-value
[1,] E0                99.07    2.3834  2.4  -      
[2,] Imax               0.77    0.0476  6.2  -      
[3,] ED50             572.90   49.9890  8.7  -      
[4,] beta_group(ED50)  -0.41    0.0684 16.7  1.1e-09
[5,] gamma              1.66    0.1958 11.8  -      
[6,] b.1                0.21    0.0068  3.3  -      
----------------------------------------------------
-----------  Variance of random effects  -----------
----------------------------------------------------
     Parameter   Estimate SE     CV(%)
E0   omega2.E0   0.018    0.0045 25   
ED50 omega2.ED50 0.031    0.0179 57   
----------------------------------------------------
------  Correlation matrix of random effects  ------
----------------------------------------------------
            omega2.E0 omega2.ED50
omega2.E0   1         0          
omega2.ED50 0         1          
----------------------------------------------------
---------------  Statistical criteria  -------------
----------------------------------------------------
Likelihood computed by linearisation
      -2LL= 4929.234 
      AIC = 4945.234 
      BIC = 4966.075 

Likelihood computed by importance sampling
      -2LL= 4940.052 
      AIC = 4956.052 
      BIC = 4976.893 
----------------------------------------------------
----------------------------------------------------
-----------------  Fixed effects  ------------------
----------------------------------------------------
         Parameter Estimate      SE CV(%) p-value
1               E0    99.07  2.3834  2.41       -
2             Imax     0.77  0.0476  6.20       -
3             ED50   572.90 49.9890  8.73       -
4 beta_group(ED50)    -0.41  0.0684 16.70 2.1e-09
5            gamma     1.66  0.1958 11.78       -
6              b.1     0.21  0.0068  3.30       -
----------------------------------------------------
-----------  Variance of random effects  -----------
----------------------------------------------------
       Parameter Estimate     SE CV(%)
E0     omega2.E0    0.018 0.0045 25.27
ED50 omega2.ED50    0.031 0.0179 57.22
----------------------------------------------------
------  Correlation matrix of random effects  ------
----------------------------------------------------
            omega2.E0 omega2.ED50
omega2.E0   1.00      0.00       
omega2.ED50 0.00      1.00       
----------------------------------------------------
---------------  Statistical criteria  -------------
----------------------------------------------------
Likelihood computed by linearisation
      -2LL= 4929.234 
      AIC = 4945.234 
      BIC = 4966.075 

Likelihood computed by importance sampling
      -2LL= 4940.052 
      AIC = 4956.052 
      BIC = 4976.893 
----------------------------------------------------
Reading data from file /home/eco/work/saemix/saemixextension/simulationSuite/cont/imaxRichProp/data/data_pdimax21.tab 
These are the first lines of the dataset as read into R. Please check the format of the data is appropriate, if not, modify the na and/or sep items and retry:
  id dose      eff group
1  1    0 72.47475     0
2  1  200 61.96703     0
3  1  400 61.14716     0
4  1  500 68.92098     0
5  1  700 31.11880     0
6  1 1000 35.46014     0


The following SaemixData object was successfully created:

Object of class SaemixData
    longitudinal data for use with the SAEM algorithm
Dataset /home/eco/work/saemix/saemixextension/simulationSuite/cont/imaxRichProp/data/data_pdimax21.tab 
    Structured data: eff ~ dose | id 
    Predictor: dose (-) 
    covariates: group (-) 
      reference class for covariate group :  0 
Nonlinear mixed-effects model fit by the SAEM algorithm
-----------------------------------
----          Data             ----
-----------------------------------
Object of class SaemixData
    longitudinal data for use with the SAEM algorithm
Dataset /home/eco/work/saemix/saemixextension/simulationSuite/cont/imaxRichProp/data/data_pdimax21.tab 
    Structured data: eff ~ dose | id 
    Predictor: dose (-) 
    covariates: group (-) 
      reference class for covariate group :  0 
Dataset characteristics:
    number of subjects:     100 
    number of observations: 600 
    average/min/max nb obs: 6.00  /  6  /  6 
First 10 lines of data:
   id dose       eff group mdv cens occ ytype
1   1    0  72.47475     0   0    0   1     1
2   1  200  61.96703     0   0    0   1     1
3   1  400  61.14716     0   0    0   1     1
4   1  500  68.92098     0   0    0   1     1
5   1  700  31.11880     0   0    0   1     1
6   1 1000  35.46014     0   0    0   1     1
7   2    0 130.99900     0   0    0   1     1
8   2  200  71.89085     0   0    0   1     1
9   2  400  58.78397     0   0    0   1     1
10  2  500  56.63875     0   0    0   1     1
-----------------------------------
----          Model            ----
-----------------------------------
Nonlinear mixed-effects model
  Model function:  PD Imax model
  Model type:  structural
function (psi, id, xidep) 
{
    dose <- xidep[, 1]
    e0 <- psi[id, 1]
    imax <- psi[id, 2]
    ed50 <- psi[id, 3]
    gamma <- psi[id, 4]
    f <- e0 * (1 - imax * (dose^gamma)/((ed50^gamma) + (dose^gamma)))
    return(f)
}
<bytecode: 0x5634e2004478>
  Nb of parameters: 4 
      parameter names:  E0 Imax ED50 gamma 
      distribution:
     Parameter Distribution Estimated
[1,] E0        log-normal   Estimated
[2,] Imax      log-normal   Estimated
[3,] ED50      log-normal   Estimated
[4,] gamma     log-normal   Estimated
  Variance-covariance matrix:
      E0 Imax ED50 gamma
E0     1    0    0     0
Imax   0    0    0     0
ED50   0    0    1     0
gamma  0    0    0     0
  Error model: proportional , initial values: b.1=0.2 
  Covariate model:
      [,1] [,2] [,3] [,4]
group    0    0    1    0
    Initial values
              E0 Imax ED50 gamma
Pop.CondInit 100  0.7  500     2
Cov.CondInit   0  0.0    0     0
-----------------------------------
----    Key algorithm options  ----
-----------------------------------
    Estimation of individual parameters (MAP)
    Estimation of standard errors and linearised log-likelihood
    Estimation of log-likelihood by importance sampling
    Number of iterations:  K1=300, K2=100 
    Number of chains:  1 
    Seed:  6424598 
    Number of MCMC iterations for IS:  5000 
    Simulations:
        nb of simulated datasets used for npde:  1000 
        nb of simulated datasets used for VPC:  100 
    Input/output
        save the results to a file:  FALSE 
        save the graphs to files:  FALSE 
----------------------------------------------------
----                  Results                   ----
----------------------------------------------------
-----------------  Fixed effects  ------------------
----------------------------------------------------
     Parameter        Estimate SE      CV(%) p-value
[1,] E0               100.00    2.4813  2.5  -      
[2,] Imax               0.70    0.0269  3.9  -      
[3,] ED50             446.08   25.4230  5.7  -      
[4,] beta_group(ED50)  -0.38    0.0613 16.2  3.3e-10
[5,] gamma              2.02    0.2093 10.4  -      
[6,] b.1                0.20    0.0067  3.3  -      
----------------------------------------------------
-----------  Variance of random effects  -----------
----------------------------------------------------
     Parameter   Estimate SE     CV(%)
E0   omega2.E0   0.0224   0.0047  21  
ED50 omega2.ED50 0.0037   0.0152 414  
----------------------------------------------------
------  Correlation matrix of random effects  ------
----------------------------------------------------
            omega2.E0 omega2.ED50
omega2.E0   1         0          
omega2.ED50 0         1          
----------------------------------------------------
---------------  Statistical criteria  -------------
----------------------------------------------------
Likelihood computed by linearisation
      -2LL= 4863.82 
      AIC = 4879.82 
      BIC = 4900.661 

Likelihood computed by importance sampling
      -2LL= 4873.31 
      AIC = 4889.31 
      BIC = 4910.151 
----------------------------------------------------
----------------------------------------------------
-----------------  Fixed effects  ------------------
----------------------------------------------------
         Parameter Estimate      SE CV(%) p-value
1               E0   100.00  2.4813  2.48       -
2             Imax     0.70  0.0269  3.86       -
3             ED50   446.08 25.4230  5.70       -
4 beta_group(ED50)    -0.38  0.0613 16.20 6.6e-10
5            gamma     2.02  0.2093 10.36       -
6              b.1     0.20  0.0067  3.29       -
----------------------------------------------------
-----------  Variance of random effects  -----------
----------------------------------------------------
       Parameter Estimate     SE  CV(%)
E0     omega2.E0   0.0224 0.0047  20.99
ED50 omega2.ED50   0.0037 0.0152 414.07
----------------------------------------------------
------  Correlation matrix of random effects  ------
----------------------------------------------------
            omega2.E0 omega2.ED50
omega2.E0   1.00      0.00       
omega2.ED50 0.00      1.00       
----------------------------------------------------
---------------  Statistical criteria  -------------
----------------------------------------------------
Likelihood computed by linearisation
      -2LL= 4863.82 
      AIC = 4879.82 
      BIC = 4900.661 

Likelihood computed by importance sampling
      -2LL= 4873.31 
      AIC = 4889.31 
      BIC = 4910.151 
----------------------------------------------------
Reading data from file /home/eco/work/saemix/saemixextension/simulationSuite/cont/imaxRichProp/data/data_pdimax22.tab 
These are the first lines of the dataset as read into R. Please check the format of the data is appropriate, if not, modify the na and/or sep items and retry:
  id dose       eff group
1  1    0  65.69978     0
2  1  200 120.34341     0
3  1  400  72.65577     0
4  1  500  72.72593     0
5  1  700  57.86709     0
6  1 1000  24.89288     0


The following SaemixData object was successfully created:

Object of class SaemixData
    longitudinal data for use with the SAEM algorithm
Dataset /home/eco/work/saemix/saemixextension/simulationSuite/cont/imaxRichProp/data/data_pdimax22.tab 
    Structured data: eff ~ dose | id 
    Predictor: dose (-) 
    covariates: group (-) 
      reference class for covariate group :  0 
Nonlinear mixed-effects model fit by the SAEM algorithm
-----------------------------------
----          Data             ----
-----------------------------------
Object of class SaemixData
    longitudinal data for use with the SAEM algorithm
Dataset /home/eco/work/saemix/saemixextension/simulationSuite/cont/imaxRichProp/data/data_pdimax22.tab 
    Structured data: eff ~ dose | id 
    Predictor: dose (-) 
    covariates: group (-) 
      reference class for covariate group :  0 
Dataset characteristics:
    number of subjects:     100 
    number of observations: 600 
    average/min/max nb obs: 6.00  /  6  /  6 
First 10 lines of data:
   id dose       eff group mdv cens occ ytype
1   1    0  65.69978     0   0    0   1     1
2   1  200 120.34341     0   0    0   1     1
3   1  400  72.65577     0   0    0   1     1
4   1  500  72.72593     0   0    0   1     1
5   1  700  57.86709     0   0    0   1     1
6   1 1000  24.89288     0   0    0   1     1
7   2    0  85.31767     0   0    0   1     1
8   2  200  58.22559     0   0    0   1     1
9   2  400 108.12228     0   0    0   1     1
10  2  500  61.41172     0   0    0   1     1
-----------------------------------
----          Model            ----
-----------------------------------
Nonlinear mixed-effects model
  Model function:  PD Imax model
  Model type:  structural
function (psi, id, xidep) 
{
    dose <- xidep[, 1]
    e0 <- psi[id, 1]
    imax <- psi[id, 2]
    ed50 <- psi[id, 3]
    gamma <- psi[id, 4]
    f <- e0 * (1 - imax * (dose^gamma)/((ed50^gamma) + (dose^gamma)))
    return(f)
}
<bytecode: 0x5634e2004478>
  Nb of parameters: 4 
      parameter names:  E0 Imax ED50 gamma 
      distribution:
     Parameter Distribution Estimated
[1,] E0        log-normal   Estimated
[2,] Imax      log-normal   Estimated
[3,] ED50      log-normal   Estimated
[4,] gamma     log-normal   Estimated
  Variance-covariance matrix:
      E0 Imax ED50 gamma
E0     1    0    0     0
Imax   0    0    0     0
ED50   0    0    1     0
gamma  0    0    0     0
  Error model: proportional , initial values: b.1=0.2 
  Covariate model:
      [,1] [,2] [,3] [,4]
group    0    0    1    0
    Initial values
              E0 Imax ED50 gamma
Pop.CondInit 100  0.7  500     2
Cov.CondInit   0  0.0    0     0
-----------------------------------
----    Key algorithm options  ----
-----------------------------------
    Estimation of individual parameters (MAP)
    Estimation of standard errors and linearised log-likelihood
    Estimation of log-likelihood by importance sampling
    Number of iterations:  K1=300, K2=100 
    Number of chains:  1 
    Seed:  6424598 
    Number of MCMC iterations for IS:  5000 
    Simulations:
        nb of simulated datasets used for npde:  1000 
        nb of simulated datasets used for VPC:  100 
    Input/output
        save the results to a file:  FALSE 
        save the graphs to files:  FALSE 
----------------------------------------------------
----                  Results                   ----
----------------------------------------------------
-----------------  Fixed effects  ------------------
----------------------------------------------------
     Parameter        Estimate SE      CV(%) p-value
[1,] E0                97.72    1.8205  1.9  -      
[2,] Imax               0.66    0.0191  2.9  -      
[3,] ED50             517.04   32.8240  6.3  -      
[4,] beta_group(ED50)  -0.50    0.0785 15.6  7.3e-11
[5,] gamma              2.41    0.2231  9.3  -      
[6,] b.1                0.20    0.0067  3.3  -      
----------------------------------------------------
-----------  Variance of random effects  -----------
----------------------------------------------------
     Parameter   Estimate SE     CV(%)
E0   omega2.E0   0.00032  0.0024 745  
ED50 omega2.ED50 0.11282  0.0232  21  
----------------------------------------------------
------  Correlation matrix of random effects  ------
----------------------------------------------------
            omega2.E0 omega2.ED50
omega2.E0   1         0          
omega2.ED50 0         1          
----------------------------------------------------
---------------  Statistical criteria  -------------
----------------------------------------------------
Likelihood computed by linearisation
      -2LL= 4883.839 
      AIC = 4899.839 
      BIC = 4920.681 

Likelihood computed by importance sampling
      -2LL= 4891.759 
      AIC = 4907.759 
      BIC = 4928.6 
----------------------------------------------------
----------------------------------------------------
-----------------  Fixed effects  ------------------
----------------------------------------------------
         Parameter Estimate      SE CV(%) p-value
1               E0    97.72  1.8205  1.86       -
2             Imax     0.66  0.0191  2.87       -
3             ED50   517.04 32.8240  6.35       -
4 beta_group(ED50)    -0.50  0.0785 15.60 1.5e-10
5            gamma     2.41  0.2231  9.26       -
6              b.1     0.20  0.0067  3.31       -
----------------------------------------------------
-----------  Variance of random effects  -----------
----------------------------------------------------
       Parameter Estimate     SE  CV(%)
E0     omega2.E0  0.00032 0.0024 744.84
ED50 omega2.ED50  0.11282 0.0232  20.56
----------------------------------------------------
------  Correlation matrix of random effects  ------
----------------------------------------------------
            omega2.E0 omega2.ED50
omega2.E0   1.00      0.00       
omega2.ED50 0.00      1.00       
----------------------------------------------------
---------------  Statistical criteria  -------------
----------------------------------------------------
Likelihood computed by linearisation
      -2LL= 4883.839 
      AIC = 4899.839 
      BIC = 4920.681 

Likelihood computed by importance sampling
      -2LL= 4891.759 
      AIC = 4907.759 
      BIC = 4928.6 
----------------------------------------------------
Reading data from file /home/eco/work/saemix/saemixextension/simulationSuite/cont/imaxRichProp/data/data_pdimax23.tab 
These are the first lines of the dataset as read into R. Please check the format of the data is appropriate, if not, modify the na and/or sep items and retry:
  id dose       eff group
1  1    0 101.99094     0
2  1  200  98.50567     0
3  1  400  92.10693     0
4  1  500  80.21363     0
5  1  700  46.09113     0
6  1 1000  85.70932     0


The following SaemixData object was successfully created:

Object of class SaemixData
    longitudinal data for use with the SAEM algorithm
Dataset /home/eco/work/saemix/saemixextension/simulationSuite/cont/imaxRichProp/data/data_pdimax23.tab 
    Structured data: eff ~ dose | id 
    Predictor: dose (-) 
    covariates: group (-) 
      reference class for covariate group :  0 
Nonlinear mixed-effects model fit by the SAEM algorithm
-----------------------------------
----          Data             ----
-----------------------------------
Object of class SaemixData
    longitudinal data for use with the SAEM algorithm
Dataset /home/eco/work/saemix/saemixextension/simulationSuite/cont/imaxRichProp/data/data_pdimax23.tab 
    Structured data: eff ~ dose | id 
    Predictor: dose (-) 
    covariates: group (-) 
      reference class for covariate group :  0 
Dataset characteristics:
    number of subjects:     100 
    number of observations: 600 
    average/min/max nb obs: 6.00  /  6  /  6 
First 10 lines of data:
   id dose       eff group mdv cens occ ytype
1   1    0 101.99094     0   0    0   1     1
2   1  200  98.50567     0   0    0   1     1
3   1  400  92.10693     0   0    0   1     1
4   1  500  80.21363     0   0    0   1     1
5   1  700  46.09113     0   0    0   1     1
6   1 1000  85.70932     0   0    0   1     1
7   2    0  61.01568     0   0    0   1     1
8   2  200  91.71146     0   0    0   1     1
9   2  400  80.09127     0   0    0   1     1
10  2  500  76.02877     0   0    0   1     1
-----------------------------------
----          Model            ----
-----------------------------------
Nonlinear mixed-effects model
  Model function:  PD Imax model
  Model type:  structural
function (psi, id, xidep) 
{
    dose <- xidep[, 1]
    e0 <- psi[id, 1]
    imax <- psi[id, 2]
    ed50 <- psi[id, 3]
    gamma <- psi[id, 4]
    f <- e0 * (1 - imax * (dose^gamma)/((ed50^gamma) + (dose^gamma)))
    return(f)
}
<bytecode: 0x5634e2004478>
  Nb of parameters: 4 
      parameter names:  E0 Imax ED50 gamma 
      distribution:
     Parameter Distribution Estimated
[1,] E0        log-normal   Estimated
[2,] Imax      log-normal   Estimated
[3,] ED50      log-normal   Estimated
[4,] gamma     log-normal   Estimated
  Variance-covariance matrix:
      E0 Imax ED50 gamma
E0     1    0    0     0
Imax   0    0    0     0
ED50   0    0    1     0
gamma  0    0    0     0
  Error model: proportional , initial values: b.1=0.2 
  Covariate model:
      [,1] [,2] [,3] [,4]
group    0    0    1    0
    Initial values
              E0 Imax ED50 gamma
Pop.CondInit 100  0.7  500     2
Cov.CondInit   0  0.0    0     0
-----------------------------------
----    Key algorithm options  ----
-----------------------------------
    Estimation of individual parameters (MAP)
    Estimation of standard errors and linearised log-likelihood
    Estimation of log-likelihood by importance sampling
    Number of iterations:  K1=300, K2=100 
    Number of chains:  1 
    Seed:  6424598 
    Number of MCMC iterations for IS:  5000 
    Simulations:
        nb of simulated datasets used for npde:  1000 
        nb of simulated datasets used for VPC:  100 
    Input/output
        save the results to a file:  FALSE 
        save the graphs to files:  FALSE 
----------------------------------------------------
----                  Results                   ----
----------------------------------------------------
-----------------  Fixed effects  ------------------
----------------------------------------------------
     Parameter        Estimate SE      CV(%) p-value
[1,] E0                98.51    2.0440  2.1  -      
[2,] Imax               0.69    0.0244  3.5  -      
[3,] ED50             554.61   39.5095  7.1  -      
[4,] beta_group(ED50)  -0.59    0.0848 14.3  1.4e-12
[5,] gamma              1.99    0.1950  9.8  -      
[6,] b.1                0.20    0.0067  3.3  -      
----------------------------------------------------
-----------  Variance of random effects  -----------
----------------------------------------------------
     Parameter   Estimate SE     CV(%)
E0   omega2.E0   0.0064   0.0033 52   
ED50 omega2.ED50 0.1090   0.0269 25   
----------------------------------------------------
------  Correlation matrix of random effects  ------
----------------------------------------------------
            omega2.E0 omega2.ED50
omega2.E0   1         0          
omega2.ED50 0         1          
----------------------------------------------------
---------------  Statistical criteria  -------------
----------------------------------------------------
Likelihood computed by linearisation
      -2LL= 4920.092 
      AIC = 4936.092 
      BIC = 4956.933 

Likelihood computed by importance sampling
      -2LL= 4930.208 
      AIC = 4946.208 
      BIC = 4967.05 
----------------------------------------------------
----------------------------------------------------
-----------------  Fixed effects  ------------------
----------------------------------------------------
         Parameter Estimate      SE CV(%) p-value
1               E0    98.51  2.0440  2.07       -
2             Imax     0.69  0.0244  3.54       -
3             ED50   554.61 39.5095  7.12       -
4 beta_group(ED50)    -0.59  0.0848 14.31 2.8e-12
5            gamma     1.99  0.1950  9.78       -
6              b.1     0.20  0.0067  3.31       -
----------------------------------------------------
-----------  Variance of random effects  -----------
----------------------------------------------------
       Parameter Estimate     SE CV(%)
E0     omega2.E0   0.0064 0.0033 51.77
ED50 omega2.ED50   0.1090 0.0269 24.67
----------------------------------------------------
------  Correlation matrix of random effects  ------
----------------------------------------------------
            omega2.E0 omega2.ED50
omega2.E0   1.00      0.00       
omega2.ED50 0.00      1.00       
----------------------------------------------------
---------------  Statistical criteria  -------------
----------------------------------------------------
Likelihood computed by linearisation
      -2LL= 4920.092 
      AIC = 4936.092 
      BIC = 4956.933 

Likelihood computed by importance sampling
      -2LL= 4930.208 
      AIC = 4946.208 
      BIC = 4967.05 
----------------------------------------------------
Reading data from file /home/eco/work/saemix/saemixextension/simulationSuite/cont/imaxRichProp/data/data_pdimax24.tab 
These are the first lines of the dataset as read into R. Please check the format of the data is appropriate, if not, modify the na and/or sep items and retry:
  id dose       eff group
1  1    0 108.94544     0
2  1  200  85.76697     0
3  1  400  52.35919     0
4  1  500  53.33249     0
5  1  700  41.79027     0
6  1 1000  38.11881     0


The following SaemixData object was successfully created:

Object of class SaemixData
    longitudinal data for use with the SAEM algorithm
Dataset /home/eco/work/saemix/saemixextension/simulationSuite/cont/imaxRichProp/data/data_pdimax24.tab 
    Structured data: eff ~ dose | id 
    Predictor: dose (-) 
    covariates: group (-) 
      reference class for covariate group :  0 
Nonlinear mixed-effects model fit by the SAEM algorithm
-----------------------------------
----          Data             ----
-----------------------------------
Object of class SaemixData
    longitudinal data for use with the SAEM algorithm
Dataset /home/eco/work/saemix/saemixextension/simulationSuite/cont/imaxRichProp/data/data_pdimax24.tab 
    Structured data: eff ~ dose | id 
    Predictor: dose (-) 
    covariates: group (-) 
      reference class for covariate group :  0 
Dataset characteristics:
    number of subjects:     100 
    number of observations: 600 
    average/min/max nb obs: 6.00  /  6  /  6 
First 10 lines of data:
   id dose       eff group mdv cens occ ytype
1   1    0 108.94544     0   0    0   1     1
2   1  200  85.76697     0   0    0   1     1
3   1  400  52.35919     0   0    0   1     1
4   1  500  53.33249     0   0    0   1     1
5   1  700  41.79027     0   0    0   1     1
6   1 1000  38.11881     0   0    0   1     1
7   2    0  88.52060     0   0    0   1     1
8   2  200  95.18657     0   0    0   1     1
9   2  400  76.25079     0   0    0   1     1
10  2  500  80.88699     0   0    0   1     1
-----------------------------------
----          Model            ----
-----------------------------------
Nonlinear mixed-effects model
  Model function:  PD Imax model
  Model type:  structural
function (psi, id, xidep) 
{
    dose <- xidep[, 1]
    e0 <- psi[id, 1]
    imax <- psi[id, 2]
    ed50 <- psi[id, 3]
    gamma <- psi[id, 4]
    f <- e0 * (1 - imax * (dose^gamma)/((ed50^gamma) + (dose^gamma)))
    return(f)
}
<bytecode: 0x5634e2004478>
  Nb of parameters: 4 
      parameter names:  E0 Imax ED50 gamma 
      distribution:
     Parameter Distribution Estimated
[1,] E0        log-normal   Estimated
[2,] Imax      log-normal   Estimated
[3,] ED50      log-normal   Estimated
[4,] gamma     log-normal   Estimated
  Variance-covariance matrix:
      E0 Imax ED50 gamma
E0     1    0    0     0
Imax   0    0    0     0
ED50   0    0    1     0
gamma  0    0    0     0
  Error model: proportional , initial values: b.1=0.2 
  Covariate model:
      [,1] [,2] [,3] [,4]
group    0    0    1    0
    Initial values
              E0 Imax ED50 gamma
Pop.CondInit 100  0.7  500     2
Cov.CondInit   0  0.0    0     0
-----------------------------------
----    Key algorithm options  ----
-----------------------------------
    Estimation of individual parameters (MAP)
    Estimation of standard errors and linearised log-likelihood
    Estimation of log-likelihood by importance sampling
    Number of iterations:  K1=300, K2=100 
    Number of chains:  1 
    Seed:  6424598 
    Number of MCMC iterations for IS:  5000 
    Simulations:
        nb of simulated datasets used for npde:  1000 
        nb of simulated datasets used for VPC:  100 
    Input/output
        save the results to a file:  FALSE 
        save the graphs to files:  FALSE 
----------------------------------------------------
----                  Results                   ----
----------------------------------------------------
-----------------  Fixed effects  ------------------
----------------------------------------------------
     Parameter        Estimate SE      CV(%) p-value
[1,] E0               101.21    2.1599  2.1  -      
[2,] Imax               0.70    0.0237  3.4  -      
[3,] ED50             473.32   31.2873  6.6  -      
[4,] beta_group(ED50)  -0.44    0.0781 17.8  9e-09  
[5,] gamma              2.00    0.1893  9.5  -      
[6,] b.1                0.20    0.0066  3.3  -      
----------------------------------------------------
-----------  Variance of random effects  -----------
----------------------------------------------------
     Parameter   Estimate SE     CV(%)
E0   omega2.E0   0.0089   0.0036 40   
ED50 omega2.ED50 0.0859   0.0231 27   
----------------------------------------------------
------  Correlation matrix of random effects  ------
----------------------------------------------------
            omega2.E0 omega2.ED50
omega2.E0   1         0          
omega2.ED50 0         1          
----------------------------------------------------
---------------  Statistical criteria  -------------
----------------------------------------------------
Likelihood computed by linearisation
      -2LL= 4886.41 
      AIC = 4902.41 
      BIC = 4923.251 

Likelihood computed by importance sampling
      -2LL= 4897.879 
      AIC = 4913.879 
      BIC = 4934.72 
----------------------------------------------------
----------------------------------------------------
-----------------  Fixed effects  ------------------
----------------------------------------------------
         Parameter Estimate      SE CV(%) p-value
1               E0   101.21  2.1599  2.13       -
2             Imax     0.70  0.0237  3.38       -
3             ED50   473.32 31.2873  6.61       -
4 beta_group(ED50)    -0.44  0.0781 17.76 1.8e-08
5            gamma     2.00  0.1893  9.46       -
6              b.1     0.20  0.0066  3.31       -
----------------------------------------------------
-----------  Variance of random effects  -----------
----------------------------------------------------
       Parameter Estimate     SE CV(%)
E0     omega2.E0   0.0089 0.0036 40.49
ED50 omega2.ED50   0.0859 0.0231 26.93
----------------------------------------------------
------  Correlation matrix of random effects  ------
----------------------------------------------------
            omega2.E0 omega2.ED50
omega2.E0   1.00      0.00       
omega2.ED50 0.00      1.00       
----------------------------------------------------
---------------  Statistical criteria  -------------
----------------------------------------------------
Likelihood computed by linearisation
      -2LL= 4886.41 
      AIC = 4902.41 
      BIC = 4923.251 

Likelihood computed by importance sampling
      -2LL= 4897.879 
      AIC = 4913.879 
      BIC = 4934.72 
----------------------------------------------------
Reading data from file /home/eco/work/saemix/saemixextension/simulationSuite/cont/imaxRichProp/data/data_pdimax25.tab 
These are the first lines of the dataset as read into R. Please check the format of the data is appropriate, if not, modify the na and/or sep items and retry:
  id dose       eff group
1  1    0 105.97310     0
2  1  200  95.27654     0
3  1  400  71.61821     0
4  1  500  56.58456     0
5  1  700  56.54332     0
6  1 1000  48.07443     0


The following SaemixData object was successfully created:

Object of class SaemixData
    longitudinal data for use with the SAEM algorithm
Dataset /home/eco/work/saemix/saemixextension/simulationSuite/cont/imaxRichProp/data/data_pdimax25.tab 
    Structured data: eff ~ dose | id 
    Predictor: dose (-) 
    covariates: group (-) 
      reference class for covariate group :  0 
Nonlinear mixed-effects model fit by the SAEM algorithm
-----------------------------------
----          Data             ----
-----------------------------------
Object of class SaemixData
    longitudinal data for use with the SAEM algorithm
Dataset /home/eco/work/saemix/saemixextension/simulationSuite/cont/imaxRichProp/data/data_pdimax25.tab 
    Structured data: eff ~ dose | id 
    Predictor: dose (-) 
    covariates: group (-) 
      reference class for covariate group :  0 
Dataset characteristics:
    number of subjects:     100 
    number of observations: 600 
    average/min/max nb obs: 6.00  /  6  /  6 
First 10 lines of data:
   id dose       eff group mdv cens occ ytype
1   1    0 105.97310     0   0    0   1     1
2   1  200  95.27654     0   0    0   1     1
3   1  400  71.61821     0   0    0   1     1
4   1  500  56.58456     0   0    0   1     1
5   1  700  56.54332     0   0    0   1     1
6   1 1000  48.07443     0   0    0   1     1
7   2    0 105.23151     0   0    0   1     1
8   2  200  94.58124     0   0    0   1     1
9   2  400  84.11601     0   0    0   1     1
10  2  500  62.85358     0   0    0   1     1
-----------------------------------
----          Model            ----
-----------------------------------
Nonlinear mixed-effects model
  Model function:  PD Imax model
  Model type:  structural
function (psi, id, xidep) 
{
    dose <- xidep[, 1]
    e0 <- psi[id, 1]
    imax <- psi[id, 2]
    ed50 <- psi[id, 3]
    gamma <- psi[id, 4]
    f <- e0 * (1 - imax * (dose^gamma)/((ed50^gamma) + (dose^gamma)))
    return(f)
}
<bytecode: 0x5634e2004478>
  Nb of parameters: 4 
      parameter names:  E0 Imax ED50 gamma 
      distribution:
     Parameter Distribution Estimated
[1,] E0        log-normal   Estimated
[2,] Imax      log-normal   Estimated
[3,] ED50      log-normal   Estimated
[4,] gamma     log-normal   Estimated
  Variance-covariance matrix:
      E0 Imax ED50 gamma
E0     1    0    0     0
Imax   0    0    0     0
ED50   0    0    1     0
gamma  0    0    0     0
  Error model: proportional , initial values: b.1=0.2 
  Covariate model:
      [,1] [,2] [,3] [,4]
group    0    0    1    0
    Initial values
              E0 Imax ED50 gamma
Pop.CondInit 100  0.7  500     2
Cov.CondInit   0  0.0    0     0
-----------------------------------
----    Key algorithm options  ----
-----------------------------------
    Estimation of individual parameters (MAP)
    Estimation of standard errors and linearised log-likelihood
    Estimation of log-likelihood by importance sampling
    Number of iterations:  K1=300, K2=100 
    Number of chains:  1 
    Seed:  6424598 
    Number of MCMC iterations for IS:  5000 
    Simulations:
        nb of simulated datasets used for npde:  1000 
        nb of simulated datasets used for VPC:  100 
    Input/output
        save the results to a file:  FALSE 
        save the graphs to files:  FALSE 
----------------------------------------------------
----                  Results                   ----
----------------------------------------------------
-----------------  Fixed effects  ------------------
----------------------------------------------------
     Parameter        Estimate SE      CV(%) p-value
[1,] E0                97.42    2.1377  2.2  -      
[2,] Imax               0.74    0.0320  4.3  -      
[3,] ED50             565.26   40.3329  7.1  -      
[4,] beta_group(ED50)  -0.53    0.0729 13.7  1.2e-13
[5,] gamma              1.80    0.1846 10.3  -      
[6,] b.1                0.21    0.0069  3.3  -      
----------------------------------------------------
-----------  Variance of random effects  -----------
----------------------------------------------------
     Parameter   Estimate SE     CV(%)
E0   omega2.E0   0.0069   0.0034 50   
ED50 omega2.ED50 0.0666   0.0205 31   
----------------------------------------------------
------  Correlation matrix of random effects  ------
----------------------------------------------------
            omega2.E0 omega2.ED50
omega2.E0   1         0          
omega2.ED50 0         1          
----------------------------------------------------
---------------  Statistical criteria  -------------
----------------------------------------------------
Likelihood computed by linearisation
      -2LL= 4895.943 
      AIC = 4911.943 
      BIC = 4932.785 

Likelihood computed by importance sampling
      -2LL= 4906.628 
      AIC = 4922.628 
      BIC = 4943.469 
----------------------------------------------------
----------------------------------------------------
-----------------  Fixed effects  ------------------
----------------------------------------------------
         Parameter Estimate      SE CV(%) p-value
1               E0    97.42  2.1377  2.19       -
2             Imax     0.74  0.0320  4.30       -
3             ED50   565.26 40.3329  7.14       -
4 beta_group(ED50)    -0.53  0.0729 13.66 2.4e-13
5            gamma     1.80  0.1846 10.28       -
6              b.1     0.21  0.0069  3.29       -
----------------------------------------------------
-----------  Variance of random effects  -----------
----------------------------------------------------
       Parameter Estimate     SE CV(%)
E0     omega2.E0   0.0069 0.0034 49.99
ED50 omega2.ED50   0.0666 0.0205 30.76
----------------------------------------------------
------  Correlation matrix of random effects  ------
----------------------------------------------------
            omega2.E0 omega2.ED50
omega2.E0   1.00      0.00       
omega2.ED50 0.00      1.00       
----------------------------------------------------
---------------  Statistical criteria  -------------
----------------------------------------------------
Likelihood computed by linearisation
      -2LL= 4895.943 
      AIC = 4911.943 
      BIC = 4932.785 

Likelihood computed by importance sampling
      -2LL= 4906.628 
      AIC = 4922.628 
      BIC = 4943.469 
----------------------------------------------------
Reading data from file /home/eco/work/saemix/saemixextension/simulationSuite/cont/imaxRichProp/data/data_pdimax26.tab 
These are the first lines of the dataset as read into R. Please check the format of the data is appropriate, if not, modify the na and/or sep items and retry:
  id dose       eff group
1  1    0  99.81123     0
2  1  200 100.39251     0
3  1  400  79.53656     0
4  1  500  88.63704     0
5  1  700  54.60945     0
6  1 1000  42.92112     0


The following SaemixData object was successfully created:

Object of class SaemixData
    longitudinal data for use with the SAEM algorithm
Dataset /home/eco/work/saemix/saemixextension/simulationSuite/cont/imaxRichProp/data/data_pdimax26.tab 
    Structured data: eff ~ dose | id 
    Predictor: dose (-) 
    covariates: group (-) 
      reference class for covariate group :  0 
Nonlinear mixed-effects model fit by the SAEM algorithm
-----------------------------------
----          Data             ----
-----------------------------------
Object of class SaemixData
    longitudinal data for use with the SAEM algorithm
Dataset /home/eco/work/saemix/saemixextension/simulationSuite/cont/imaxRichProp/data/data_pdimax26.tab 
    Structured data: eff ~ dose | id 
    Predictor: dose (-) 
    covariates: group (-) 
      reference class for covariate group :  0 
Dataset characteristics:
    number of subjects:     100 
    number of observations: 600 
    average/min/max nb obs: 6.00  /  6  /  6 
First 10 lines of data:
   id dose       eff group mdv cens occ ytype
1   1    0  99.81123     0   0    0   1     1
2   1  200 100.39251     0   0    0   1     1
3   1  400  79.53656     0   0    0   1     1
4   1  500  88.63704     0   0    0   1     1
5   1  700  54.60945     0   0    0   1     1
6   1 1000  42.92112     0   0    0   1     1
7   2    0  68.06341     0   0    0   1     1
8   2  200  59.45215     0   0    0   1     1
9   2  400  62.70434     0   0    0   1     1
10  2  500  57.12730     0   0    0   1     1
-----------------------------------
----          Model            ----
-----------------------------------
Nonlinear mixed-effects model
  Model function:  PD Imax model
  Model type:  structural
function (psi, id, xidep) 
{
    dose <- xidep[, 1]
    e0 <- psi[id, 1]
    imax <- psi[id, 2]
    ed50 <- psi[id, 3]
    gamma <- psi[id, 4]
    f <- e0 * (1 - imax * (dose^gamma)/((ed50^gamma) + (dose^gamma)))
    return(f)
}
<bytecode: 0x5634e2004478>
  Nb of parameters: 4 
      parameter names:  E0 Imax ED50 gamma 
      distribution:
     Parameter Distribution Estimated
[1,] E0        log-normal   Estimated
[2,] Imax      log-normal   Estimated
[3,] ED50      log-normal   Estimated
[4,] gamma     log-normal   Estimated
  Variance-covariance matrix:
      E0 Imax ED50 gamma
E0     1    0    0     0
Imax   0    0    0     0
ED50   0    0    1     0
gamma  0    0    0     0
  Error model: proportional , initial values: b.1=0.2 
  Covariate model:
      [,1] [,2] [,3] [,4]
group    0    0    1    0
    Initial values
              E0 Imax ED50 gamma
Pop.CondInit 100  0.7  500     2
Cov.CondInit   0  0.0    0     0
-----------------------------------
----    Key algorithm options  ----
-----------------------------------
    Estimation of individual parameters (MAP)
    Estimation of standard errors and linearised log-likelihood
    Estimation of log-likelihood by importance sampling
    Number of iterations:  K1=300, K2=100 
    Number of chains:  1 
    Seed:  6424598 
    Number of MCMC iterations for IS:  5000 
    Simulations:
        nb of simulated datasets used for npde:  1000 
        nb of simulated datasets used for VPC:  100 
    Input/output
        save the results to a file:  FALSE 
        save the graphs to files:  FALSE 
----------------------------------------------------
----                  Results                   ----
----------------------------------------------------
-----------------  Fixed effects  ------------------
----------------------------------------------------
     Parameter        Estimate SE     CV(%) p-value
[1,] E0                97.48    2.021  2.1  -      
[2,] Imax               0.73    0.027  3.6  -      
[3,] ED50             496.19   37.343  7.5  -      
[4,] beta_group(ED50)  -0.43    0.084 19.7  1.8e-07
[5,] gamma              1.81    0.175  9.7  -      
[6,] b.1                0.21    0.007  3.3  -      
----------------------------------------------------
-----------  Variance of random effects  -----------
----------------------------------------------------
     Parameter   Estimate SE     CV(%)
E0   omega2.E0   0.0015   0.0031 210  
ED50 omega2.ED50 0.1254   0.0272  22  
----------------------------------------------------
------  Correlation matrix of random effects  ------
----------------------------------------------------
            omega2.E0 omega2.ED50
omega2.E0   1         0          
omega2.ED50 0         1          
----------------------------------------------------
---------------  Statistical criteria  -------------
----------------------------------------------------
Likelihood computed by linearisation
      -2LL= 4891.301 
      AIC = 4907.301 
      BIC = 4928.143 

Likelihood computed by importance sampling
      -2LL= 4900.318 
      AIC = 4916.318 
      BIC = 4937.16 
----------------------------------------------------
----------------------------------------------------
-----------------  Fixed effects  ------------------
----------------------------------------------------
         Parameter Estimate     SE CV(%) p-value
1               E0    97.48  2.021  2.07       -
2             Imax     0.73  0.027  3.63       -
3             ED50   496.19 37.343  7.53       -
4 beta_group(ED50)    -0.43  0.084 19.66 3.6e-07
5            gamma     1.81  0.175  9.68       -
6              b.1     0.21  0.007  3.29       -
----------------------------------------------------
-----------  Variance of random effects  -----------
----------------------------------------------------
       Parameter Estimate     SE  CV(%)
E0     omega2.E0   0.0015 0.0031 210.43
ED50 omega2.ED50   0.1254 0.0272  21.71
----------------------------------------------------
------  Correlation matrix of random effects  ------
----------------------------------------------------
            omega2.E0 omega2.ED50
omega2.E0   1.00      0.00       
omega2.ED50 0.00      1.00       
----------------------------------------------------
---------------  Statistical criteria  -------------
----------------------------------------------------
Likelihood computed by linearisation
      -2LL= 4891.301 
      AIC = 4907.301 
      BIC = 4928.143 

Likelihood computed by importance sampling
      -2LL= 4900.318 
      AIC = 4916.318 
      BIC = 4937.16 
----------------------------------------------------
Reading data from file /home/eco/work/saemix/saemixextension/simulationSuite/cont/imaxRichProp/data/data_pdimax27.tab 
These are the first lines of the dataset as read into R. Please check the format of the data is appropriate, if not, modify the na and/or sep items and retry:
  id dose       eff group
1  1    0  79.84393     0
2  1  200  66.99229     0
3  1  400  96.72257     0
4  1  500 101.35665     0
5  1  700  77.97965     0
6  1 1000  60.35558     0


The following SaemixData object was successfully created:

Object of class SaemixData
    longitudinal data for use with the SAEM algorithm
Dataset /home/eco/work/saemix/saemixextension/simulationSuite/cont/imaxRichProp/data/data_pdimax27.tab 
    Structured data: eff ~ dose | id 
    Predictor: dose (-) 
    covariates: group (-) 
      reference class for covariate group :  0 
Nonlinear mixed-effects model fit by the SAEM algorithm
-----------------------------------
----          Data             ----
-----------------------------------
Object of class SaemixData
    longitudinal data for use with the SAEM algorithm
Dataset /home/eco/work/saemix/saemixextension/simulationSuite/cont/imaxRichProp/data/data_pdimax27.tab 
    Structured data: eff ~ dose | id 
    Predictor: dose (-) 
    covariates: group (-) 
      reference class for covariate group :  0 
Dataset characteristics:
    number of subjects:     100 
    number of observations: 600 
    average/min/max nb obs: 6.00  /  6  /  6 
First 10 lines of data:
   id dose       eff group mdv cens occ ytype
1   1    0  79.84393     0   0    0   1     1
2   1  200  66.99229     0   0    0   1     1
3   1  400  96.72257     0   0    0   1     1
4   1  500 101.35665     0   0    0   1     1
5   1  700  77.97965     0   0    0   1     1
6   1 1000  60.35558     0   0    0   1     1
7   2    0  82.70417     0   0    0   1     1
8   2  200  73.83183     0   0    0   1     1
9   2  400  65.77421     0   0    0   1     1
10  2  500  70.12489     0   0    0   1     1
-----------------------------------
----          Model            ----
-----------------------------------
Nonlinear mixed-effects model
  Model function:  PD Imax model
  Model type:  structural
function (psi, id, xidep) 
{
    dose <- xidep[, 1]
    e0 <- psi[id, 1]
    imax <- psi[id, 2]
    ed50 <- psi[id, 3]
    gamma <- psi[id, 4]
    f <- e0 * (1 - imax * (dose^gamma)/((ed50^gamma) + (dose^gamma)))
    return(f)
}
<bytecode: 0x5634e2004478>
  Nb of parameters: 4 
      parameter names:  E0 Imax ED50 gamma 
      distribution:
     Parameter Distribution Estimated
[1,] E0        log-normal   Estimated
[2,] Imax      log-normal   Estimated
[3,] ED50      log-normal   Estimated
[4,] gamma     log-normal   Estimated
  Variance-covariance matrix:
      E0 Imax ED50 gamma
E0     1    0    0     0
Imax   0    0    0     0
ED50   0    0    1     0
gamma  0    0    0     0
  Error model: proportional , initial values: b.1=0.2 
  Covariate model:
      [,1] [,2] [,3] [,4]
group    0    0    1    0
    Initial values
              E0 Imax ED50 gamma
Pop.CondInit 100  0.7  500     2
Cov.CondInit   0  0.0    0     0
-----------------------------------
----    Key algorithm options  ----
-----------------------------------
    Estimation of individual parameters (MAP)
    Estimation of standard errors and linearised log-likelihood
    Estimation of log-likelihood by importance sampling
    Number of iterations:  K1=300, K2=100 
    Number of chains:  1 
    Seed:  6424598 
    Number of MCMC iterations for IS:  5000 
    Simulations:
        nb of simulated datasets used for npde:  1000 
        nb of simulated datasets used for VPC:  100 
    Input/output
        save the results to a file:  FALSE 
        save the graphs to files:  FALSE 
----------------------------------------------------
----                  Results                   ----
----------------------------------------------------
-----------------  Fixed effects  ------------------
----------------------------------------------------
     Parameter        Estimate SE      CV(%) p-value
[1,] E0                99.15    2.0216  2.0  -      
[2,] Imax               0.71    0.0215  3.0  -      
[3,] ED50             455.73   30.9438  6.8  -      
[4,] beta_group(ED50)  -0.34    0.0839 25.0  3.2e-05
[5,] gamma              2.07    0.1820  8.8  -      
[6,] b.1                0.19    0.0064  3.3  -      
----------------------------------------------------
-----------  Variance of random effects  -----------
----------------------------------------------------
     Parameter   Estimate SE     CV(%)
E0   omega2.E0   0.0087   0.0036 41   
ED50 omega2.ED50 0.1189   0.0260 22   
----------------------------------------------------
------  Correlation matrix of random effects  ------
----------------------------------------------------
            omega2.E0 omega2.ED50
omega2.E0   1         0          
omega2.ED50 0         1          
----------------------------------------------------
---------------  Statistical criteria  -------------
----------------------------------------------------
Likelihood computed by linearisation
      -2LL= 4827.467 
      AIC = 4843.467 
      BIC = 4864.309 

Likelihood computed by importance sampling
      -2LL= 4837.914 
      AIC = 4853.914 
      BIC = 4874.755 
----------------------------------------------------
----------------------------------------------------
-----------------  Fixed effects  ------------------
----------------------------------------------------
         Parameter Estimate      SE CV(%) p-value
1               E0    99.15  2.0216  2.04       -
2             Imax     0.71  0.0215  3.04       -
3             ED50   455.73 30.9438  6.79       -
4 beta_group(ED50)    -0.34  0.0839 25.00 6.3e-05
5            gamma     2.07  0.1820  8.79       -
6              b.1     0.19  0.0064  3.35       -
----------------------------------------------------
-----------  Variance of random effects  -----------
----------------------------------------------------
       Parameter Estimate     SE CV(%)
E0     omega2.E0   0.0087 0.0036 41.32
ED50 omega2.ED50   0.1189 0.0260 21.87
----------------------------------------------------
------  Correlation matrix of random effects  ------
----------------------------------------------------
            omega2.E0 omega2.ED50
omega2.E0   1.00      0.00       
omega2.ED50 0.00      1.00       
----------------------------------------------------
---------------  Statistical criteria  -------------
----------------------------------------------------
Likelihood computed by linearisation
      -2LL= 4827.467 
      AIC = 4843.467 
      BIC = 4864.309 

Likelihood computed by importance sampling
      -2LL= 4837.914 
      AIC = 4853.914 
      BIC = 4874.755 
----------------------------------------------------
Reading data from file /home/eco/work/saemix/saemixextension/simulationSuite/cont/imaxRichProp/data/data_pdimax28.tab 
These are the first lines of the dataset as read into R. Please check the format of the data is appropriate, if not, modify the na and/or sep items and retry:
  id dose      eff group
1  1    0 82.00423     0
2  1  200 64.93890     0
3  1  400 66.61624     0
4  1  500 41.79347     0
5  1  700 37.05199     0
6  1 1000 24.77028     0


The following SaemixData object was successfully created:

Object of class SaemixData
    longitudinal data for use with the SAEM algorithm
Dataset /home/eco/work/saemix/saemixextension/simulationSuite/cont/imaxRichProp/data/data_pdimax28.tab 
    Structured data: eff ~ dose | id 
    Predictor: dose (-) 
    covariates: group (-) 
      reference class for covariate group :  0 
Nonlinear mixed-effects model fit by the SAEM algorithm
-----------------------------------
----          Data             ----
-----------------------------------
Object of class SaemixData
    longitudinal data for use with the SAEM algorithm
Dataset /home/eco/work/saemix/saemixextension/simulationSuite/cont/imaxRichProp/data/data_pdimax28.tab 
    Structured data: eff ~ dose | id 
    Predictor: dose (-) 
    covariates: group (-) 
      reference class for covariate group :  0 
Dataset characteristics:
    number of subjects:     100 
    number of observations: 600 
    average/min/max nb obs: 6.00  /  6  /  6 
First 10 lines of data:
   id dose       eff group mdv cens occ ytype
1   1    0  82.00423     0   0    0   1     1
2   1  200  64.93890     0   0    0   1     1
3   1  400  66.61624     0   0    0   1     1
4   1  500  41.79347     0   0    0   1     1
5   1  700  37.05199     0   0    0   1     1
6   1 1000  24.77028     0   0    0   1     1
7   2    0 130.24988     0   0    0   1     1
8   2  200  65.16736     0   0    0   1     1
9   2  400  63.40206     0   0    0   1     1
10  2  500  39.04033     0   0    0   1     1
-----------------------------------
----          Model            ----
-----------------------------------
Nonlinear mixed-effects model
  Model function:  PD Imax model
  Model type:  structural
function (psi, id, xidep) 
{
    dose <- xidep[, 1]
    e0 <- psi[id, 1]
    imax <- psi[id, 2]
    ed50 <- psi[id, 3]
    gamma <- psi[id, 4]
    f <- e0 * (1 - imax * (dose^gamma)/((ed50^gamma) + (dose^gamma)))
    return(f)
}
<bytecode: 0x5634e2004478>
  Nb of parameters: 4 
      parameter names:  E0 Imax ED50 gamma 
      distribution:
     Parameter Distribution Estimated
[1,] E0        log-normal   Estimated
[2,] Imax      log-normal   Estimated
[3,] ED50      log-normal   Estimated
[4,] gamma     log-normal   Estimated
  Variance-covariance matrix:
      E0 Imax ED50 gamma
E0     1    0    0     0
Imax   0    0    0     0
ED50   0    0    1     0
gamma  0    0    0     0
  Error model: proportional , initial values: b.1=0.2 
  Covariate model:
      [,1] [,2] [,3] [,4]
group    0    0    1    0
    Initial values
              E0 Imax ED50 gamma
Pop.CondInit 100  0.7  500     2
Cov.CondInit   0  0.0    0     0
-----------------------------------
----    Key algorithm options  ----
-----------------------------------
    Estimation of individual parameters (MAP)
    Estimation of standard errors and linearised log-likelihood
    Estimation of log-likelihood by importance sampling
    Number of iterations:  K1=300, K2=100 
    Number of chains:  1 
    Seed:  6424598 
    Number of MCMC iterations for IS:  5000 
    Simulations:
        nb of simulated datasets used for npde:  1000 
        nb of simulated datasets used for VPC:  100 
    Input/output
        save the results to a file:  FALSE 
        save the graphs to files:  FALSE 
----------------------------------------------------
----                  Results                   ----
----------------------------------------------------
-----------------  Fixed effects  ------------------
----------------------------------------------------
     Parameter        Estimate SE      CV(%) p-value
[1,] E0                99.42    2.1224  2.1  -      
[2,] Imax               0.74    0.0330  4.5  -      
[3,] ED50             495.77   37.8728  7.6  -      
[4,] beta_group(ED50)  -0.29    0.0783 26.7  9e-05  
[5,] gamma              1.81    0.1893 10.4  -      
[6,] b.1                0.21    0.0069  3.3  -      
----------------------------------------------------
-----------  Variance of random effects  -----------
----------------------------------------------------
     Parameter   Estimate SE     CV(%)
E0   omega2.E0   0.005    0.0034 67   
ED50 omega2.ED50 0.096    0.0238 25   
----------------------------------------------------
------  Correlation matrix of random effects  ------
----------------------------------------------------
            omega2.E0 omega2.ED50
omega2.E0   1         0          
omega2.ED50 0         1          
----------------------------------------------------
---------------  Statistical criteria  -------------
----------------------------------------------------
Likelihood computed by linearisation
      -2LL= 4926.33 
      AIC = 4942.33 
      BIC = 4963.171 

Likelihood computed by importance sampling
      -2LL= 4936.485 
      AIC = 4952.485 
      BIC = 4973.327 
----------------------------------------------------
----------------------------------------------------
-----------------  Fixed effects  ------------------
----------------------------------------------------
         Parameter Estimate      SE CV(%) p-value
1               E0    99.42  2.1224  2.13       -
2             Imax     0.74  0.0330  4.47       -
3             ED50   495.77 37.8728  7.64       -
4 beta_group(ED50)    -0.29  0.0783 26.70 0.00018
5            gamma     1.81  0.1893 10.45       -
6              b.1     0.21  0.0069  3.30       -
----------------------------------------------------
-----------  Variance of random effects  -----------
----------------------------------------------------
       Parameter Estimate     SE CV(%)
E0     omega2.E0    0.005 0.0034 67.40
ED50 omega2.ED50    0.096 0.0238 24.70
----------------------------------------------------
------  Correlation matrix of random effects  ------
----------------------------------------------------
            omega2.E0 omega2.ED50
omega2.E0   1.00      0.00       
omega2.ED50 0.00      1.00       
----------------------------------------------------
---------------  Statistical criteria  -------------
----------------------------------------------------
Likelihood computed by linearisation
      -2LL= 4926.33 
      AIC = 4942.33 
      BIC = 4963.171 

Likelihood computed by importance sampling
      -2LL= 4936.485 
      AIC = 4952.485 
      BIC = 4973.327 
----------------------------------------------------
Reading data from file /home/eco/work/saemix/saemixextension/simulationSuite/cont/imaxRichProp/data/data_pdimax29.tab 
These are the first lines of the dataset as read into R. Please check the format of the data is appropriate, if not, modify the na and/or sep items and retry:
  id dose       eff group
1  1    0 108.61689     0
2  1  200 113.72598     0
3  1  400  65.78573     0
4  1  500  73.26869     0
5  1  700  51.86313     0
6  1 1000  43.84877     0


The following SaemixData object was successfully created:

Object of class SaemixData
    longitudinal data for use with the SAEM algorithm
Dataset /home/eco/work/saemix/saemixextension/simulationSuite/cont/imaxRichProp/data/data_pdimax29.tab 
    Structured data: eff ~ dose | id 
    Predictor: dose (-) 
    covariates: group (-) 
      reference class for covariate group :  0 
Nonlinear mixed-effects model fit by the SAEM algorithm
-----------------------------------
----          Data             ----
-----------------------------------
Object of class SaemixData
    longitudinal data for use with the SAEM algorithm
Dataset /home/eco/work/saemix/saemixextension/simulationSuite/cont/imaxRichProp/data/data_pdimax29.tab 
    Structured data: eff ~ dose | id 
    Predictor: dose (-) 
    covariates: group (-) 
      reference class for covariate group :  0 
Dataset characteristics:
    number of subjects:     100 
    number of observations: 600 
    average/min/max nb obs: 6.00  /  6  /  6 
First 10 lines of data:
   id dose       eff group mdv cens occ ytype
1   1    0 108.61689     0   0    0   1     1
2   1  200 113.72598     0   0    0   1     1
3   1  400  65.78573     0   0    0   1     1
4   1  500  73.26869     0   0    0   1     1
5   1  700  51.86313     0   0    0   1     1
6   1 1000  43.84877     0   0    0   1     1
7   2    0 114.88873     0   0    0   1     1
8   2  200 109.68652     0   0    0   1     1
9   2  400  47.69722     0   0    0   1     1
10  2  500  82.95125     0   0    0   1     1
-----------------------------------
----          Model            ----
-----------------------------------
Nonlinear mixed-effects model
  Model function:  PD Imax model
  Model type:  structural
function (psi, id, xidep) 
{
    dose <- xidep[, 1]
    e0 <- psi[id, 1]
    imax <- psi[id, 2]
    ed50 <- psi[id, 3]
    gamma <- psi[id, 4]
    f <- e0 * (1 - imax * (dose^gamma)/((ed50^gamma) + (dose^gamma)))
    return(f)
}
<bytecode: 0x5634e2004478>
  Nb of parameters: 4 
      parameter names:  E0 Imax ED50 gamma 
      distribution:
     Parameter Distribution Estimated
[1,] E0        log-normal   Estimated
[2,] Imax      log-normal   Estimated
[3,] ED50      log-normal   Estimated
[4,] gamma     log-normal   Estimated
  Variance-covariance matrix:
      E0 Imax ED50 gamma
E0     1    0    0     0
Imax   0    0    0     0
ED50   0    0    1     0
gamma  0    0    0     0
  Error model: proportional , initial values: b.1=0.2 
  Covariate model:
      [,1] [,2] [,3] [,4]
group    0    0    1    0
    Initial values
              E0 Imax ED50 gamma
Pop.CondInit 100  0.7  500     2
Cov.CondInit   0  0.0    0     0
-----------------------------------
----    Key algorithm options  ----
-----------------------------------
    Estimation of individual parameters (MAP)
    Estimation of standard errors and linearised log-likelihood
    Estimation of log-likelihood by importance sampling
    Number of iterations:  K1=300, K2=100 
    Number of chains:  1 
    Seed:  6424598 
    Number of MCMC iterations for IS:  5000 
    Simulations:
        nb of simulated datasets used for npde:  1000 
        nb of simulated datasets used for VPC:  100 
    Input/output
        save the results to a file:  FALSE 
        save the graphs to files:  FALSE 
----------------------------------------------------
----                  Results                   ----
----------------------------------------------------
-----------------  Fixed effects  ------------------
----------------------------------------------------
     Parameter        Estimate SE      CV(%) p-value
[1,] E0               104.25    2.0848  2.0  -      
[2,] Imax               0.75    0.0270  3.6  -      
[3,] ED50             514.77   36.2251  7.0  -      
[4,] beta_group(ED50)  -0.44    0.0779 17.5  5.8e-09
[5,] gamma              1.76    0.1586  9.0  -      
[6,] b.1                0.19    0.0064  3.3  -      
----------------------------------------------------
-----------  Variance of random effects  -----------
----------------------------------------------------
     Parameter   Estimate SE     CV(%)
E0   omega2.E0   0.0049   0.0031 64   
ED50 omega2.ED50 0.0990   0.0229 23   
----------------------------------------------------
------  Correlation matrix of random effects  ------
----------------------------------------------------
            omega2.E0 omega2.ED50
omega2.E0   1         0          
omega2.ED50 0         1          
----------------------------------------------------
---------------  Statistical criteria  -------------
----------------------------------------------------
Likelihood computed by linearisation
      -2LL= 4884.83 
      AIC = 4900.83 
      BIC = 4921.671 

Likelihood computed by importance sampling
      -2LL= 4893.966 
      AIC = 4909.966 
      BIC = 4930.807 
----------------------------------------------------
----------------------------------------------------
-----------------  Fixed effects  ------------------
----------------------------------------------------
         Parameter Estimate      SE CV(%) p-value
1               E0   104.25  2.0848  2.00       -
2             Imax     0.75  0.0270  3.60       -
3             ED50   514.77 36.2251  7.04       -
4 beta_group(ED50)    -0.44  0.0779 17.53 1.2e-08
5            gamma     1.76  0.1586  9.03       -
6              b.1     0.19  0.0064  3.31       -
----------------------------------------------------
-----------  Variance of random effects  -----------
----------------------------------------------------
       Parameter Estimate     SE CV(%)
E0     omega2.E0   0.0049 0.0031 63.82
ED50 omega2.ED50   0.0990 0.0229 23.17
----------------------------------------------------
------  Correlation matrix of random effects  ------
----------------------------------------------------
            omega2.E0 omega2.ED50
omega2.E0   1.00      0.00       
omega2.ED50 0.00      1.00       
----------------------------------------------------
---------------  Statistical criteria  -------------
----------------------------------------------------
Likelihood computed by linearisation
      -2LL= 4884.83 
      AIC = 4900.83 
      BIC = 4921.671 

Likelihood computed by importance sampling
      -2LL= 4893.966 
      AIC = 4909.966 
      BIC = 4930.807 
----------------------------------------------------
Reading data from file /home/eco/work/saemix/saemixextension/simulationSuite/cont/imaxRichProp/data/data_pdimax30.tab 
These are the first lines of the dataset as read into R. Please check the format of the data is appropriate, if not, modify the na and/or sep items and retry:
  id dose      eff group
1  1    0 80.48849     0
2  1  200 86.45189     0
3  1  400 74.54724     0
4  1  500 56.75079     0
5  1  700 54.60296     0
6  1 1000 41.67626     0


The following SaemixData object was successfully created:

Object of class SaemixData
    longitudinal data for use with the SAEM algorithm
Dataset /home/eco/work/saemix/saemixextension/simulationSuite/cont/imaxRichProp/data/data_pdimax30.tab 
    Structured data: eff ~ dose | id 
    Predictor: dose (-) 
    covariates: group (-) 
      reference class for covariate group :  0 
Nonlinear mixed-effects model fit by the SAEM algorithm
-----------------------------------
----          Data             ----
-----------------------------------
Object of class SaemixData
    longitudinal data for use with the SAEM algorithm
Dataset /home/eco/work/saemix/saemixextension/simulationSuite/cont/imaxRichProp/data/data_pdimax30.tab 
    Structured data: eff ~ dose | id 
    Predictor: dose (-) 
    covariates: group (-) 
      reference class for covariate group :  0 
Dataset characteristics:
    number of subjects:     100 
    number of observations: 600 
    average/min/max nb obs: 6.00  /  6  /  6 
First 10 lines of data:
   id dose      eff group mdv cens occ ytype
1   1    0 80.48849     0   0    0   1     1
2   1  200 86.45189     0   0    0   1     1
3   1  400 74.54724     0   0    0   1     1
4   1  500 56.75079     0   0    0   1     1
5   1  700 54.60296     0   0    0   1     1
6   1 1000 41.67626     0   0    0   1     1
7   2    0 64.15522     0   0    0   1     1
8   2  200 97.27160     0   0    0   1     1
9   2  400 38.40172     0   0    0   1     1
10  2  500 53.24747     0   0    0   1     1
-----------------------------------
----          Model            ----
-----------------------------------
Nonlinear mixed-effects model
  Model function:  PD Imax model
  Model type:  structural
function (psi, id, xidep) 
{
    dose <- xidep[, 1]
    e0 <- psi[id, 1]
    imax <- psi[id, 2]
    ed50 <- psi[id, 3]
    gamma <- psi[id, 4]
    f <- e0 * (1 - imax * (dose^gamma)/((ed50^gamma) + (dose^gamma)))
    return(f)
}
<bytecode: 0x5634e2004478>
  Nb of parameters: 4 
      parameter names:  E0 Imax ED50 gamma 
      distribution:
     Parameter Distribution Estimated
[1,] E0        log-normal   Estimated
[2,] Imax      log-normal   Estimated
[3,] ED50      log-normal   Estimated
[4,] gamma     log-normal   Estimated
  Variance-covariance matrix:
      E0 Imax ED50 gamma
E0     1    0    0     0
Imax   0    0    0     0
ED50   0    0    1     0
gamma  0    0    0     0
  Error model: proportional , initial values: b.1=0.2 
  Covariate model:
      [,1] [,2] [,3] [,4]
group    0    0    1    0
    Initial values
              E0 Imax ED50 gamma
Pop.CondInit 100  0.7  500     2
Cov.CondInit   0  0.0    0     0
-----------------------------------
----    Key algorithm options  ----
-----------------------------------
    Estimation of individual parameters (MAP)
    Estimation of standard errors and linearised log-likelihood
    Estimation of log-likelihood by importance sampling
    Number of iterations:  K1=300, K2=100 
    Number of chains:  1 
    Seed:  6424598 
    Number of MCMC iterations for IS:  5000 
    Simulations:
        nb of simulated datasets used for npde:  1000 
        nb of simulated datasets used for VPC:  100 
    Input/output
        save the results to a file:  FALSE 
        save the graphs to files:  FALSE 
----------------------------------------------------
----                  Results                   ----
----------------------------------------------------
-----------------  Fixed effects  ------------------
----------------------------------------------------
     Parameter        Estimate SE      CV(%) p-value
[1,] E0               101.10    2.2569  2.2  -      
[2,] Imax               0.75    0.0391  5.2  -      
[3,] ED50             518.28   43.8549  8.5  -      
[4,] beta_group(ED50)  -0.46    0.0762 16.6  8e-10  
[5,] gamma              1.60    0.1780 11.2  -      
[6,] b.1                0.20    0.0067  3.3  -      
----------------------------------------------------
-----------  Variance of random effects  -----------
----------------------------------------------------
     Parameter   Estimate SE     CV(%)
E0   omega2.E0   0.010    0.0038 36   
ED50 omega2.ED50 0.063    0.0225 36   
----------------------------------------------------
------  Correlation matrix of random effects  ------
----------------------------------------------------
            omega2.E0 omega2.ED50
omega2.E0   1         0          
omega2.ED50 0         1          
----------------------------------------------------
---------------  Statistical criteria  -------------
----------------------------------------------------
Likelihood computed by linearisation
      -2LL= 4890.139 
      AIC = 4906.139 
      BIC = 4926.98 

Likelihood computed by importance sampling
      -2LL= 4900.947 
      AIC = 4916.947 
      BIC = 4937.788 
----------------------------------------------------
----------------------------------------------------
-----------------  Fixed effects  ------------------
----------------------------------------------------
         Parameter Estimate      SE CV(%) p-value
1               E0   101.10  2.2569  2.23       -
2             Imax     0.75  0.0391  5.22       -
3             ED50   518.28 43.8549  8.46       -
4 beta_group(ED50)    -0.46  0.0762 16.57 1.6e-09
5            gamma     1.60  0.1780 11.16       -
6              b.1     0.20  0.0067  3.29       -
----------------------------------------------------
-----------  Variance of random effects  -----------
----------------------------------------------------
       Parameter Estimate     SE CV(%)
E0     omega2.E0    0.010 0.0038 36.02
ED50 omega2.ED50    0.063 0.0225 35.52
----------------------------------------------------
------  Correlation matrix of random effects  ------
----------------------------------------------------
            omega2.E0 omega2.ED50
omega2.E0   1.00      0.00       
omega2.ED50 0.00      1.00       
----------------------------------------------------
---------------  Statistical criteria  -------------
----------------------------------------------------
Likelihood computed by linearisation
      -2LL= 4890.139 
      AIC = 4906.139 
      BIC = 4926.98 

Likelihood computed by importance sampling
      -2LL= 4900.947 
      AIC = 4916.947 
      BIC = 4937.788 
----------------------------------------------------
Reading data from file /home/eco/work/saemix/saemixextension/simulationSuite/cont/imaxRichProp/data/data_pdimax31.tab 
These are the first lines of the dataset as read into R. Please check the format of the data is appropriate, if not, modify the na and/or sep items and retry:
  id dose       eff group
1  1    0 136.27331     0
2  1  200  89.90311     0
3  1  400  53.35246     0
4  1  500  63.69466     0
5  1  700  45.74576     0
6  1 1000  22.29644     0


The following SaemixData object was successfully created:

Object of class SaemixData
    longitudinal data for use with the SAEM algorithm
Dataset /home/eco/work/saemix/saemixextension/simulationSuite/cont/imaxRichProp/data/data_pdimax31.tab 
    Structured data: eff ~ dose | id 
    Predictor: dose (-) 
    covariates: group (-) 
      reference class for covariate group :  0 
Nonlinear mixed-effects model fit by the SAEM algorithm
-----------------------------------
----          Data             ----
-----------------------------------
Object of class SaemixData
    longitudinal data for use with the SAEM algorithm
Dataset /home/eco/work/saemix/saemixextension/simulationSuite/cont/imaxRichProp/data/data_pdimax31.tab 
    Structured data: eff ~ dose | id 
    Predictor: dose (-) 
    covariates: group (-) 
      reference class for covariate group :  0 
Dataset characteristics:
    number of subjects:     100 
    number of observations: 600 
    average/min/max nb obs: 6.00  /  6  /  6 
First 10 lines of data:
   id dose       eff group mdv cens occ ytype
1   1    0 136.27331     0   0    0   1     1
2   1  200  89.90311     0   0    0   1     1
3   1  400  53.35246     0   0    0   1     1
4   1  500  63.69466     0   0    0   1     1
5   1  700  45.74576     0   0    0   1     1
6   1 1000  22.29644     0   0    0   1     1
7   2    0 104.70537     0   0    0   1     1
8   2  200  79.34305     0   0    0   1     1
9   2  400  66.07431     0   0    0   1     1
10  2  500  38.37854     0   0    0   1     1
-----------------------------------
----          Model            ----
-----------------------------------
Nonlinear mixed-effects model
  Model function:  PD Imax model
  Model type:  structural
function (psi, id, xidep) 
{
    dose <- xidep[, 1]
    e0 <- psi[id, 1]
    imax <- psi[id, 2]
    ed50 <- psi[id, 3]
    gamma <- psi[id, 4]
    f <- e0 * (1 - imax * (dose^gamma)/((ed50^gamma) + (dose^gamma)))
    return(f)
}
<bytecode: 0x5634e2004478>
  Nb of parameters: 4 
      parameter names:  E0 Imax ED50 gamma 
      distribution:
     Parameter Distribution Estimated
[1,] E0        log-normal   Estimated
[2,] Imax      log-normal   Estimated
[3,] ED50      log-normal   Estimated
[4,] gamma     log-normal   Estimated
  Variance-covariance matrix:
      E0 Imax ED50 gamma
E0     1    0    0     0
Imax   0    0    0     0
ED50   0    0    1     0
gamma  0    0    0     0
  Error model: proportional , initial values: b.1=0.2 
  Covariate model:
      [,1] [,2] [,3] [,4]
group    0    0    1    0
    Initial values
              E0 Imax ED50 gamma
Pop.CondInit 100  0.7  500     2
Cov.CondInit   0  0.0    0     0
-----------------------------------
----    Key algorithm options  ----
-----------------------------------
    Estimation of individual parameters (MAP)
    Estimation of standard errors and linearised log-likelihood
    Estimation of log-likelihood by importance sampling
    Number of iterations:  K1=300, K2=100 
    Number of chains:  1 
    Seed:  6424598 
    Number of MCMC iterations for IS:  5000 
    Simulations:
        nb of simulated datasets used for npde:  1000 
        nb of simulated datasets used for VPC:  100 
    Input/output
        save the results to a file:  FALSE 
        save the graphs to files:  FALSE 
----------------------------------------------------
----                  Results                   ----
----------------------------------------------------
-----------------  Fixed effects  ------------------
----------------------------------------------------
     Parameter        Estimate SE      CV(%) p-value
[1,] E0                96.25    1.9760  2.1  -      
[2,] Imax               0.69    0.0193  2.8  -      
[3,] ED50             562.33   35.9898  6.4  -      
[4,] beta_group(ED50)  -0.65    0.0814 12.6  7.8e-16
[5,] gamma              2.26    0.2003  8.8  -      
[6,] b.1                0.20    0.0068  3.3  -      
----------------------------------------------------
-----------  Variance of random effects  -----------
----------------------------------------------------
     Parameter   Estimate SE     CV(%)
E0   omega2.E0   0.0074   0.0034 46   
ED50 omega2.ED50 0.1055   0.0243 23   
----------------------------------------------------
------  Correlation matrix of random effects  ------
----------------------------------------------------
            omega2.E0 omega2.ED50
omega2.E0   1         0          
omega2.ED50 0         1          
----------------------------------------------------
---------------  Statistical criteria  -------------
----------------------------------------------------
Likelihood computed by linearisation
      -2LL= 4877.562 
      AIC = 4893.562 
      BIC = 4914.403 

Likelihood computed by importance sampling
      -2LL= 4888.428 
      AIC = 4904.428 
      BIC = 4925.27 
----------------------------------------------------
----------------------------------------------------
-----------------  Fixed effects  ------------------
----------------------------------------------------
         Parameter Estimate      SE CV(%) p-value
1               E0    96.25  1.9760  2.05       -
2             Imax     0.69  0.0193  2.79       -
3             ED50   562.33 35.9898  6.40       -
4 beta_group(ED50)    -0.65  0.0814 12.55 1.6e-15
5            gamma     2.26  0.2003  8.84       -
6              b.1     0.20  0.0068  3.34       -
----------------------------------------------------
-----------  Variance of random effects  -----------
----------------------------------------------------
       Parameter Estimate     SE CV(%)
E0     omega2.E0   0.0074 0.0034 46.01
ED50 omega2.ED50   0.1055 0.0243 22.99
----------------------------------------------------
------  Correlation matrix of random effects  ------
----------------------------------------------------
            omega2.E0 omega2.ED50
omega2.E0   1.00      0.00       
omega2.ED50 0.00      1.00       
----------------------------------------------------
---------------  Statistical criteria  -------------
----------------------------------------------------
Likelihood computed by linearisation
      -2LL= 4877.562 
      AIC = 4893.562 
      BIC = 4914.403 

Likelihood computed by importance sampling
      -2LL= 4888.428 
      AIC = 4904.428 
      BIC = 4925.27 
----------------------------------------------------
Reading data from file /home/eco/work/saemix/saemixextension/simulationSuite/cont/imaxRichProp/data/data_pdimax32.tab 
These are the first lines of the dataset as read into R. Please check the format of the data is appropriate, if not, modify the na and/or sep items and retry:
  id dose       eff group
1  1    0 113.78327     0
2  1  200  78.82284     0
3  1  400  81.49697     0
4  1  500  76.81705     0
5  1  700  62.40810     0
6  1 1000  48.05786     0


The following SaemixData object was successfully created:

Object of class SaemixData
    longitudinal data for use with the SAEM algorithm
Dataset /home/eco/work/saemix/saemixextension/simulationSuite/cont/imaxRichProp/data/data_pdimax32.tab 
    Structured data: eff ~ dose | id 
    Predictor: dose (-) 
    covariates: group (-) 
      reference class for covariate group :  0 
Nonlinear mixed-effects model fit by the SAEM algorithm
-----------------------------------
----          Data             ----
-----------------------------------
Object of class SaemixData
    longitudinal data for use with the SAEM algorithm
Dataset /home/eco/work/saemix/saemixextension/simulationSuite/cont/imaxRichProp/data/data_pdimax32.tab 
    Structured data: eff ~ dose | id 
    Predictor: dose (-) 
    covariates: group (-) 
      reference class for covariate group :  0 
Dataset characteristics:
    number of subjects:     100 
    number of observations: 600 
    average/min/max nb obs: 6.00  /  6  /  6 
First 10 lines of data:
   id dose       eff group mdv cens occ ytype
1   1    0 113.78327     0   0    0   1     1
2   1  200  78.82284     0   0    0   1     1
3   1  400  81.49697     0   0    0   1     1
4   1  500  76.81705     0   0    0   1     1
5   1  700  62.40810     0   0    0   1     1
6   1 1000  48.05786     0   0    0   1     1
7   2    0  93.16751     0   0    0   1     1
8   2  200  75.99754     0   0    0   1     1
9   2  400  63.35567     0   0    0   1     1
10  2  500  51.48091     0   0    0   1     1
-----------------------------------
----          Model            ----
-----------------------------------
Nonlinear mixed-effects model
  Model function:  PD Imax model
  Model type:  structural
function (psi, id, xidep) 
{
    dose <- xidep[, 1]
    e0 <- psi[id, 1]
    imax <- psi[id, 2]
    ed50 <- psi[id, 3]
    gamma <- psi[id, 4]
    f <- e0 * (1 - imax * (dose^gamma)/((ed50^gamma) + (dose^gamma)))
    return(f)
}
<bytecode: 0x5634e2004478>
  Nb of parameters: 4 
      parameter names:  E0 Imax ED50 gamma 
      distribution:
     Parameter Distribution Estimated
[1,] E0        log-normal   Estimated
[2,] Imax      log-normal   Estimated
[3,] ED50      log-normal   Estimated
[4,] gamma     log-normal   Estimated
  Variance-covariance matrix:
      E0 Imax ED50 gamma
E0     1    0    0     0
Imax   0    0    0     0
ED50   0    0    1     0
gamma  0    0    0     0
  Error model: proportional , initial values: b.1=0.2 
  Covariate model:
      [,1] [,2] [,3] [,4]
group    0    0    1    0
    Initial values
              E0 Imax ED50 gamma
Pop.CondInit 100  0.7  500     2
Cov.CondInit   0  0.0    0     0
-----------------------------------
----    Key algorithm options  ----
-----------------------------------
    Estimation of individual parameters (MAP)
    Estimation of standard errors and linearised log-likelihood
    Estimation of log-likelihood by importance sampling
    Number of iterations:  K1=300, K2=100 
    Number of chains:  1 
    Seed:  6424598 
    Number of MCMC iterations for IS:  5000 
    Simulations:
        nb of simulated datasets used for npde:  1000 
        nb of simulated datasets used for VPC:  100 
    Input/output
        save the results to a file:  FALSE 
        save the graphs to files:  FALSE 
----------------------------------------------------
----                  Results                   ----
----------------------------------------------------
-----------------  Fixed effects  ------------------
----------------------------------------------------
     Parameter        Estimate SE      CV(%) p-value
[1,] E0               101.66    2.2882  2.3  -      
[2,] Imax               0.76    0.0337  4.4  -      
[3,] ED50             531.42   42.6719  8.0  -      
[4,] beta_group(ED50)  -0.53    0.0817 15.4  4.4e-11
[5,] gamma              1.59    0.1617 10.2  -      
[6,] b.1                0.20    0.0066  3.3  -      
----------------------------------------------------
-----------  Variance of random effects  -----------
----------------------------------------------------
     Parameter   Estimate SE     CV(%)
E0   omega2.E0   0.013    0.0042 33   
ED50 omega2.ED50 0.083    0.0251 30   
----------------------------------------------------
------  Correlation matrix of random effects  ------
----------------------------------------------------
            omega2.E0 omega2.ED50
omega2.E0   1         0          
omega2.ED50 0         1          
----------------------------------------------------
---------------  Statistical criteria  -------------
----------------------------------------------------
Likelihood computed by linearisation
      -2LL= 4890.853 
      AIC = 4906.853 
      BIC = 4927.695 

Likelihood computed by importance sampling
      -2LL= 4902.184 
      AIC = 4918.184 
      BIC = 4939.025 
----------------------------------------------------
----------------------------------------------------
-----------------  Fixed effects  ------------------
----------------------------------------------------
         Parameter Estimate      SE CV(%) p-value
1               E0   101.66  2.2882  2.25       -
2             Imax     0.76  0.0337  4.45       -
3             ED50   531.42 42.6719  8.03       -
4 beta_group(ED50)    -0.53  0.0817 15.42 8.9e-11
5            gamma     1.59  0.1617 10.15       -
6              b.1     0.20  0.0066  3.31       -
----------------------------------------------------
-----------  Variance of random effects  -----------
----------------------------------------------------
       Parameter Estimate     SE CV(%)
E0     omega2.E0    0.013 0.0042 33.08
ED50 omega2.ED50    0.083 0.0251 30.35
----------------------------------------------------
------  Correlation matrix of random effects  ------
----------------------------------------------------
            omega2.E0 omega2.ED50
omega2.E0   1.00      0.00       
omega2.ED50 0.00      1.00       
----------------------------------------------------
---------------  Statistical criteria  -------------
----------------------------------------------------
Likelihood computed by linearisation
      -2LL= 4890.853 
      AIC = 4906.853 
      BIC = 4927.695 

Likelihood computed by importance sampling
      -2LL= 4902.184 
      AIC = 4918.184 
      BIC = 4939.025 
----------------------------------------------------
Reading data from file /home/eco/work/saemix/saemixextension/simulationSuite/cont/imaxRichProp/data/data_pdimax33.tab 
These are the first lines of the dataset as read into R. Please check the format of the data is appropriate, if not, modify the na and/or sep items and retry:
  id dose      eff group
1  1    0 70.97755     0
2  1  200 84.52705     0
3  1  400 58.70401     0
4  1  500 61.81860     0
5  1  700 40.98654     0
6  1 1000 28.31538     0


The following SaemixData object was successfully created:

Object of class SaemixData
    longitudinal data for use with the SAEM algorithm
Dataset /home/eco/work/saemix/saemixextension/simulationSuite/cont/imaxRichProp/data/data_pdimax33.tab 
    Structured data: eff ~ dose | id 
    Predictor: dose (-) 
    covariates: group (-) 
      reference class for covariate group :  0 
Nonlinear mixed-effects model fit by the SAEM algorithm
-----------------------------------
----          Data             ----
-----------------------------------
Object of class SaemixData
    longitudinal data for use with the SAEM algorithm
Dataset /home/eco/work/saemix/saemixextension/simulationSuite/cont/imaxRichProp/data/data_pdimax33.tab 
    Structured data: eff ~ dose | id 
    Predictor: dose (-) 
    covariates: group (-) 
      reference class for covariate group :  0 
Dataset characteristics:
    number of subjects:     100 
    number of observations: 600 
    average/min/max nb obs: 6.00  /  6  /  6 
First 10 lines of data:
   id dose      eff group mdv cens occ ytype
1   1    0 70.97755     0   0    0   1     1
2   1  200 84.52705     0   0    0   1     1
3   1  400 58.70401     0   0    0   1     1
4   1  500 61.81860     0   0    0   1     1
5   1  700 40.98654     0   0    0   1     1
6   1 1000 28.31538     0   0    0   1     1
7   2    0 85.25292     0   0    0   1     1
8   2  200 97.62436     0   0    0   1     1
9   2  400 77.80936     0   0    0   1     1
10  2  500 53.48979     0   0    0   1     1
-----------------------------------
----          Model            ----
-----------------------------------
Nonlinear mixed-effects model
  Model function:  PD Imax model
  Model type:  structural
function (psi, id, xidep) 
{
    dose <- xidep[, 1]
    e0 <- psi[id, 1]
    imax <- psi[id, 2]
    ed50 <- psi[id, 3]
    gamma <- psi[id, 4]
    f <- e0 * (1 - imax * (dose^gamma)/((ed50^gamma) + (dose^gamma)))
    return(f)
}
<bytecode: 0x5634e2004478>
  Nb of parameters: 4 
      parameter names:  E0 Imax ED50 gamma 
      distribution:
     Parameter Distribution Estimated
[1,] E0        log-normal   Estimated
[2,] Imax      log-normal   Estimated
[3,] ED50      log-normal   Estimated
[4,] gamma     log-normal   Estimated
  Variance-covariance matrix:
      E0 Imax ED50 gamma
E0     1    0    0     0
Imax   0    0    0     0
ED50   0    0    1     0
gamma  0    0    0     0
  Error model: proportional , initial values: b.1=0.2 
  Covariate model:
      [,1] [,2] [,3] [,4]
group    0    0    1    0
    Initial values
              E0 Imax ED50 gamma
Pop.CondInit 100  0.7  500     2
Cov.CondInit   0  0.0    0     0
-----------------------------------
----    Key algorithm options  ----
-----------------------------------
    Estimation of individual parameters (MAP)
    Estimation of standard errors and linearised log-likelihood
    Estimation of log-likelihood by importance sampling
    Number of iterations:  K1=300, K2=100 
    Number of chains:  1 
    Seed:  6424598 
    Number of MCMC iterations for IS:  5000 
    Simulations:
        nb of simulated datasets used for npde:  1000 
        nb of simulated datasets used for VPC:  100 
    Input/output
        save the results to a file:  FALSE 
        save the graphs to files:  FALSE 
----------------------------------------------------
----                  Results                   ----
----------------------------------------------------
-----------------  Fixed effects  ------------------
----------------------------------------------------
     Parameter        Estimate SE      CV(%) p-value
[1,] E0                98.60    2.0680  2.1  -      
[2,] Imax               0.67    0.0199  3.0  -      
[3,] ED50             505.31   30.3780  6.0  -      
[4,] beta_group(ED50)  -0.50    0.0758 15.2  2.7e-11
[5,] gamma              2.37    0.2168  9.1  -      
[6,] b.1                0.20    0.0066  3.3  -      
----------------------------------------------------
-----------  Variance of random effects  -----------
----------------------------------------------------
     Parameter   Estimate SE     CV(%)
E0   omega2.E0   0.01     0.0036 34   
ED50 omega2.ED50 0.08     0.0213 27   
----------------------------------------------------
------  Correlation matrix of random effects  ------
----------------------------------------------------
            omega2.E0 omega2.ED50
omega2.E0   1         0          
omega2.ED50 0         1          
----------------------------------------------------
---------------  Statistical criteria  -------------
----------------------------------------------------
Likelihood computed by linearisation
      -2LL= 4882.777 
      AIC = 4898.777 
      BIC = 4919.619 

Likelihood computed by importance sampling
      -2LL= 4893.274 
      AIC = 4909.274 
      BIC = 4930.116 
----------------------------------------------------
----------------------------------------------------
-----------------  Fixed effects  ------------------
----------------------------------------------------
         Parameter Estimate      SE CV(%) p-value
1               E0    98.60  2.0680  2.10       -
2             Imax     0.67  0.0199  2.98       -
3             ED50   505.31 30.3780  6.01       -
4 beta_group(ED50)    -0.50  0.0758 15.24 5.3e-11
5            gamma     2.37  0.2168  9.13       -
6              b.1     0.20  0.0066  3.34       -
----------------------------------------------------
-----------  Variance of random effects  -----------
----------------------------------------------------
       Parameter Estimate     SE CV(%)
E0     omega2.E0     0.01 0.0036 34.16
ED50 omega2.ED50     0.08 0.0213 26.60
----------------------------------------------------
------  Correlation matrix of random effects  ------
----------------------------------------------------
            omega2.E0 omega2.ED50
omega2.E0   1.00      0.00       
omega2.ED50 0.00      1.00       
----------------------------------------------------
---------------  Statistical criteria  -------------
----------------------------------------------------
Likelihood computed by linearisation
      -2LL= 4882.777 
      AIC = 4898.777 
      BIC = 4919.619 

Likelihood computed by importance sampling
      -2LL= 4893.274 
      AIC = 4909.274 
      BIC = 4930.116 
----------------------------------------------------
Reading data from file /home/eco/work/saemix/saemixextension/simulationSuite/cont/imaxRichProp/data/data_pdimax34.tab 
These are the first lines of the dataset as read into R. Please check the format of the data is appropriate, if not, modify the na and/or sep items and retry:
  id dose      eff group
1  1    0 61.66402     0
2  1  200 89.63207     0
3  1  400 65.88687     0
4  1  500 91.73585     0
5  1  700 47.32319     0
6  1 1000 44.89017     0


The following SaemixData object was successfully created:

Object of class SaemixData
    longitudinal data for use with the SAEM algorithm
Dataset /home/eco/work/saemix/saemixextension/simulationSuite/cont/imaxRichProp/data/data_pdimax34.tab 
    Structured data: eff ~ dose | id 
    Predictor: dose (-) 
    covariates: group (-) 
      reference class for covariate group :  0 
Nonlinear mixed-effects model fit by the SAEM algorithm
-----------------------------------
----          Data             ----
-----------------------------------
Object of class SaemixData
    longitudinal data for use with the SAEM algorithm
Dataset /home/eco/work/saemix/saemixextension/simulationSuite/cont/imaxRichProp/data/data_pdimax34.tab 
    Structured data: eff ~ dose | id 
    Predictor: dose (-) 
    covariates: group (-) 
      reference class for covariate group :  0 
Dataset characteristics:
    number of subjects:     100 
    number of observations: 600 
    average/min/max nb obs: 6.00  /  6  /  6 
First 10 lines of data:
   id dose      eff group mdv cens occ ytype
1   1    0 61.66402     0   0    0   1     1
2   1  200 89.63207     0   0    0   1     1
3   1  400 65.88687     0   0    0   1     1
4   1  500 91.73585     0   0    0   1     1
5   1  700 47.32319     0   0    0   1     1
6   1 1000 44.89017     0   0    0   1     1
7   2    0 61.37992     0   0    0   1     1
8   2  200 76.56485     0   0    0   1     1
9   2  400 35.14401     0   0    0   1     1
10  2  500 67.62981     0   0    0   1     1
-----------------------------------
----          Model            ----
-----------------------------------
Nonlinear mixed-effects model
  Model function:  PD Imax model
  Model type:  structural
function (psi, id, xidep) 
{
    dose <- xidep[, 1]
    e0 <- psi[id, 1]
    imax <- psi[id, 2]
    ed50 <- psi[id, 3]
    gamma <- psi[id, 4]
    f <- e0 * (1 - imax * (dose^gamma)/((ed50^gamma) + (dose^gamma)))
    return(f)
}
<bytecode: 0x5634e2004478>
  Nb of parameters: 4 
      parameter names:  E0 Imax ED50 gamma 
      distribution:
     Parameter Distribution Estimated
[1,] E0        log-normal   Estimated
[2,] Imax      log-normal   Estimated
[3,] ED50      log-normal   Estimated
[4,] gamma     log-normal   Estimated
  Variance-covariance matrix:
      E0 Imax ED50 gamma
E0     1    0    0     0
Imax   0    0    0     0
ED50   0    0    1     0
gamma  0    0    0     0
  Error model: proportional , initial values: b.1=0.2 
  Covariate model:
      [,1] [,2] [,3] [,4]
group    0    0    1    0
    Initial values
              E0 Imax ED50 gamma
Pop.CondInit 100  0.7  500     2
Cov.CondInit   0  0.0    0     0
-----------------------------------
----    Key algorithm options  ----
-----------------------------------
    Estimation of individual parameters (MAP)
    Estimation of standard errors and linearised log-likelihood
    Estimation of log-likelihood by importance sampling
    Number of iterations:  K1=300, K2=100 
    Number of chains:  1 
    Seed:  6424598 
    Number of MCMC iterations for IS:  5000 
    Simulations:
        nb of simulated datasets used for npde:  1000 
        nb of simulated datasets used for VPC:  100 
    Input/output
        save the results to a file:  FALSE 
        save the graphs to files:  FALSE 
----------------------------------------------------
----                  Results                   ----
----------------------------------------------------
-----------------  Fixed effects  ------------------
----------------------------------------------------
     Parameter        Estimate SE      CV(%) p-value
[1,] E0                99.03    2.2392  2.3  -      
[2,] Imax               0.74    0.0351  4.8  -      
[3,] ED50             583.60   44.6512  7.7  -      
[4,] beta_group(ED50)  -0.51    0.0776 15.2  2.3e-11
[5,] gamma              1.77    0.1869 10.6  -      
[6,] b.1                0.20    0.0067  3.3  -      
----------------------------------------------------
-----------  Variance of random effects  -----------
----------------------------------------------------
     Parameter   Estimate SE     CV(%)
E0   omega2.E0   0.013    0.0041 31   
ED50 omega2.ED50 0.069    0.0226 33   
----------------------------------------------------
------  Correlation matrix of random effects  ------
----------------------------------------------------
            omega2.E0 omega2.ED50
omega2.E0   1         0          
omega2.ED50 0         1          
----------------------------------------------------
---------------  Statistical criteria  -------------
----------------------------------------------------
Likelihood computed by linearisation
      -2LL= 4925.398 
      AIC = 4941.398 
      BIC = 4962.239 

Likelihood computed by importance sampling
      -2LL= 4936.392 
      AIC = 4952.392 
      BIC = 4973.234 
----------------------------------------------------
----------------------------------------------------
-----------------  Fixed effects  ------------------
----------------------------------------------------
         Parameter Estimate      SE CV(%) p-value
1               E0    99.03  2.2392  2.26       -
2             Imax     0.74  0.0351  4.77       -
3             ED50   583.60 44.6512  7.65       -
4 beta_group(ED50)    -0.51  0.0776 15.19 4.7e-11
5            gamma     1.77  0.1869 10.56       -
6              b.1     0.20  0.0067  3.31       -
----------------------------------------------------
-----------  Variance of random effects  -----------
----------------------------------------------------
       Parameter Estimate     SE CV(%)
E0     omega2.E0    0.013 0.0041 30.90
ED50 omega2.ED50    0.069 0.0226 32.84
----------------------------------------------------
------  Correlation matrix of random effects  ------
----------------------------------------------------
            omega2.E0 omega2.ED50
omega2.E0   1.00      0.00       
omega2.ED50 0.00      1.00       
----------------------------------------------------
---------------  Statistical criteria  -------------
----------------------------------------------------
Likelihood computed by linearisation
      -2LL= 4925.398 
      AIC = 4941.398 
      BIC = 4962.239 

Likelihood computed by importance sampling
      -2LL= 4936.392 
      AIC = 4952.392 
      BIC = 4973.234 
----------------------------------------------------
Reading data from file /home/eco/work/saemix/saemixextension/simulationSuite/cont/imaxRichProp/data/data_pdimax35.tab 
These are the first lines of the dataset as read into R. Please check the format of the data is appropriate, if not, modify the na and/or sep items and retry:
  id dose      eff group
1  1    0 82.96619     0
2  1  200 99.58873     0
3  1  400 42.06661     0
4  1  500 50.62078     0
5  1  700 41.71148     0
6  1 1000 30.43153     0


The following SaemixData object was successfully created:

Object of class SaemixData
    longitudinal data for use with the SAEM algorithm
Dataset /home/eco/work/saemix/saemixextension/simulationSuite/cont/imaxRichProp/data/data_pdimax35.tab 
    Structured data: eff ~ dose | id 
    Predictor: dose (-) 
    covariates: group (-) 
      reference class for covariate group :  0 
Nonlinear mixed-effects model fit by the SAEM algorithm
-----------------------------------
----          Data             ----
-----------------------------------
Object of class SaemixData
    longitudinal data for use with the SAEM algorithm
Dataset /home/eco/work/saemix/saemixextension/simulationSuite/cont/imaxRichProp/data/data_pdimax35.tab 
    Structured data: eff ~ dose | id 
    Predictor: dose (-) 
    covariates: group (-) 
      reference class for covariate group :  0 
Dataset characteristics:
    number of subjects:     100 
    number of observations: 600 
    average/min/max nb obs: 6.00  /  6  /  6 
First 10 lines of data:
   id dose      eff group mdv cens occ ytype
1   1    0 82.96619     0   0    0   1     1
2   1  200 99.58873     0   0    0   1     1
3   1  400 42.06661     0   0    0   1     1
4   1  500 50.62078     0   0    0   1     1
5   1  700 41.71148     0   0    0   1     1
6   1 1000 30.43153     0   0    0   1     1
7   2    0 79.99660     0   0    0   1     1
8   2  200 82.45461     0   0    0   1     1
9   2  400 55.27010     0   0    0   1     1
10  2  500 69.75677     0   0    0   1     1
-----------------------------------
----          Model            ----
-----------------------------------
Nonlinear mixed-effects model
  Model function:  PD Imax model
  Model type:  structural
function (psi, id, xidep) 
{
    dose <- xidep[, 1]
    e0 <- psi[id, 1]
    imax <- psi[id, 2]
    ed50 <- psi[id, 3]
    gamma <- psi[id, 4]
    f <- e0 * (1 - imax * (dose^gamma)/((ed50^gamma) + (dose^gamma)))
    return(f)
}
<bytecode: 0x5634e2004478>
  Nb of parameters: 4 
      parameter names:  E0 Imax ED50 gamma 
      distribution:
     Parameter Distribution Estimated
[1,] E0        log-normal   Estimated
[2,] Imax      log-normal   Estimated
[3,] ED50      log-normal   Estimated
[4,] gamma     log-normal   Estimated
  Variance-covariance matrix:
      E0 Imax ED50 gamma
E0     1    0    0     0
Imax   0    0    0     0
ED50   0    0    1     0
gamma  0    0    0     0
  Error model: proportional , initial values: b.1=0.2 
  Covariate model:
      [,1] [,2] [,3] [,4]
group    0    0    1    0
    Initial values
              E0 Imax ED50 gamma
Pop.CondInit 100  0.7  500     2
Cov.CondInit   0  0.0    0     0
-----------------------------------
----    Key algorithm options  ----
-----------------------------------
    Estimation of individual parameters (MAP)
    Estimation of standard errors and linearised log-likelihood
    Estimation of log-likelihood by importance sampling
    Number of iterations:  K1=300, K2=100 
    Number of chains:  1 
    Seed:  6424598 
    Number of MCMC iterations for IS:  5000 
    Simulations:
        nb of simulated datasets used for npde:  1000 
        nb of simulated datasets used for VPC:  100 
    Input/output
        save the results to a file:  FALSE 
        save the graphs to files:  FALSE 
----------------------------------------------------
----                  Results                   ----
----------------------------------------------------
-----------------  Fixed effects  ------------------
----------------------------------------------------
     Parameter        Estimate SE      CV(%) p-value
[1,] E0                97.29    2.1875  2.2  -      
[2,] Imax               0.72    0.0300  4.1  -      
[3,] ED50             569.22   43.0342  7.6  -      
[4,] beta_group(ED50)  -0.47    0.0863 18.2  2e-08  
[5,] gamma              1.88    0.1885 10.0  -      
[6,] b.1                0.20    0.0067  3.3  -      
----------------------------------------------------
-----------  Variance of random effects  -----------
----------------------------------------------------
     Parameter   Estimate SE     CV(%)
E0   omega2.E0   0.014    0.0044 32   
ED50 omega2.ED50 0.108    0.0274 25   
----------------------------------------------------
------  Correlation matrix of random effects  ------
----------------------------------------------------
            omega2.E0 omega2.ED50
omega2.E0   1         0          
omega2.ED50 0         1          
----------------------------------------------------
---------------  Statistical criteria  -------------
----------------------------------------------------
Likelihood computed by linearisation
      -2LL= 4934.16 
      AIC = 4950.16 
      BIC = 4971.002 

Likelihood computed by importance sampling
      -2LL= 4944.8 
      AIC = 4960.8 
      BIC = 4981.641 
----------------------------------------------------
----------------------------------------------------
-----------------  Fixed effects  ------------------
----------------------------------------------------
         Parameter Estimate      SE CV(%) p-value
1               E0    97.29  2.1875  2.25       -
2             Imax     0.72  0.0300  4.13       -
3             ED50   569.22 43.0342  7.56       -
4 beta_group(ED50)    -0.47  0.0863 18.21   4e-08
5            gamma     1.88  0.1885 10.01       -
6              b.1     0.20  0.0067  3.34       -
----------------------------------------------------
-----------  Variance of random effects  -----------
----------------------------------------------------
       Parameter Estimate     SE CV(%)
E0     omega2.E0    0.014 0.0044 31.92
ED50 omega2.ED50    0.108 0.0274 25.40
----------------------------------------------------
------  Correlation matrix of random effects  ------
----------------------------------------------------
            omega2.E0 omega2.ED50
omega2.E0   1.00      0.00       
omega2.ED50 0.00      1.00       
----------------------------------------------------
---------------  Statistical criteria  -------------
----------------------------------------------------
Likelihood computed by linearisation
      -2LL= 4934.16 
      AIC = 4950.16 
      BIC = 4971.002 

Likelihood computed by importance sampling
      -2LL= 4944.8 
      AIC = 4960.8 
      BIC = 4981.641 
----------------------------------------------------
Reading data from file /home/eco/work/saemix/saemixextension/simulationSuite/cont/imaxRichProp/data/data_pdimax36.tab 
These are the first lines of the dataset as read into R. Please check the format of the data is appropriate, if not, modify the na and/or sep items and retry:
  id dose      eff group
1  1    0 74.39711     0
2  1  200 72.11928     0
3  1  400 65.37519     0
4  1  500 50.99014     0
5  1  700 38.02122     0
6  1 1000 35.31334     0


The following SaemixData object was successfully created:

Object of class SaemixData
    longitudinal data for use with the SAEM algorithm
Dataset /home/eco/work/saemix/saemixextension/simulationSuite/cont/imaxRichProp/data/data_pdimax36.tab 
    Structured data: eff ~ dose | id 
    Predictor: dose (-) 
    covariates: group (-) 
      reference class for covariate group :  0 
Nonlinear mixed-effects model fit by the SAEM algorithm
-----------------------------------
----          Data             ----
-----------------------------------
Object of class SaemixData
    longitudinal data for use with the SAEM algorithm
Dataset /home/eco/work/saemix/saemixextension/simulationSuite/cont/imaxRichProp/data/data_pdimax36.tab 
    Structured data: eff ~ dose | id 
    Predictor: dose (-) 
    covariates: group (-) 
      reference class for covariate group :  0 
Dataset characteristics:
    number of subjects:     100 
    number of observations: 600 
    average/min/max nb obs: 6.00  /  6  /  6 
First 10 lines of data:
   id dose      eff group mdv cens occ ytype
1   1    0 74.39711     0   0    0   1     1
2   1  200 72.11928     0   0    0   1     1
3   1  400 65.37519     0   0    0   1     1
4   1  500 50.99014     0   0    0   1     1
5   1  700 38.02122     0   0    0   1     1
6   1 1000 35.31334     0   0    0   1     1
7   2    0 94.38478     0   0    0   1     1
8   2  200 65.80872     0   0    0   1     1
9   2  400 56.77957     0   0    0   1     1
10  2  500 65.59880     0   0    0   1     1
-----------------------------------
----          Model            ----
-----------------------------------
Nonlinear mixed-effects model
  Model function:  PD Imax model
  Model type:  structural
function (psi, id, xidep) 
{
    dose <- xidep[, 1]
    e0 <- psi[id, 1]
    imax <- psi[id, 2]
    ed50 <- psi[id, 3]
    gamma <- psi[id, 4]
    f <- e0 * (1 - imax * (dose^gamma)/((ed50^gamma) + (dose^gamma)))
    return(f)
}
<bytecode: 0x5634e2004478>
  Nb of parameters: 4 
      parameter names:  E0 Imax ED50 gamma 
      distribution:
     Parameter Distribution Estimated
[1,] E0        log-normal   Estimated
[2,] Imax      log-normal   Estimated
[3,] ED50      log-normal   Estimated
[4,] gamma     log-normal   Estimated
  Variance-covariance matrix:
      E0 Imax ED50 gamma
E0     1    0    0     0
Imax   0    0    0     0
ED50   0    0    1     0
gamma  0    0    0     0
  Error model: proportional , initial values: b.1=0.2 
  Covariate model:
      [,1] [,2] [,3] [,4]
group    0    0    1    0
    Initial values
              E0 Imax ED50 gamma
Pop.CondInit 100  0.7  500     2
Cov.CondInit   0  0.0    0     0
-----------------------------------
----    Key algorithm options  ----
-----------------------------------
    Estimation of individual parameters (MAP)
    Estimation of standard errors and linearised log-likelihood
    Estimation of log-likelihood by importance sampling
    Number of iterations:  K1=300, K2=100 
    Number of chains:  1 
    Seed:  6424598 
    Number of MCMC iterations for IS:  5000 
    Simulations:
        nb of simulated datasets used for npde:  1000 
        nb of simulated datasets used for VPC:  100 
    Input/output
        save the results to a file:  FALSE 
        save the graphs to files:  FALSE 
----------------------------------------------------
----                  Results                   ----
----------------------------------------------------
-----------------  Fixed effects  ------------------
----------------------------------------------------
     Parameter        Estimate SE      CV(%) p-value
[1,] E0                99.52    2.1160  2.1  -      
[2,] Imax               0.71    0.0231  3.3  -      
[3,] ED50             502.29   34.9549  7.0  -      
[4,] beta_group(ED50)  -0.49    0.0843 17.3  3.7e-09
[5,] gamma              2.01    0.1874  9.3  -      
[6,] b.1                0.20    0.0067  3.3  -      
----------------------------------------------------
-----------  Variance of random effects  -----------
----------------------------------------------------
     Parameter   Estimate SE     CV(%)
E0   omega2.E0   0.0081   0.0037 46   
ED50 omega2.ED50 0.1128   0.0265 23   
----------------------------------------------------
------  Correlation matrix of random effects  ------
----------------------------------------------------
            omega2.E0 omega2.ED50
omega2.E0   1         0          
omega2.ED50 0         1          
----------------------------------------------------
---------------  Statistical criteria  -------------
----------------------------------------------------
Likelihood computed by linearisation
      -2LL= 4905.11 
      AIC = 4921.11 
      BIC = 4941.952 

Likelihood computed by importance sampling
      -2LL= 4915.125 
      AIC = 4931.125 
      BIC = 4951.966 
----------------------------------------------------
----------------------------------------------------
-----------------  Fixed effects  ------------------
----------------------------------------------------
         Parameter Estimate      SE CV(%) p-value
1               E0    99.52  2.1160  2.13       -
2             Imax     0.71  0.0231  3.26       -
3             ED50   502.29 34.9549  6.96       -
4 beta_group(ED50)    -0.49  0.0843 17.30 7.4e-09
5            gamma     2.01  0.1874  9.32       -
6              b.1     0.20  0.0067  3.33       -
----------------------------------------------------
-----------  Variance of random effects  -----------
----------------------------------------------------
       Parameter Estimate     SE CV(%)
E0     omega2.E0   0.0081 0.0037 45.72
ED50 omega2.ED50   0.1128 0.0265 23.48
----------------------------------------------------
------  Correlation matrix of random effects  ------
----------------------------------------------------
            omega2.E0 omega2.ED50
omega2.E0   1.00      0.00       
omega2.ED50 0.00      1.00       
----------------------------------------------------
---------------  Statistical criteria  -------------
----------------------------------------------------
Likelihood computed by linearisation
      -2LL= 4905.11 
      AIC = 4921.11 
      BIC = 4941.952 

Likelihood computed by importance sampling
      -2LL= 4915.125 
      AIC = 4931.125 
      BIC = 4951.966 
----------------------------------------------------
Reading data from file /home/eco/work/saemix/saemixextension/simulationSuite/cont/imaxRichProp/data/data_pdimax37.tab 
These are the first lines of the dataset as read into R. Please check the format of the data is appropriate, if not, modify the na and/or sep items and retry:
  id dose       eff group
1  1    0 110.52343     0
2  1  200 119.10134     0
3  1  400  79.89031     0
4  1  500 100.13734     0
5  1  700  76.10110     0
6  1 1000  63.70260     0


The following SaemixData object was successfully created:

Object of class SaemixData
    longitudinal data for use with the SAEM algorithm
Dataset /home/eco/work/saemix/saemixextension/simulationSuite/cont/imaxRichProp/data/data_pdimax37.tab 
    Structured data: eff ~ dose | id 
    Predictor: dose (-) 
    covariates: group (-) 
      reference class for covariate group :  0 
Nonlinear mixed-effects model fit by the SAEM algorithm
-----------------------------------
----          Data             ----
-----------------------------------
Object of class SaemixData
    longitudinal data for use with the SAEM algorithm
Dataset /home/eco/work/saemix/saemixextension/simulationSuite/cont/imaxRichProp/data/data_pdimax37.tab 
    Structured data: eff ~ dose | id 
    Predictor: dose (-) 
    covariates: group (-) 
      reference class for covariate group :  0 
Dataset characteristics:
    number of subjects:     100 
    number of observations: 600 
    average/min/max nb obs: 6.00  /  6  /  6 
First 10 lines of data:
   id dose       eff group mdv cens occ ytype
1   1    0 110.52343     0   0    0   1     1
2   1  200 119.10134     0   0    0   1     1
3   1  400  79.89031     0   0    0   1     1
4   1  500 100.13734     0   0    0   1     1
5   1  700  76.10110     0   0    0   1     1
6   1 1000  63.70260     0   0    0   1     1
7   2    0  73.84236     0   0    0   1     1
8   2  200  71.84088     0   0    0   1     1
9   2  400  62.48888     0   0    0   1     1
10  2  500  78.95703     0   0    0   1     1
-----------------------------------
----          Model            ----
-----------------------------------
Nonlinear mixed-effects model
  Model function:  PD Imax model
  Model type:  structural
function (psi, id, xidep) 
{
    dose <- xidep[, 1]
    e0 <- psi[id, 1]
    imax <- psi[id, 2]
    ed50 <- psi[id, 3]
    gamma <- psi[id, 4]
    f <- e0 * (1 - imax * (dose^gamma)/((ed50^gamma) + (dose^gamma)))
    return(f)
}
<bytecode: 0x5634e2004478>
  Nb of parameters: 4 
      parameter names:  E0 Imax ED50 gamma 
      distribution:
     Parameter Distribution Estimated
[1,] E0        log-normal   Estimated
[2,] Imax      log-normal   Estimated
[3,] ED50      log-normal   Estimated
[4,] gamma     log-normal   Estimated
  Variance-covariance matrix:
      E0 Imax ED50 gamma
E0     1    0    0     0
Imax   0    0    0     0
ED50   0    0    1     0
gamma  0    0    0     0
  Error model: proportional , initial values: b.1=0.2 
  Covariate model:
      [,1] [,2] [,3] [,4]
group    0    0    1    0
    Initial values
              E0 Imax ED50 gamma
Pop.CondInit 100  0.7  500     2
Cov.CondInit   0  0.0    0     0
-----------------------------------
----    Key algorithm options  ----
-----------------------------------
    Estimation of individual parameters (MAP)
    Estimation of standard errors and linearised log-likelihood
    Estimation of log-likelihood by importance sampling
    Number of iterations:  K1=300, K2=100 
    Number of chains:  1 
    Seed:  6424598 
    Number of MCMC iterations for IS:  5000 
    Simulations:
        nb of simulated datasets used for npde:  1000 
        nb of simulated datasets used for VPC:  100 
    Input/output
        save the results to a file:  FALSE 
        save the graphs to files:  FALSE 
----------------------------------------------------
----                  Results                   ----
----------------------------------------------------
-----------------  Fixed effects  ------------------
----------------------------------------------------
     Parameter        Estimate SE      CV(%) p-value
[1,] E0                96.98    2.3667  2.4  -      
[2,] Imax               0.68    0.0243  3.6  -      
[3,] ED50             502.26   31.2687  6.2  -      
[4,] beta_group(ED50)  -0.56    0.0739 13.2  1.7e-14
[5,] gamma              2.13    0.2182 10.3  -      
[6,] b.1                0.21    0.0071  3.3  -      
----------------------------------------------------
-----------  Variance of random effects  -----------
----------------------------------------------------
     Parameter   Estimate SE     CV(%)
E0   omega2.E0   0.017    0.0046 26   
ED50 omega2.ED50 0.044    0.0210 48   
----------------------------------------------------
------  Correlation matrix of random effects  ------
----------------------------------------------------
            omega2.E0 omega2.ED50
omega2.E0   1         0          
omega2.ED50 0         1          
----------------------------------------------------
---------------  Statistical criteria  -------------
----------------------------------------------------
Likelihood computed by linearisation
      -2LL= 4926.954 
      AIC = 4942.954 
      BIC = 4963.795 

Likelihood computed by importance sampling
      -2LL= 4939.222 
      AIC = 4955.222 
      BIC = 4976.063 
----------------------------------------------------
----------------------------------------------------
-----------------  Fixed effects  ------------------
----------------------------------------------------
         Parameter Estimate      SE CV(%) p-value
1               E0    96.98  2.3667  2.44       -
2             Imax     0.68  0.0243  3.56       -
3             ED50   502.26 31.2687  6.23       -
4 beta_group(ED50)    -0.56  0.0739 13.18 3.3e-14
5            gamma     2.13  0.2182 10.26       -
6              b.1     0.21  0.0071  3.31       -
----------------------------------------------------
-----------  Variance of random effects  -----------
----------------------------------------------------
       Parameter Estimate     SE CV(%)
E0     omega2.E0    0.017 0.0046 26.46
ED50 omega2.ED50    0.044 0.0210 48.38
----------------------------------------------------
------  Correlation matrix of random effects  ------
----------------------------------------------------
            omega2.E0 omega2.ED50
omega2.E0   1.00      0.00       
omega2.ED50 0.00      1.00       
----------------------------------------------------
---------------  Statistical criteria  -------------
----------------------------------------------------
Likelihood computed by linearisation
      -2LL= 4926.954 
      AIC = 4942.954 
      BIC = 4963.795 

Likelihood computed by importance sampling
      -2LL= 4939.222 
      AIC = 4955.222 
      BIC = 4976.063 
----------------------------------------------------
Reading data from file /home/eco/work/saemix/saemixextension/simulationSuite/cont/imaxRichProp/data/data_pdimax38.tab 
These are the first lines of the dataset as read into R. Please check the format of the data is appropriate, if not, modify the na and/or sep items and retry:
  id dose       eff group
1  1    0 111.91548     0
2  1  200 102.10864     0
3  1  400  93.02099     0
4  1  500  84.82906     0
5  1  700  68.83479     0
6  1 1000  56.01702     0


The following SaemixData object was successfully created:

Object of class SaemixData
    longitudinal data for use with the SAEM algorithm
Dataset /home/eco/work/saemix/saemixextension/simulationSuite/cont/imaxRichProp/data/data_pdimax38.tab 
    Structured data: eff ~ dose | id 
    Predictor: dose (-) 
    covariates: group (-) 
      reference class for covariate group :  0 
Nonlinear mixed-effects model fit by the SAEM algorithm
-----------------------------------
----          Data             ----
-----------------------------------
Object of class SaemixData
    longitudinal data for use with the SAEM algorithm
Dataset /home/eco/work/saemix/saemixextension/simulationSuite/cont/imaxRichProp/data/data_pdimax38.tab 
    Structured data: eff ~ dose | id 
    Predictor: dose (-) 
    covariates: group (-) 
      reference class for covariate group :  0 
Dataset characteristics:
    number of subjects:     100 
    number of observations: 600 
    average/min/max nb obs: 6.00  /  6  /  6 
First 10 lines of data:
   id dose       eff group mdv cens occ ytype
1   1    0 111.91548     0   0    0   1     1
2   1  200 102.10864     0   0    0   1     1
3   1  400  93.02099     0   0    0   1     1
4   1  500  84.82906     0   0    0   1     1
5   1  700  68.83479     0   0    0   1     1
6   1 1000  56.01702     0   0    0   1     1
7   2    0  84.94168     0   0    0   1     1
8   2  200  83.42209     0   0    0   1     1
9   2  400  82.94917     0   0    0   1     1
10  2  500 101.30980     0   0    0   1     1
-----------------------------------
----          Model            ----
-----------------------------------
Nonlinear mixed-effects model
  Model function:  PD Imax model
  Model type:  structural
function (psi, id, xidep) 
{
    dose <- xidep[, 1]
    e0 <- psi[id, 1]
    imax <- psi[id, 2]
    ed50 <- psi[id, 3]
    gamma <- psi[id, 4]
    f <- e0 * (1 - imax * (dose^gamma)/((ed50^gamma) + (dose^gamma)))
    return(f)
}
<bytecode: 0x5634e2004478>
  Nb of parameters: 4 
      parameter names:  E0 Imax ED50 gamma 
      distribution:
     Parameter Distribution Estimated
[1,] E0        log-normal   Estimated
[2,] Imax      log-normal   Estimated
[3,] ED50      log-normal   Estimated
[4,] gamma     log-normal   Estimated
  Variance-covariance matrix:
      E0 Imax ED50 gamma
E0     1    0    0     0
Imax   0    0    0     0
ED50   0    0    1     0
gamma  0    0    0     0
  Error model: proportional , initial values: b.1=0.2 
  Covariate model:
      [,1] [,2] [,3] [,4]
group    0    0    1    0
    Initial values
              E0 Imax ED50 gamma
Pop.CondInit 100  0.7  500     2
Cov.CondInit   0  0.0    0     0
-----------------------------------
----    Key algorithm options  ----
-----------------------------------
    Estimation of individual parameters (MAP)
    Estimation of standard errors and linearised log-likelihood
    Estimation of log-likelihood by importance sampling
    Number of iterations:  K1=300, K2=100 
    Number of chains:  1 
    Seed:  6424598 
    Number of MCMC iterations for IS:  5000 
    Simulations:
        nb of simulated datasets used for npde:  1000 
        nb of simulated datasets used for VPC:  100 
    Input/output
        save the results to a file:  FALSE 
        save the graphs to files:  FALSE 
----------------------------------------------------
----                  Results                   ----
----------------------------------------------------
-----------------  Fixed effects  ------------------
----------------------------------------------------
     Parameter        Estimate SE      CV(%) p-value
[1,] E0                98.07    2.1409  2.2  -      
[2,] Imax               0.67    0.0200  3.0  -      
[3,] ED50             532.04   35.5886  6.7  -      
[4,] beta_group(ED50)  -0.61    0.0859 14.0  4.3e-13
[5,] gamma              2.25    0.2074  9.2  -      
[6,] b.1                0.20    0.0067  3.4  -      
----------------------------------------------------
-----------  Variance of random effects  -----------
----------------------------------------------------
     Parameter   Estimate SE     CV(%)
E0   omega2.E0   0.013    0.0041 32   
ED50 omega2.ED50 0.108    0.0270 25   
----------------------------------------------------
------  Correlation matrix of random effects  ------
----------------------------------------------------
            omega2.E0 omega2.ED50
omega2.E0   1         0          
omega2.ED50 0         1          
----------------------------------------------------
---------------  Statistical criteria  -------------
----------------------------------------------------
Likelihood computed by linearisation
      -2LL= 4913.064 
      AIC = 4929.064 
      BIC = 4949.905 

Likelihood computed by importance sampling
      -2LL= 4924.333 
      AIC = 4940.333 
      BIC = 4961.174 
----------------------------------------------------
----------------------------------------------------
-----------------  Fixed effects  ------------------
----------------------------------------------------
         Parameter Estimate      SE CV(%) p-value
1               E0    98.07  2.1409  2.18       -
2             Imax     0.67  0.0200  2.97       -
3             ED50   532.04 35.5886  6.69       -
4 beta_group(ED50)    -0.61  0.0859 13.98 8.5e-13
5            gamma     2.25  0.2074  9.22       -
6              b.1     0.20  0.0067  3.35       -
----------------------------------------------------
-----------  Variance of random effects  -----------
----------------------------------------------------
       Parameter Estimate     SE CV(%)
E0     omega2.E0    0.013 0.0041 31.96
ED50 omega2.ED50    0.108 0.0270 25.06
----------------------------------------------------
------  Correlation matrix of random effects  ------
----------------------------------------------------
            omega2.E0 omega2.ED50
omega2.E0   1.00      0.00       
omega2.ED50 0.00      1.00       
----------------------------------------------------
---------------  Statistical criteria  -------------
----------------------------------------------------
Likelihood computed by linearisation
      -2LL= 4913.064 
      AIC = 4929.064 
      BIC = 4949.905 

Likelihood computed by importance sampling
      -2LL= 4924.333 
      AIC = 4940.333 
      BIC = 4961.174 
----------------------------------------------------
Reading data from file /home/eco/work/saemix/saemixextension/simulationSuite/cont/imaxRichProp/data/data_pdimax39.tab 
These are the first lines of the dataset as read into R. Please check the format of the data is appropriate, if not, modify the na and/or sep items and retry:
  id dose      eff group
1  1    0 97.44362     0
2  1  200 93.32858     0
3  1  400 52.15520     0
4  1  500 73.13736     0
5  1  700 38.43080     0
6  1 1000 45.35072     0


The following SaemixData object was successfully created:

Object of class SaemixData
    longitudinal data for use with the SAEM algorithm
Dataset /home/eco/work/saemix/saemixextension/simulationSuite/cont/imaxRichProp/data/data_pdimax39.tab 
    Structured data: eff ~ dose | id 
    Predictor: dose (-) 
    covariates: group (-) 
      reference class for covariate group :  0 
Nonlinear mixed-effects model fit by the SAEM algorithm
-----------------------------------
----          Data             ----
-----------------------------------
Object of class SaemixData
    longitudinal data for use with the SAEM algorithm
Dataset /home/eco/work/saemix/saemixextension/simulationSuite/cont/imaxRichProp/data/data_pdimax39.tab 
    Structured data: eff ~ dose | id 
    Predictor: dose (-) 
    covariates: group (-) 
      reference class for covariate group :  0 
Dataset characteristics:
    number of subjects:     100 
    number of observations: 600 
    average/min/max nb obs: 6.00  /  6  /  6 
First 10 lines of data:
   id dose      eff group mdv cens occ ytype
1   1    0 97.44362     0   0    0   1     1
2   1  200 93.32858     0   0    0   1     1
3   1  400 52.15520     0   0    0   1     1
4   1  500 73.13736     0   0    0   1     1
5   1  700 38.43080     0   0    0   1     1
6   1 1000 45.35072     0   0    0   1     1
7   2    0 79.79187     0   0    0   1     1
8   2  200 84.26691     0   0    0   1     1
9   2  400 64.83265     0   0    0   1     1
10  2  500 51.93527     0   0    0   1     1
-----------------------------------
----          Model            ----
-----------------------------------
Nonlinear mixed-effects model
  Model function:  PD Imax model
  Model type:  structural
function (psi, id, xidep) 
{
    dose <- xidep[, 1]
    e0 <- psi[id, 1]
    imax <- psi[id, 2]
    ed50 <- psi[id, 3]
    gamma <- psi[id, 4]
    f <- e0 * (1 - imax * (dose^gamma)/((ed50^gamma) + (dose^gamma)))
    return(f)
}
<bytecode: 0x5634e2004478>
  Nb of parameters: 4 
      parameter names:  E0 Imax ED50 gamma 
      distribution:
     Parameter Distribution Estimated
[1,] E0        log-normal   Estimated
[2,] Imax      log-normal   Estimated
[3,] ED50      log-normal   Estimated
[4,] gamma     log-normal   Estimated
  Variance-covariance matrix:
      E0 Imax ED50 gamma
E0     1    0    0     0
Imax   0    0    0     0
ED50   0    0    1     0
gamma  0    0    0     0
  Error model: proportional , initial values: b.1=0.2 
  Covariate model:
      [,1] [,2] [,3] [,4]
group    0    0    1    0
    Initial values
              E0 Imax ED50 gamma
Pop.CondInit 100  0.7  500     2
Cov.CondInit   0  0.0    0     0
-----------------------------------
----    Key algorithm options  ----
-----------------------------------
    Estimation of individual parameters (MAP)
    Estimation of standard errors and linearised log-likelihood
    Estimation of log-likelihood by importance sampling
    Number of iterations:  K1=300, K2=100 
    Number of chains:  1 
    Seed:  6424598 
    Number of MCMC iterations for IS:  5000 
    Simulations:
        nb of simulated datasets used for npde:  1000 
        nb of simulated datasets used for VPC:  100 
    Input/output
        save the results to a file:  FALSE 
        save the graphs to files:  FALSE 
----------------------------------------------------
----                  Results                   ----
----------------------------------------------------
-----------------  Fixed effects  ------------------
----------------------------------------------------
     Parameter        Estimate SE      CV(%) p-value
[1,] E0                94.07    1.9004  2.0  -      
[2,] Imax               0.69    0.0233  3.4  -      
[3,] ED50             576.89   36.5338  6.3  -      
[4,] beta_group(ED50)  -0.56    0.0749 13.4  3.6e-14
[5,] gamma              2.26    0.2226  9.9  -      
[6,] b.1                0.21    0.0071  3.3  -      
----------------------------------------------------
-----------  Variance of random effects  -----------
----------------------------------------------------
     Parameter   Estimate SE     CV(%)
E0   omega2.E0   0.0022   0.0028 128  
ED50 omega2.ED50 0.0885   0.0213  24  
----------------------------------------------------
------  Correlation matrix of random effects  ------
----------------------------------------------------
            omega2.E0 omega2.ED50
omega2.E0   1         0          
omega2.ED50 0         1          
----------------------------------------------------
---------------  Statistical criteria  -------------
----------------------------------------------------
Likelihood computed by linearisation
      -2LL= 4909.691 
      AIC = 4925.691 
      BIC = 4946.533 

Likelihood computed by importance sampling
      -2LL= 4917.191 
      AIC = 4933.191 
      BIC = 4954.032 
----------------------------------------------------
----------------------------------------------------
-----------------  Fixed effects  ------------------
----------------------------------------------------
         Parameter Estimate      SE CV(%) p-value
1               E0    94.07  1.9004  2.02       -
2             Imax     0.69  0.0233  3.40       -
3             ED50   576.89 36.5338  6.33       -
4 beta_group(ED50)    -0.56  0.0749 13.36 7.2e-14
5            gamma     2.26  0.2226  9.86       -
6              b.1     0.21  0.0071  3.30       -
----------------------------------------------------
-----------  Variance of random effects  -----------
----------------------------------------------------
       Parameter Estimate     SE  CV(%)
E0     omega2.E0   0.0022 0.0028 128.15
ED50 omega2.ED50   0.0885 0.0213  24.06
----------------------------------------------------
------  Correlation matrix of random effects  ------
----------------------------------------------------
            omega2.E0 omega2.ED50
omega2.E0   1.00      0.00       
omega2.ED50 0.00      1.00       
----------------------------------------------------
---------------  Statistical criteria  -------------
----------------------------------------------------
Likelihood computed by linearisation
      -2LL= 4909.691 
      AIC = 4925.691 
      BIC = 4946.533 

Likelihood computed by importance sampling
      -2LL= 4917.191 
      AIC = 4933.191 
      BIC = 4954.032 
----------------------------------------------------
Reading data from file /home/eco/work/saemix/saemixextension/simulationSuite/cont/imaxRichProp/data/data_pdimax40.tab 
These are the first lines of the dataset as read into R. Please check the format of the data is appropriate, if not, modify the na and/or sep items and retry:
  id dose       eff group
1  1    0 121.40122     0
2  1  200  63.42623     0
3  1  400  65.78735     0
4  1  500  76.38725     0
5  1  700  54.06765     0
6  1 1000  37.06031     0


The following SaemixData object was successfully created:

Object of class SaemixData
    longitudinal data for use with the SAEM algorithm
Dataset /home/eco/work/saemix/saemixextension/simulationSuite/cont/imaxRichProp/data/data_pdimax40.tab 
    Structured data: eff ~ dose | id 
    Predictor: dose (-) 
    covariates: group (-) 
      reference class for covariate group :  0 
Nonlinear mixed-effects model fit by the SAEM algorithm
-----------------------------------
----          Data             ----
-----------------------------------
Object of class SaemixData
    longitudinal data for use with the SAEM algorithm
Dataset /home/eco/work/saemix/saemixextension/simulationSuite/cont/imaxRichProp/data/data_pdimax40.tab 
    Structured data: eff ~ dose | id 
    Predictor: dose (-) 
    covariates: group (-) 
      reference class for covariate group :  0 
Dataset characteristics:
    number of subjects:     100 
    number of observations: 600 
    average/min/max nb obs: 6.00  /  6  /  6 
First 10 lines of data:
   id dose       eff group mdv cens occ ytype
1   1    0 121.40122     0   0    0   1     1
2   1  200  63.42623     0   0    0   1     1
3   1  400  65.78735     0   0    0   1     1
4   1  500  76.38725     0   0    0   1     1
5   1  700  54.06765     0   0    0   1     1
6   1 1000  37.06031     0   0    0   1     1
7   2    0  85.41107     0   0    0   1     1
8   2  200 109.31218     0   0    0   1     1
9   2  400  89.68247     0   0    0   1     1
10  2  500  85.58812     0   0    0   1     1
-----------------------------------
----          Model            ----
-----------------------------------
Nonlinear mixed-effects model
  Model function:  PD Imax model
  Model type:  structural
function (psi, id, xidep) 
{
    dose <- xidep[, 1]
    e0 <- psi[id, 1]
    imax <- psi[id, 2]
    ed50 <- psi[id, 3]
    gamma <- psi[id, 4]
    f <- e0 * (1 - imax * (dose^gamma)/((ed50^gamma) + (dose^gamma)))
    return(f)
}
<bytecode: 0x5634e2004478>
  Nb of parameters: 4 
      parameter names:  E0 Imax ED50 gamma 
      distribution:
     Parameter Distribution Estimated
[1,] E0        log-normal   Estimated
[2,] Imax      log-normal   Estimated
[3,] ED50      log-normal   Estimated
[4,] gamma     log-normal   Estimated
  Variance-covariance matrix:
      E0 Imax ED50 gamma
E0     1    0    0     0
Imax   0    0    0     0
ED50   0    0    1     0
gamma  0    0    0     0
  Error model: proportional , initial values: b.1=0.2 
  Covariate model:
      [,1] [,2] [,3] [,4]
group    0    0    1    0
    Initial values
              E0 Imax ED50 gamma
Pop.CondInit 100  0.7  500     2
Cov.CondInit   0  0.0    0     0
-----------------------------------
----    Key algorithm options  ----
-----------------------------------
    Estimation of individual parameters (MAP)
    Estimation of standard errors and linearised log-likelihood
    Estimation of log-likelihood by importance sampling
    Number of iterations:  K1=300, K2=100 
    Number of chains:  1 
    Seed:  6424598 
    Number of MCMC iterations for IS:  5000 
    Simulations:
        nb of simulated datasets used for npde:  1000 
        nb of simulated datasets used for VPC:  100 
    Input/output
        save the results to a file:  FALSE 
        save the graphs to files:  FALSE 
----------------------------------------------------
----                  Results                   ----
----------------------------------------------------
-----------------  Fixed effects  ------------------
----------------------------------------------------
     Parameter        Estimate SE      CV(%) p-value
[1,] E0                94.45    1.9624  2.1  -      
[2,] Imax               0.69    0.0247  3.6  -      
[3,] ED50             605.81   37.7216  6.2  -      
[4,] beta_group(ED50)  -0.57    0.0737 12.9  3.6e-15
[5,] gamma              2.21    0.2136  9.7  -      
[6,] b.1                0.20    0.0067  3.3  -      
----------------------------------------------------
-----------  Variance of random effects  -----------
----------------------------------------------------
     Parameter   Estimate SE     CV(%)
E0   omega2.E0   0.0086   0.0034 39   
ED50 omega2.ED50 0.0726   0.0202 28   
----------------------------------------------------
------  Correlation matrix of random effects  ------
----------------------------------------------------
            omega2.E0 omega2.ED50
omega2.E0   1         0          
omega2.ED50 0         1          
----------------------------------------------------
---------------  Statistical criteria  -------------
----------------------------------------------------
Likelihood computed by linearisation
      -2LL= 4892.579 
      AIC = 4908.579 
      BIC = 4929.421 

Likelihood computed by importance sampling
      -2LL= 4900.46 
      AIC = 4916.46 
      BIC = 4937.302 
----------------------------------------------------
----------------------------------------------------
-----------------  Fixed effects  ------------------
----------------------------------------------------
         Parameter Estimate      SE CV(%) p-value
1               E0    94.45  1.9624  2.08       -
2             Imax     0.69  0.0247  3.59       -
3             ED50   605.81 37.7216  6.23       -
4 beta_group(ED50)    -0.57  0.0737 12.85 7.1e-15
5            gamma     2.21  0.2136  9.68       -
6              b.1     0.20  0.0067  3.32       -
----------------------------------------------------
-----------  Variance of random effects  -----------
----------------------------------------------------
       Parameter Estimate     SE CV(%)
E0     omega2.E0   0.0086 0.0034 39.25
ED50 omega2.ED50   0.0726 0.0202 27.89
----------------------------------------------------
------  Correlation matrix of random effects  ------
----------------------------------------------------
            omega2.E0 omega2.ED50
omega2.E0   1.00      0.00       
omega2.ED50 0.00      1.00       
----------------------------------------------------
---------------  Statistical criteria  -------------
----------------------------------------------------
Likelihood computed by linearisation
      -2LL= 4892.579 
      AIC = 4908.579 
      BIC = 4929.421 

Likelihood computed by importance sampling
      -2LL= 4900.46 
      AIC = 4916.46 
      BIC = 4937.302 
----------------------------------------------------
Reading data from file /home/eco/work/saemix/saemixextension/simulationSuite/cont/imaxRichProp/data/data_pdimax41.tab 
These are the first lines of the dataset as read into R. Please check the format of the data is appropriate, if not, modify the na and/or sep items and retry:
  id dose       eff group
1  1    0 126.16433     0
2  1  200  54.09147     0
3  1  400  90.98546     0
4  1  500  98.55043     0
5  1  700  54.23027     0
6  1 1000  47.77873     0


The following SaemixData object was successfully created:

Object of class SaemixData
    longitudinal data for use with the SAEM algorithm
Dataset /home/eco/work/saemix/saemixextension/simulationSuite/cont/imaxRichProp/data/data_pdimax41.tab 
    Structured data: eff ~ dose | id 
    Predictor: dose (-) 
    covariates: group (-) 
      reference class for covariate group :  0 
Nonlinear mixed-effects model fit by the SAEM algorithm
-----------------------------------
----          Data             ----
-----------------------------------
Object of class SaemixData
    longitudinal data for use with the SAEM algorithm
Dataset /home/eco/work/saemix/saemixextension/simulationSuite/cont/imaxRichProp/data/data_pdimax41.tab 
    Structured data: eff ~ dose | id 
    Predictor: dose (-) 
    covariates: group (-) 
      reference class for covariate group :  0 
Dataset characteristics:
    number of subjects:     100 
    number of observations: 600 
    average/min/max nb obs: 6.00  /  6  /  6 
First 10 lines of data:
   id dose       eff group mdv cens occ ytype
1   1    0 126.16433     0   0    0   1     1
2   1  200  54.09147     0   0    0   1     1
3   1  400  90.98546     0   0    0   1     1
4   1  500  98.55043     0   0    0   1     1
5   1  700  54.23027     0   0    0   1     1
6   1 1000  47.77873     0   0    0   1     1
7   2    0  95.39384     0   0    0   1     1
8   2  200  78.48982     0   0    0   1     1
9   2  400  54.83920     0   0    0   1     1
10  2  500  60.41464     0   0    0   1     1
-----------------------------------
----          Model            ----
-----------------------------------
Nonlinear mixed-effects model
  Model function:  PD Imax model
  Model type:  structural
function (psi, id, xidep) 
{
    dose <- xidep[, 1]
    e0 <- psi[id, 1]
    imax <- psi[id, 2]
    ed50 <- psi[id, 3]
    gamma <- psi[id, 4]
    f <- e0 * (1 - imax * (dose^gamma)/((ed50^gamma) + (dose^gamma)))
    return(f)
}
<bytecode: 0x5634e2004478>
  Nb of parameters: 4 
      parameter names:  E0 Imax ED50 gamma 
      distribution:
     Parameter Distribution Estimated
[1,] E0        log-normal   Estimated
[2,] Imax      log-normal   Estimated
[3,] ED50      log-normal   Estimated
[4,] gamma     log-normal   Estimated
  Variance-covariance matrix:
      E0 Imax ED50 gamma
E0     1    0    0     0
Imax   0    0    0     0
ED50   0    0    1     0
gamma  0    0    0     0
  Error model: proportional , initial values: b.1=0.2 
  Covariate model:
      [,1] [,2] [,3] [,4]
group    0    0    1    0
    Initial values
              E0 Imax ED50 gamma
Pop.CondInit 100  0.7  500     2
Cov.CondInit   0  0.0    0     0
-----------------------------------
----    Key algorithm options  ----
-----------------------------------
    Estimation of individual parameters (MAP)
    Estimation of standard errors and linearised log-likelihood
    Estimation of log-likelihood by importance sampling
    Number of iterations:  K1=300, K2=100 
    Number of chains:  1 
    Seed:  6424598 
    Number of MCMC iterations for IS:  5000 
    Simulations:
        nb of simulated datasets used for npde:  1000 
        nb of simulated datasets used for VPC:  100 
    Input/output
        save the results to a file:  FALSE 
        save the graphs to files:  FALSE 
----------------------------------------------------
----                  Results                   ----
----------------------------------------------------
-----------------  Fixed effects  ------------------
----------------------------------------------------
     Parameter        Estimate SE      CV(%) p-value
[1,] E0               100.55    2.2964  2.3  -      
[2,] Imax               0.70    0.0267  3.8  -      
[3,] ED50             514.55   33.2741  6.5  -      
[4,] beta_group(ED50)  -0.48    0.0742 15.5  6.2e-11
[5,] gamma              2.00    0.1977  9.9  -      
[6,] b.1                0.20    0.0065  3.3  -      
----------------------------------------------------
-----------  Variance of random effects  -----------
----------------------------------------------------
     Parameter   Estimate SE     CV(%)
E0   omega2.E0   0.017    0.0044 26   
ED50 omega2.ED50 0.056    0.0208 38   
----------------------------------------------------
------  Correlation matrix of random effects  ------
----------------------------------------------------
            omega2.E0 omega2.ED50
omega2.E0   1         0          
omega2.ED50 0         1          
----------------------------------------------------
---------------  Statistical criteria  -------------
----------------------------------------------------
Likelihood computed by linearisation
      -2LL= 4908.249 
      AIC = 4924.249 
      BIC = 4945.091 

Likelihood computed by importance sampling
      -2LL= 4918.621 
      AIC = 4934.621 
      BIC = 4955.462 
----------------------------------------------------
----------------------------------------------------
-----------------  Fixed effects  ------------------
----------------------------------------------------
         Parameter Estimate      SE CV(%) p-value
1               E0   100.55  2.2964  2.28       -
2             Imax     0.70  0.0267  3.84       -
3             ED50   514.55 33.2741  6.47       -
4 beta_group(ED50)    -0.48  0.0742 15.54 1.2e-10
5            gamma     2.00  0.1977  9.89       -
6              b.1     0.20  0.0065  3.32       -
----------------------------------------------------
-----------  Variance of random effects  -----------
----------------------------------------------------
       Parameter Estimate     SE CV(%)
E0     omega2.E0    0.017 0.0044 25.98
ED50 omega2.ED50    0.056 0.0208 37.51
----------------------------------------------------
------  Correlation matrix of random effects  ------
----------------------------------------------------
            omega2.E0 omega2.ED50
omega2.E0   1.00      0.00       
omega2.ED50 0.00      1.00       
----------------------------------------------------
---------------  Statistical criteria  -------------
----------------------------------------------------
Likelihood computed by linearisation
      -2LL= 4908.249 
      AIC = 4924.249 
      BIC = 4945.091 

Likelihood computed by importance sampling
      -2LL= 4918.621 
      AIC = 4934.621 
      BIC = 4955.462 
----------------------------------------------------
Reading data from file /home/eco/work/saemix/saemixextension/simulationSuite/cont/imaxRichProp/data/data_pdimax42.tab 
These are the first lines of the dataset as read into R. Please check the format of the data is appropriate, if not, modify the na and/or sep items and retry:
  id dose       eff group
1  1    0 151.15809     0
2  1  200 131.09406     0
3  1  400  89.07378     0
4  1  500  73.10460     0
5  1  700  57.86933     0
6  1 1000  41.33707     0


The following SaemixData object was successfully created:

Object of class SaemixData
    longitudinal data for use with the SAEM algorithm
Dataset /home/eco/work/saemix/saemixextension/simulationSuite/cont/imaxRichProp/data/data_pdimax42.tab 
    Structured data: eff ~ dose | id 
    Predictor: dose (-) 
    covariates: group (-) 
      reference class for covariate group :  0 
Nonlinear mixed-effects model fit by the SAEM algorithm
-----------------------------------
----          Data             ----
-----------------------------------
Object of class SaemixData
    longitudinal data for use with the SAEM algorithm
Dataset /home/eco/work/saemix/saemixextension/simulationSuite/cont/imaxRichProp/data/data_pdimax42.tab 
    Structured data: eff ~ dose | id 
    Predictor: dose (-) 
    covariates: group (-) 
      reference class for covariate group :  0 
Dataset characteristics:
    number of subjects:     100 
    number of observations: 600 
    average/min/max nb obs: 6.00  /  6  /  6 
First 10 lines of data:
   id dose       eff group mdv cens occ ytype
1   1    0 151.15809     0   0    0   1     1
2   1  200 131.09406     0   0    0   1     1
3   1  400  89.07378     0   0    0   1     1
4   1  500  73.10460     0   0    0   1     1
5   1  700  57.86933     0   0    0   1     1
6   1 1000  41.33707     0   0    0   1     1
7   2    0  87.50097     0   0    0   1     1
8   2  200 117.61798     0   0    0   1     1
9   2  400  93.41659     0   0    0   1     1
10  2  500  64.99583     0   0    0   1     1
-----------------------------------
----          Model            ----
-----------------------------------
Nonlinear mixed-effects model
  Model function:  PD Imax model
  Model type:  structural
function (psi, id, xidep) 
{
    dose <- xidep[, 1]
    e0 <- psi[id, 1]
    imax <- psi[id, 2]
    ed50 <- psi[id, 3]
    gamma <- psi[id, 4]
    f <- e0 * (1 - imax * (dose^gamma)/((ed50^gamma) + (dose^gamma)))
    return(f)
}
<bytecode: 0x5634e2004478>
  Nb of parameters: 4 
      parameter names:  E0 Imax ED50 gamma 
      distribution:
     Parameter Distribution Estimated
[1,] E0        log-normal   Estimated
[2,] Imax      log-normal   Estimated
[3,] ED50      log-normal   Estimated
[4,] gamma     log-normal   Estimated
  Variance-covariance matrix:
      E0 Imax ED50 gamma
E0     1    0    0     0
Imax   0    0    0     0
ED50   0    0    1     0
gamma  0    0    0     0
  Error model: proportional , initial values: b.1=0.2 
  Covariate model:
      [,1] [,2] [,3] [,4]
group    0    0    1    0
    Initial values
              E0 Imax ED50 gamma
Pop.CondInit 100  0.7  500     2
Cov.CondInit   0  0.0    0     0
-----------------------------------
----    Key algorithm options  ----
-----------------------------------
    Estimation of individual parameters (MAP)
    Estimation of standard errors and linearised log-likelihood
    Estimation of log-likelihood by importance sampling
    Number of iterations:  K1=300, K2=100 
    Number of chains:  1 
    Seed:  6424598 
    Number of MCMC iterations for IS:  5000 
    Simulations:
        nb of simulated datasets used for npde:  1000 
        nb of simulated datasets used for VPC:  100 
    Input/output
        save the results to a file:  FALSE 
        save the graphs to files:  FALSE 
----------------------------------------------------
----                  Results                   ----
----------------------------------------------------
-----------------  Fixed effects  ------------------
----------------------------------------------------
     Parameter        Estimate SE      CV(%) p-value
[1,] E0                98.90    2.3055  2.3  -      
[2,] Imax               0.69    0.0339  4.9  -      
[3,] ED50             443.91   29.2865  6.6  -      
[4,] beta_group(ED50)  -0.30    0.0591 19.5  1.4e-07
[5,] gamma              1.90    0.2241 11.8  -      
[6,] b.1                0.21    0.0067  3.3  -      
----------------------------------------------------
-----------  Variance of random effects  -----------
----------------------------------------------------
     Parameter   Estimate SE     CV(%)
E0   omega2.E0   0.01363  0.0035   26 
ED50 omega2.ED50 0.00027  0.0152 5612 
----------------------------------------------------
------  Correlation matrix of random effects  ------
----------------------------------------------------
            omega2.E0 omega2.ED50
omega2.E0   1         0          
omega2.ED50 0         1          
----------------------------------------------------
---------------  Statistical criteria  -------------
----------------------------------------------------
Likelihood computed by linearisation
      -2LL= 4855.64 
      AIC = 4871.64 
      BIC = 4892.481 

Likelihood computed by importance sampling
      -2LL= 4864.167 
      AIC = 4880.167 
      BIC = 4901.009 
----------------------------------------------------
----------------------------------------------------
-----------------  Fixed effects  ------------------
----------------------------------------------------
         Parameter Estimate      SE CV(%) p-value
1               E0    98.90  2.3055  2.33       -
2             Imax     0.69  0.0339  4.91       -
3             ED50   443.91 29.2865  6.60       -
4 beta_group(ED50)    -0.30  0.0591 19.47 2.8e-07
5            gamma     1.90  0.2241 11.78       -
6              b.1     0.21  0.0067  3.26       -
----------------------------------------------------
-----------  Variance of random effects  -----------
----------------------------------------------------
       Parameter Estimate     SE   CV(%)
E0     omega2.E0  0.01363 0.0035   25.85
ED50 omega2.ED50  0.00027 0.0152 5611.82
----------------------------------------------------
------  Correlation matrix of random effects  ------
----------------------------------------------------
            omega2.E0 omega2.ED50
omega2.E0   1.00      0.00       
omega2.ED50 0.00      1.00       
----------------------------------------------------
---------------  Statistical criteria  -------------
----------------------------------------------------
Likelihood computed by linearisation
      -2LL= 4855.64 
      AIC = 4871.64 
      BIC = 4892.481 

Likelihood computed by importance sampling
      -2LL= 4864.167 
      AIC = 4880.167 
      BIC = 4901.009 
----------------------------------------------------
Reading data from file /home/eco/work/saemix/saemixextension/simulationSuite/cont/imaxRichProp/data/data_pdimax43.tab 
These are the first lines of the dataset as read into R. Please check the format of the data is appropriate, if not, modify the na and/or sep items and retry:
  id dose      eff group
1  1    0 69.81507     0
2  1  200 99.17096     0
3  1  400 78.65759     0
4  1  500 52.64253     0
5  1  700 43.15392     0
6  1 1000 44.99792     0


The following SaemixData object was successfully created:

Object of class SaemixData
    longitudinal data for use with the SAEM algorithm
Dataset /home/eco/work/saemix/saemixextension/simulationSuite/cont/imaxRichProp/data/data_pdimax43.tab 
    Structured data: eff ~ dose | id 
    Predictor: dose (-) 
    covariates: group (-) 
      reference class for covariate group :  0 
Nonlinear mixed-effects model fit by the SAEM algorithm
-----------------------------------
----          Data             ----
-----------------------------------
Object of class SaemixData
    longitudinal data for use with the SAEM algorithm
Dataset /home/eco/work/saemix/saemixextension/simulationSuite/cont/imaxRichProp/data/data_pdimax43.tab 
    Structured data: eff ~ dose | id 
    Predictor: dose (-) 
    covariates: group (-) 
      reference class for covariate group :  0 
Dataset characteristics:
    number of subjects:     100 
    number of observations: 600 
    average/min/max nb obs: 6.00  /  6  /  6 
First 10 lines of data:
   id dose      eff group mdv cens occ ytype
1   1    0 69.81507     0   0    0   1     1
2   1  200 99.17096     0   0    0   1     1
3   1  400 78.65759     0   0    0   1     1
4   1  500 52.64253     0   0    0   1     1
5   1  700 43.15392     0   0    0   1     1
6   1 1000 44.99792     0   0    0   1     1
7   2    0 79.08256     0   0    0   1     1
8   2  200 98.91687     0   0    0   1     1
9   2  400 69.69890     0   0    0   1     1
10  2  500 86.42682     0   0    0   1     1
-----------------------------------
----          Model            ----
-----------------------------------
Nonlinear mixed-effects model
  Model function:  PD Imax model
  Model type:  structural
function (psi, id, xidep) 
{
    dose <- xidep[, 1]
    e0 <- psi[id, 1]
    imax <- psi[id, 2]
    ed50 <- psi[id, 3]
    gamma <- psi[id, 4]
    f <- e0 * (1 - imax * (dose^gamma)/((ed50^gamma) + (dose^gamma)))
    return(f)
}
<bytecode: 0x5634e2004478>
  Nb of parameters: 4 
      parameter names:  E0 Imax ED50 gamma 
      distribution:
     Parameter Distribution Estimated
[1,] E0        log-normal   Estimated
[2,] Imax      log-normal   Estimated
[3,] ED50      log-normal   Estimated
[4,] gamma     log-normal   Estimated
  Variance-covariance matrix:
      E0 Imax ED50 gamma
E0     1    0    0     0
Imax   0    0    0     0
ED50   0    0    1     0
gamma  0    0    0     0
  Error model: proportional , initial values: b.1=0.2 
  Covariate model:
      [,1] [,2] [,3] [,4]
group    0    0    1    0
    Initial values
              E0 Imax ED50 gamma
Pop.CondInit 100  0.7  500     2
Cov.CondInit   0  0.0    0     0
-----------------------------------
----    Key algorithm options  ----
-----------------------------------
    Estimation of individual parameters (MAP)
    Estimation of standard errors and linearised log-likelihood
    Estimation of log-likelihood by importance sampling
    Number of iterations:  K1=300, K2=100 
    Number of chains:  1 
    Seed:  6424598 
    Number of MCMC iterations for IS:  5000 
    Simulations:
        nb of simulated datasets used for npde:  1000 
        nb of simulated datasets used for VPC:  100 
    Input/output
        save the results to a file:  FALSE 
        save the graphs to files:  FALSE 
----------------------------------------------------
----                  Results                   ----
----------------------------------------------------
-----------------  Fixed effects  ------------------
----------------------------------------------------
     Parameter        Estimate SE      CV(%) p-value
[1,] E0               103.27    2.1462  2.1  -      
[2,] Imax               0.69    0.0228  3.3  -      
[3,] ED50             518.49   31.9135  6.2  -      
[4,] beta_group(ED50)  -0.54    0.0728 13.4  3.9e-14
[5,] gamma              2.12    0.2003  9.5  -      
[6,] b.1                0.20    0.0066  3.3  -      
----------------------------------------------------
-----------  Variance of random effects  -----------
----------------------------------------------------
     Parameter   Estimate SE     CV(%)
E0   omega2.E0   0.0073   0.0032 44   
ED50 omega2.ED50 0.0696   0.0202 29   
----------------------------------------------------
------  Correlation matrix of random effects  ------
----------------------------------------------------
            omega2.E0 omega2.ED50
omega2.E0   1         0          
omega2.ED50 0         1          
----------------------------------------------------
---------------  Statistical criteria  -------------
----------------------------------------------------
Likelihood computed by linearisation
      -2LL= 4911.746 
      AIC = 4927.746 
      BIC = 4948.587 

Likelihood computed by importance sampling
      -2LL= 4923.315 
      AIC = 4939.315 
      BIC = 4960.156 
----------------------------------------------------
----------------------------------------------------
-----------------  Fixed effects  ------------------
----------------------------------------------------
         Parameter Estimate      SE CV(%) p-value
1               E0   103.27  2.1462  2.08       -
2             Imax     0.69  0.0228  3.32       -
3             ED50   518.49 31.9135  6.16       -
4 beta_group(ED50)    -0.54  0.0728 13.38 7.7e-14
5            gamma     2.12  0.2003  9.47       -
6              b.1     0.20  0.0066  3.30       -
----------------------------------------------------
-----------  Variance of random effects  -----------
----------------------------------------------------
       Parameter Estimate     SE CV(%)
E0     omega2.E0   0.0073 0.0032 43.90
ED50 omega2.ED50   0.0696 0.0202 29.00
----------------------------------------------------
------  Correlation matrix of random effects  ------
----------------------------------------------------
            omega2.E0 omega2.ED50
omega2.E0   1.00      0.00       
omega2.ED50 0.00      1.00       
----------------------------------------------------
---------------  Statistical criteria  -------------
----------------------------------------------------
Likelihood computed by linearisation
      -2LL= 4911.746 
      AIC = 4927.746 
      BIC = 4948.587 

Likelihood computed by importance sampling
      -2LL= 4923.315 
      AIC = 4939.315 
      BIC = 4960.156 
----------------------------------------------------
Reading data from file /home/eco/work/saemix/saemixextension/simulationSuite/cont/imaxRichProp/data/data_pdimax44.tab 
These are the first lines of the dataset as read into R. Please check the format of the data is appropriate, if not, modify the na and/or sep items and retry:
  id dose      eff group
1  1    0 78.71657     0
2  1  200 79.53278     0
3  1  400 76.57670     0
4  1  500 53.61271     0
5  1  700 72.73359     0
6  1 1000 46.69551     0


The following SaemixData object was successfully created:

Object of class SaemixData
    longitudinal data for use with the SAEM algorithm
Dataset /home/eco/work/saemix/saemixextension/simulationSuite/cont/imaxRichProp/data/data_pdimax44.tab 
    Structured data: eff ~ dose | id 
    Predictor: dose (-) 
    covariates: group (-) 
      reference class for covariate group :  0 
Nonlinear mixed-effects model fit by the SAEM algorithm
-----------------------------------
----          Data             ----
-----------------------------------
Object of class SaemixData
    longitudinal data for use with the SAEM algorithm
Dataset /home/eco/work/saemix/saemixextension/simulationSuite/cont/imaxRichProp/data/data_pdimax44.tab 
    Structured data: eff ~ dose | id 
    Predictor: dose (-) 
    covariates: group (-) 
      reference class for covariate group :  0 
Dataset characteristics:
    number of subjects:     100 
    number of observations: 600 
    average/min/max nb obs: 6.00  /  6  /  6 
First 10 lines of data:
   id dose       eff group mdv cens occ ytype
1   1    0  78.71657     0   0    0   1     1
2   1  200  79.53278     0   0    0   1     1
3   1  400  76.57670     0   0    0   1     1
4   1  500  53.61271     0   0    0   1     1
5   1  700  72.73359     0   0    0   1     1
6   1 1000  46.69551     0   0    0   1     1
7   2    0  97.06637     0   0    0   1     1
8   2  200  76.35952     0   0    0   1     1
9   2  400 110.93616     0   0    0   1     1
10  2  500  87.88604     0   0    0   1     1
-----------------------------------
----          Model            ----
-----------------------------------
Nonlinear mixed-effects model
  Model function:  PD Imax model
  Model type:  structural
function (psi, id, xidep) 
{
    dose <- xidep[, 1]
    e0 <- psi[id, 1]
    imax <- psi[id, 2]
    ed50 <- psi[id, 3]
    gamma <- psi[id, 4]
    f <- e0 * (1 - imax * (dose^gamma)/((ed50^gamma) + (dose^gamma)))
    return(f)
}
<bytecode: 0x5634e2004478>
  Nb of parameters: 4 
      parameter names:  E0 Imax ED50 gamma 
      distribution:
     Parameter Distribution Estimated
[1,] E0        log-normal   Estimated
[2,] Imax      log-normal   Estimated
[3,] ED50      log-normal   Estimated
[4,] gamma     log-normal   Estimated
  Variance-covariance matrix:
      E0 Imax ED50 gamma
E0     1    0    0     0
Imax   0    0    0     0
ED50   0    0    1     0
gamma  0    0    0     0
  Error model: proportional , initial values: b.1=0.2 
  Covariate model:
      [,1] [,2] [,3] [,4]
group    0    0    1    0
    Initial values
              E0 Imax ED50 gamma
Pop.CondInit 100  0.7  500     2
Cov.CondInit   0  0.0    0     0
-----------------------------------
----    Key algorithm options  ----
-----------------------------------
    Estimation of individual parameters (MAP)
    Estimation of standard errors and linearised log-likelihood
    Estimation of log-likelihood by importance sampling
    Number of iterations:  K1=300, K2=100 
    Number of chains:  1 
    Seed:  6424598 
    Number of MCMC iterations for IS:  5000 
    Simulations:
        nb of simulated datasets used for npde:  1000 
        nb of simulated datasets used for VPC:  100 
    Input/output
        save the results to a file:  FALSE 
        save the graphs to files:  FALSE 
----------------------------------------------------
----                  Results                   ----
----------------------------------------------------
-----------------  Fixed effects  ------------------
----------------------------------------------------
     Parameter        Estimate SE      CV(%) p-value
[1,] E0               101.22    2.1314  2.1  -      
[2,] Imax               0.72    0.0251  3.5  -      
[3,] ED50             469.57   31.3002  6.7  -      
[4,] beta_group(ED50)  -0.45    0.0751 16.8  1.4e-09
[5,] gamma              1.89    0.1794  9.5  -      
[6,] b.1                0.20    0.0067  3.3  -      
----------------------------------------------------
-----------  Variance of random effects  -----------
----------------------------------------------------
     Parameter   Estimate SE     CV(%)
E0   omega2.E0   0.0057   0.0033 58   
ED50 omega2.ED50 0.0824   0.0219 27   
----------------------------------------------------
------  Correlation matrix of random effects  ------
----------------------------------------------------
            omega2.E0 omega2.ED50
omega2.E0   1         0          
omega2.ED50 0         1          
----------------------------------------------------
---------------  Statistical criteria  -------------
----------------------------------------------------
Likelihood computed by linearisation
      -2LL= 4865.936 
      AIC = 4881.936 
      BIC = 4902.777 

Likelihood computed by importance sampling
      -2LL= 4876.816 
      AIC = 4892.816 
      BIC = 4913.658 
----------------------------------------------------
----------------------------------------------------
-----------------  Fixed effects  ------------------
----------------------------------------------------
         Parameter Estimate      SE CV(%) p-value
1               E0   101.22  2.1314  2.11       -
2             Imax     0.72  0.0251  3.46       -
3             ED50   469.57 31.3002  6.67       -
4 beta_group(ED50)    -0.45  0.0751 16.83 2.8e-09
5            gamma     1.89  0.1794  9.51       -
6              b.1     0.20  0.0067  3.29       -
----------------------------------------------------
-----------  Variance of random effects  -----------
----------------------------------------------------
       Parameter Estimate     SE CV(%)
E0     omega2.E0   0.0057 0.0033 57.65
ED50 omega2.ED50   0.0824 0.0219 26.52
----------------------------------------------------
------  Correlation matrix of random effects  ------
----------------------------------------------------
            omega2.E0 omega2.ED50
omega2.E0   1.00      0.00       
omega2.ED50 0.00      1.00       
----------------------------------------------------
---------------  Statistical criteria  -------------
----------------------------------------------------
Likelihood computed by linearisation
      -2LL= 4865.936 
      AIC = 4881.936 
      BIC = 4902.777 

Likelihood computed by importance sampling
      -2LL= 4876.816 
      AIC = 4892.816 
      BIC = 4913.658 
----------------------------------------------------
Reading data from file /home/eco/work/saemix/saemixextension/simulationSuite/cont/imaxRichProp/data/data_pdimax45.tab 
These are the first lines of the dataset as read into R. Please check the format of the data is appropriate, if not, modify the na and/or sep items and retry:
  id dose       eff group
1  1    0  99.56735     0
2  1  200  82.06537     0
3  1  400 112.07484     0
4  1  500  91.33224     0
5  1  700  73.74388     0
6  1 1000  49.84466     0


The following SaemixData object was successfully created:

Object of class SaemixData
    longitudinal data for use with the SAEM algorithm
Dataset /home/eco/work/saemix/saemixextension/simulationSuite/cont/imaxRichProp/data/data_pdimax45.tab 
    Structured data: eff ~ dose | id 
    Predictor: dose (-) 
    covariates: group (-) 
      reference class for covariate group :  0 
Nonlinear mixed-effects model fit by the SAEM algorithm
-----------------------------------
----          Data             ----
-----------------------------------
Object of class SaemixData
    longitudinal data for use with the SAEM algorithm
Dataset /home/eco/work/saemix/saemixextension/simulationSuite/cont/imaxRichProp/data/data_pdimax45.tab 
    Structured data: eff ~ dose | id 
    Predictor: dose (-) 
    covariates: group (-) 
      reference class for covariate group :  0 
Dataset characteristics:
    number of subjects:     100 
    number of observations: 600 
    average/min/max nb obs: 6.00  /  6  /  6 
First 10 lines of data:
   id dose       eff group mdv cens occ ytype
1   1    0  99.56735     0   0    0   1     1
2   1  200  82.06537     0   0    0   1     1
3   1  400 112.07484     0   0    0   1     1
4   1  500  91.33224     0   0    0   1     1
5   1  700  73.74388     0   0    0   1     1
6   1 1000  49.84466     0   0    0   1     1
7   2    0 101.70153     0   0    0   1     1
8   2  200  74.94710     0   0    0   1     1
9   2  400  78.71075     0   0    0   1     1
10  2  500  64.61612     0   0    0   1     1
-----------------------------------
----          Model            ----
-----------------------------------
Nonlinear mixed-effects model
  Model function:  PD Imax model
  Model type:  structural
function (psi, id, xidep) 
{
    dose <- xidep[, 1]
    e0 <- psi[id, 1]
    imax <- psi[id, 2]
    ed50 <- psi[id, 3]
    gamma <- psi[id, 4]
    f <- e0 * (1 - imax * (dose^gamma)/((ed50^gamma) + (dose^gamma)))
    return(f)
}
<bytecode: 0x5634e2004478>
  Nb of parameters: 4 
      parameter names:  E0 Imax ED50 gamma 
      distribution:
     Parameter Distribution Estimated
[1,] E0        log-normal   Estimated
[2,] Imax      log-normal   Estimated
[3,] ED50      log-normal   Estimated
[4,] gamma     log-normal   Estimated
  Variance-covariance matrix:
      E0 Imax ED50 gamma
E0     1    0    0     0
Imax   0    0    0     0
ED50   0    0    1     0
gamma  0    0    0     0
  Error model: proportional , initial values: b.1=0.2 
  Covariate model:
      [,1] [,2] [,3] [,4]
group    0    0    1    0
    Initial values
              E0 Imax ED50 gamma
Pop.CondInit 100  0.7  500     2
Cov.CondInit   0  0.0    0     0
-----------------------------------
----    Key algorithm options  ----
-----------------------------------
    Estimation of individual parameters (MAP)
    Estimation of standard errors and linearised log-likelihood
    Estimation of log-likelihood by importance sampling
    Number of iterations:  K1=300, K2=100 
    Number of chains:  1 
    Seed:  6424598 
    Number of MCMC iterations for IS:  5000 
    Simulations:
        nb of simulated datasets used for npde:  1000 
        nb of simulated datasets used for VPC:  100 
    Input/output
        save the results to a file:  FALSE 
        save the graphs to files:  FALSE 
----------------------------------------------------
----                  Results                   ----
----------------------------------------------------
-----------------  Fixed effects  ------------------
----------------------------------------------------
     Parameter        Estimate SE      CV(%) p-value
[1,] E0                95.37    2.1347  2.2  -      
[2,] Imax               0.70    0.0250  3.6  -      
[3,] ED50             529.57   36.0983  6.8  -      
[4,] beta_group(ED50)  -0.53    0.0816 15.4  4.8e-11
[5,] gamma              2.05    0.2013  9.8  -      
[6,] b.1                0.21    0.0068  3.3  -      
----------------------------------------------------
-----------  Variance of random effects  -----------
----------------------------------------------------
     Parameter   Estimate SE     CV(%)
E0   omega2.E0   0.012    0.0041 34   
ED50 omega2.ED50 0.090    0.0248 28   
----------------------------------------------------
------  Correlation matrix of random effects  ------
----------------------------------------------------
            omega2.E0 omega2.ED50
omega2.E0   1         0          
omega2.ED50 0         1          
----------------------------------------------------
---------------  Statistical criteria  -------------
----------------------------------------------------
Likelihood computed by linearisation
      -2LL= 4885.728 
      AIC = 4901.728 
      BIC = 4922.569 

Likelihood computed by importance sampling
      -2LL= 4897.004 
      AIC = 4913.004 
      BIC = 4933.846 
----------------------------------------------------
----------------------------------------------------
-----------------  Fixed effects  ------------------
----------------------------------------------------
         Parameter Estimate      SE CV(%) p-value
1               E0    95.37  2.1347  2.24       -
2             Imax     0.70  0.0250  3.58       -
3             ED50   529.57 36.0983  6.82       -
4 beta_group(ED50)    -0.53  0.0816 15.45 9.6e-11
5            gamma     2.05  0.2013  9.83       -
6              b.1     0.21  0.0068  3.33       -
----------------------------------------------------
-----------  Variance of random effects  -----------
----------------------------------------------------
       Parameter Estimate     SE CV(%)
E0     omega2.E0    0.012 0.0041 33.79
ED50 omega2.ED50    0.090 0.0248 27.66
----------------------------------------------------
------  Correlation matrix of random effects  ------
----------------------------------------------------
            omega2.E0 omega2.ED50
omega2.E0   1.00      0.00       
omega2.ED50 0.00      1.00       
----------------------------------------------------
---------------  Statistical criteria  -------------
----------------------------------------------------
Likelihood computed by linearisation
      -2LL= 4885.728 
      AIC = 4901.728 
      BIC = 4922.569 

Likelihood computed by importance sampling
      -2LL= 4897.004 
      AIC = 4913.004 
      BIC = 4933.846 
----------------------------------------------------
Reading data from file /home/eco/work/saemix/saemixextension/simulationSuite/cont/imaxRichProp/data/data_pdimax46.tab 
These are the first lines of the dataset as read into R. Please check the format of the data is appropriate, if not, modify the na and/or sep items and retry:
  id dose       eff group
1  1    0 116.49580     0
2  1  200  92.68771     0
3  1  400  58.54220     0
4  1  500  58.43594     0
5  1  700  35.36054     0
6  1 1000  29.33722     0


The following SaemixData object was successfully created:

Object of class SaemixData
    longitudinal data for use with the SAEM algorithm
Dataset /home/eco/work/saemix/saemixextension/simulationSuite/cont/imaxRichProp/data/data_pdimax46.tab 
    Structured data: eff ~ dose | id 
    Predictor: dose (-) 
    covariates: group (-) 
      reference class for covariate group :  0 
Nonlinear mixed-effects model fit by the SAEM algorithm
-----------------------------------
----          Data             ----
-----------------------------------
Object of class SaemixData
    longitudinal data for use with the SAEM algorithm
Dataset /home/eco/work/saemix/saemixextension/simulationSuite/cont/imaxRichProp/data/data_pdimax46.tab 
    Structured data: eff ~ dose | id 
    Predictor: dose (-) 
    covariates: group (-) 
      reference class for covariate group :  0 
Dataset characteristics:
    number of subjects:     100 
    number of observations: 600 
    average/min/max nb obs: 6.00  /  6  /  6 
First 10 lines of data:
   id dose       eff group mdv cens occ ytype
1   1    0 116.49580     0   0    0   1     1
2   1  200  92.68771     0   0    0   1     1
3   1  400  58.54220     0   0    0   1     1
4   1  500  58.43594     0   0    0   1     1
5   1  700  35.36054     0   0    0   1     1
6   1 1000  29.33722     0   0    0   1     1
7   2    0 121.12163     0   0    0   1     1
8   2  200  67.79430     0   0    0   1     1
9   2  400  65.13070     0   0    0   1     1
10  2  500  58.79585     0   0    0   1     1
-----------------------------------
----          Model            ----
-----------------------------------
Nonlinear mixed-effects model
  Model function:  PD Imax model
  Model type:  structural
function (psi, id, xidep) 
{
    dose <- xidep[, 1]
    e0 <- psi[id, 1]
    imax <- psi[id, 2]
    ed50 <- psi[id, 3]
    gamma <- psi[id, 4]
    f <- e0 * (1 - imax * (dose^gamma)/((ed50^gamma) + (dose^gamma)))
    return(f)
}
<bytecode: 0x5634e2004478>
  Nb of parameters: 4 
      parameter names:  E0 Imax ED50 gamma 
      distribution:
     Parameter Distribution Estimated
[1,] E0        log-normal   Estimated
[2,] Imax      log-normal   Estimated
[3,] ED50      log-normal   Estimated
[4,] gamma     log-normal   Estimated
  Variance-covariance matrix:
      E0 Imax ED50 gamma
E0     1    0    0     0
Imax   0    0    0     0
ED50   0    0    1     0
gamma  0    0    0     0
  Error model: proportional , initial values: b.1=0.2 
  Covariate model:
      [,1] [,2] [,3] [,4]
group    0    0    1    0
    Initial values
              E0 Imax ED50 gamma
Pop.CondInit 100  0.7  500     2
Cov.CondInit   0  0.0    0     0
-----------------------------------
----    Key algorithm options  ----
-----------------------------------
    Estimation of individual parameters (MAP)
    Estimation of standard errors and linearised log-likelihood
    Estimation of log-likelihood by importance sampling
    Number of iterations:  K1=300, K2=100 
    Number of chains:  1 
    Seed:  6424598 
    Number of MCMC iterations for IS:  5000 
    Simulations:
        nb of simulated datasets used for npde:  1000 
        nb of simulated datasets used for VPC:  100 
    Input/output
        save the results to a file:  FALSE 
        save the graphs to files:  FALSE 
----------------------------------------------------
----                  Results                   ----
----------------------------------------------------
-----------------  Fixed effects  ------------------
----------------------------------------------------
     Parameter        Estimate SE      CV(%) p-value
[1,] E0               100.42    2.0968  2.1  -      
[2,] Imax               0.71    0.0260  3.7  -      
[3,] ED50             495.90   33.2786  6.7  -      
[4,] beta_group(ED50)  -0.44    0.0764 17.4  5e-09  
[5,] gamma              1.93    0.1842  9.6  -      
[6,] b.1                0.20    0.0065  3.3  -      
----------------------------------------------------
-----------  Variance of random effects  -----------
----------------------------------------------------
     Parameter   Estimate SE     CV(%)
E0   omega2.E0   0.0083   0.0035 42   
ED50 omega2.ED50 0.0830   0.0221 27   
----------------------------------------------------
------  Correlation matrix of random effects  ------
----------------------------------------------------
            omega2.E0 omega2.ED50
omega2.E0   1         0          
omega2.ED50 0         1          
----------------------------------------------------
---------------  Statistical criteria  -------------
----------------------------------------------------
Likelihood computed by linearisation
      -2LL= 4860.682 
      AIC = 4876.682 
      BIC = 4897.523 

Likelihood computed by importance sampling
      -2LL= 4872.221 
      AIC = 4888.221 
      BIC = 4909.063 
----------------------------------------------------
----------------------------------------------------
-----------------  Fixed effects  ------------------
----------------------------------------------------
         Parameter Estimate      SE CV(%) p-value
1               E0   100.42  2.0968  2.09       -
2             Imax     0.71  0.0260  3.65       -
3             ED50   495.90 33.2786  6.71       -
4 beta_group(ED50)    -0.44  0.0764 17.45   1e-08
5            gamma     1.93  0.1842  9.56       -
6              b.1     0.20  0.0065  3.31       -
----------------------------------------------------
-----------  Variance of random effects  -----------
----------------------------------------------------
       Parameter Estimate     SE CV(%)
E0     omega2.E0   0.0083 0.0035 41.51
ED50 omega2.ED50   0.0830 0.0221 26.67
----------------------------------------------------
------  Correlation matrix of random effects  ------
----------------------------------------------------
            omega2.E0 omega2.ED50
omega2.E0   1.00      0.00       
omega2.ED50 0.00      1.00       
----------------------------------------------------
---------------  Statistical criteria  -------------
----------------------------------------------------
Likelihood computed by linearisation
      -2LL= 4860.682 
      AIC = 4876.682 
      BIC = 4897.523 

Likelihood computed by importance sampling
      -2LL= 4872.221 
      AIC = 4888.221 
      BIC = 4909.063 
----------------------------------------------------
Reading data from file /home/eco/work/saemix/saemixextension/simulationSuite/cont/imaxRichProp/data/data_pdimax47.tab 
These are the first lines of the dataset as read into R. Please check the format of the data is appropriate, if not, modify the na and/or sep items and retry:
  id dose       eff group
1  1    0 163.05185     0
2  1  200 104.79593     0
3  1  400  85.17401     0
4  1  500  86.95656     0
5  1  700  86.63882     0
6  1 1000  80.07414     0


The following SaemixData object was successfully created:

Object of class SaemixData
    longitudinal data for use with the SAEM algorithm
Dataset /home/eco/work/saemix/saemixextension/simulationSuite/cont/imaxRichProp/data/data_pdimax47.tab 
    Structured data: eff ~ dose | id 
    Predictor: dose (-) 
    covariates: group (-) 
      reference class for covariate group :  0 
Nonlinear mixed-effects model fit by the SAEM algorithm
-----------------------------------
----          Data             ----
-----------------------------------
Object of class SaemixData
    longitudinal data for use with the SAEM algorithm
Dataset /home/eco/work/saemix/saemixextension/simulationSuite/cont/imaxRichProp/data/data_pdimax47.tab 
    Structured data: eff ~ dose | id 
    Predictor: dose (-) 
    covariates: group (-) 
      reference class for covariate group :  0 
Dataset characteristics:
    number of subjects:     100 
    number of observations: 600 
    average/min/max nb obs: 6.00  /  6  /  6 
First 10 lines of data:
   id dose       eff group mdv cens occ ytype
1   1    0 163.05185     0   0    0   1     1
2   1  200 104.79593     0   0    0   1     1
3   1  400  85.17401     0   0    0   1     1
4   1  500  86.95656     0   0    0   1     1
5   1  700  86.63882     0   0    0   1     1
6   1 1000  80.07414     0   0    0   1     1
7   2    0  88.36810     0   0    0   1     1
8   2  200  78.55784     0   0    0   1     1
9   2  400  57.21210     0   0    0   1     1
10  2  500  58.22024     0   0    0   1     1
-----------------------------------
----          Model            ----
-----------------------------------
Nonlinear mixed-effects model
  Model function:  PD Imax model
  Model type:  structural
function (psi, id, xidep) 
{
    dose <- xidep[, 1]
    e0 <- psi[id, 1]
    imax <- psi[id, 2]
    ed50 <- psi[id, 3]
    gamma <- psi[id, 4]
    f <- e0 * (1 - imax * (dose^gamma)/((ed50^gamma) + (dose^gamma)))
    return(f)
}
<bytecode: 0x5634e2004478>
  Nb of parameters: 4 
      parameter names:  E0 Imax ED50 gamma 
      distribution:
     Parameter Distribution Estimated
[1,] E0        log-normal   Estimated
[2,] Imax      log-normal   Estimated
[3,] ED50      log-normal   Estimated
[4,] gamma     log-normal   Estimated
  Variance-covariance matrix:
      E0 Imax ED50 gamma
E0     1    0    0     0
Imax   0    0    0     0
ED50   0    0    1     0
gamma  0    0    0     0
  Error model: proportional , initial values: b.1=0.2 
  Covariate model:
      [,1] [,2] [,3] [,4]
group    0    0    1    0
    Initial values
              E0 Imax ED50 gamma
Pop.CondInit 100  0.7  500     2
Cov.CondInit   0  0.0    0     0
-----------------------------------
----    Key algorithm options  ----
-----------------------------------
    Estimation of individual parameters (MAP)
    Estimation of standard errors and linearised log-likelihood
    Estimation of log-likelihood by importance sampling
    Number of iterations:  K1=300, K2=100 
    Number of chains:  1 
    Seed:  6424598 
    Number of MCMC iterations for IS:  5000 
    Simulations:
        nb of simulated datasets used for npde:  1000 
        nb of simulated datasets used for VPC:  100 
    Input/output
        save the results to a file:  FALSE 
        save the graphs to files:  FALSE 
----------------------------------------------------
----                  Results                   ----
----------------------------------------------------
-----------------  Fixed effects  ------------------
----------------------------------------------------
     Parameter        Estimate SE      CV(%) p-value
[1,] E0                99.69    2.2279  2.2  -      
[2,] Imax               0.74    0.0344  4.7  -      
[3,] ED50             531.96   40.3692  7.6  -      
[4,] beta_group(ED50)  -0.45    0.0758 16.8  1.3e-09
[5,] gamma              1.75    0.1873 10.7  -      
[6,] b.1                0.21    0.0068  3.3  -      
----------------------------------------------------
-----------  Variance of random effects  -----------
----------------------------------------------------
     Parameter   Estimate SE     CV(%)
E0   omega2.E0   0.010    0.0038 38   
ED50 omega2.ED50 0.068    0.0221 32   
----------------------------------------------------
------  Correlation matrix of random effects  ------
----------------------------------------------------
            omega2.E0 omega2.ED50
omega2.E0   1         0          
omega2.ED50 0         1          
----------------------------------------------------
---------------  Statistical criteria  -------------
----------------------------------------------------
Likelihood computed by linearisation
      -2LL= 4918.037 
      AIC = 4934.037 
      BIC = 4954.878 

Likelihood computed by importance sampling
      -2LL= 4928.135 
      AIC = 4944.135 
      BIC = 4964.977 
----------------------------------------------------
----------------------------------------------------
-----------------  Fixed effects  ------------------
----------------------------------------------------
         Parameter Estimate      SE CV(%) p-value
1               E0    99.69  2.2279  2.23       -
2             Imax     0.74  0.0344  4.68       -
3             ED50   531.96 40.3692  7.59       -
4 beta_group(ED50)    -0.45  0.0758 16.78 2.5e-09
5            gamma     1.75  0.1873 10.67       -
6              b.1     0.21  0.0068  3.30       -
----------------------------------------------------
-----------  Variance of random effects  -----------
----------------------------------------------------
       Parameter Estimate     SE CV(%)
E0     omega2.E0    0.010 0.0038 37.81
ED50 omega2.ED50    0.068 0.0221 32.39
----------------------------------------------------
------  Correlation matrix of random effects  ------
----------------------------------------------------
            omega2.E0 omega2.ED50
omega2.E0   1.00      0.00       
omega2.ED50 0.00      1.00       
----------------------------------------------------
---------------  Statistical criteria  -------------
----------------------------------------------------
Likelihood computed by linearisation
      -2LL= 4918.037 
      AIC = 4934.037 
      BIC = 4954.878 

Likelihood computed by importance sampling
      -2LL= 4928.135 
      AIC = 4944.135 
      BIC = 4964.977 
----------------------------------------------------
Reading data from file /home/eco/work/saemix/saemixextension/simulationSuite/cont/imaxRichProp/data/data_pdimax48.tab 
These are the first lines of the dataset as read into R. Please check the format of the data is appropriate, if not, modify the na and/or sep items and retry:
  id dose      eff group
1  1    0 84.99592     0
2  1  200 67.23112     0
3  1  400 60.60571     0
4  1  500 36.57314     0
5  1  700 32.79653     0
6  1 1000 35.86259     0


The following SaemixData object was successfully created:

Object of class SaemixData
    longitudinal data for use with the SAEM algorithm
Dataset /home/eco/work/saemix/saemixextension/simulationSuite/cont/imaxRichProp/data/data_pdimax48.tab 
    Structured data: eff ~ dose | id 
    Predictor: dose (-) 
    covariates: group (-) 
      reference class for covariate group :  0 
Nonlinear mixed-effects model fit by the SAEM algorithm
-----------------------------------
----          Data             ----
-----------------------------------
Object of class SaemixData
    longitudinal data for use with the SAEM algorithm
Dataset /home/eco/work/saemix/saemixextension/simulationSuite/cont/imaxRichProp/data/data_pdimax48.tab 
    Structured data: eff ~ dose | id 
    Predictor: dose (-) 
    covariates: group (-) 
      reference class for covariate group :  0 
Dataset characteristics:
    number of subjects:     100 
    number of observations: 600 
    average/min/max nb obs: 6.00  /  6  /  6 
First 10 lines of data:
   id dose       eff group mdv cens occ ytype
1   1    0  84.99592     0   0    0   1     1
2   1  200  67.23112     0   0    0   1     1
3   1  400  60.60571     0   0    0   1     1
4   1  500  36.57314     0   0    0   1     1
5   1  700  32.79653     0   0    0   1     1
6   1 1000  35.86259     0   0    0   1     1
7   2    0 116.47824     0   0    0   1     1
8   2  200 125.00229     0   0    0   1     1
9   2  400  77.16734     0   0    0   1     1
10  2  500  34.47206     0   0    0   1     1
-----------------------------------
----          Model            ----
-----------------------------------
Nonlinear mixed-effects model
  Model function:  PD Imax model
  Model type:  structural
function (psi, id, xidep) 
{
    dose <- xidep[, 1]
    e0 <- psi[id, 1]
    imax <- psi[id, 2]
    ed50 <- psi[id, 3]
    gamma <- psi[id, 4]
    f <- e0 * (1 - imax * (dose^gamma)/((ed50^gamma) + (dose^gamma)))
    return(f)
}
<bytecode: 0x5634e2004478>
  Nb of parameters: 4 
      parameter names:  E0 Imax ED50 gamma 
      distribution:
     Parameter Distribution Estimated
[1,] E0        log-normal   Estimated
[2,] Imax      log-normal   Estimated
[3,] ED50      log-normal   Estimated
[4,] gamma     log-normal   Estimated
  Variance-covariance matrix:
      E0 Imax ED50 gamma
E0     1    0    0     0
Imax   0    0    0     0
ED50   0    0    1     0
gamma  0    0    0     0
  Error model: proportional , initial values: b.1=0.2 
  Covariate model:
      [,1] [,2] [,3] [,4]
group    0    0    1    0
    Initial values
              E0 Imax ED50 gamma
Pop.CondInit 100  0.7  500     2
Cov.CondInit   0  0.0    0     0
-----------------------------------
----    Key algorithm options  ----
-----------------------------------
    Estimation of individual parameters (MAP)
    Estimation of standard errors and linearised log-likelihood
    Estimation of log-likelihood by importance sampling
    Number of iterations:  K1=300, K2=100 
    Number of chains:  1 
    Seed:  6424598 
    Number of MCMC iterations for IS:  5000 
    Simulations:
        nb of simulated datasets used for npde:  1000 
        nb of simulated datasets used for VPC:  100 
    Input/output
        save the results to a file:  FALSE 
        save the graphs to files:  FALSE 
----------------------------------------------------
----                  Results                   ----
----------------------------------------------------
-----------------  Fixed effects  ------------------
----------------------------------------------------
     Parameter        Estimate SE     CV(%) p-value
[1,] E0                98.45    2.055  2.1  -      
[2,] Imax               0.72    0.030  4.1  -      
[3,] ED50             512.62   41.165  8.0  -      
[4,] beta_group(ED50)  -0.33    0.089 26.8  9.6e-05
[5,] gamma              1.84    0.188 10.2  -      
[6,] b.1                0.21    0.007  3.3  -      
----------------------------------------------------
-----------  Variance of random effects  -----------
----------------------------------------------------
     Parameter   Estimate SE     CV(%)
E0   omega2.E0   0.0032   0.0033 106  
ED50 omega2.ED50 0.1410   0.0302  21  
----------------------------------------------------
------  Correlation matrix of random effects  ------
----------------------------------------------------
            omega2.E0 omega2.ED50
omega2.E0   1         0          
omega2.ED50 0         1          
----------------------------------------------------
---------------  Statistical criteria  -------------
----------------------------------------------------
Likelihood computed by linearisation
      -2LL= 4956.517 
      AIC = 4972.517 
      BIC = 4993.359 

Likelihood computed by importance sampling
      -2LL= 4966.8 
      AIC = 4982.8 
      BIC = 5003.642 
----------------------------------------------------
----------------------------------------------------
-----------------  Fixed effects  ------------------
----------------------------------------------------
         Parameter Estimate     SE CV(%) p-value
1               E0    98.45  2.055  2.09       -
2             Imax     0.72  0.030  4.12       -
3             ED50   512.62 41.165  8.03       -
4 beta_group(ED50)    -0.33  0.089 26.82 0.00019
5            gamma     1.84  0.188 10.22       -
6              b.1     0.21  0.007  3.31       -
----------------------------------------------------
-----------  Variance of random effects  -----------
----------------------------------------------------
       Parameter Estimate     SE  CV(%)
E0     omega2.E0   0.0032 0.0033 105.77
ED50 omega2.ED50   0.1410 0.0302  21.41
----------------------------------------------------
------  Correlation matrix of random effects  ------
----------------------------------------------------
            omega2.E0 omega2.ED50
omega2.E0   1.00      0.00       
omega2.ED50 0.00      1.00       
----------------------------------------------------
---------------  Statistical criteria  -------------
----------------------------------------------------
Likelihood computed by linearisation
      -2LL= 4956.517 
      AIC = 4972.517 
      BIC = 4993.359 

Likelihood computed by importance sampling
      -2LL= 4966.8 
      AIC = 4982.8 
      BIC = 5003.642 
----------------------------------------------------
Reading data from file /home/eco/work/saemix/saemixextension/simulationSuite/cont/imaxRichProp/data/data_pdimax49.tab 
These are the first lines of the dataset as read into R. Please check the format of the data is appropriate, if not, modify the na and/or sep items and retry:
  id dose       eff group
1  1    0 116.12294     0
2  1  200 129.15721     0
3  1  400  70.21543     0
4  1  500  68.87755     0
5  1  700  55.78002     0
6  1 1000  52.14785     0


The following SaemixData object was successfully created:

Object of class SaemixData
    longitudinal data for use with the SAEM algorithm
Dataset /home/eco/work/saemix/saemixextension/simulationSuite/cont/imaxRichProp/data/data_pdimax49.tab 
    Structured data: eff ~ dose | id 
    Predictor: dose (-) 
    covariates: group (-) 
      reference class for covariate group :  0 
Nonlinear mixed-effects model fit by the SAEM algorithm
-----------------------------------
----          Data             ----
-----------------------------------
Object of class SaemixData
    longitudinal data for use with the SAEM algorithm
Dataset /home/eco/work/saemix/saemixextension/simulationSuite/cont/imaxRichProp/data/data_pdimax49.tab 
    Structured data: eff ~ dose | id 
    Predictor: dose (-) 
    covariates: group (-) 
      reference class for covariate group :  0 
Dataset characteristics:
    number of subjects:     100 
    number of observations: 600 
    average/min/max nb obs: 6.00  /  6  /  6 
First 10 lines of data:
   id dose       eff group mdv cens occ ytype
1   1    0 116.12294     0   0    0   1     1
2   1  200 129.15721     0   0    0   1     1
3   1  400  70.21543     0   0    0   1     1
4   1  500  68.87755     0   0    0   1     1
5   1  700  55.78002     0   0    0   1     1
6   1 1000  52.14785     0   0    0   1     1
7   2    0  59.23795     0   0    0   1     1
8   2  200 105.87758     0   0    0   1     1
9   2  400  55.05359     0   0    0   1     1
10  2  500  42.92579     0   0    0   1     1
-----------------------------------
----          Model            ----
-----------------------------------
Nonlinear mixed-effects model
  Model function:  PD Imax model
  Model type:  structural
function (psi, id, xidep) 
{
    dose <- xidep[, 1]
    e0 <- psi[id, 1]
    imax <- psi[id, 2]
    ed50 <- psi[id, 3]
    gamma <- psi[id, 4]
    f <- e0 * (1 - imax * (dose^gamma)/((ed50^gamma) + (dose^gamma)))
    return(f)
}
<bytecode: 0x5634e2004478>
  Nb of parameters: 4 
      parameter names:  E0 Imax ED50 gamma 
      distribution:
     Parameter Distribution Estimated
[1,] E0        log-normal   Estimated
[2,] Imax      log-normal   Estimated
[3,] ED50      log-normal   Estimated
[4,] gamma     log-normal   Estimated
  Variance-covariance matrix:
      E0 Imax ED50 gamma
E0     1    0    0     0
Imax   0    0    0     0
ED50   0    0    1     0
gamma  0    0    0     0
  Error model: proportional , initial values: b.1=0.2 
  Covariate model:
      [,1] [,2] [,3] [,4]
group    0    0    1    0
    Initial values
              E0 Imax ED50 gamma
Pop.CondInit 100  0.7  500     2
Cov.CondInit   0  0.0    0     0
-----------------------------------
----    Key algorithm options  ----
-----------------------------------
    Estimation of individual parameters (MAP)
    Estimation of standard errors and linearised log-likelihood
    Estimation of log-likelihood by importance sampling
    Number of iterations:  K1=300, K2=100 
    Number of chains:  1 
    Seed:  6424598 
    Number of MCMC iterations for IS:  5000 
    Simulations:
        nb of simulated datasets used for npde:  1000 
        nb of simulated datasets used for VPC:  100 
    Input/output
        save the results to a file:  FALSE 
        save the graphs to files:  FALSE 
----------------------------------------------------
----                  Results                   ----
----------------------------------------------------
-----------------  Fixed effects  ------------------
----------------------------------------------------
     Parameter        Estimate SE      CV(%) p-value
[1,] E0               100.61    2.2571  2.2  -      
[2,] Imax               0.74    0.0305  4.1  -      
[3,] ED50             497.31   28.6582  5.8  -      
[4,] beta_group(ED50)  -0.46    0.0520 11.2  0      
[5,] gamma              1.85    0.1885 10.2  -      
[6,] b.1                0.20    0.0066  3.2  -      
----------------------------------------------------
-----------  Variance of random effects  -----------
----------------------------------------------------
     Parameter   Estimate SE     CV(%)
E0   omega2.E0   0.01079  0.0031   29 
ED50 omega2.ED50 0.00075  0.0117 1547 
----------------------------------------------------
------  Correlation matrix of random effects  ------
----------------------------------------------------
            omega2.E0 omega2.ED50
omega2.E0   1         0          
omega2.ED50 0         1          
----------------------------------------------------
---------------  Statistical criteria  -------------
----------------------------------------------------
Likelihood computed by linearisation
      -2LL= 4815.309 
      AIC = 4831.309 
      BIC = 4852.15 

Likelihood computed by importance sampling
      -2LL= 4823.909 
      AIC = 4839.909 
      BIC = 4860.75 
----------------------------------------------------
----------------------------------------------------
-----------------  Fixed effects  ------------------
----------------------------------------------------
         Parameter Estimate      SE CV(%) p-value
1               E0   100.61  2.2571  2.24       -
2             Imax     0.74  0.0305  4.13       -
3             ED50   497.31 28.6582  5.76       -
4 beta_group(ED50)    -0.46  0.0520 11.23    0.00
5            gamma     1.85  0.1885 10.17       -
6              b.1     0.20  0.0066  3.25       -
----------------------------------------------------
-----------  Variance of random effects  -----------
----------------------------------------------------
       Parameter Estimate     SE   CV(%)
E0     omega2.E0  0.01079 0.0031   28.77
ED50 omega2.ED50  0.00075 0.0117 1547.37
----------------------------------------------------
------  Correlation matrix of random effects  ------
----------------------------------------------------
            omega2.E0 omega2.ED50
omega2.E0   1.00      0.00       
omega2.ED50 0.00      1.00       
----------------------------------------------------
---------------  Statistical criteria  -------------
----------------------------------------------------
Likelihood computed by linearisation
      -2LL= 4815.309 
      AIC = 4831.309 
      BIC = 4852.15 

Likelihood computed by importance sampling
      -2LL= 4823.909 
      AIC = 4839.909 
      BIC = 4860.75 
----------------------------------------------------
Reading data from file /home/eco/work/saemix/saemixextension/simulationSuite/cont/imaxRichProp/data/data_pdimax50.tab 
These are the first lines of the dataset as read into R. Please check the format of the data is appropriate, if not, modify the na and/or sep items and retry:
  id dose       eff group
1  1    0 165.49548     0
2  1  200  99.21804     0
3  1  400 139.72761     0
4  1  500 116.34052     0
5  1  700  78.92378     0
6  1 1000  56.35527     0


The following SaemixData object was successfully created:

Object of class SaemixData
    longitudinal data for use with the SAEM algorithm
Dataset /home/eco/work/saemix/saemixextension/simulationSuite/cont/imaxRichProp/data/data_pdimax50.tab 
    Structured data: eff ~ dose | id 
    Predictor: dose (-) 
    covariates: group (-) 
      reference class for covariate group :  0 
Nonlinear mixed-effects model fit by the SAEM algorithm
-----------------------------------
----          Data             ----
-----------------------------------
Object of class SaemixData
    longitudinal data for use with the SAEM algorithm
Dataset /home/eco/work/saemix/saemixextension/simulationSuite/cont/imaxRichProp/data/data_pdimax50.tab 
    Structured data: eff ~ dose | id 
    Predictor: dose (-) 
    covariates: group (-) 
      reference class for covariate group :  0 
Dataset characteristics:
    number of subjects:     100 
    number of observations: 600 
    average/min/max nb obs: 6.00  /  6  /  6 
First 10 lines of data:
   id dose       eff group mdv cens occ ytype
1   1    0 165.49548     0   0    0   1     1
2   1  200  99.21804     0   0    0   1     1
3   1  400 139.72761     0   0    0   1     1
4   1  500 116.34052     0   0    0   1     1
5   1  700  78.92378     0   0    0   1     1
6   1 1000  56.35527     0   0    0   1     1
7   2    0  91.63407     0   0    0   1     1
8   2  200  65.69517     0   0    0   1     1
9   2  400  48.36494     0   0    0   1     1
10  2  500  49.92113     0   0    0   1     1
-----------------------------------
----          Model            ----
-----------------------------------
Nonlinear mixed-effects model
  Model function:  PD Imax model
  Model type:  structural
function (psi, id, xidep) 
{
    dose <- xidep[, 1]
    e0 <- psi[id, 1]
    imax <- psi[id, 2]
    ed50 <- psi[id, 3]
    gamma <- psi[id, 4]
    f <- e0 * (1 - imax * (dose^gamma)/((ed50^gamma) + (dose^gamma)))
    return(f)
}
<bytecode: 0x5634e2004478>
  Nb of parameters: 4 
      parameter names:  E0 Imax ED50 gamma 
      distribution:
     Parameter Distribution Estimated
[1,] E0        log-normal   Estimated
[2,] Imax      log-normal   Estimated
[3,] ED50      log-normal   Estimated
[4,] gamma     log-normal   Estimated
  Variance-covariance matrix:
      E0 Imax ED50 gamma
E0     1    0    0     0
Imax   0    0    0     0
ED50   0    0    1     0
gamma  0    0    0     0
  Error model: proportional , initial values: b.1=0.2 
  Covariate model:
      [,1] [,2] [,3] [,4]
group    0    0    1    0
    Initial values
              E0 Imax ED50 gamma
Pop.CondInit 100  0.7  500     2
Cov.CondInit   0  0.0    0     0
-----------------------------------
----    Key algorithm options  ----
-----------------------------------
    Estimation of individual parameters (MAP)
    Estimation of standard errors and linearised log-likelihood
    Estimation of log-likelihood by importance sampling
    Number of iterations:  K1=300, K2=100 
    Number of chains:  1 
    Seed:  6424598 
    Number of MCMC iterations for IS:  5000 
    Simulations:
        nb of simulated datasets used for npde:  1000 
        nb of simulated datasets used for VPC:  100 
    Input/output
        save the results to a file:  FALSE 
        save the graphs to files:  FALSE 
----------------------------------------------------
----                  Results                   ----
----------------------------------------------------
-----------------  Fixed effects  ------------------
----------------------------------------------------
     Parameter        Estimate SE      CV(%) p-value
[1,] E0                99.90    2.2510  2.3  -      
[2,] Imax               0.77    0.0414  5.4  -      
[3,] ED50             583.15   51.5202  8.8  -      
[4,] beta_group(ED50)  -0.49    0.0796 16.3  4.4e-10
[5,] gamma              1.58    0.1709 10.8  -      
[6,] b.1                0.20    0.0067  3.3  -      
----------------------------------------------------
-----------  Variance of random effects  -----------
----------------------------------------------------
     Parameter   Estimate SE    CV(%)
E0   omega2.E0   0.012    0.004 34   
ED50 omega2.ED50 0.076    0.024 31   
----------------------------------------------------
------  Correlation matrix of random effects  ------
----------------------------------------------------
            omega2.E0 omega2.ED50
omega2.E0   1         0          
omega2.ED50 0         1          
----------------------------------------------------
---------------  Statistical criteria  -------------
----------------------------------------------------
Likelihood computed by linearisation
      -2LL= 4917.235 
      AIC = 4933.235 
      BIC = 4954.076 

Likelihood computed by importance sampling
      -2LL= 4924.938 
      AIC = 4940.938 
      BIC = 4961.78 
----------------------------------------------------
----------------------------------------------------
-----------------  Fixed effects  ------------------
----------------------------------------------------
         Parameter Estimate      SE CV(%) p-value
1               E0    99.90  2.2510  2.25       -
2             Imax     0.77  0.0414  5.37       -
3             ED50   583.15 51.5202  8.83       -
4 beta_group(ED50)    -0.49  0.0796 16.31 8.8e-10
5            gamma     1.58  0.1709 10.84       -
6              b.1     0.20  0.0067  3.31       -
----------------------------------------------------
-----------  Variance of random effects  -----------
----------------------------------------------------
       Parameter Estimate    SE CV(%)
E0     omega2.E0    0.012 0.004 33.92
ED50 omega2.ED50    0.076 0.024 30.95
----------------------------------------------------
------  Correlation matrix of random effects  ------
----------------------------------------------------
            omega2.E0 omega2.ED50
omega2.E0   1.00      0.00       
omega2.ED50 0.00      1.00       
----------------------------------------------------
---------------  Statistical criteria  -------------
----------------------------------------------------
Likelihood computed by linearisation
      -2LL= 4917.235 
      AIC = 4933.235 
      BIC = 4954.076 

Likelihood computed by importance sampling
      -2LL= 4924.938 
      AIC = 4940.938 
      BIC = 4961.78 
----------------------------------------------------
Reading data from file /home/eco/work/saemix/saemixextension/simulationSuite/cont/imaxRichProp/data/data_pdimax51.tab 
These are the first lines of the dataset as read into R. Please check the format of the data is appropriate, if not, modify the na and/or sep items and retry:
  id dose       eff group
1  1    0  74.93416     0
2  1  200 110.96080     0
3  1  400  94.81974     0
4  1  500  44.86994     0
5  1  700  64.42298     0
6  1 1000  43.77227     0


The following SaemixData object was successfully created:

Object of class SaemixData
    longitudinal data for use with the SAEM algorithm
Dataset /home/eco/work/saemix/saemixextension/simulationSuite/cont/imaxRichProp/data/data_pdimax51.tab 
    Structured data: eff ~ dose | id 
    Predictor: dose (-) 
    covariates: group (-) 
      reference class for covariate group :  0 
Nonlinear mixed-effects model fit by the SAEM algorithm
-----------------------------------
----          Data             ----
-----------------------------------
Object of class SaemixData
    longitudinal data for use with the SAEM algorithm
Dataset /home/eco/work/saemix/saemixextension/simulationSuite/cont/imaxRichProp/data/data_pdimax51.tab 
    Structured data: eff ~ dose | id 
    Predictor: dose (-) 
    covariates: group (-) 
      reference class for covariate group :  0 
Dataset characteristics:
    number of subjects:     100 
    number of observations: 600 
    average/min/max nb obs: 6.00  /  6  /  6 
First 10 lines of data:
   id dose       eff group mdv cens occ ytype
1   1    0  74.93416     0   0    0   1     1
2   1  200 110.96080     0   0    0   1     1
3   1  400  94.81974     0   0    0   1     1
4   1  500  44.86994     0   0    0   1     1
5   1  700  64.42298     0   0    0   1     1
6   1 1000  43.77227     0   0    0   1     1
7   2    0  68.15423     0   0    0   1     1
8   2  200  68.08340     0   0    0   1     1
9   2  400  50.85978     0   0    0   1     1
10  2  500  53.01964     0   0    0   1     1
-----------------------------------
----          Model            ----
-----------------------------------
Nonlinear mixed-effects model
  Model function:  PD Imax model
  Model type:  structural
function (psi, id, xidep) 
{
    dose <- xidep[, 1]
    e0 <- psi[id, 1]
    imax <- psi[id, 2]
    ed50 <- psi[id, 3]
    gamma <- psi[id, 4]
    f <- e0 * (1 - imax * (dose^gamma)/((ed50^gamma) + (dose^gamma)))
    return(f)
}
<bytecode: 0x5634e2004478>
  Nb of parameters: 4 
      parameter names:  E0 Imax ED50 gamma 
      distribution:
     Parameter Distribution Estimated
[1,] E0        log-normal   Estimated
[2,] Imax      log-normal   Estimated
[3,] ED50      log-normal   Estimated
[4,] gamma     log-normal   Estimated
  Variance-covariance matrix:
      E0 Imax ED50 gamma
E0     1    0    0     0
Imax   0    0    0     0
ED50   0    0    1     0
gamma  0    0    0     0
  Error model: proportional , initial values: b.1=0.2 
  Covariate model:
      [,1] [,2] [,3] [,4]
group    0    0    1    0
    Initial values
              E0 Imax ED50 gamma
Pop.CondInit 100  0.7  500     2
Cov.CondInit   0  0.0    0     0
-----------------------------------
----    Key algorithm options  ----
-----------------------------------
    Estimation of individual parameters (MAP)
    Estimation of standard errors and linearised log-likelihood
    Estimation of log-likelihood by importance sampling
    Number of iterations:  K1=300, K2=100 
    Number of chains:  1 
    Seed:  6424598 
    Number of MCMC iterations for IS:  5000 
    Simulations:
        nb of simulated datasets used for npde:  1000 
        nb of simulated datasets used for VPC:  100 
    Input/output
        save the results to a file:  FALSE 
        save the graphs to files:  FALSE 
----------------------------------------------------
----                  Results                   ----
----------------------------------------------------
-----------------  Fixed effects  ------------------
----------------------------------------------------
     Parameter        Estimate SE      CV(%) p-value
[1,] E0               102.53    2.1546  2.1  -      
[2,] Imax               0.75    0.0298  4.0  -      
[3,] ED50             502.19   41.0682  8.2  -      
[4,] beta_group(ED50)  -0.45    0.0887 19.6  1.8e-07
[5,] gamma              1.62    0.1575  9.7  -      
[6,] b.1                0.20    0.0067  3.3  -      
----------------------------------------------------
-----------  Variance of random effects  -----------
----------------------------------------------------
     Parameter   Estimate SE     CV(%)
E0   omega2.E0   0.0055   0.0035 64   
ED50 omega2.ED50 0.1300   0.0297 23   
----------------------------------------------------
------  Correlation matrix of random effects  ------
----------------------------------------------------
            omega2.E0 omega2.ED50
omega2.E0   1         0          
omega2.ED50 0         1          
----------------------------------------------------
---------------  Statistical criteria  -------------
----------------------------------------------------
Likelihood computed by linearisation
      -2LL= 4909.363 
      AIC = 4925.363 
      BIC = 4946.204 

Likelihood computed by importance sampling
      -2LL= 4918.942 
      AIC = 4934.942 
      BIC = 4955.783 
----------------------------------------------------
----------------------------------------------------
-----------------  Fixed effects  ------------------
----------------------------------------------------
         Parameter Estimate      SE CV(%) p-value
1               E0   102.53  2.1546  2.10       -
2             Imax     0.75  0.0298  3.97       -
3             ED50   502.19 41.0682  8.18       -
4 beta_group(ED50)    -0.45  0.0887 19.63 3.5e-07
5            gamma     1.62  0.1575  9.73       -
6              b.1     0.20  0.0067  3.31       -
----------------------------------------------------
-----------  Variance of random effects  -----------
----------------------------------------------------
       Parameter Estimate     SE CV(%)
E0     omega2.E0   0.0055 0.0035 64.14
ED50 omega2.ED50   0.1300 0.0297 22.88
----------------------------------------------------
------  Correlation matrix of random effects  ------
----------------------------------------------------
            omega2.E0 omega2.ED50
omega2.E0   1.00      0.00       
omega2.ED50 0.00      1.00       
----------------------------------------------------
---------------  Statistical criteria  -------------
----------------------------------------------------
Likelihood computed by linearisation
      -2LL= 4909.363 
      AIC = 4925.363 
      BIC = 4946.204 

Likelihood computed by importance sampling
      -2LL= 4918.942 
      AIC = 4934.942 
      BIC = 4955.783 
----------------------------------------------------
Reading data from file /home/eco/work/saemix/saemixextension/simulationSuite/cont/imaxRichProp/data/data_pdimax52.tab 
These are the first lines of the dataset as read into R. Please check the format of the data is appropriate, if not, modify the na and/or sep items and retry:
  id dose      eff group
1  1    0 94.17635     0
2  1  200 58.55390     0
3  1  400 97.97799     0
4  1  500 67.28757     0
5  1  700 63.76527     0
6  1 1000 40.39573     0


The following SaemixData object was successfully created:

Object of class SaemixData
    longitudinal data for use with the SAEM algorithm
Dataset /home/eco/work/saemix/saemixextension/simulationSuite/cont/imaxRichProp/data/data_pdimax52.tab 
    Structured data: eff ~ dose | id 
    Predictor: dose (-) 
    covariates: group (-) 
      reference class for covariate group :  0 
Nonlinear mixed-effects model fit by the SAEM algorithm
-----------------------------------
----          Data             ----
-----------------------------------
Object of class SaemixData
    longitudinal data for use with the SAEM algorithm
Dataset /home/eco/work/saemix/saemixextension/simulationSuite/cont/imaxRichProp/data/data_pdimax52.tab 
    Structured data: eff ~ dose | id 
    Predictor: dose (-) 
    covariates: group (-) 
      reference class for covariate group :  0 
Dataset characteristics:
    number of subjects:     100 
    number of observations: 600 
    average/min/max nb obs: 6.00  /  6  /  6 
First 10 lines of data:
   id dose       eff group mdv cens occ ytype
1   1    0  94.17635     0   0    0   1     1
2   1  200  58.55390     0   0    0   1     1
3   1  400  97.97799     0   0    0   1     1
4   1  500  67.28757     0   0    0   1     1
5   1  700  63.76527     0   0    0   1     1
6   1 1000  40.39573     0   0    0   1     1
7   2    0 130.08942     0   0    0   1     1
8   2  200  80.86615     0   0    0   1     1
9   2  400  98.58641     0   0    0   1     1
10  2  500  63.23780     0   0    0   1     1
-----------------------------------
----          Model            ----
-----------------------------------
Nonlinear mixed-effects model
  Model function:  PD Imax model
  Model type:  structural
function (psi, id, xidep) 
{
    dose <- xidep[, 1]
    e0 <- psi[id, 1]
    imax <- psi[id, 2]
    ed50 <- psi[id, 3]
    gamma <- psi[id, 4]
    f <- e0 * (1 - imax * (dose^gamma)/((ed50^gamma) + (dose^gamma)))
    return(f)
}
<bytecode: 0x5634e2004478>
  Nb of parameters: 4 
      parameter names:  E0 Imax ED50 gamma 
      distribution:
     Parameter Distribution Estimated
[1,] E0        log-normal   Estimated
[2,] Imax      log-normal   Estimated
[3,] ED50      log-normal   Estimated
[4,] gamma     log-normal   Estimated
  Variance-covariance matrix:
      E0 Imax ED50 gamma
E0     1    0    0     0
Imax   0    0    0     0
ED50   0    0    1     0
gamma  0    0    0     0
  Error model: proportional , initial values: b.1=0.2 
  Covariate model:
      [,1] [,2] [,3] [,4]
group    0    0    1    0
    Initial values
              E0 Imax ED50 gamma
Pop.CondInit 100  0.7  500     2
Cov.CondInit   0  0.0    0     0
-----------------------------------
----    Key algorithm options  ----
-----------------------------------
    Estimation of individual parameters (MAP)
    Estimation of standard errors and linearised log-likelihood
    Estimation of log-likelihood by importance sampling
    Number of iterations:  K1=300, K2=100 
    Number of chains:  1 
    Seed:  6424598 
    Number of MCMC iterations for IS:  5000 
    Simulations:
        nb of simulated datasets used for npde:  1000 
        nb of simulated datasets used for VPC:  100 
    Input/output
        save the results to a file:  FALSE 
        save the graphs to files:  FALSE 
----------------------------------------------------
----                  Results                   ----
----------------------------------------------------
-----------------  Fixed effects  ------------------
----------------------------------------------------
     Parameter        Estimate SE      CV(%) p-value
[1,] E0                98.47    2.1892  2.2  -      
[2,] Imax               0.70    0.0244  3.5  -      
[3,] ED50             501.66   35.4050  7.1  -      
[4,] beta_group(ED50)  -0.53    0.0845 15.9  1.7e-10
[5,] gamma              1.92    0.1828  9.5  -      
[6,] b.1                0.20    0.0066  3.3  -      
----------------------------------------------------
-----------  Variance of random effects  -----------
----------------------------------------------------
     Parameter   Estimate SE     CV(%)
E0   omega2.E0   0.013    0.0042 32   
ED50 omega2.ED50 0.095    0.0267 28   
----------------------------------------------------
------  Correlation matrix of random effects  ------
----------------------------------------------------
            omega2.E0 omega2.ED50
omega2.E0   1         0          
omega2.ED50 0         1          
----------------------------------------------------
---------------  Statistical criteria  -------------
----------------------------------------------------
Likelihood computed by linearisation
      -2LL= 4881.496 
      AIC = 4897.496 
      BIC = 4918.338 

Likelihood computed by importance sampling
      -2LL= 4890.107 
      AIC = 4906.107 
      BIC = 4926.949 
----------------------------------------------------
----------------------------------------------------
-----------------  Fixed effects  ------------------
----------------------------------------------------
         Parameter Estimate      SE CV(%) p-value
1               E0    98.47  2.1892  2.22       -
2             Imax     0.70  0.0244  3.49       -
3             ED50   501.66 35.4050  7.06       -
4 beta_group(ED50)    -0.53  0.0845 15.93 3.5e-10
5            gamma     1.92  0.1828  9.53       -
6              b.1     0.20  0.0066  3.33       -
----------------------------------------------------
-----------  Variance of random effects  -----------
----------------------------------------------------
       Parameter Estimate     SE CV(%)
E0     omega2.E0    0.013 0.0042 31.76
ED50 omega2.ED50    0.095 0.0267 27.99
----------------------------------------------------
------  Correlation matrix of random effects  ------
----------------------------------------------------
            omega2.E0 omega2.ED50
omega2.E0   1.00      0.00       
omega2.ED50 0.00      1.00       
----------------------------------------------------
---------------  Statistical criteria  -------------
----------------------------------------------------
Likelihood computed by linearisation
      -2LL= 4881.496 
      AIC = 4897.496 
      BIC = 4918.338 

Likelihood computed by importance sampling
      -2LL= 4890.107 
      AIC = 4906.107 
      BIC = 4926.949 
----------------------------------------------------
Reading data from file /home/eco/work/saemix/saemixextension/simulationSuite/cont/imaxRichProp/data/data_pdimax53.tab 
These are the first lines of the dataset as read into R. Please check the format of the data is appropriate, if not, modify the na and/or sep items and retry:
  id dose      eff group
1  1    0 80.05109     0
2  1  200 92.94825     0
3  1  400 66.90653     0
4  1  500 59.60231     0
5  1  700 27.55387     0
6  1 1000 46.56366     0


The following SaemixData object was successfully created:

Object of class SaemixData
    longitudinal data for use with the SAEM algorithm
Dataset /home/eco/work/saemix/saemixextension/simulationSuite/cont/imaxRichProp/data/data_pdimax53.tab 
    Structured data: eff ~ dose | id 
    Predictor: dose (-) 
    covariates: group (-) 
      reference class for covariate group :  0 
Nonlinear mixed-effects model fit by the SAEM algorithm
-----------------------------------
----          Data             ----
-----------------------------------
Object of class SaemixData
    longitudinal data for use with the SAEM algorithm
Dataset /home/eco/work/saemix/saemixextension/simulationSuite/cont/imaxRichProp/data/data_pdimax53.tab 
    Structured data: eff ~ dose | id 
    Predictor: dose (-) 
    covariates: group (-) 
      reference class for covariate group :  0 
Dataset characteristics:
    number of subjects:     100 
    number of observations: 600 
    average/min/max nb obs: 6.00  /  6  /  6 
First 10 lines of data:
   id dose       eff group mdv cens occ ytype
1   1    0  80.05109     0   0    0   1     1
2   1  200  92.94825     0   0    0   1     1
3   1  400  66.90653     0   0    0   1     1
4   1  500  59.60231     0   0    0   1     1
5   1  700  27.55387     0   0    0   1     1
6   1 1000  46.56366     0   0    0   1     1
7   2    0 105.88667     0   0    0   1     1
8   2  200 118.69387     0   0    0   1     1
9   2  400  35.78054     0   0    0   1     1
10  2  500  68.26239     0   0    0   1     1
-----------------------------------
----          Model            ----
-----------------------------------
Nonlinear mixed-effects model
  Model function:  PD Imax model
  Model type:  structural
function (psi, id, xidep) 
{
    dose <- xidep[, 1]
    e0 <- psi[id, 1]
    imax <- psi[id, 2]
    ed50 <- psi[id, 3]
    gamma <- psi[id, 4]
    f <- e0 * (1 - imax * (dose^gamma)/((ed50^gamma) + (dose^gamma)))
    return(f)
}
<bytecode: 0x5634e2004478>
  Nb of parameters: 4 
      parameter names:  E0 Imax ED50 gamma 
      distribution:
     Parameter Distribution Estimated
[1,] E0        log-normal   Estimated
[2,] Imax      log-normal   Estimated
[3,] ED50      log-normal   Estimated
[4,] gamma     log-normal   Estimated
  Variance-covariance matrix:
      E0 Imax ED50 gamma
E0     1    0    0     0
Imax   0    0    0     0
ED50   0    0    1     0
gamma  0    0    0     0
  Error model: proportional , initial values: b.1=0.2 
  Covariate model:
      [,1] [,2] [,3] [,4]
group    0    0    1    0
    Initial values
              E0 Imax ED50 gamma
Pop.CondInit 100  0.7  500     2
Cov.CondInit   0  0.0    0     0
-----------------------------------
----    Key algorithm options  ----
-----------------------------------
    Estimation of individual parameters (MAP)
    Estimation of standard errors and linearised log-likelihood
    Estimation of log-likelihood by importance sampling
    Number of iterations:  K1=300, K2=100 
    Number of chains:  1 
    Seed:  6424598 
    Number of MCMC iterations for IS:  5000 
    Simulations:
        nb of simulated datasets used for npde:  1000 
        nb of simulated datasets used for VPC:  100 
    Input/output
        save the results to a file:  FALSE 
        save the graphs to files:  FALSE 
----------------------------------------------------
----                  Results                   ----
----------------------------------------------------
-----------------  Fixed effects  ------------------
----------------------------------------------------
     Parameter        Estimate SE     CV(%) p-value
[1,] E0               102.41    2.371  2.3  -      
[2,] Imax               0.76    0.037  4.8  -      
[3,] ED50             485.21   40.050  8.3  -      
[4,] beta_group(ED50)  -0.43    0.078 18.0  1.5e-08
[5,] gamma              1.60    0.177 11.0  -      
[6,] b.1                0.21    0.007  3.3  -      
----------------------------------------------------
-----------  Variance of random effects  -----------
----------------------------------------------------
     Parameter   Estimate SE    CV(%)
E0   omega2.E0   0.0099   0.004 40   
ED50 omega2.ED50 0.0721   0.024 33   
----------------------------------------------------
------  Correlation matrix of random effects  ------
----------------------------------------------------
            omega2.E0 omega2.ED50
omega2.E0   1         0          
omega2.ED50 0         1          
----------------------------------------------------
---------------  Statistical criteria  -------------
----------------------------------------------------
Likelihood computed by linearisation
      -2LL= 4933.041 
      AIC = 4949.041 
      BIC = 4969.882 

Likelihood computed by importance sampling
      -2LL= 4945.028 
      AIC = 4961.028 
      BIC = 4981.869 
----------------------------------------------------
----------------------------------------------------
-----------------  Fixed effects  ------------------
----------------------------------------------------
         Parameter Estimate     SE CV(%) p-value
1               E0   102.41  2.371  2.31       -
2             Imax     0.76  0.037  4.84       -
3             ED50   485.21 40.050  8.25       -
4 beta_group(ED50)    -0.43  0.078 18.03 2.9e-08
5            gamma     1.60  0.177 11.04       -
6              b.1     0.21  0.007  3.29       -
----------------------------------------------------
-----------  Variance of random effects  -----------
----------------------------------------------------
       Parameter Estimate    SE CV(%)
E0     omega2.E0   0.0099 0.004 40.46
ED50 omega2.ED50   0.0721 0.024 33.14
----------------------------------------------------
------  Correlation matrix of random effects  ------
----------------------------------------------------
            omega2.E0 omega2.ED50
omega2.E0   1.00      0.00       
omega2.ED50 0.00      1.00       
----------------------------------------------------
---------------  Statistical criteria  -------------
----------------------------------------------------
Likelihood computed by linearisation
      -2LL= 4933.041 
      AIC = 4949.041 
      BIC = 4969.882 

Likelihood computed by importance sampling
      -2LL= 4945.028 
      AIC = 4961.028 
      BIC = 4981.869 
----------------------------------------------------
Reading data from file /home/eco/work/saemix/saemixextension/simulationSuite/cont/imaxRichProp/data/data_pdimax54.tab 
These are the first lines of the dataset as read into R. Please check the format of the data is appropriate, if not, modify the na and/or sep items and retry:
  id dose       eff group
1  1    0 105.97415     0
2  1  200 114.44593     0
3  1  400  76.86837     0
4  1  500  50.66750     0
5  1  700  50.67449     0
6  1 1000  58.12100     0


The following SaemixData object was successfully created:

Object of class SaemixData
    longitudinal data for use with the SAEM algorithm
Dataset /home/eco/work/saemix/saemixextension/simulationSuite/cont/imaxRichProp/data/data_pdimax54.tab 
    Structured data: eff ~ dose | id 
    Predictor: dose (-) 
    covariates: group (-) 
      reference class for covariate group :  0 
Nonlinear mixed-effects model fit by the SAEM algorithm
-----------------------------------
----          Data             ----
-----------------------------------
Object of class SaemixData
    longitudinal data for use with the SAEM algorithm
Dataset /home/eco/work/saemix/saemixextension/simulationSuite/cont/imaxRichProp/data/data_pdimax54.tab 
    Structured data: eff ~ dose | id 
    Predictor: dose (-) 
    covariates: group (-) 
      reference class for covariate group :  0 
Dataset characteristics:
    number of subjects:     100 
    number of observations: 600 
    average/min/max nb obs: 6.00  /  6  /  6 
First 10 lines of data:
   id dose       eff group mdv cens occ ytype
1   1    0 105.97415     0   0    0   1     1
2   1  200 114.44593     0   0    0   1     1
3   1  400  76.86837     0   0    0   1     1
4   1  500  50.66750     0   0    0   1     1
5   1  700  50.67449     0   0    0   1     1
6   1 1000  58.12100     0   0    0   1     1
7   2    0 123.98282     0   0    0   1     1
8   2  200  83.70961     0   0    0   1     1
9   2  400  59.77385     0   0    0   1     1
10  2  500  55.80311     0   0    0   1     1
-----------------------------------
----          Model            ----
-----------------------------------
Nonlinear mixed-effects model
  Model function:  PD Imax model
  Model type:  structural
function (psi, id, xidep) 
{
    dose <- xidep[, 1]
    e0 <- psi[id, 1]
    imax <- psi[id, 2]
    ed50 <- psi[id, 3]
    gamma <- psi[id, 4]
    f <- e0 * (1 - imax * (dose^gamma)/((ed50^gamma) + (dose^gamma)))
    return(f)
}
<bytecode: 0x5634e2004478>
  Nb of parameters: 4 
      parameter names:  E0 Imax ED50 gamma 
      distribution:
     Parameter Distribution Estimated
[1,] E0        log-normal   Estimated
[2,] Imax      log-normal   Estimated
[3,] ED50      log-normal   Estimated
[4,] gamma     log-normal   Estimated
  Variance-covariance matrix:
      E0 Imax ED50 gamma
E0     1    0    0     0
Imax   0    0    0     0
ED50   0    0    1     0
gamma  0    0    0     0
  Error model: proportional , initial values: b.1=0.2 
  Covariate model:
      [,1] [,2] [,3] [,4]
group    0    0    1    0
    Initial values
              E0 Imax ED50 gamma
Pop.CondInit 100  0.7  500     2
Cov.CondInit   0  0.0    0     0
-----------------------------------
----    Key algorithm options  ----
-----------------------------------
    Estimation of individual parameters (MAP)
    Estimation of standard errors and linearised log-likelihood
    Estimation of log-likelihood by importance sampling
    Number of iterations:  K1=300, K2=100 
    Number of chains:  1 
    Seed:  6424598 
    Number of MCMC iterations for IS:  5000 
    Simulations:
        nb of simulated datasets used for npde:  1000 
        nb of simulated datasets used for VPC:  100 
    Input/output
        save the results to a file:  FALSE 
        save the graphs to files:  FALSE 
----------------------------------------------------
----                  Results                   ----
----------------------------------------------------
-----------------  Fixed effects  ------------------
----------------------------------------------------
     Parameter        Estimate SE      CV(%) p-value
[1,] E0               102.11    2.0466  2.0  -      
[2,] Imax               0.68    0.0212  3.1  -      
[3,] ED50             472.83   29.2783  6.2  -      
[4,] beta_group(ED50)  -0.44    0.0754 17.1  2.3e-09
[5,] gamma              2.08    0.1826  8.8  -      
[6,] b.1                0.18    0.0061  3.3  -      
----------------------------------------------------
-----------  Variance of random effects  -----------
----------------------------------------------------
     Parameter   Estimate SE     CV(%)
E0   omega2.E0   0.0098   0.0033 34   
ED50 omega2.ED50 0.0790   0.0213 27   
----------------------------------------------------
------  Correlation matrix of random effects  ------
----------------------------------------------------
            omega2.E0 omega2.ED50
omega2.E0   1         0          
omega2.ED50 0         1          
----------------------------------------------------
---------------  Statistical criteria  -------------
----------------------------------------------------
Likelihood computed by linearisation
      -2LL= 4820.356 
      AIC = 4836.356 
      BIC = 4857.197 

Likelihood computed by importance sampling
      -2LL= 4828.416 
      AIC = 4844.416 
      BIC = 4865.258 
----------------------------------------------------
----------------------------------------------------
-----------------  Fixed effects  ------------------
----------------------------------------------------
         Parameter Estimate      SE CV(%) p-value
1               E0   102.11  2.0466  2.00       -
2             Imax     0.68  0.0212  3.11       -
3             ED50   472.83 29.2783  6.19       -
4 beta_group(ED50)    -0.44  0.0754 17.05 4.5e-09
5            gamma     2.08  0.1826  8.79       -
6              b.1     0.18  0.0061  3.33       -
----------------------------------------------------
-----------  Variance of random effects  -----------
----------------------------------------------------
       Parameter Estimate     SE CV(%)
E0     omega2.E0   0.0098 0.0033 33.82
ED50 omega2.ED50   0.0790 0.0213 26.92
----------------------------------------------------
------  Correlation matrix of random effects  ------
----------------------------------------------------
            omega2.E0 omega2.ED50
omega2.E0   1.00      0.00       
omega2.ED50 0.00      1.00       
----------------------------------------------------
---------------  Statistical criteria  -------------
----------------------------------------------------
Likelihood computed by linearisation
      -2LL= 4820.356 
      AIC = 4836.356 
      BIC = 4857.197 

Likelihood computed by importance sampling
      -2LL= 4828.416 
      AIC = 4844.416 
      BIC = 4865.258 
----------------------------------------------------
Reading data from file /home/eco/work/saemix/saemixextension/simulationSuite/cont/imaxRichProp/data/data_pdimax55.tab 
These are the first lines of the dataset as read into R. Please check the format of the data is appropriate, if not, modify the na and/or sep items and retry:
  id dose       eff group
1  1    0  95.05882     0
2  1  200 104.87035     0
3  1  400  72.47315     0
4  1  500  82.55827     0
5  1  700  57.64358     0
6  1 1000  40.96454     0


The following SaemixData object was successfully created:

Object of class SaemixData
    longitudinal data for use with the SAEM algorithm
Dataset /home/eco/work/saemix/saemixextension/simulationSuite/cont/imaxRichProp/data/data_pdimax55.tab 
    Structured data: eff ~ dose | id 
    Predictor: dose (-) 
    covariates: group (-) 
      reference class for covariate group :  0 
Nonlinear mixed-effects model fit by the SAEM algorithm
-----------------------------------
----          Data             ----
-----------------------------------
Object of class SaemixData
    longitudinal data for use with the SAEM algorithm
Dataset /home/eco/work/saemix/saemixextension/simulationSuite/cont/imaxRichProp/data/data_pdimax55.tab 
    Structured data: eff ~ dose | id 
    Predictor: dose (-) 
    covariates: group (-) 
      reference class for covariate group :  0 
Dataset characteristics:
    number of subjects:     100 
    number of observations: 600 
    average/min/max nb obs: 6.00  /  6  /  6 
First 10 lines of data:
   id dose       eff group mdv cens occ ytype
1   1    0  95.05882     0   0    0   1     1
2   1  200 104.87035     0   0    0   1     1
3   1  400  72.47315     0   0    0   1     1
4   1  500  82.55827     0   0    0   1     1
5   1  700  57.64358     0   0    0   1     1
6   1 1000  40.96454     0   0    0   1     1
7   2    0  93.10911     0   0    0   1     1
8   2  200  65.90852     0   0    0   1     1
9   2  400  45.97137     0   0    0   1     1
10  2  500  61.47836     0   0    0   1     1
-----------------------------------
----          Model            ----
-----------------------------------
Nonlinear mixed-effects model
  Model function:  PD Imax model
  Model type:  structural
function (psi, id, xidep) 
{
    dose <- xidep[, 1]
    e0 <- psi[id, 1]
    imax <- psi[id, 2]
    ed50 <- psi[id, 3]
    gamma <- psi[id, 4]
    f <- e0 * (1 - imax * (dose^gamma)/((ed50^gamma) + (dose^gamma)))
    return(f)
}
<bytecode: 0x5634e2004478>
  Nb of parameters: 4 
      parameter names:  E0 Imax ED50 gamma 
      distribution:
     Parameter Distribution Estimated
[1,] E0        log-normal   Estimated
[2,] Imax      log-normal   Estimated
[3,] ED50      log-normal   Estimated
[4,] gamma     log-normal   Estimated
  Variance-covariance matrix:
      E0 Imax ED50 gamma
E0     1    0    0     0
Imax   0    0    0     0
ED50   0    0    1     0
gamma  0    0    0     0
  Error model: proportional , initial values: b.1=0.2 
  Covariate model:
      [,1] [,2] [,3] [,4]
group    0    0    1    0
    Initial values
              E0 Imax ED50 gamma
Pop.CondInit 100  0.7  500     2
Cov.CondInit   0  0.0    0     0
-----------------------------------
----    Key algorithm options  ----
-----------------------------------
    Estimation of individual parameters (MAP)
    Estimation of standard errors and linearised log-likelihood
    Estimation of log-likelihood by importance sampling
    Number of iterations:  K1=300, K2=100 
    Number of chains:  1 
    Seed:  6424598 
    Number of MCMC iterations for IS:  5000 
    Simulations:
        nb of simulated datasets used for npde:  1000 
        nb of simulated datasets used for VPC:  100 
    Input/output
        save the results to a file:  FALSE 
        save the graphs to files:  FALSE 
----------------------------------------------------
----                  Results                   ----
----------------------------------------------------
-----------------  Fixed effects  ------------------
----------------------------------------------------
     Parameter        Estimate SE      CV(%) p-value
[1,] E0                99.94    2.1429  2.1  -      
[2,] Imax               0.70    0.0252  3.6  -      
[3,] ED50             554.11   33.3434  6.0  -      
[4,] beta_group(ED50)  -0.52    0.0696 13.4  4.2e-14
[5,] gamma              2.13    0.2041  9.6  -      
[6,] b.1                0.20    0.0066  3.3  -      
----------------------------------------------------
-----------  Variance of random effects  -----------
----------------------------------------------------
     Parameter   Estimate SE     CV(%)
E0   omega2.E0   0.011    0.0036 33   
ED50 omega2.ED50 0.057    0.0183 32   
----------------------------------------------------
------  Correlation matrix of random effects  ------
----------------------------------------------------
            omega2.E0 omega2.ED50
omega2.E0   1         0          
omega2.ED50 0         1          
----------------------------------------------------
---------------  Statistical criteria  -------------
----------------------------------------------------
Likelihood computed by linearisation
      -2LL= 4908.645 
      AIC = 4924.645 
      BIC = 4945.487 

Likelihood computed by importance sampling
      -2LL= 4921.088 
      AIC = 4937.088 
      BIC = 4957.929 
----------------------------------------------------
----------------------------------------------------
-----------------  Fixed effects  ------------------
----------------------------------------------------
         Parameter Estimate      SE CV(%) p-value
1               E0    99.94  2.1429  2.14       -
2             Imax     0.70  0.0252  3.59       -
3             ED50   554.11 33.3434  6.02       -
4 beta_group(ED50)    -0.52  0.0696 13.40 8.5e-14
5            gamma     2.13  0.2041  9.60       -
6              b.1     0.20  0.0066  3.31       -
----------------------------------------------------
-----------  Variance of random effects  -----------
----------------------------------------------------
       Parameter Estimate     SE CV(%)
E0     omega2.E0    0.011 0.0036 33.23
ED50 omega2.ED50    0.057 0.0183 32.40
----------------------------------------------------
------  Correlation matrix of random effects  ------
----------------------------------------------------
            omega2.E0 omega2.ED50
omega2.E0   1.00      0.00       
omega2.ED50 0.00      1.00       
----------------------------------------------------
---------------  Statistical criteria  -------------
----------------------------------------------------
Likelihood computed by linearisation
      -2LL= 4908.645 
      AIC = 4924.645 
      BIC = 4945.487 

Likelihood computed by importance sampling
      -2LL= 4921.088 
      AIC = 4937.088 
      BIC = 4957.929 
----------------------------------------------------
Reading data from file /home/eco/work/saemix/saemixextension/simulationSuite/cont/imaxRichProp/data/data_pdimax56.tab 
These are the first lines of the dataset as read into R. Please check the format of the data is appropriate, if not, modify the na and/or sep items and retry:
  id dose      eff group
1  1    0 92.16385     0
2  1  200 90.57215     0
3  1  400 72.32238     0
4  1  500 76.46138     0
5  1  700 45.82637     0
6  1 1000 39.31053     0


The following SaemixData object was successfully created:

Object of class SaemixData
    longitudinal data for use with the SAEM algorithm
Dataset /home/eco/work/saemix/saemixextension/simulationSuite/cont/imaxRichProp/data/data_pdimax56.tab 
    Structured data: eff ~ dose | id 
    Predictor: dose (-) 
    covariates: group (-) 
      reference class for covariate group :  0 
Nonlinear mixed-effects model fit by the SAEM algorithm
-----------------------------------
----          Data             ----
-----------------------------------
Object of class SaemixData
    longitudinal data for use with the SAEM algorithm
Dataset /home/eco/work/saemix/saemixextension/simulationSuite/cont/imaxRichProp/data/data_pdimax56.tab 
    Structured data: eff ~ dose | id 
    Predictor: dose (-) 
    covariates: group (-) 
      reference class for covariate group :  0 
Dataset characteristics:
    number of subjects:     100 
    number of observations: 600 
    average/min/max nb obs: 6.00  /  6  /  6 
First 10 lines of data:
   id dose       eff group mdv cens occ ytype
1   1    0  92.16385     0   0    0   1     1
2   1  200  90.57215     0   0    0   1     1
3   1  400  72.32238     0   0    0   1     1
4   1  500  76.46138     0   0    0   1     1
5   1  700  45.82637     0   0    0   1     1
6   1 1000  39.31053     0   0    0   1     1
7   2    0 105.20226     0   0    0   1     1
8   2  200  77.83234     0   0    0   1     1
9   2  400  90.35437     0   0    0   1     1
10  2  500  75.27795     0   0    0   1     1
-----------------------------------
----          Model            ----
-----------------------------------
Nonlinear mixed-effects model
  Model function:  PD Imax model
  Model type:  structural
function (psi, id, xidep) 
{
    dose <- xidep[, 1]
    e0 <- psi[id, 1]
    imax <- psi[id, 2]
    ed50 <- psi[id, 3]
    gamma <- psi[id, 4]
    f <- e0 * (1 - imax * (dose^gamma)/((ed50^gamma) + (dose^gamma)))
    return(f)
}
<bytecode: 0x5634e2004478>
  Nb of parameters: 4 
      parameter names:  E0 Imax ED50 gamma 
      distribution:
     Parameter Distribution Estimated
[1,] E0        log-normal   Estimated
[2,] Imax      log-normal   Estimated
[3,] ED50      log-normal   Estimated
[4,] gamma     log-normal   Estimated
  Variance-covariance matrix:
      E0 Imax ED50 gamma
E0     1    0    0     0
Imax   0    0    0     0
ED50   0    0    1     0
gamma  0    0    0     0
  Error model: proportional , initial values: b.1=0.2 
  Covariate model:
      [,1] [,2] [,3] [,4]
group    0    0    1    0
    Initial values
              E0 Imax ED50 gamma
Pop.CondInit 100  0.7  500     2
Cov.CondInit   0  0.0    0     0
-----------------------------------
----    Key algorithm options  ----
-----------------------------------
    Estimation of individual parameters (MAP)
    Estimation of standard errors and linearised log-likelihood
    Estimation of log-likelihood by importance sampling
    Number of iterations:  K1=300, K2=100 
    Number of chains:  1 
    Seed:  6424598 
    Number of MCMC iterations for IS:  5000 
    Simulations:
        nb of simulated datasets used for npde:  1000 
        nb of simulated datasets used for VPC:  100 
    Input/output
        save the results to a file:  FALSE 
        save the graphs to files:  FALSE 
----------------------------------------------------
----                  Results                   ----
----------------------------------------------------
-----------------  Fixed effects  ------------------
----------------------------------------------------
     Parameter        Estimate SE      CV(%) p-value
[1,] E0                95.51    2.0602  2.2  -      
[2,] Imax               0.66    0.0203  3.1  -      
[3,] ED50             560.62   33.8139  6.0  -      
[4,] beta_group(ED50)  -0.63    0.0767 12.2  1.1e-16
[5,] gamma              2.35    0.2179  9.3  -      
[6,] b.1                0.19    0.0065  3.3  -      
----------------------------------------------------
-----------  Variance of random effects  -----------
----------------------------------------------------
     Parameter   Estimate SE     CV(%)
E0   omega2.E0   0.014    0.0039 28   
ED50 omega2.ED50 0.072    0.0217 30   
----------------------------------------------------
------  Correlation matrix of random effects  ------
----------------------------------------------------
            omega2.E0 omega2.ED50
omega2.E0   1         0          
omega2.ED50 0         1          
----------------------------------------------------
---------------  Statistical criteria  -------------
----------------------------------------------------
Likelihood computed by linearisation
      -2LL= 4871.479 
      AIC = 4887.479 
      BIC = 4908.32 

Likelihood computed by importance sampling
      -2LL= 4881.979 
      AIC = 4897.979 
      BIC = 4918.82 
----------------------------------------------------
----------------------------------------------------
-----------------  Fixed effects  ------------------
----------------------------------------------------
         Parameter Estimate      SE CV(%) p-value
1               E0    95.51  2.0602  2.16       -
2             Imax     0.66  0.0203  3.08       -
3             ED50   560.62 33.8139  6.03       -
4 beta_group(ED50)    -0.63  0.0767 12.22 2.2e-16
5            gamma     2.35  0.2179  9.26       -
6              b.1     0.19  0.0065  3.35       -
----------------------------------------------------
-----------  Variance of random effects  -----------
----------------------------------------------------
       Parameter Estimate     SE CV(%)
E0     omega2.E0    0.014 0.0039 28.00
ED50 omega2.ED50    0.072 0.0217 29.93
----------------------------------------------------
------  Correlation matrix of random effects  ------
----------------------------------------------------
            omega2.E0 omega2.ED50
omega2.E0   1.00      0.00       
omega2.ED50 0.00      1.00       
----------------------------------------------------
---------------  Statistical criteria  -------------
----------------------------------------------------
Likelihood computed by linearisation
      -2LL= 4871.479 
      AIC = 4887.479 
      BIC = 4908.32 

Likelihood computed by importance sampling
      -2LL= 4881.979 
      AIC = 4897.979 
      BIC = 4918.82 
----------------------------------------------------
Reading data from file /home/eco/work/saemix/saemixextension/simulationSuite/cont/imaxRichProp/data/data_pdimax57.tab 
These are the first lines of the dataset as read into R. Please check the format of the data is appropriate, if not, modify the na and/or sep items and retry:
  id dose       eff group
1  1    0 109.22116     0
2  1  200  61.43005     0
3  1  400  93.57648     0
4  1  500  50.55674     0
5  1  700  47.54002     0
6  1 1000  66.28478     0


The following SaemixData object was successfully created:

Object of class SaemixData
    longitudinal data for use with the SAEM algorithm
Dataset /home/eco/work/saemix/saemixextension/simulationSuite/cont/imaxRichProp/data/data_pdimax57.tab 
    Structured data: eff ~ dose | id 
    Predictor: dose (-) 
    covariates: group (-) 
      reference class for covariate group :  0 
Nonlinear mixed-effects model fit by the SAEM algorithm
-----------------------------------
----          Data             ----
-----------------------------------
Object of class SaemixData
    longitudinal data for use with the SAEM algorithm
Dataset /home/eco/work/saemix/saemixextension/simulationSuite/cont/imaxRichProp/data/data_pdimax57.tab 
    Structured data: eff ~ dose | id 
    Predictor: dose (-) 
    covariates: group (-) 
      reference class for covariate group :  0 
Dataset characteristics:
    number of subjects:     100 
    number of observations: 600 
    average/min/max nb obs: 6.00  /  6  /  6 
First 10 lines of data:
   id dose       eff group mdv cens occ ytype
1   1    0 109.22116     0   0    0   1     1
2   1  200  61.43005     0   0    0   1     1
3   1  400  93.57648     0   0    0   1     1
4   1  500  50.55674     0   0    0   1     1
5   1  700  47.54002     0   0    0   1     1
6   1 1000  66.28478     0   0    0   1     1
7   2    0  59.35579     0   0    0   1     1
8   2  200  65.54523     0   0    0   1     1
9   2  400  75.93820     0   0    0   1     1
10  2  500  61.40739     0   0    0   1     1
-----------------------------------
----          Model            ----
-----------------------------------
Nonlinear mixed-effects model
  Model function:  PD Imax model
  Model type:  structural
function (psi, id, xidep) 
{
    dose <- xidep[, 1]
    e0 <- psi[id, 1]
    imax <- psi[id, 2]
    ed50 <- psi[id, 3]
    gamma <- psi[id, 4]
    f <- e0 * (1 - imax * (dose^gamma)/((ed50^gamma) + (dose^gamma)))
    return(f)
}
<bytecode: 0x5634e2004478>
  Nb of parameters: 4 
      parameter names:  E0 Imax ED50 gamma 
      distribution:
     Parameter Distribution Estimated
[1,] E0        log-normal   Estimated
[2,] Imax      log-normal   Estimated
[3,] ED50      log-normal   Estimated
[4,] gamma     log-normal   Estimated
  Variance-covariance matrix:
      E0 Imax ED50 gamma
E0     1    0    0     0
Imax   0    0    0     0
ED50   0    0    1     0
gamma  0    0    0     0
  Error model: proportional , initial values: b.1=0.2 
  Covariate model:
      [,1] [,2] [,3] [,4]
group    0    0    1    0
    Initial values
              E0 Imax ED50 gamma
Pop.CondInit 100  0.7  500     2
Cov.CondInit   0  0.0    0     0
-----------------------------------
----    Key algorithm options  ----
-----------------------------------
    Estimation of individual parameters (MAP)
    Estimation of standard errors and linearised log-likelihood
    Estimation of log-likelihood by importance sampling
    Number of iterations:  K1=300, K2=100 
    Number of chains:  1 
    Seed:  6424598 
    Number of MCMC iterations for IS:  5000 
    Simulations:
        nb of simulated datasets used for npde:  1000 
        nb of simulated datasets used for VPC:  100 
    Input/output
        save the results to a file:  FALSE 
        save the graphs to files:  FALSE 
----------------------------------------------------
----                  Results                   ----
----------------------------------------------------
-----------------  Fixed effects  ------------------
----------------------------------------------------
     Parameter        Estimate SE      CV(%) p-value
[1,] E0                95.74    1.8983  2.0  -      
[2,] Imax               0.67    0.0215  3.2  -      
[3,] ED50             527.69   33.5027  6.3  -      
[4,] beta_group(ED50)  -0.50    0.0783 15.7  9.6e-11
[5,] gamma              2.29    0.2157  9.4  -      
[6,] b.1                0.19    0.0065  3.3  -      
----------------------------------------------------
-----------  Variance of random effects  -----------
----------------------------------------------------
     Parameter   Estimate SE     CV(%)
E0   omega2.E0   0.0065   0.0031 48   
ED50 omega2.ED50 0.0950   0.0228 24   
----------------------------------------------------
------  Correlation matrix of random effects  ------
----------------------------------------------------
            omega2.E0 omega2.ED50
omega2.E0   1         0          
omega2.ED50 0         1          
----------------------------------------------------
---------------  Statistical criteria  -------------
----------------------------------------------------
Likelihood computed by linearisation
      -2LL= 4849.155 
      AIC = 4865.155 
      BIC = 4885.997 

Likelihood computed by importance sampling
      -2LL= 4859.152 
      AIC = 4875.152 
      BIC = 4895.993 
----------------------------------------------------
----------------------------------------------------
-----------------  Fixed effects  ------------------
----------------------------------------------------
         Parameter Estimate      SE CV(%) p-value
1               E0    95.74  1.8983  1.98       -
2             Imax     0.67  0.0215  3.22       -
3             ED50   527.69 33.5027  6.35       -
4 beta_group(ED50)    -0.50  0.0783 15.70 1.9e-10
5            gamma     2.29  0.2157  9.43       -
6              b.1     0.19  0.0065  3.33       -
----------------------------------------------------
-----------  Variance of random effects  -----------
----------------------------------------------------
       Parameter Estimate     SE CV(%)
E0     omega2.E0   0.0065 0.0031 47.68
ED50 omega2.ED50   0.0950 0.0228 24.01
----------------------------------------------------
------  Correlation matrix of random effects  ------
----------------------------------------------------
            omega2.E0 omega2.ED50
omega2.E0   1.00      0.00       
omega2.ED50 0.00      1.00       
----------------------------------------------------
---------------  Statistical criteria  -------------
----------------------------------------------------
Likelihood computed by linearisation
      -2LL= 4849.155 
      AIC = 4865.155 
      BIC = 4885.997 

Likelihood computed by importance sampling
      -2LL= 4859.152 
      AIC = 4875.152 
      BIC = 4895.993 
----------------------------------------------------
Reading data from file /home/eco/work/saemix/saemixextension/simulationSuite/cont/imaxRichProp/data/data_pdimax58.tab 
These are the first lines of the dataset as read into R. Please check the format of the data is appropriate, if not, modify the na and/or sep items and retry:
  id dose      eff group
1  1    0 99.08363     0
2  1  200 71.59970     0
3  1  400 70.44008     0
4  1  500 71.20380     0
5  1  700 50.76274     0
6  1 1000 41.62462     0


The following SaemixData object was successfully created:

Object of class SaemixData
    longitudinal data for use with the SAEM algorithm
Dataset /home/eco/work/saemix/saemixextension/simulationSuite/cont/imaxRichProp/data/data_pdimax58.tab 
    Structured data: eff ~ dose | id 
    Predictor: dose (-) 
    covariates: group (-) 
      reference class for covariate group :  0 
Nonlinear mixed-effects model fit by the SAEM algorithm
-----------------------------------
----          Data             ----
-----------------------------------
Object of class SaemixData
    longitudinal data for use with the SAEM algorithm
Dataset /home/eco/work/saemix/saemixextension/simulationSuite/cont/imaxRichProp/data/data_pdimax58.tab 
    Structured data: eff ~ dose | id 
    Predictor: dose (-) 
    covariates: group (-) 
      reference class for covariate group :  0 
Dataset characteristics:
    number of subjects:     100 
    number of observations: 600 
    average/min/max nb obs: 6.00  /  6  /  6 
First 10 lines of data:
   id dose       eff group mdv cens occ ytype
1   1    0  99.08363     0   0    0   1     1
2   1  200  71.59970     0   0    0   1     1
3   1  400  70.44008     0   0    0   1     1
4   1  500  71.20380     0   0    0   1     1
5   1  700  50.76274     0   0    0   1     1
6   1 1000  41.62462     0   0    0   1     1
7   2    0 102.13115     0   0    0   1     1
8   2  200 132.62419     0   0    0   1     1
9   2  400  79.16043     0   0    0   1     1
10  2  500  74.82688     0   0    0   1     1
-----------------------------------
----          Model            ----
-----------------------------------
Nonlinear mixed-effects model
  Model function:  PD Imax model
  Model type:  structural
function (psi, id, xidep) 
{
    dose <- xidep[, 1]
    e0 <- psi[id, 1]
    imax <- psi[id, 2]
    ed50 <- psi[id, 3]
    gamma <- psi[id, 4]
    f <- e0 * (1 - imax * (dose^gamma)/((ed50^gamma) + (dose^gamma)))
    return(f)
}
<bytecode: 0x5634e2004478>
  Nb of parameters: 4 
      parameter names:  E0 Imax ED50 gamma 
      distribution:
     Parameter Distribution Estimated
[1,] E0        log-normal   Estimated
[2,] Imax      log-normal   Estimated
[3,] ED50      log-normal   Estimated
[4,] gamma     log-normal   Estimated
  Variance-covariance matrix:
      E0 Imax ED50 gamma
E0     1    0    0     0
Imax   0    0    0     0
ED50   0    0    1     0
gamma  0    0    0     0
  Error model: proportional , initial values: b.1=0.2 
  Covariate model:
      [,1] [,2] [,3] [,4]
group    0    0    1    0
    Initial values
              E0 Imax ED50 gamma
Pop.CondInit 100  0.7  500     2
Cov.CondInit   0  0.0    0     0
-----------------------------------
----    Key algorithm options  ----
-----------------------------------
    Estimation of individual parameters (MAP)
    Estimation of standard errors and linearised log-likelihood
    Estimation of log-likelihood by importance sampling
    Number of iterations:  K1=300, K2=100 
    Number of chains:  1 
    Seed:  6424598 
    Number of MCMC iterations for IS:  5000 
    Simulations:
        nb of simulated datasets used for npde:  1000 
        nb of simulated datasets used for VPC:  100 
    Input/output
        save the results to a file:  FALSE 
        save the graphs to files:  FALSE 
----------------------------------------------------
----                  Results                   ----
----------------------------------------------------
-----------------  Fixed effects  ------------------
----------------------------------------------------
     Parameter        Estimate SE      CV(%) p-value
[1,] E0                98.99    2.0497  2.1  -      
[2,] Imax               0.66    0.0220  3.3  -      
[3,] ED50             537.62   33.7947  6.3  -      
[4,] beta_group(ED50)  -0.54    0.0771 14.3  1.3e-12
[5,] gamma              2.31    0.2257  9.8  -      
[6,] b.1                0.20    0.0067  3.3  -      
----------------------------------------------------
-----------  Variance of random effects  -----------
----------------------------------------------------
     Parameter   Estimate SE     CV(%)
E0   omega2.E0   0.0077   0.0033 43   
ED50 omega2.ED50 0.0841   0.0223 26   
----------------------------------------------------
------  Correlation matrix of random effects  ------
----------------------------------------------------
            omega2.E0 omega2.ED50
omega2.E0   1         0          
omega2.ED50 0         1          
----------------------------------------------------
---------------  Statistical criteria  -------------
----------------------------------------------------
Likelihood computed by linearisation
      -2LL= 4924.369 
      AIC = 4940.369 
      BIC = 4961.21 

Likelihood computed by importance sampling
      -2LL= 4935.315 
      AIC = 4951.315 
      BIC = 4972.157 
----------------------------------------------------
----------------------------------------------------
-----------------  Fixed effects  ------------------
----------------------------------------------------
         Parameter Estimate      SE CV(%) p-value
1               E0    98.99  2.0497  2.07       -
2             Imax     0.66  0.0220  3.32       -
3             ED50   537.62 33.7947  6.29       -
4 beta_group(ED50)    -0.54  0.0771 14.28 2.5e-12
5            gamma     2.31  0.2257  9.77       -
6              b.1     0.20  0.0067  3.32       -
----------------------------------------------------
-----------  Variance of random effects  -----------
----------------------------------------------------
       Parameter Estimate     SE CV(%)
E0     omega2.E0   0.0077 0.0033 42.87
ED50 omega2.ED50   0.0841 0.0223 26.48
----------------------------------------------------
------  Correlation matrix of random effects  ------
----------------------------------------------------
            omega2.E0 omega2.ED50
omega2.E0   1.00      0.00       
omega2.ED50 0.00      1.00       
----------------------------------------------------
---------------  Statistical criteria  -------------
----------------------------------------------------
Likelihood computed by linearisation
      -2LL= 4924.369 
      AIC = 4940.369 
      BIC = 4961.21 

Likelihood computed by importance sampling
      -2LL= 4935.315 
      AIC = 4951.315 
      BIC = 4972.157 
----------------------------------------------------
Reading data from file /home/eco/work/saemix/saemixextension/simulationSuite/cont/imaxRichProp/data/data_pdimax59.tab 
These are the first lines of the dataset as read into R. Please check the format of the data is appropriate, if not, modify the na and/or sep items and retry:
  id dose       eff group
1  1    0 128.32732     0
2  1  200  88.72310     0
3  1  400 112.12013     0
4  1  500  86.85268     0
5  1  700  62.09730     0
6  1 1000  69.27557     0


The following SaemixData object was successfully created:

Object of class SaemixData
    longitudinal data for use with the SAEM algorithm
Dataset /home/eco/work/saemix/saemixextension/simulationSuite/cont/imaxRichProp/data/data_pdimax59.tab 
    Structured data: eff ~ dose | id 
    Predictor: dose (-) 
    covariates: group (-) 
      reference class for covariate group :  0 
Nonlinear mixed-effects model fit by the SAEM algorithm
-----------------------------------
----          Data             ----
-----------------------------------
Object of class SaemixData
    longitudinal data for use with the SAEM algorithm
Dataset /home/eco/work/saemix/saemixextension/simulationSuite/cont/imaxRichProp/data/data_pdimax59.tab 
    Structured data: eff ~ dose | id 
    Predictor: dose (-) 
    covariates: group (-) 
      reference class for covariate group :  0 
Dataset characteristics:
    number of subjects:     100 
    number of observations: 600 
    average/min/max nb obs: 6.00  /  6  /  6 
First 10 lines of data:
   id dose       eff group mdv cens occ ytype
1   1    0 128.32732     0   0    0   1     1
2   1  200  88.72310     0   0    0   1     1
3   1  400 112.12013     0   0    0   1     1
4   1  500  86.85268     0   0    0   1     1
5   1  700  62.09730     0   0    0   1     1
6   1 1000  69.27557     0   0    0   1     1
7   2    0  89.59019     0   0    0   1     1
8   2  200  65.47011     0   0    0   1     1
9   2  400  60.25547     0   0    0   1     1
10  2  500  25.68841     0   0    0   1     1
-----------------------------------
----          Model            ----
-----------------------------------
Nonlinear mixed-effects model
  Model function:  PD Imax model
  Model type:  structural
function (psi, id, xidep) 
{
    dose <- xidep[, 1]
    e0 <- psi[id, 1]
    imax <- psi[id, 2]
    ed50 <- psi[id, 3]
    gamma <- psi[id, 4]
    f <- e0 * (1 - imax * (dose^gamma)/((ed50^gamma) + (dose^gamma)))
    return(f)
}
<bytecode: 0x5634e2004478>
  Nb of parameters: 4 
      parameter names:  E0 Imax ED50 gamma 
      distribution:
     Parameter Distribution Estimated
[1,] E0        log-normal   Estimated
[2,] Imax      log-normal   Estimated
[3,] ED50      log-normal   Estimated
[4,] gamma     log-normal   Estimated
  Variance-covariance matrix:
      E0 Imax ED50 gamma
E0     1    0    0     0
Imax   0    0    0     0
ED50   0    0    1     0
gamma  0    0    0     0
  Error model: proportional , initial values: b.1=0.2 
  Covariate model:
      [,1] [,2] [,3] [,4]
group    0    0    1    0
    Initial values
              E0 Imax ED50 gamma
Pop.CondInit 100  0.7  500     2
Cov.CondInit   0  0.0    0     0
-----------------------------------
----    Key algorithm options  ----
-----------------------------------
    Estimation of individual parameters (MAP)
    Estimation of standard errors and linearised log-likelihood
    Estimation of log-likelihood by importance sampling
    Number of iterations:  K1=300, K2=100 
    Number of chains:  1 
    Seed:  6424598 
    Number of MCMC iterations for IS:  5000 
    Simulations:
        nb of simulated datasets used for npde:  1000 
        nb of simulated datasets used for VPC:  100 
    Input/output
        save the results to a file:  FALSE 
        save the graphs to files:  FALSE 
----------------------------------------------------
----                  Results                   ----
----------------------------------------------------
-----------------  Fixed effects  ------------------
----------------------------------------------------
     Parameter        Estimate SE      CV(%) p-value
[1,] E0                96.24    2.0942  2.2  -      
[2,] Imax               0.69    0.0207  3.0  -      
[3,] ED50             543.78   34.3293  6.3  -      
[4,] beta_group(ED50)  -0.62    0.0791 12.8  3.6e-15
[5,] gamma              2.27    0.2120  9.4  -      
[6,] b.1                0.21    0.0069  3.3  -      
----------------------------------------------------
-----------  Variance of random effects  -----------
----------------------------------------------------
     Parameter   Estimate SE     CV(%)
E0   omega2.E0   0.0097   0.0037 39   
ED50 omega2.ED50 0.0887   0.0232 26   
----------------------------------------------------
------  Correlation matrix of random effects  ------
----------------------------------------------------
            omega2.E0 omega2.ED50
omega2.E0   1         0          
omega2.ED50 0         1          
----------------------------------------------------
---------------  Statistical criteria  -------------
----------------------------------------------------
Likelihood computed by linearisation
      -2LL= 4901.459 
      AIC = 4917.459 
      BIC = 4938.3 

Likelihood computed by importance sampling
      -2LL= 4910.882 
      AIC = 4926.882 
      BIC = 4947.724 
----------------------------------------------------
----------------------------------------------------
-----------------  Fixed effects  ------------------
----------------------------------------------------
         Parameter Estimate      SE CV(%) p-value
1               E0    96.24  2.0942  2.18       -
2             Imax     0.69  0.0207  3.02       -
3             ED50   543.78 34.3293  6.31       -
4 beta_group(ED50)    -0.62  0.0791 12.85 7.1e-15
5            gamma     2.27  0.2120  9.36       -
6              b.1     0.21  0.0069  3.33       -
----------------------------------------------------
-----------  Variance of random effects  -----------
----------------------------------------------------
       Parameter Estimate     SE CV(%)
E0     omega2.E0   0.0097 0.0037 38.78
ED50 omega2.ED50   0.0887 0.0232 26.11
----------------------------------------------------
------  Correlation matrix of random effects  ------
----------------------------------------------------
            omega2.E0 omega2.ED50
omega2.E0   1.00      0.00       
omega2.ED50 0.00      1.00       
----------------------------------------------------
---------------  Statistical criteria  -------------
----------------------------------------------------
Likelihood computed by linearisation
      -2LL= 4901.459 
      AIC = 4917.459 
      BIC = 4938.3 

Likelihood computed by importance sampling
      -2LL= 4910.882 
      AIC = 4926.882 
      BIC = 4947.724 
----------------------------------------------------
Reading data from file /home/eco/work/saemix/saemixextension/simulationSuite/cont/imaxRichProp/data/data_pdimax60.tab 
These are the first lines of the dataset as read into R. Please check the format of the data is appropriate, if not, modify the na and/or sep items and retry:
  id dose       eff group
1  1    0 115.36771     0
2  1  200 116.02648     0
3  1  400  78.96378     0
4  1  500  55.75443     0
5  1  700  40.60902     0
6  1 1000  69.62854     0


The following SaemixData object was successfully created:

Object of class SaemixData
    longitudinal data for use with the SAEM algorithm
Dataset /home/eco/work/saemix/saemixextension/simulationSuite/cont/imaxRichProp/data/data_pdimax60.tab 
    Structured data: eff ~ dose | id 
    Predictor: dose (-) 
    covariates: group (-) 
      reference class for covariate group :  0 
Nonlinear mixed-effects model fit by the SAEM algorithm
-----------------------------------
----          Data             ----
-----------------------------------
Object of class SaemixData
    longitudinal data for use with the SAEM algorithm
Dataset /home/eco/work/saemix/saemixextension/simulationSuite/cont/imaxRichProp/data/data_pdimax60.tab 
    Structured data: eff ~ dose | id 
    Predictor: dose (-) 
    covariates: group (-) 
      reference class for covariate group :  0 
Dataset characteristics:
    number of subjects:     100 
    number of observations: 600 
    average/min/max nb obs: 6.00  /  6  /  6 
First 10 lines of data:
   id dose       eff group mdv cens occ ytype
1   1    0 115.36771     0   0    0   1     1
2   1  200 116.02648     0   0    0   1     1
3   1  400  78.96378     0   0    0   1     1
4   1  500  55.75443     0   0    0   1     1
5   1  700  40.60902     0   0    0   1     1
6   1 1000  69.62854     0   0    0   1     1
7   2    0  90.84367     0   0    0   1     1
8   2  200 102.59660     0   0    0   1     1
9   2  400  91.74911     0   0    0   1     1
10  2  500  90.00724     0   0    0   1     1
-----------------------------------
----          Model            ----
-----------------------------------
Nonlinear mixed-effects model
  Model function:  PD Imax model
  Model type:  structural
function (psi, id, xidep) 
{
    dose <- xidep[, 1]
    e0 <- psi[id, 1]
    imax <- psi[id, 2]
    ed50 <- psi[id, 3]
    gamma <- psi[id, 4]
    f <- e0 * (1 - imax * (dose^gamma)/((ed50^gamma) + (dose^gamma)))
    return(f)
}
<bytecode: 0x5634e2004478>
  Nb of parameters: 4 
      parameter names:  E0 Imax ED50 gamma 
      distribution:
     Parameter Distribution Estimated
[1,] E0        log-normal   Estimated
[2,] Imax      log-normal   Estimated
[3,] ED50      log-normal   Estimated
[4,] gamma     log-normal   Estimated
  Variance-covariance matrix:
      E0 Imax ED50 gamma
E0     1    0    0     0
Imax   0    0    0     0
ED50   0    0    1     0
gamma  0    0    0     0
  Error model: proportional , initial values: b.1=0.2 
  Covariate model:
      [,1] [,2] [,3] [,4]
group    0    0    1    0
    Initial values
              E0 Imax ED50 gamma
Pop.CondInit 100  0.7  500     2
Cov.CondInit   0  0.0    0     0
-----------------------------------
----    Key algorithm options  ----
-----------------------------------
    Estimation of individual parameters (MAP)
    Estimation of standard errors and linearised log-likelihood
    Estimation of log-likelihood by importance sampling
    Number of iterations:  K1=300, K2=100 
    Number of chains:  1 
    Seed:  6424598 
    Number of MCMC iterations for IS:  5000 
    Simulations:
        nb of simulated datasets used for npde:  1000 
        nb of simulated datasets used for VPC:  100 
    Input/output
        save the results to a file:  FALSE 
        save the graphs to files:  FALSE 
----------------------------------------------------
----                  Results                   ----
----------------------------------------------------
-----------------  Fixed effects  ------------------
----------------------------------------------------
     Parameter        Estimate SE      CV(%) p-value
[1,] E0                98.61    2.0381  2.1  -      
[2,] Imax               0.70    0.0235  3.4  -      
[3,] ED50             552.84   34.8553  6.3  -      
[4,] beta_group(ED50)  -0.59    0.0747 12.6  1e-15  
[5,] gamma              2.04    0.1893  9.3  -      
[6,] b.1                0.19    0.0064  3.3  -      
----------------------------------------------------
-----------  Variance of random effects  -----------
----------------------------------------------------
     Parameter   Estimate SE     CV(%)
E0   omega2.E0   0.009    0.0034 37   
ED50 omega2.ED50 0.073    0.0210 29   
----------------------------------------------------
------  Correlation matrix of random effects  ------
----------------------------------------------------
            omega2.E0 omega2.ED50
omega2.E0   1         0          
omega2.ED50 0         1          
----------------------------------------------------
---------------  Statistical criteria  -------------
----------------------------------------------------
Likelihood computed by linearisation
      -2LL= 4855.294 
      AIC = 4871.294 
      BIC = 4892.135 

Likelihood computed by importance sampling
      -2LL= 4866.293 
      AIC = 4882.293 
      BIC = 4903.134 
----------------------------------------------------
----------------------------------------------------
-----------------  Fixed effects  ------------------
----------------------------------------------------
         Parameter Estimate      SE CV(%) p-value
1               E0    98.61  2.0381  2.07       -
2             Imax     0.70  0.0235  3.37       -
3             ED50   552.84 34.8553  6.30       -
4 beta_group(ED50)    -0.59  0.0747 12.59   2e-15
5            gamma     2.04  0.1893  9.27       -
6              b.1     0.19  0.0064  3.32       -
----------------------------------------------------
-----------  Variance of random effects  -----------
----------------------------------------------------
       Parameter Estimate     SE CV(%)
E0     omega2.E0    0.009 0.0034 37.50
ED50 omega2.ED50    0.073 0.0210 28.55
----------------------------------------------------
------  Correlation matrix of random effects  ------
----------------------------------------------------
            omega2.E0 omega2.ED50
omega2.E0   1.00      0.00       
omega2.ED50 0.00      1.00       
----------------------------------------------------
---------------  Statistical criteria  -------------
----------------------------------------------------
Likelihood computed by linearisation
      -2LL= 4855.294 
      AIC = 4871.294 
      BIC = 4892.135 

Likelihood computed by importance sampling
      -2LL= 4866.293 
      AIC = 4882.293 
      BIC = 4903.134 
----------------------------------------------------
Reading data from file /home/eco/work/saemix/saemixextension/simulationSuite/cont/imaxRichProp/data/data_pdimax61.tab 
These are the first lines of the dataset as read into R. Please check the format of the data is appropriate, if not, modify the na and/or sep items and retry:
  id dose       eff group
1  1    0 123.61080     0
2  1  200  56.61300     0
3  1  400  67.83358     0
4  1  500  61.21242     0
5  1  700  45.75707     0
6  1 1000  49.14468     0


The following SaemixData object was successfully created:

Object of class SaemixData
    longitudinal data for use with the SAEM algorithm
Dataset /home/eco/work/saemix/saemixextension/simulationSuite/cont/imaxRichProp/data/data_pdimax61.tab 
    Structured data: eff ~ dose | id 
    Predictor: dose (-) 
    covariates: group (-) 
      reference class for covariate group :  0 
Nonlinear mixed-effects model fit by the SAEM algorithm
-----------------------------------
----          Data             ----
-----------------------------------
Object of class SaemixData
    longitudinal data for use with the SAEM algorithm
Dataset /home/eco/work/saemix/saemixextension/simulationSuite/cont/imaxRichProp/data/data_pdimax61.tab 
    Structured data: eff ~ dose | id 
    Predictor: dose (-) 
    covariates: group (-) 
      reference class for covariate group :  0 
Dataset characteristics:
    number of subjects:     100 
    number of observations: 600 
    average/min/max nb obs: 6.00  /  6  /  6 
First 10 lines of data:
   id dose       eff group mdv cens occ ytype
1   1    0 123.61080     0   0    0   1     1
2   1  200  56.61300     0   0    0   1     1
3   1  400  67.83358     0   0    0   1     1
4   1  500  61.21242     0   0    0   1     1
5   1  700  45.75707     0   0    0   1     1
6   1 1000  49.14468     0   0    0   1     1
7   2    0 111.41556     0   0    0   1     1
8   2  200 120.93837     0   0    0   1     1
9   2  400  79.17947     0   0    0   1     1
10  2  500  78.76769     0   0    0   1     1
-----------------------------------
----          Model            ----
-----------------------------------
Nonlinear mixed-effects model
  Model function:  PD Imax model
  Model type:  structural
function (psi, id, xidep) 
{
    dose <- xidep[, 1]
    e0 <- psi[id, 1]
    imax <- psi[id, 2]
    ed50 <- psi[id, 3]
    gamma <- psi[id, 4]
    f <- e0 * (1 - imax * (dose^gamma)/((ed50^gamma) + (dose^gamma)))
    return(f)
}
<bytecode: 0x5634e2004478>
  Nb of parameters: 4 
      parameter names:  E0 Imax ED50 gamma 
      distribution:
     Parameter Distribution Estimated
[1,] E0        log-normal   Estimated
[2,] Imax      log-normal   Estimated
[3,] ED50      log-normal   Estimated
[4,] gamma     log-normal   Estimated
  Variance-covariance matrix:
      E0 Imax ED50 gamma
E0     1    0    0     0
Imax   0    0    0     0
ED50   0    0    1     0
gamma  0    0    0     0
  Error model: proportional , initial values: b.1=0.2 
  Covariate model:
      [,1] [,2] [,3] [,4]
group    0    0    1    0
    Initial values
              E0 Imax ED50 gamma
Pop.CondInit 100  0.7  500     2
Cov.CondInit   0  0.0    0     0
-----------------------------------
----    Key algorithm options  ----
-----------------------------------
    Estimation of individual parameters (MAP)
    Estimation of standard errors and linearised log-likelihood
    Estimation of log-likelihood by importance sampling
    Number of iterations:  K1=300, K2=100 
    Number of chains:  1 
    Seed:  6424598 
    Number of MCMC iterations for IS:  5000 
    Simulations:
        nb of simulated datasets used for npde:  1000 
        nb of simulated datasets used for VPC:  100 
    Input/output
        save the results to a file:  FALSE 
        save the graphs to files:  FALSE 
----------------------------------------------------
----                  Results                   ----
----------------------------------------------------
-----------------  Fixed effects  ------------------
----------------------------------------------------
     Parameter        Estimate SE      CV(%) p-value
[1,] E0               103.43    2.2975  2.2  -      
[2,] Imax               0.73    0.0297  4.0  -      
[3,] ED50             564.24   39.7334  7.0  -      
[4,] beta_group(ED50)  -0.55    0.0773 14.1  7.9e-13
[5,] gamma              1.79    0.1723  9.6  -      
[6,] b.1                0.19    0.0064  3.3  -      
----------------------------------------------------
-----------  Variance of random effects  -----------
----------------------------------------------------
     Parameter   Estimate SE     CV(%)
E0   omega2.E0   0.015    0.0042 28   
ED50 omega2.ED50 0.071    0.0222 31   
----------------------------------------------------
------  Correlation matrix of random effects  ------
----------------------------------------------------
            omega2.E0 omega2.ED50
omega2.E0   1         0          
omega2.ED50 0         1          
----------------------------------------------------
---------------  Statistical criteria  -------------
----------------------------------------------------
Likelihood computed by linearisation
      -2LL= 4918.001 
      AIC = 4934.001 
      BIC = 4954.842 

Likelihood computed by importance sampling
      -2LL= 4925.089 
      AIC = 4941.089 
      BIC = 4961.931 
----------------------------------------------------
----------------------------------------------------
-----------------  Fixed effects  ------------------
----------------------------------------------------
         Parameter Estimate      SE CV(%) p-value
1               E0   103.43  2.2975  2.22       -
2             Imax     0.73  0.0297  4.04       -
3             ED50   564.24 39.7334  7.04       -
4 beta_group(ED50)    -0.55  0.0773 14.15 1.6e-12
5            gamma     1.79  0.1723  9.62       -
6              b.1     0.19  0.0064  3.33       -
----------------------------------------------------
-----------  Variance of random effects  -----------
----------------------------------------------------
       Parameter Estimate     SE CV(%)
E0     omega2.E0    0.015 0.0042 28.02
ED50 omega2.ED50    0.071 0.0222 31.31
----------------------------------------------------
------  Correlation matrix of random effects  ------
----------------------------------------------------
            omega2.E0 omega2.ED50
omega2.E0   1.00      0.00       
omega2.ED50 0.00      1.00       
----------------------------------------------------
---------------  Statistical criteria  -------------
----------------------------------------------------
Likelihood computed by linearisation
      -2LL= 4918.001 
      AIC = 4934.001 
      BIC = 4954.842 

Likelihood computed by importance sampling
      -2LL= 4925.089 
      AIC = 4941.089 
      BIC = 4961.931 
----------------------------------------------------
Reading data from file /home/eco/work/saemix/saemixextension/simulationSuite/cont/imaxRichProp/data/data_pdimax62.tab 
These are the first lines of the dataset as read into R. Please check the format of the data is appropriate, if not, modify the na and/or sep items and retry:
  id dose       eff group
1  1    0 106.76924     0
2  1  200  51.60801     0
3  1  400  79.35955     0
4  1  500  61.84850     0
5  1  700  31.55606     0
6  1 1000  39.09287     0


The following SaemixData object was successfully created:

Object of class SaemixData
    longitudinal data for use with the SAEM algorithm
Dataset /home/eco/work/saemix/saemixextension/simulationSuite/cont/imaxRichProp/data/data_pdimax62.tab 
    Structured data: eff ~ dose | id 
    Predictor: dose (-) 
    covariates: group (-) 
      reference class for covariate group :  0 
Nonlinear mixed-effects model fit by the SAEM algorithm
-----------------------------------
----          Data             ----
-----------------------------------
Object of class SaemixData
    longitudinal data for use with the SAEM algorithm
Dataset /home/eco/work/saemix/saemixextension/simulationSuite/cont/imaxRichProp/data/data_pdimax62.tab 
    Structured data: eff ~ dose | id 
    Predictor: dose (-) 
    covariates: group (-) 
      reference class for covariate group :  0 
Dataset characteristics:
    number of subjects:     100 
    number of observations: 600 
    average/min/max nb obs: 6.00  /  6  /  6 
First 10 lines of data:
   id dose       eff group mdv cens occ ytype
1   1    0 106.76924     0   0    0   1     1
2   1  200  51.60801     0   0    0   1     1
3   1  400  79.35955     0   0    0   1     1
4   1  500  61.84850     0   0    0   1     1
5   1  700  31.55606     0   0    0   1     1
6   1 1000  39.09287     0   0    0   1     1
7   2    0  69.93860     0   0    0   1     1
8   2  200  85.59995     0   0    0   1     1
9   2  400  85.95642     0   0    0   1     1
10  2  500  83.78068     0   0    0   1     1
-----------------------------------
----          Model            ----
-----------------------------------
Nonlinear mixed-effects model
  Model function:  PD Imax model
  Model type:  structural
function (psi, id, xidep) 
{
    dose <- xidep[, 1]
    e0 <- psi[id, 1]
    imax <- psi[id, 2]
    ed50 <- psi[id, 3]
    gamma <- psi[id, 4]
    f <- e0 * (1 - imax * (dose^gamma)/((ed50^gamma) + (dose^gamma)))
    return(f)
}
<bytecode: 0x5634e2004478>
  Nb of parameters: 4 
      parameter names:  E0 Imax ED50 gamma 
      distribution:
     Parameter Distribution Estimated
[1,] E0        log-normal   Estimated
[2,] Imax      log-normal   Estimated
[3,] ED50      log-normal   Estimated
[4,] gamma     log-normal   Estimated
  Variance-covariance matrix:
      E0 Imax ED50 gamma
E0     1    0    0     0
Imax   0    0    0     0
ED50   0    0    1     0
gamma  0    0    0     0
  Error model: proportional , initial values: b.1=0.2 
  Covariate model:
      [,1] [,2] [,3] [,4]
group    0    0    1    0
    Initial values
              E0 Imax ED50 gamma
Pop.CondInit 100  0.7  500     2
Cov.CondInit   0  0.0    0     0
-----------------------------------
----    Key algorithm options  ----
-----------------------------------
    Estimation of individual parameters (MAP)
    Estimation of standard errors and linearised log-likelihood
    Estimation of log-likelihood by importance sampling
    Number of iterations:  K1=300, K2=100 
    Number of chains:  1 
    Seed:  6424598 
    Number of MCMC iterations for IS:  5000 
    Simulations:
        nb of simulated datasets used for npde:  1000 
        nb of simulated datasets used for VPC:  100 
    Input/output
        save the results to a file:  FALSE 
        save the graphs to files:  FALSE 
----------------------------------------------------
----                  Results                   ----
----------------------------------------------------
-----------------  Fixed effects  ------------------
----------------------------------------------------
     Parameter        Estimate SE      CV(%) p-value
[1,] E0                97.48    2.0511  2.1  -      
[2,] Imax               0.70    0.0259  3.7  -      
[3,] ED50             528.90   34.0629  6.4  -      
[4,] beta_group(ED50)  -0.57    0.0714 12.6  8.9e-16
[5,] gamma              1.93    0.1884  9.8  -      
[6,] b.1                0.20    0.0066  3.3  -      
----------------------------------------------------
-----------  Variance of random effects  -----------
----------------------------------------------------
     Parameter   Estimate SE     CV(%)
E0   omega2.E0   0.0066   0.0031 48   
ED50 omega2.ED50 0.0605   0.0198 33   
----------------------------------------------------
------  Correlation matrix of random effects  ------
----------------------------------------------------
            omega2.E0 omega2.ED50
omega2.E0   1         0          
omega2.ED50 0         1          
----------------------------------------------------
---------------  Statistical criteria  -------------
----------------------------------------------------
Likelihood computed by linearisation
      -2LL= 4846.083 
      AIC = 4862.083 
      BIC = 4882.924 

Likelihood computed by importance sampling
      -2LL= 4855.108 
      AIC = 4871.108 
      BIC = 4891.95 
----------------------------------------------------
----------------------------------------------------
-----------------  Fixed effects  ------------------
----------------------------------------------------
         Parameter Estimate      SE CV(%) p-value
1               E0    97.48  2.0511  2.10       -
2             Imax     0.70  0.0259  3.68       -
3             ED50   528.90 34.0629  6.44       -
4 beta_group(ED50)    -0.57  0.0714 12.58 1.8e-15
5            gamma     1.93  0.1884  9.78       -
6              b.1     0.20  0.0066  3.28       -
----------------------------------------------------
-----------  Variance of random effects  -----------
----------------------------------------------------
       Parameter Estimate     SE CV(%)
E0     omega2.E0   0.0066 0.0031 47.58
ED50 omega2.ED50   0.0605 0.0198 32.82
----------------------------------------------------
------  Correlation matrix of random effects  ------
----------------------------------------------------
            omega2.E0 omega2.ED50
omega2.E0   1.00      0.00       
omega2.ED50 0.00      1.00       
----------------------------------------------------
---------------  Statistical criteria  -------------
----------------------------------------------------
Likelihood computed by linearisation
      -2LL= 4846.083 
      AIC = 4862.083 
      BIC = 4882.924 

Likelihood computed by importance sampling
      -2LL= 4855.108 
      AIC = 4871.108 
      BIC = 4891.95 
----------------------------------------------------
Reading data from file /home/eco/work/saemix/saemixextension/simulationSuite/cont/imaxRichProp/data/data_pdimax63.tab 
These are the first lines of the dataset as read into R. Please check the format of the data is appropriate, if not, modify the na and/or sep items and retry:
  id dose       eff group
1  1    0 123.56538     0
2  1  200  69.05127     0
3  1  400  75.66430     0
4  1  500  42.82276     0
5  1  700  28.46216     0
6  1 1000  22.27167     0


The following SaemixData object was successfully created:

Object of class SaemixData
    longitudinal data for use with the SAEM algorithm
Dataset /home/eco/work/saemix/saemixextension/simulationSuite/cont/imaxRichProp/data/data_pdimax63.tab 
    Structured data: eff ~ dose | id 
    Predictor: dose (-) 
    covariates: group (-) 
      reference class for covariate group :  0 
Nonlinear mixed-effects model fit by the SAEM algorithm
-----------------------------------
----          Data             ----
-----------------------------------
Object of class SaemixData
    longitudinal data for use with the SAEM algorithm
Dataset /home/eco/work/saemix/saemixextension/simulationSuite/cont/imaxRichProp/data/data_pdimax63.tab 
    Structured data: eff ~ dose | id 
    Predictor: dose (-) 
    covariates: group (-) 
      reference class for covariate group :  0 
Dataset characteristics:
    number of subjects:     100 
    number of observations: 600 
    average/min/max nb obs: 6.00  /  6  /  6 
First 10 lines of data:
   id dose       eff group mdv cens occ ytype
1   1    0 123.56538     0   0    0   1     1
2   1  200  69.05127     0   0    0   1     1
3   1  400  75.66430     0   0    0   1     1
4   1  500  42.82276     0   0    0   1     1
5   1  700  28.46216     0   0    0   1     1
6   1 1000  22.27167     0   0    0   1     1
7   2    0 106.05415     0   0    0   1     1
8   2  200 105.36386     0   0    0   1     1
9   2  400  67.33802     0   0    0   1     1
10  2  500  49.62933     0   0    0   1     1
-----------------------------------
----          Model            ----
-----------------------------------
Nonlinear mixed-effects model
  Model function:  PD Imax model
  Model type:  structural
function (psi, id, xidep) 
{
    dose <- xidep[, 1]
    e0 <- psi[id, 1]
    imax <- psi[id, 2]
    ed50 <- psi[id, 3]
    gamma <- psi[id, 4]
    f <- e0 * (1 - imax * (dose^gamma)/((ed50^gamma) + (dose^gamma)))
    return(f)
}
<bytecode: 0x5634e2004478>
  Nb of parameters: 4 
      parameter names:  E0 Imax ED50 gamma 
      distribution:
     Parameter Distribution Estimated
[1,] E0        log-normal   Estimated
[2,] Imax      log-normal   Estimated
[3,] ED50      log-normal   Estimated
[4,] gamma     log-normal   Estimated
  Variance-covariance matrix:
      E0 Imax ED50 gamma
E0     1    0    0     0
Imax   0    0    0     0
ED50   0    0    1     0
gamma  0    0    0     0
  Error model: proportional , initial values: b.1=0.2 
  Covariate model:
      [,1] [,2] [,3] [,4]
group    0    0    1    0
    Initial values
              E0 Imax ED50 gamma
Pop.CondInit 100  0.7  500     2
Cov.CondInit   0  0.0    0     0
-----------------------------------
----    Key algorithm options  ----
-----------------------------------
    Estimation of individual parameters (MAP)
    Estimation of standard errors and linearised log-likelihood
    Estimation of log-likelihood by importance sampling
    Number of iterations:  K1=300, K2=100 
    Number of chains:  1 
    Seed:  6424598 
    Number of MCMC iterations for IS:  5000 
    Simulations:
        nb of simulated datasets used for npde:  1000 
        nb of simulated datasets used for VPC:  100 
    Input/output
        save the results to a file:  FALSE 
        save the graphs to files:  FALSE 
----------------------------------------------------
----                  Results                   ----
----------------------------------------------------
-----------------  Fixed effects  ------------------
----------------------------------------------------
     Parameter        Estimate SE      CV(%) p-value
[1,] E0                99.04    2.2366  2.3  -      
[2,] Imax               0.73    0.0268  3.7  -      
[3,] ED50             564.14   39.7544  7.0  -      
[4,] beta_group(ED50)  -0.52    0.0831 16.1  2.3e-10
[5,] gamma              1.98    0.1916  9.7  -      
[6,] b.1                0.21    0.0069  3.3  -      
----------------------------------------------------
-----------  Variance of random effects  -----------
----------------------------------------------------
     Parameter   Estimate SE     CV(%)
E0   omega2.E0   0.012    0.0043 35   
ED50 omega2.ED50 0.100    0.0255 25   
----------------------------------------------------
------  Correlation matrix of random effects  ------
----------------------------------------------------
            omega2.E0 omega2.ED50
omega2.E0   1         0          
omega2.ED50 0         1          
----------------------------------------------------
---------------  Statistical criteria  -------------
----------------------------------------------------
Likelihood computed by linearisation
      -2LL= 4963.108 
      AIC = 4979.108 
      BIC = 4999.95 

Likelihood computed by importance sampling
      -2LL= 4974.426 
      AIC = 4990.426 
      BIC = 5011.268 
----------------------------------------------------
----------------------------------------------------
-----------------  Fixed effects  ------------------
----------------------------------------------------
         Parameter Estimate      SE CV(%) p-value
1               E0    99.04  2.2366  2.26       -
2             Imax     0.73  0.0268  3.70       -
3             ED50   564.14 39.7544  7.05       -
4 beta_group(ED50)    -0.52  0.0831 16.05 4.7e-10
5            gamma     1.98  0.1916  9.70       -
6              b.1     0.21  0.0069  3.34       -
----------------------------------------------------
-----------  Variance of random effects  -----------
----------------------------------------------------
       Parameter Estimate     SE CV(%)
E0     omega2.E0    0.012 0.0043 35.11
ED50 omega2.ED50    0.100 0.0255 25.48
----------------------------------------------------
------  Correlation matrix of random effects  ------
----------------------------------------------------
            omega2.E0 omega2.ED50
omega2.E0   1.00      0.00       
omega2.ED50 0.00      1.00       
----------------------------------------------------
---------------  Statistical criteria  -------------
----------------------------------------------------
Likelihood computed by linearisation
      -2LL= 4963.108 
      AIC = 4979.108 
      BIC = 4999.95 

Likelihood computed by importance sampling
      -2LL= 4974.426 
      AIC = 4990.426 
      BIC = 5011.268 
----------------------------------------------------
Reading data from file /home/eco/work/saemix/saemixextension/simulationSuite/cont/imaxRichProp/data/data_pdimax64.tab 
These are the first lines of the dataset as read into R. Please check the format of the data is appropriate, if not, modify the na and/or sep items and retry:
  id dose       eff group
1  1    0 132.92664     0
2  1  200  85.69069     0
3  1  400  78.37766     0
4  1  500  74.26314     0
5  1  700  44.27910     0
6  1 1000  64.42980     0


The following SaemixData object was successfully created:

Object of class SaemixData
    longitudinal data for use with the SAEM algorithm
Dataset /home/eco/work/saemix/saemixextension/simulationSuite/cont/imaxRichProp/data/data_pdimax64.tab 
    Structured data: eff ~ dose | id 
    Predictor: dose (-) 
    covariates: group (-) 
      reference class for covariate group :  0 
Nonlinear mixed-effects model fit by the SAEM algorithm
-----------------------------------
----          Data             ----
-----------------------------------
Object of class SaemixData
    longitudinal data for use with the SAEM algorithm
Dataset /home/eco/work/saemix/saemixextension/simulationSuite/cont/imaxRichProp/data/data_pdimax64.tab 
    Structured data: eff ~ dose | id 
    Predictor: dose (-) 
    covariates: group (-) 
      reference class for covariate group :  0 
Dataset characteristics:
    number of subjects:     100 
    number of observations: 600 
    average/min/max nb obs: 6.00  /  6  /  6 
First 10 lines of data:
   id dose       eff group mdv cens occ ytype
1   1    0 132.92664     0   0    0   1     1
2   1  200  85.69069     0   0    0   1     1
3   1  400  78.37766     0   0    0   1     1
4   1  500  74.26314     0   0    0   1     1
5   1  700  44.27910     0   0    0   1     1
6   1 1000  64.42980     0   0    0   1     1
7   2    0 106.68944     0   0    0   1     1
8   2  200  80.61275     0   0    0   1     1
9   2  400  83.21931     0   0    0   1     1
10  2  500  69.30366     0   0    0   1     1
-----------------------------------
----          Model            ----
-----------------------------------
Nonlinear mixed-effects model
  Model function:  PD Imax model
  Model type:  structural
function (psi, id, xidep) 
{
    dose <- xidep[, 1]
    e0 <- psi[id, 1]
    imax <- psi[id, 2]
    ed50 <- psi[id, 3]
    gamma <- psi[id, 4]
    f <- e0 * (1 - imax * (dose^gamma)/((ed50^gamma) + (dose^gamma)))
    return(f)
}
<bytecode: 0x5634e2004478>
  Nb of parameters: 4 
      parameter names:  E0 Imax ED50 gamma 
      distribution:
     Parameter Distribution Estimated
[1,] E0        log-normal   Estimated
[2,] Imax      log-normal   Estimated
[3,] ED50      log-normal   Estimated
[4,] gamma     log-normal   Estimated
  Variance-covariance matrix:
      E0 Imax ED50 gamma
E0     1    0    0     0
Imax   0    0    0     0
ED50   0    0    1     0
gamma  0    0    0     0
  Error model: proportional , initial values: b.1=0.2 
  Covariate model:
      [,1] [,2] [,3] [,4]
group    0    0    1    0
    Initial values
              E0 Imax ED50 gamma
Pop.CondInit 100  0.7  500     2
Cov.CondInit   0  0.0    0     0
-----------------------------------
----    Key algorithm options  ----
-----------------------------------
    Estimation of individual parameters (MAP)
    Estimation of standard errors and linearised log-likelihood
    Estimation of log-likelihood by importance sampling
    Number of iterations:  K1=300, K2=100 
    Number of chains:  1 
    Seed:  6424598 
    Number of MCMC iterations for IS:  5000 
    Simulations:
        nb of simulated datasets used for npde:  1000 
        nb of simulated datasets used for VPC:  100 
    Input/output
        save the results to a file:  FALSE 
        save the graphs to files:  FALSE 
----------------------------------------------------
----                  Results                   ----
----------------------------------------------------
-----------------  Fixed effects  ------------------
----------------------------------------------------
     Parameter        Estimate SE      CV(%) p-value
[1,] E0               101.24    2.3426  2.3  -      
[2,] Imax               0.75    0.0311  4.2  -      
[3,] ED50             500.72   40.5266  8.1  -      
[4,] beta_group(ED50)  -0.46    0.0893 19.5  1.4e-07
[5,] gamma              1.68    0.1693 10.1  -      
[6,] b.1                0.20    0.0068  3.3  -      
----------------------------------------------------
-----------  Variance of random effects  -----------
----------------------------------------------------
     Parameter   Estimate SE     CV(%)
E0   omega2.E0   0.015    0.0047 32   
ED50 omega2.ED50 0.113    0.0296 26   
----------------------------------------------------
------  Correlation matrix of random effects  ------
----------------------------------------------------
            omega2.E0 omega2.ED50
omega2.E0   1         0          
omega2.ED50 0         1          
----------------------------------------------------
---------------  Statistical criteria  -------------
----------------------------------------------------
Likelihood computed by linearisation
      -2LL= 4924.382 
      AIC = 4940.382 
      BIC = 4961.223 

Likelihood computed by importance sampling
      -2LL= 4936.185 
      AIC = 4952.185 
      BIC = 4973.026 
----------------------------------------------------
----------------------------------------------------
-----------------  Fixed effects  ------------------
----------------------------------------------------
         Parameter Estimate      SE CV(%) p-value
1               E0   101.24  2.3426  2.31       -
2             Imax     0.75  0.0311  4.17       -
3             ED50   500.72 40.5266  8.09       -
4 beta_group(ED50)    -0.46  0.0893 19.49 2.9e-07
5            gamma     1.68  0.1693 10.11       -
6              b.1     0.20  0.0068  3.33       -
----------------------------------------------------
-----------  Variance of random effects  -----------
----------------------------------------------------
       Parameter Estimate     SE CV(%)
E0     omega2.E0    0.015 0.0047 32.09
ED50 omega2.ED50    0.113 0.0296 26.23
----------------------------------------------------
------  Correlation matrix of random effects  ------
----------------------------------------------------
            omega2.E0 omega2.ED50
omega2.E0   1.00      0.00       
omega2.ED50 0.00      1.00       
----------------------------------------------------
---------------  Statistical criteria  -------------
----------------------------------------------------
Likelihood computed by linearisation
      -2LL= 4924.382 
      AIC = 4940.382 
      BIC = 4961.223 

Likelihood computed by importance sampling
      -2LL= 4936.185 
      AIC = 4952.185 
      BIC = 4973.026 
----------------------------------------------------
Reading data from file /home/eco/work/saemix/saemixextension/simulationSuite/cont/imaxRichProp/data/data_pdimax65.tab 
These are the first lines of the dataset as read into R. Please check the format of the data is appropriate, if not, modify the na and/or sep items and retry:
  id dose      eff group
1  1    0 67.96334     0
2  1  200 67.05122     0
3  1  400 79.83119     0
4  1  500 61.42743     0
5  1  700 36.53453     0
6  1 1000 44.06181     0


The following SaemixData object was successfully created:

Object of class SaemixData
    longitudinal data for use with the SAEM algorithm
Dataset /home/eco/work/saemix/saemixextension/simulationSuite/cont/imaxRichProp/data/data_pdimax65.tab 
    Structured data: eff ~ dose | id 
    Predictor: dose (-) 
    covariates: group (-) 
      reference class for covariate group :  0 
Nonlinear mixed-effects model fit by the SAEM algorithm
-----------------------------------
----          Data             ----
-----------------------------------
Object of class SaemixData
    longitudinal data for use with the SAEM algorithm
Dataset /home/eco/work/saemix/saemixextension/simulationSuite/cont/imaxRichProp/data/data_pdimax65.tab 
    Structured data: eff ~ dose | id 
    Predictor: dose (-) 
    covariates: group (-) 
      reference class for covariate group :  0 
Dataset characteristics:
    number of subjects:     100 
    number of observations: 600 
    average/min/max nb obs: 6.00  /  6  /  6 
First 10 lines of data:
   id dose       eff group mdv cens occ ytype
1   1    0  67.96334     0   0    0   1     1
2   1  200  67.05122     0   0    0   1     1
3   1  400  79.83119     0   0    0   1     1
4   1  500  61.42743     0   0    0   1     1
5   1  700  36.53453     0   0    0   1     1
6   1 1000  44.06181     0   0    0   1     1
7   2    0 130.03154     0   0    0   1     1
8   2  200  41.99551     0   0    0   1     1
9   2  400  59.43812     0   0    0   1     1
10  2  500  55.14855     0   0    0   1     1
-----------------------------------
----          Model            ----
-----------------------------------
Nonlinear mixed-effects model
  Model function:  PD Imax model
  Model type:  structural
function (psi, id, xidep) 
{
    dose <- xidep[, 1]
    e0 <- psi[id, 1]
    imax <- psi[id, 2]
    ed50 <- psi[id, 3]
    gamma <- psi[id, 4]
    f <- e0 * (1 - imax * (dose^gamma)/((ed50^gamma) + (dose^gamma)))
    return(f)
}
<bytecode: 0x5634e2004478>
  Nb of parameters: 4 
      parameter names:  E0 Imax ED50 gamma 
      distribution:
     Parameter Distribution Estimated
[1,] E0        log-normal   Estimated
[2,] Imax      log-normal   Estimated
[3,] ED50      log-normal   Estimated
[4,] gamma     log-normal   Estimated
  Variance-covariance matrix:
      E0 Imax ED50 gamma
E0     1    0    0     0
Imax   0    0    0     0
ED50   0    0    1     0
gamma  0    0    0     0
  Error model: proportional , initial values: b.1=0.2 
  Covariate model:
      [,1] [,2] [,3] [,4]
group    0    0    1    0
    Initial values
              E0 Imax ED50 gamma
Pop.CondInit 100  0.7  500     2
Cov.CondInit   0  0.0    0     0
-----------------------------------
----    Key algorithm options  ----
-----------------------------------
    Estimation of individual parameters (MAP)
    Estimation of standard errors and linearised log-likelihood
    Estimation of log-likelihood by importance sampling
    Number of iterations:  K1=300, K2=100 
    Number of chains:  1 
    Seed:  6424598 
    Number of MCMC iterations for IS:  5000 
    Simulations:
        nb of simulated datasets used for npde:  1000 
        nb of simulated datasets used for VPC:  100 
    Input/output
        save the results to a file:  FALSE 
        save the graphs to files:  FALSE 
----------------------------------------------------
----                  Results                   ----
----------------------------------------------------
-----------------  Fixed effects  ------------------
----------------------------------------------------
     Parameter        Estimate SE      CV(%) p-value
[1,] E0                96.31    2.1016  2.2  -      
[2,] Imax               0.73    0.0274  3.8  -      
[3,] ED50             527.73   42.4970  8.1  -      
[4,] beta_group(ED50)  -0.48    0.0924 19.1  8.1e-08
[5,] gamma              1.77    0.1737  9.8  -      
[6,] b.1                0.21    0.0071  3.3  -      
----------------------------------------------------
-----------  Variance of random effects  -----------
----------------------------------------------------
     Parameter   Estimate SE     CV(%)
E0   omega2.E0   0.0054   0.0037 69   
ED50 omega2.ED50 0.1431   0.0321 22   
----------------------------------------------------
------  Correlation matrix of random effects  ------
----------------------------------------------------
            omega2.E0 omega2.ED50
omega2.E0   1         0          
omega2.ED50 0         1          
----------------------------------------------------
---------------  Statistical criteria  -------------
----------------------------------------------------
Likelihood computed by linearisation
      -2LL= 4927.811 
      AIC = 4943.811 
      BIC = 4964.652 

Likelihood computed by importance sampling
      -2LL= 4940.128 
      AIC = 4956.128 
      BIC = 4976.969 
----------------------------------------------------
----------------------------------------------------
-----------------  Fixed effects  ------------------
----------------------------------------------------
         Parameter Estimate      SE CV(%) p-value
1               E0    96.31  2.1016  2.18       -
2             Imax     0.73  0.0274  3.76       -
3             ED50   527.73 42.4970  8.05       -
4 beta_group(ED50)    -0.48  0.0924 19.09 1.6e-07
5            gamma     1.77  0.1737  9.82       -
6              b.1     0.21  0.0071  3.31       -
----------------------------------------------------
-----------  Variance of random effects  -----------
----------------------------------------------------
       Parameter Estimate     SE CV(%)
E0     omega2.E0   0.0054 0.0037 68.64
ED50 omega2.ED50   0.1431 0.0321 22.45
----------------------------------------------------
------  Correlation matrix of random effects  ------
----------------------------------------------------
            omega2.E0 omega2.ED50
omega2.E0   1.00      0.00       
omega2.ED50 0.00      1.00       
----------------------------------------------------
---------------  Statistical criteria  -------------
----------------------------------------------------
Likelihood computed by linearisation
      -2LL= 4927.811 
      AIC = 4943.811 
      BIC = 4964.652 

Likelihood computed by importance sampling
      -2LL= 4940.128 
      AIC = 4956.128 
      BIC = 4976.969 
----------------------------------------------------
Reading data from file /home/eco/work/saemix/saemixextension/simulationSuite/cont/imaxRichProp/data/data_pdimax66.tab 
These are the first lines of the dataset as read into R. Please check the format of the data is appropriate, if not, modify the na and/or sep items and retry:
  id dose       eff group
1  1    0 151.81903     0
2  1  200 102.93157     0
3  1  400  87.20951     0
4  1  500  61.06060     0
5  1  700  39.68022     0
6  1 1000  32.58272     0


The following SaemixData object was successfully created:

Object of class SaemixData
    longitudinal data for use with the SAEM algorithm
Dataset /home/eco/work/saemix/saemixextension/simulationSuite/cont/imaxRichProp/data/data_pdimax66.tab 
    Structured data: eff ~ dose | id 
    Predictor: dose (-) 
    covariates: group (-) 
      reference class for covariate group :  0 
Nonlinear mixed-effects model fit by the SAEM algorithm
-----------------------------------
----          Data             ----
-----------------------------------
Object of class SaemixData
    longitudinal data for use with the SAEM algorithm
Dataset /home/eco/work/saemix/saemixextension/simulationSuite/cont/imaxRichProp/data/data_pdimax66.tab 
    Structured data: eff ~ dose | id 
    Predictor: dose (-) 
    covariates: group (-) 
      reference class for covariate group :  0 
Dataset characteristics:
    number of subjects:     100 
    number of observations: 600 
    average/min/max nb obs: 6.00  /  6  /  6 
First 10 lines of data:
   id dose       eff group mdv cens occ ytype
1   1    0 151.81903     0   0    0   1     1
2   1  200 102.93157     0   0    0   1     1
3   1  400  87.20951     0   0    0   1     1
4   1  500  61.06060     0   0    0   1     1
5   1  700  39.68022     0   0    0   1     1
6   1 1000  32.58272     0   0    0   1     1
7   2    0 101.30808     0   0    0   1     1
8   2  200  99.38686     0   0    0   1     1
9   2  400  31.46250     0   0    0   1     1
10  2  500  45.03339     0   0    0   1     1
-----------------------------------
----          Model            ----
-----------------------------------
Nonlinear mixed-effects model
  Model function:  PD Imax model
  Model type:  structural
function (psi, id, xidep) 
{
    dose <- xidep[, 1]
    e0 <- psi[id, 1]
    imax <- psi[id, 2]
    ed50 <- psi[id, 3]
    gamma <- psi[id, 4]
    f <- e0 * (1 - imax * (dose^gamma)/((ed50^gamma) + (dose^gamma)))
    return(f)
}
<bytecode: 0x5634e2004478>
  Nb of parameters: 4 
      parameter names:  E0 Imax ED50 gamma 
      distribution:
     Parameter Distribution Estimated
[1,] E0        log-normal   Estimated
[2,] Imax      log-normal   Estimated
[3,] ED50      log-normal   Estimated
[4,] gamma     log-normal   Estimated
  Variance-covariance matrix:
      E0 Imax ED50 gamma
E0     1    0    0     0
Imax   0    0    0     0
ED50   0    0    1     0
gamma  0    0    0     0
  Error model: proportional , initial values: b.1=0.2 
  Covariate model:
      [,1] [,2] [,3] [,4]
group    0    0    1    0
    Initial values
              E0 Imax ED50 gamma
Pop.CondInit 100  0.7  500     2
Cov.CondInit   0  0.0    0     0
-----------------------------------
----    Key algorithm options  ----
-----------------------------------
    Estimation of individual parameters (MAP)
    Estimation of standard errors and linearised log-likelihood
    Estimation of log-likelihood by importance sampling
    Number of iterations:  K1=300, K2=100 
    Number of chains:  1 
    Seed:  6424598 
    Number of MCMC iterations for IS:  5000 
    Simulations:
        nb of simulated datasets used for npde:  1000 
        nb of simulated datasets used for VPC:  100 
    Input/output
        save the results to a file:  FALSE 
        save the graphs to files:  FALSE 
----------------------------------------------------
----                  Results                   ----
----------------------------------------------------
-----------------  Fixed effects  ------------------
----------------------------------------------------
     Parameter        Estimate SE      CV(%) p-value
[1,] E0               101.76    2.1132  2.1  -      
[2,] Imax               0.72    0.0264  3.7  -      
[3,] ED50             489.24   35.6024  7.3  -      
[4,] beta_group(ED50)  -0.41    0.0835 20.3  4.3e-07
[5,] gamma              1.86    0.1781  9.6  -      
[6,] b.1                0.20    0.0066  3.3  -      
----------------------------------------------------
-----------  Variance of random effects  -----------
----------------------------------------------------
     Parameter   Estimate SE     CV(%)
E0   omega2.E0   0.0069   0.0035 51   
ED50 omega2.ED50 0.1119   0.0263 23   
----------------------------------------------------
------  Correlation matrix of random effects  ------
----------------------------------------------------
            omega2.E0 omega2.ED50
omega2.E0   1         0          
omega2.ED50 0         1          
----------------------------------------------------
---------------  Statistical criteria  -------------
----------------------------------------------------
Likelihood computed by linearisation
      -2LL= 4892.215 
      AIC = 4908.215 
      BIC = 4929.056 

Likelihood computed by importance sampling
      -2LL= 4903.478 
      AIC = 4919.478 
      BIC = 4940.319 
----------------------------------------------------
----------------------------------------------------
-----------------  Fixed effects  ------------------
----------------------------------------------------
         Parameter Estimate      SE CV(%) p-value
1               E0   101.76  2.1132  2.08       -
2             Imax     0.72  0.0264  3.67       -
3             ED50   489.24 35.6024  7.28       -
4 beta_group(ED50)    -0.41  0.0835 20.32 8.6e-07
5            gamma     1.86  0.1781  9.58       -
6              b.1     0.20  0.0066  3.32       -
----------------------------------------------------
-----------  Variance of random effects  -----------
----------------------------------------------------
       Parameter Estimate     SE CV(%)
E0     omega2.E0   0.0069 0.0035 50.79
ED50 omega2.ED50   0.1119 0.0263 23.46
----------------------------------------------------
------  Correlation matrix of random effects  ------
----------------------------------------------------
            omega2.E0 omega2.ED50
omega2.E0   1.00      0.00       
omega2.ED50 0.00      1.00       
----------------------------------------------------
---------------  Statistical criteria  -------------
----------------------------------------------------
Likelihood computed by linearisation
      -2LL= 4892.215 
      AIC = 4908.215 
      BIC = 4929.056 

Likelihood computed by importance sampling
      -2LL= 4903.478 
      AIC = 4919.478 
      BIC = 4940.319 
----------------------------------------------------
Reading data from file /home/eco/work/saemix/saemixextension/simulationSuite/cont/imaxRichProp/data/data_pdimax67.tab 
These are the first lines of the dataset as read into R. Please check the format of the data is appropriate, if not, modify the na and/or sep items and retry:
  id dose       eff group
1  1    0  80.21215     0
2  1  200 119.18492     0
3  1  400  85.67256     0
4  1  500  35.91772     0
5  1  700  59.36197     0
6  1 1000  50.25676     0


The following SaemixData object was successfully created:

Object of class SaemixData
    longitudinal data for use with the SAEM algorithm
Dataset /home/eco/work/saemix/saemixextension/simulationSuite/cont/imaxRichProp/data/data_pdimax67.tab 
    Structured data: eff ~ dose | id 
    Predictor: dose (-) 
    covariates: group (-) 
      reference class for covariate group :  0 
Nonlinear mixed-effects model fit by the SAEM algorithm
-----------------------------------
----          Data             ----
-----------------------------------
Object of class SaemixData
    longitudinal data for use with the SAEM algorithm
Dataset /home/eco/work/saemix/saemixextension/simulationSuite/cont/imaxRichProp/data/data_pdimax67.tab 
    Structured data: eff ~ dose | id 
    Predictor: dose (-) 
    covariates: group (-) 
      reference class for covariate group :  0 
Dataset characteristics:
    number of subjects:     100 
    number of observations: 600 
    average/min/max nb obs: 6.00  /  6  /  6 
First 10 lines of data:
   id dose       eff group mdv cens occ ytype
1   1    0  80.21215     0   0    0   1     1
2   1  200 119.18492     0   0    0   1     1
3   1  400  85.67256     0   0    0   1     1
4   1  500  35.91772     0   0    0   1     1
5   1  700  59.36197     0   0    0   1     1
6   1 1000  50.25676     0   0    0   1     1
7   2    0  90.24199     0   0    0   1     1
8   2  200  55.06705     0   0    0   1     1
9   2  400  69.93724     0   0    0   1     1
10  2  500  65.28560     0   0    0   1     1
-----------------------------------
----          Model            ----
-----------------------------------
Nonlinear mixed-effects model
  Model function:  PD Imax model
  Model type:  structural
function (psi, id, xidep) 
{
    dose <- xidep[, 1]
    e0 <- psi[id, 1]
    imax <- psi[id, 2]
    ed50 <- psi[id, 3]
    gamma <- psi[id, 4]
    f <- e0 * (1 - imax * (dose^gamma)/((ed50^gamma) + (dose^gamma)))
    return(f)
}
<bytecode: 0x5634e2004478>
  Nb of parameters: 4 
      parameter names:  E0 Imax ED50 gamma 
      distribution:
     Parameter Distribution Estimated
[1,] E0        log-normal   Estimated
[2,] Imax      log-normal   Estimated
[3,] ED50      log-normal   Estimated
[4,] gamma     log-normal   Estimated
  Variance-covariance matrix:
      E0 Imax ED50 gamma
E0     1    0    0     0
Imax   0    0    0     0
ED50   0    0    1     0
gamma  0    0    0     0
  Error model: proportional , initial values: b.1=0.2 
  Covariate model:
      [,1] [,2] [,3] [,4]
group    0    0    1    0
    Initial values
              E0 Imax ED50 gamma
Pop.CondInit 100  0.7  500     2
Cov.CondInit   0  0.0    0     0
-----------------------------------
----    Key algorithm options  ----
-----------------------------------
    Estimation of individual parameters (MAP)
    Estimation of standard errors and linearised log-likelihood
    Estimation of log-likelihood by importance sampling
    Number of iterations:  K1=300, K2=100 
    Number of chains:  1 
    Seed:  6424598 
    Number of MCMC iterations for IS:  5000 
    Simulations:
        nb of simulated datasets used for npde:  1000 
        nb of simulated datasets used for VPC:  100 
    Input/output
        save the results to a file:  FALSE 
        save the graphs to files:  FALSE 
----------------------------------------------------
----                  Results                   ----
----------------------------------------------------
-----------------  Fixed effects  ------------------
----------------------------------------------------
     Parameter        Estimate SE      CV(%) p-value
[1,] E0                99.74    2.2260  2.2  -      
[2,] Imax               0.69    0.0177  2.6  -      
[3,] ED50             487.38   33.1152  6.8  -      
[4,] beta_group(ED50)  -0.56    0.0896 16.1  2.7e-10
[5,] gamma              2.19    0.1797  8.2  -      
[6,] b.1                0.19    0.0064  3.4  -      
----------------------------------------------------
-----------  Variance of random effects  -----------
----------------------------------------------------
     Parameter   Estimate SE     CV(%)
E0   omega2.E0   0.018    0.0048 26   
ED50 omega2.ED50 0.127    0.0290 23   
----------------------------------------------------
------  Correlation matrix of random effects  ------
----------------------------------------------------
            omega2.E0 omega2.ED50
omega2.E0   1         0          
omega2.ED50 0         1          
----------------------------------------------------
---------------  Statistical criteria  -------------
----------------------------------------------------
Likelihood computed by linearisation
      -2LL= 4853.166 
      AIC = 4869.166 
      BIC = 4890.007 

Likelihood computed by importance sampling
      -2LL= 4863.333 
      AIC = 4879.333 
      BIC = 4900.175 
----------------------------------------------------
----------------------------------------------------
-----------------  Fixed effects  ------------------
----------------------------------------------------
         Parameter Estimate      SE CV(%) p-value
1               E0    99.74  2.2260  2.23       -
2             Imax     0.69  0.0177  2.55       -
3             ED50   487.38 33.1152  6.79       -
4 beta_group(ED50)    -0.56  0.0896 16.11 5.4e-10
5            gamma     2.19  0.1797  8.22       -
6              b.1     0.19  0.0064  3.39       -
----------------------------------------------------
-----------  Variance of random effects  -----------
----------------------------------------------------
       Parameter Estimate     SE CV(%)
E0     omega2.E0    0.018 0.0048 26.08
ED50 omega2.ED50    0.127 0.0290 22.73
----------------------------------------------------
------  Correlation matrix of random effects  ------
----------------------------------------------------
            omega2.E0 omega2.ED50
omega2.E0   1.00      0.00       
omega2.ED50 0.00      1.00       
----------------------------------------------------
---------------  Statistical criteria  -------------
----------------------------------------------------
Likelihood computed by linearisation
      -2LL= 4853.166 
      AIC = 4869.166 
      BIC = 4890.007 

Likelihood computed by importance sampling
      -2LL= 4863.333 
      AIC = 4879.333 
      BIC = 4900.175 
----------------------------------------------------
Reading data from file /home/eco/work/saemix/saemixextension/simulationSuite/cont/imaxRichProp/data/data_pdimax68.tab 
These are the first lines of the dataset as read into R. Please check the format of the data is appropriate, if not, modify the na and/or sep items and retry:
  id dose       eff group
1  1    0  83.94871     0
2  1  200 115.83525     0
3  1  400  97.04314     0
4  1  500  92.83973     0
5  1  700  78.52171     0
6  1 1000  60.61279     0


The following SaemixData object was successfully created:

Object of class SaemixData
    longitudinal data for use with the SAEM algorithm
Dataset /home/eco/work/saemix/saemixextension/simulationSuite/cont/imaxRichProp/data/data_pdimax68.tab 
    Structured data: eff ~ dose | id 
    Predictor: dose (-) 
    covariates: group (-) 
      reference class for covariate group :  0 
Nonlinear mixed-effects model fit by the SAEM algorithm
-----------------------------------
----          Data             ----
-----------------------------------
Object of class SaemixData
    longitudinal data for use with the SAEM algorithm
Dataset /home/eco/work/saemix/saemixextension/simulationSuite/cont/imaxRichProp/data/data_pdimax68.tab 
    Structured data: eff ~ dose | id 
    Predictor: dose (-) 
    covariates: group (-) 
      reference class for covariate group :  0 
Dataset characteristics:
    number of subjects:     100 
    number of observations: 600 
    average/min/max nb obs: 6.00  /  6  /  6 
First 10 lines of data:
   id dose       eff group mdv cens occ ytype
1   1    0  83.94871     0   0    0   1     1
2   1  200 115.83525     0   0    0   1     1
3   1  400  97.04314     0   0    0   1     1
4   1  500  92.83973     0   0    0   1     1
5   1  700  78.52171     0   0    0   1     1
6   1 1000  60.61279     0   0    0   1     1
7   2    0 159.01932     0   0    0   1     1
8   2  200 105.56622     0   0    0   1     1
9   2  400 144.59353     0   0    0   1     1
10  2  500 140.99869     0   0    0   1     1
-----------------------------------
----          Model            ----
-----------------------------------
Nonlinear mixed-effects model
  Model function:  PD Imax model
  Model type:  structural
function (psi, id, xidep) 
{
    dose <- xidep[, 1]
    e0 <- psi[id, 1]
    imax <- psi[id, 2]
    ed50 <- psi[id, 3]
    gamma <- psi[id, 4]
    f <- e0 * (1 - imax * (dose^gamma)/((ed50^gamma) + (dose^gamma)))
    return(f)
}
<bytecode: 0x5634e2004478>
  Nb of parameters: 4 
      parameter names:  E0 Imax ED50 gamma 
      distribution:
     Parameter Distribution Estimated
[1,] E0        log-normal   Estimated
[2,] Imax      log-normal   Estimated
[3,] ED50      log-normal   Estimated
[4,] gamma     log-normal   Estimated
  Variance-covariance matrix:
      E0 Imax ED50 gamma
E0     1    0    0     0
Imax   0    0    0     0
ED50   0    0    1     0
gamma  0    0    0     0
  Error model: proportional , initial values: b.1=0.2 
  Covariate model:
      [,1] [,2] [,3] [,4]
group    0    0    1    0
    Initial values
              E0 Imax ED50 gamma
Pop.CondInit 100  0.7  500     2
Cov.CondInit   0  0.0    0     0
-----------------------------------
----    Key algorithm options  ----
-----------------------------------
    Estimation of individual parameters (MAP)
    Estimation of standard errors and linearised log-likelihood
    Estimation of log-likelihood by importance sampling
    Number of iterations:  K1=300, K2=100 
    Number of chains:  1 
    Seed:  6424598 
    Number of MCMC iterations for IS:  5000 
    Simulations:
        nb of simulated datasets used for npde:  1000 
        nb of simulated datasets used for VPC:  100 
    Input/output
        save the results to a file:  FALSE 
        save the graphs to files:  FALSE 
----------------------------------------------------
----                  Results                   ----
----------------------------------------------------
-----------------  Fixed effects  ------------------
----------------------------------------------------
     Parameter        Estimate SE      CV(%) p-value
[1,] E0                99.09    2.2201  2.2  -      
[2,] Imax               0.72    0.0295  4.1  -      
[3,] ED50             529.18   34.4448  6.5  -      
[4,] beta_group(ED50)  -0.44    0.0706 15.9  1.7e-10
[5,] gamma              1.96    0.1965 10.1  -      
[6,] b.1                0.20    0.0067  3.3  -      
----------------------------------------------------
-----------  Variance of random effects  -----------
----------------------------------------------------
     Parameter   Estimate SE    CV(%)
E0   omega2.E0   0.013    0.004 31   
ED50 omega2.ED50 0.055    0.019 34   
----------------------------------------------------
------  Correlation matrix of random effects  ------
----------------------------------------------------
            omega2.E0 omega2.ED50
omega2.E0   1         0          
omega2.ED50 0         1          
----------------------------------------------------
---------------  Statistical criteria  -------------
----------------------------------------------------
Likelihood computed by linearisation
      -2LL= 4898.02 
      AIC = 4914.02 
      BIC = 4934.861 

Likelihood computed by importance sampling
      -2LL= 4907.685 
      AIC = 4923.685 
      BIC = 4944.526 
----------------------------------------------------
----------------------------------------------------
-----------------  Fixed effects  ------------------
----------------------------------------------------
         Parameter Estimate      SE CV(%) p-value
1               E0    99.09  2.2201  2.24       -
2             Imax     0.72  0.0295  4.08       -
3             ED50   529.18 34.4448  6.51       -
4 beta_group(ED50)    -0.44  0.0706 15.94 3.5e-10
5            gamma     1.96  0.1965 10.05       -
6              b.1     0.20  0.0067  3.31       -
----------------------------------------------------
-----------  Variance of random effects  -----------
----------------------------------------------------
       Parameter Estimate    SE CV(%)
E0     omega2.E0    0.013 0.004 31.12
ED50 omega2.ED50    0.055 0.019 34.44
----------------------------------------------------
------  Correlation matrix of random effects  ------
----------------------------------------------------
            omega2.E0 omega2.ED50
omega2.E0   1.00      0.00       
omega2.ED50 0.00      1.00       
----------------------------------------------------
---------------  Statistical criteria  -------------
----------------------------------------------------
Likelihood computed by linearisation
      -2LL= 4898.02 
      AIC = 4914.02 
      BIC = 4934.861 

Likelihood computed by importance sampling
      -2LL= 4907.685 
      AIC = 4923.685 
      BIC = 4944.526 
----------------------------------------------------
Reading data from file /home/eco/work/saemix/saemixextension/simulationSuite/cont/imaxRichProp/data/data_pdimax69.tab 
These are the first lines of the dataset as read into R. Please check the format of the data is appropriate, if not, modify the na and/or sep items and retry:
  id dose       eff group
1  1    0 123.76290     0
2  1  200  92.47258     0
3  1  400  43.97354     0
4  1  500  35.05613     0
5  1  700  34.14933     0
6  1 1000  27.20622     0


The following SaemixData object was successfully created:

Object of class SaemixData
    longitudinal data for use with the SAEM algorithm
Dataset /home/eco/work/saemix/saemixextension/simulationSuite/cont/imaxRichProp/data/data_pdimax69.tab 
    Structured data: eff ~ dose | id 
    Predictor: dose (-) 
    covariates: group (-) 
      reference class for covariate group :  0 
Nonlinear mixed-effects model fit by the SAEM algorithm
-----------------------------------
----          Data             ----
-----------------------------------
Object of class SaemixData
    longitudinal data for use with the SAEM algorithm
Dataset /home/eco/work/saemix/saemixextension/simulationSuite/cont/imaxRichProp/data/data_pdimax69.tab 
    Structured data: eff ~ dose | id 
    Predictor: dose (-) 
    covariates: group (-) 
      reference class for covariate group :  0 
Dataset characteristics:
    number of subjects:     100 
    number of observations: 600 
    average/min/max nb obs: 6.00  /  6  /  6 
First 10 lines of data:
   id dose       eff group mdv cens occ ytype
1   1    0 123.76290     0   0    0   1     1
2   1  200  92.47258     0   0    0   1     1
3   1  400  43.97354     0   0    0   1     1
4   1  500  35.05613     0   0    0   1     1
5   1  700  34.14933     0   0    0   1     1
6   1 1000  27.20622     0   0    0   1     1
7   2    0 101.42941     0   0    0   1     1
8   2  200  95.69530     0   0    0   1     1
9   2  400  70.22335     0   0    0   1     1
10  2  500  61.44050     0   0    0   1     1
-----------------------------------
----          Model            ----
-----------------------------------
Nonlinear mixed-effects model
  Model function:  PD Imax model
  Model type:  structural
function (psi, id, xidep) 
{
    dose <- xidep[, 1]
    e0 <- psi[id, 1]
    imax <- psi[id, 2]
    ed50 <- psi[id, 3]
    gamma <- psi[id, 4]
    f <- e0 * (1 - imax * (dose^gamma)/((ed50^gamma) + (dose^gamma)))
    return(f)
}
<bytecode: 0x5634e2004478>
  Nb of parameters: 4 
      parameter names:  E0 Imax ED50 gamma 
      distribution:
     Parameter Distribution Estimated
[1,] E0        log-normal   Estimated
[2,] Imax      log-normal   Estimated
[3,] ED50      log-normal   Estimated
[4,] gamma     log-normal   Estimated
  Variance-covariance matrix:
      E0 Imax ED50 gamma
E0     1    0    0     0
Imax   0    0    0     0
ED50   0    0    1     0
gamma  0    0    0     0
  Error model: proportional , initial values: b.1=0.2 
  Covariate model:
      [,1] [,2] [,3] [,4]
group    0    0    1    0
    Initial values
              E0 Imax ED50 gamma
Pop.CondInit 100  0.7  500     2
Cov.CondInit   0  0.0    0     0
-----------------------------------
----    Key algorithm options  ----
-----------------------------------
    Estimation of individual parameters (MAP)
    Estimation of standard errors and linearised log-likelihood
    Estimation of log-likelihood by importance sampling
    Number of iterations:  K1=300, K2=100 
    Number of chains:  1 
    Seed:  6424598 
    Number of MCMC iterations for IS:  5000 
    Simulations:
        nb of simulated datasets used for npde:  1000 
        nb of simulated datasets used for VPC:  100 
    Input/output
        save the results to a file:  FALSE 
        save the graphs to files:  FALSE 
----------------------------------------------------
----                  Results                   ----
----------------------------------------------------
-----------------  Fixed effects  ------------------
----------------------------------------------------
     Parameter        Estimate SE      CV(%) p-value
[1,] E0               101.22    2.2907  2.3  -      
[2,] Imax               0.77    0.0359  4.7  -      
[3,] ED50             535.34   41.3647  7.7  -      
[4,] beta_group(ED50)  -0.41    0.0766 18.8  5.5e-08
[5,] gamma              1.67    0.1674 10.0  -      
[6,] b.1                0.19    0.0064  3.3  -      
----------------------------------------------------
-----------  Variance of random effects  -----------
----------------------------------------------------
     Parameter   Estimate SE     CV(%)
E0   omega2.E0   0.016    0.0044 28   
ED50 omega2.ED50 0.072    0.0218 30   
----------------------------------------------------
------  Correlation matrix of random effects  ------
----------------------------------------------------
            omega2.E0 omega2.ED50
omega2.E0   1         0          
omega2.ED50 0         1          
----------------------------------------------------
---------------  Statistical criteria  -------------
----------------------------------------------------
Likelihood computed by linearisation
      -2LL= 4875.641 
      AIC = 4891.641 
      BIC = 4912.482 

Likelihood computed by importance sampling
      -2LL= 4883.929 
      AIC = 4899.929 
      BIC = 4920.77 
----------------------------------------------------
----------------------------------------------------
-----------------  Fixed effects  ------------------
----------------------------------------------------
         Parameter Estimate      SE CV(%) p-value
1               E0   101.22  2.2907  2.26       -
2             Imax     0.77  0.0359  4.67       -
3             ED50   535.34 41.3647  7.73       -
4 beta_group(ED50)    -0.41  0.0766 18.83 1.1e-07
5            gamma     1.67  0.1674 10.01       -
6              b.1     0.19  0.0064  3.33       -
----------------------------------------------------
-----------  Variance of random effects  -----------
----------------------------------------------------
       Parameter Estimate     SE CV(%)
E0     omega2.E0    0.016 0.0044 27.92
ED50 omega2.ED50    0.072 0.0218 30.10
----------------------------------------------------
------  Correlation matrix of random effects  ------
----------------------------------------------------
            omega2.E0 omega2.ED50
omega2.E0   1.00      0.00       
omega2.ED50 0.00      1.00       
----------------------------------------------------
---------------  Statistical criteria  -------------
----------------------------------------------------
Likelihood computed by linearisation
      -2LL= 4875.641 
      AIC = 4891.641 
      BIC = 4912.482 

Likelihood computed by importance sampling
      -2LL= 4883.929 
      AIC = 4899.929 
      BIC = 4920.77 
----------------------------------------------------
Reading data from file /home/eco/work/saemix/saemixextension/simulationSuite/cont/imaxRichProp/data/data_pdimax70.tab 
These are the first lines of the dataset as read into R. Please check the format of the data is appropriate, if not, modify the na and/or sep items and retry:
  id dose       eff group
1  1    0 148.33552     0
2  1  200  98.33626     0
3  1  400  67.90549     0
4  1  500  51.55862     0
5  1  700  62.89991     0
6  1 1000  39.55017     0


The following SaemixData object was successfully created:

Object of class SaemixData
    longitudinal data for use with the SAEM algorithm
Dataset /home/eco/work/saemix/saemixextension/simulationSuite/cont/imaxRichProp/data/data_pdimax70.tab 
    Structured data: eff ~ dose | id 
    Predictor: dose (-) 
    covariates: group (-) 
      reference class for covariate group :  0 
Nonlinear mixed-effects model fit by the SAEM algorithm
-----------------------------------
----          Data             ----
-----------------------------------
Object of class SaemixData
    longitudinal data for use with the SAEM algorithm
Dataset /home/eco/work/saemix/saemixextension/simulationSuite/cont/imaxRichProp/data/data_pdimax70.tab 
    Structured data: eff ~ dose | id 
    Predictor: dose (-) 
    covariates: group (-) 
      reference class for covariate group :  0 
Dataset characteristics:
    number of subjects:     100 
    number of observations: 600 
    average/min/max nb obs: 6.00  /  6  /  6 
First 10 lines of data:
   id dose       eff group mdv cens occ ytype
1   1    0 148.33552     0   0    0   1     1
2   1  200  98.33626     0   0    0   1     1
3   1  400  67.90549     0   0    0   1     1
4   1  500  51.55862     0   0    0   1     1
5   1  700  62.89991     0   0    0   1     1
6   1 1000  39.55017     0   0    0   1     1
7   2    0 103.99995     0   0    0   1     1
8   2  200  73.91033     0   0    0   1     1
9   2  400  54.12622     0   0    0   1     1
10  2  500  71.46556     0   0    0   1     1
-----------------------------------
----          Model            ----
-----------------------------------
Nonlinear mixed-effects model
  Model function:  PD Imax model
  Model type:  structural
function (psi, id, xidep) 
{
    dose <- xidep[, 1]
    e0 <- psi[id, 1]
    imax <- psi[id, 2]
    ed50 <- psi[id, 3]
    gamma <- psi[id, 4]
    f <- e0 * (1 - imax * (dose^gamma)/((ed50^gamma) + (dose^gamma)))
    return(f)
}
<bytecode: 0x5634e2004478>
  Nb of parameters: 4 
      parameter names:  E0 Imax ED50 gamma 
      distribution:
     Parameter Distribution Estimated
[1,] E0        log-normal   Estimated
[2,] Imax      log-normal   Estimated
[3,] ED50      log-normal   Estimated
[4,] gamma     log-normal   Estimated
  Variance-covariance matrix:
      E0 Imax ED50 gamma
E0     1    0    0     0
Imax   0    0    0     0
ED50   0    0    1     0
gamma  0    0    0     0
  Error model: proportional , initial values: b.1=0.2 
  Covariate model:
      [,1] [,2] [,3] [,4]
group    0    0    1    0
    Initial values
              E0 Imax ED50 gamma
Pop.CondInit 100  0.7  500     2
Cov.CondInit   0  0.0    0     0
-----------------------------------
----    Key algorithm options  ----
-----------------------------------
    Estimation of individual parameters (MAP)
    Estimation of standard errors and linearised log-likelihood
    Estimation of log-likelihood by importance sampling
    Number of iterations:  K1=300, K2=100 
    Number of chains:  1 
    Seed:  6424598 
    Number of MCMC iterations for IS:  5000 
    Simulations:
        nb of simulated datasets used for npde:  1000 
        nb of simulated datasets used for VPC:  100 
    Input/output
        save the results to a file:  FALSE 
        save the graphs to files:  FALSE 
----------------------------------------------------
----                  Results                   ----
----------------------------------------------------
-----------------  Fixed effects  ------------------
----------------------------------------------------
     Parameter        Estimate SE      CV(%) p-value
[1,] E0                97.64    2.2833  2.3  -      
[2,] Imax               0.64    0.0235  3.7  -      
[3,] ED50             458.02   23.6879  5.2  -      
[4,] beta_group(ED50)  -0.38    0.0598 15.6  7.1e-11
[5,] gamma              2.39    0.2552 10.7  -      
[6,] b.1                0.20    0.0066  3.3  -      
----------------------------------------------------
-----------  Variance of random effects  -----------
----------------------------------------------------
     Parameter   Estimate SE     CV(%)
E0   omega2.E0   0.0177   0.0039  22  
ED50 omega2.ED50 0.0034   0.0144 416  
----------------------------------------------------
------  Correlation matrix of random effects  ------
----------------------------------------------------
            omega2.E0 omega2.ED50
omega2.E0   1         0          
omega2.ED50 0         1          
----------------------------------------------------
---------------  Statistical criteria  -------------
----------------------------------------------------
Likelihood computed by linearisation
      -2LL= 4865.973 
      AIC = 4881.973 
      BIC = 4902.814 

Likelihood computed by importance sampling
      -2LL= 4874.886 
      AIC = 4890.886 
      BIC = 4911.727 
----------------------------------------------------
----------------------------------------------------
-----------------  Fixed effects  ------------------
----------------------------------------------------
         Parameter Estimate      SE CV(%) p-value
1               E0    97.64  2.2833  2.34       -
2             Imax     0.64  0.0235  3.66       -
3             ED50   458.02 23.6879  5.17       -
4 beta_group(ED50)    -0.38  0.0598 15.59 1.4e-10
5            gamma     2.39  0.2552 10.69       -
6              b.1     0.20  0.0066  3.29       -
----------------------------------------------------
-----------  Variance of random effects  -----------
----------------------------------------------------
       Parameter Estimate     SE  CV(%)
E0     omega2.E0   0.0177 0.0039  22.07
ED50 omega2.ED50   0.0034 0.0144 416.08
----------------------------------------------------
------  Correlation matrix of random effects  ------
----------------------------------------------------
            omega2.E0 omega2.ED50
omega2.E0   1.00      0.00       
omega2.ED50 0.00      1.00       
----------------------------------------------------
---------------  Statistical criteria  -------------
----------------------------------------------------
Likelihood computed by linearisation
      -2LL= 4865.973 
      AIC = 4881.973 
      BIC = 4902.814 

Likelihood computed by importance sampling
      -2LL= 4874.886 
      AIC = 4890.886 
      BIC = 4911.727 
----------------------------------------------------
Reading data from file /home/eco/work/saemix/saemixextension/simulationSuite/cont/imaxRichProp/data/data_pdimax71.tab 
These are the first lines of the dataset as read into R. Please check the format of the data is appropriate, if not, modify the na and/or sep items and retry:
  id dose       eff group
1  1    0 113.66963     0
2  1  200  94.33012     0
3  1  400  60.09509     0
4  1  500  71.75228     0
5  1  700  28.11633     0
6  1 1000  45.65527     0


The following SaemixData object was successfully created:

Object of class SaemixData
    longitudinal data for use with the SAEM algorithm
Dataset /home/eco/work/saemix/saemixextension/simulationSuite/cont/imaxRichProp/data/data_pdimax71.tab 
    Structured data: eff ~ dose | id 
    Predictor: dose (-) 
    covariates: group (-) 
      reference class for covariate group :  0 
Nonlinear mixed-effects model fit by the SAEM algorithm
-----------------------------------
----          Data             ----
-----------------------------------
Object of class SaemixData
    longitudinal data for use with the SAEM algorithm
Dataset /home/eco/work/saemix/saemixextension/simulationSuite/cont/imaxRichProp/data/data_pdimax71.tab 
    Structured data: eff ~ dose | id 
    Predictor: dose (-) 
    covariates: group (-) 
      reference class for covariate group :  0 
Dataset characteristics:
    number of subjects:     100 
    number of observations: 600 
    average/min/max nb obs: 6.00  /  6  /  6 
First 10 lines of data:
   id dose       eff group mdv cens occ ytype
1   1    0 113.66963     0   0    0   1     1
2   1  200  94.33012     0   0    0   1     1
3   1  400  60.09509     0   0    0   1     1
4   1  500  71.75228     0   0    0   1     1
5   1  700  28.11633     0   0    0   1     1
6   1 1000  45.65527     0   0    0   1     1
7   2    0 143.39832     0   0    0   1     1
8   2  200  93.96795     0   0    0   1     1
9   2  400  85.01360     0   0    0   1     1
10  2  500  63.12390     0   0    0   1     1
-----------------------------------
----          Model            ----
-----------------------------------
Nonlinear mixed-effects model
  Model function:  PD Imax model
  Model type:  structural
function (psi, id, xidep) 
{
    dose <- xidep[, 1]
    e0 <- psi[id, 1]
    imax <- psi[id, 2]
    ed50 <- psi[id, 3]
    gamma <- psi[id, 4]
    f <- e0 * (1 - imax * (dose^gamma)/((ed50^gamma) + (dose^gamma)))
    return(f)
}
<bytecode: 0x5634e2004478>
  Nb of parameters: 4 
      parameter names:  E0 Imax ED50 gamma 
      distribution:
     Parameter Distribution Estimated
[1,] E0        log-normal   Estimated
[2,] Imax      log-normal   Estimated
[3,] ED50      log-normal   Estimated
[4,] gamma     log-normal   Estimated
  Variance-covariance matrix:
      E0 Imax ED50 gamma
E0     1    0    0     0
Imax   0    0    0     0
ED50   0    0    1     0
gamma  0    0    0     0
  Error model: proportional , initial values: b.1=0.2 
  Covariate model:
      [,1] [,2] [,3] [,4]
group    0    0    1    0
    Initial values
              E0 Imax ED50 gamma
Pop.CondInit 100  0.7  500     2
Cov.CondInit   0  0.0    0     0
-----------------------------------
----    Key algorithm options  ----
-----------------------------------
    Estimation of individual parameters (MAP)
    Estimation of standard errors and linearised log-likelihood
    Estimation of log-likelihood by importance sampling
    Number of iterations:  K1=300, K2=100 
    Number of chains:  1 
    Seed:  6424598 
    Number of MCMC iterations for IS:  5000 
    Simulations:
        nb of simulated datasets used for npde:  1000 
        nb of simulated datasets used for VPC:  100 
    Input/output
        save the results to a file:  FALSE 
        save the graphs to files:  FALSE 
----------------------------------------------------
----                  Results                   ----
----------------------------------------------------
-----------------  Fixed effects  ------------------
----------------------------------------------------
     Parameter        Estimate SE      CV(%) p-value
[1,] E0                99.56    2.1271  2.1  -      
[2,] Imax               0.68    0.0227  3.3  -      
[3,] ED50             455.93   26.5661  5.8  -      
[4,] beta_group(ED50)  -0.39    0.0682 17.3  3.8e-09
[5,] gamma              2.16    0.2070  9.6  -      
[6,] b.1                0.20    0.0065  3.3  -      
----------------------------------------------------
-----------  Variance of random effects  -----------
----------------------------------------------------
     Parameter   Estimate SE     CV(%)
E0   omega2.E0   0.010    0.0034 34   
ED50 omega2.ED50 0.052    0.0180 35   
----------------------------------------------------
------  Correlation matrix of random effects  ------
----------------------------------------------------
            omega2.E0 omega2.ED50
omega2.E0   1         0          
omega2.ED50 0         1          
----------------------------------------------------
---------------  Statistical criteria  -------------
----------------------------------------------------
Likelihood computed by linearisation
      -2LL= 4844.21 
      AIC = 4860.21 
      BIC = 4881.051 

Likelihood computed by importance sampling
      -2LL= 4853.16 
      AIC = 4869.16 
      BIC = 4890.002 
----------------------------------------------------
----------------------------------------------------
-----------------  Fixed effects  ------------------
----------------------------------------------------
         Parameter Estimate      SE CV(%) p-value
1               E0    99.56  2.1271  2.14       -
2             Imax     0.68  0.0227  3.32       -
3             ED50   455.93 26.5661  5.83       -
4 beta_group(ED50)    -0.39  0.0682 17.32 7.7e-09
5            gamma     2.16  0.2070  9.56       -
6              b.1     0.20  0.0065  3.30       -
----------------------------------------------------
-----------  Variance of random effects  -----------
----------------------------------------------------
       Parameter Estimate     SE CV(%)
E0     omega2.E0    0.010 0.0034 34.09
ED50 omega2.ED50    0.052 0.0180 34.82
----------------------------------------------------
------  Correlation matrix of random effects  ------
----------------------------------------------------
            omega2.E0 omega2.ED50
omega2.E0   1.00      0.00       
omega2.ED50 0.00      1.00       
----------------------------------------------------
---------------  Statistical criteria  -------------
----------------------------------------------------
Likelihood computed by linearisation
      -2LL= 4844.21 
      AIC = 4860.21 
      BIC = 4881.051 

Likelihood computed by importance sampling
      -2LL= 4853.16 
      AIC = 4869.16 
      BIC = 4890.002 
----------------------------------------------------
Reading data from file /home/eco/work/saemix/saemixextension/simulationSuite/cont/imaxRichProp/data/data_pdimax72.tab 
These are the first lines of the dataset as read into R. Please check the format of the data is appropriate, if not, modify the na and/or sep items and retry:
  id dose      eff group
1  1    0 89.65678     0
2  1  200 86.94584     0
3  1  400 72.26223     0
4  1  500 65.90938     0
5  1  700 46.76753     0
6  1 1000 37.16634     0


The following SaemixData object was successfully created:

Object of class SaemixData
    longitudinal data for use with the SAEM algorithm
Dataset /home/eco/work/saemix/saemixextension/simulationSuite/cont/imaxRichProp/data/data_pdimax72.tab 
    Structured data: eff ~ dose | id 
    Predictor: dose (-) 
    covariates: group (-) 
      reference class for covariate group :  0 
Nonlinear mixed-effects model fit by the SAEM algorithm
-----------------------------------
----          Data             ----
-----------------------------------
Object of class SaemixData
    longitudinal data for use with the SAEM algorithm
Dataset /home/eco/work/saemix/saemixextension/simulationSuite/cont/imaxRichProp/data/data_pdimax72.tab 
    Structured data: eff ~ dose | id 
    Predictor: dose (-) 
    covariates: group (-) 
      reference class for covariate group :  0 
Dataset characteristics:
    number of subjects:     100 
    number of observations: 600 
    average/min/max nb obs: 6.00  /  6  /  6 
First 10 lines of data:
   id dose       eff group mdv cens occ ytype
1   1    0  89.65678     0   0    0   1     1
2   1  200  86.94584     0   0    0   1     1
3   1  400  72.26223     0   0    0   1     1
4   1  500  65.90938     0   0    0   1     1
5   1  700  46.76753     0   0    0   1     1
6   1 1000  37.16634     0   0    0   1     1
7   2    0 113.89573     0   0    0   1     1
8   2  200  70.79109     0   0    0   1     1
9   2  400  59.16576     0   0    0   1     1
10  2  500  50.97466     0   0    0   1     1
-----------------------------------
----          Model            ----
-----------------------------------
Nonlinear mixed-effects model
  Model function:  PD Imax model
  Model type:  structural
function (psi, id, xidep) 
{
    dose <- xidep[, 1]
    e0 <- psi[id, 1]
    imax <- psi[id, 2]
    ed50 <- psi[id, 3]
    gamma <- psi[id, 4]
    f <- e0 * (1 - imax * (dose^gamma)/((ed50^gamma) + (dose^gamma)))
    return(f)
}
<bytecode: 0x5634e2004478>
  Nb of parameters: 4 
      parameter names:  E0 Imax ED50 gamma 
      distribution:
     Parameter Distribution Estimated
[1,] E0        log-normal   Estimated
[2,] Imax      log-normal   Estimated
[3,] ED50      log-normal   Estimated
[4,] gamma     log-normal   Estimated
  Variance-covariance matrix:
      E0 Imax ED50 gamma
E0     1    0    0     0
Imax   0    0    0     0
ED50   0    0    1     0
gamma  0    0    0     0
  Error model: proportional , initial values: b.1=0.2 
  Covariate model:
      [,1] [,2] [,3] [,4]
group    0    0    1    0
    Initial values
              E0 Imax ED50 gamma
Pop.CondInit 100  0.7  500     2
Cov.CondInit   0  0.0    0     0
-----------------------------------
----    Key algorithm options  ----
-----------------------------------
    Estimation of individual parameters (MAP)
    Estimation of standard errors and linearised log-likelihood
    Estimation of log-likelihood by importance sampling
    Number of iterations:  K1=300, K2=100 
    Number of chains:  1 
    Seed:  6424598 
    Number of MCMC iterations for IS:  5000 
    Simulations:
        nb of simulated datasets used for npde:  1000 
        nb of simulated datasets used for VPC:  100 
    Input/output
        save the results to a file:  FALSE 
        save the graphs to files:  FALSE 
----------------------------------------------------
----                  Results                   ----
----------------------------------------------------
-----------------  Fixed effects  ------------------
----------------------------------------------------
     Parameter        Estimate SE      CV(%) p-value
[1,] E0                98.73    2.3065  2.3  -      
[2,] Imax               0.68    0.0255  3.7  -      
[3,] ED50             471.81   32.4311  6.9  -      
[4,] beta_group(ED50)  -0.32    0.0832 26.1  6.4e-05
[5,] gamma              2.13    0.2128 10.0  -      
[6,] b.1                0.20    0.0067  3.4  -      
----------------------------------------------------
-----------  Variance of random effects  -----------
----------------------------------------------------
     Parameter   Estimate SE     CV(%)
E0   omega2.E0   0.018    0.0049 27   
ED50 omega2.ED50 0.091    0.0257 28   
----------------------------------------------------
------  Correlation matrix of random effects  ------
----------------------------------------------------
            omega2.E0 omega2.ED50
omega2.E0   1         0          
omega2.ED50 0         1          
----------------------------------------------------
---------------  Statistical criteria  -------------
----------------------------------------------------
Likelihood computed by linearisation
      -2LL= 4930.26 
      AIC = 4946.26 
      BIC = 4967.102 

Likelihood computed by importance sampling
      -2LL= 4944.966 
      AIC = 4960.966 
      BIC = 4981.808 
----------------------------------------------------
----------------------------------------------------
-----------------  Fixed effects  ------------------
----------------------------------------------------
         Parameter Estimate      SE CV(%) p-value
1               E0    98.73  2.3065  2.34       -
2             Imax     0.68  0.0255  3.73       -
3             ED50   471.81 32.4311  6.87       -
4 beta_group(ED50)    -0.32  0.0832 26.10 0.00013
5            gamma     2.13  0.2128 10.01       -
6              b.1     0.20  0.0067  3.35       -
----------------------------------------------------
-----------  Variance of random effects  -----------
----------------------------------------------------
       Parameter Estimate     SE CV(%)
E0     omega2.E0    0.018 0.0049 26.94
ED50 omega2.ED50    0.091 0.0257 28.17
----------------------------------------------------
------  Correlation matrix of random effects  ------
----------------------------------------------------
            omega2.E0 omega2.ED50
omega2.E0   1.00      0.00       
omega2.ED50 0.00      1.00       
----------------------------------------------------
---------------  Statistical criteria  -------------
----------------------------------------------------
Likelihood computed by linearisation
      -2LL= 4930.26 
      AIC = 4946.26 
      BIC = 4967.102 

Likelihood computed by importance sampling
      -2LL= 4944.966 
      AIC = 4960.966 
      BIC = 4981.808 
----------------------------------------------------
Reading data from file /home/eco/work/saemix/saemixextension/simulationSuite/cont/imaxRichProp/data/data_pdimax73.tab 
These are the first lines of the dataset as read into R. Please check the format of the data is appropriate, if not, modify the na and/or sep items and retry:
  id dose       eff group
1  1    0 106.79551     0
2  1  200  95.30063     0
3  1  400  99.38164     0
4  1  500  52.07416     0
5  1  700  50.56445     0
6  1 1000  45.53673     0


The following SaemixData object was successfully created:

Object of class SaemixData
    longitudinal data for use with the SAEM algorithm
Dataset /home/eco/work/saemix/saemixextension/simulationSuite/cont/imaxRichProp/data/data_pdimax73.tab 
    Structured data: eff ~ dose | id 
    Predictor: dose (-) 
    covariates: group (-) 
      reference class for covariate group :  0 
Nonlinear mixed-effects model fit by the SAEM algorithm
-----------------------------------
----          Data             ----
-----------------------------------
Object of class SaemixData
    longitudinal data for use with the SAEM algorithm
Dataset /home/eco/work/saemix/saemixextension/simulationSuite/cont/imaxRichProp/data/data_pdimax73.tab 
    Structured data: eff ~ dose | id 
    Predictor: dose (-) 
    covariates: group (-) 
      reference class for covariate group :  0 
Dataset characteristics:
    number of subjects:     100 
    number of observations: 600 
    average/min/max nb obs: 6.00  /  6  /  6 
First 10 lines of data:
   id dose       eff group mdv cens occ ytype
1   1    0 106.79551     0   0    0   1     1
2   1  200  95.30063     0   0    0   1     1
3   1  400  99.38164     0   0    0   1     1
4   1  500  52.07416     0   0    0   1     1
5   1  700  50.56445     0   0    0   1     1
6   1 1000  45.53673     0   0    0   1     1
7   2    0 118.45815     0   0    0   1     1
8   2  200  99.52621     0   0    0   1     1
9   2  400  62.76350     0   0    0   1     1
10  2  500  54.64012     0   0    0   1     1
-----------------------------------
----          Model            ----
-----------------------------------
Nonlinear mixed-effects model
  Model function:  PD Imax model
  Model type:  structural
function (psi, id, xidep) 
{
    dose <- xidep[, 1]
    e0 <- psi[id, 1]
    imax <- psi[id, 2]
    ed50 <- psi[id, 3]
    gamma <- psi[id, 4]
    f <- e0 * (1 - imax * (dose^gamma)/((ed50^gamma) + (dose^gamma)))
    return(f)
}
<bytecode: 0x5634e2004478>
  Nb of parameters: 4 
      parameter names:  E0 Imax ED50 gamma 
      distribution:
     Parameter Distribution Estimated
[1,] E0        log-normal   Estimated
[2,] Imax      log-normal   Estimated
[3,] ED50      log-normal   Estimated
[4,] gamma     log-normal   Estimated
  Variance-covariance matrix:
      E0 Imax ED50 gamma
E0     1    0    0     0
Imax   0    0    0     0
ED50   0    0    1     0
gamma  0    0    0     0
  Error model: proportional , initial values: b.1=0.2 
  Covariate model:
      [,1] [,2] [,3] [,4]
group    0    0    1    0
    Initial values
              E0 Imax ED50 gamma
Pop.CondInit 100  0.7  500     2
Cov.CondInit   0  0.0    0     0
-----------------------------------
----    Key algorithm options  ----
-----------------------------------
    Estimation of individual parameters (MAP)
    Estimation of standard errors and linearised log-likelihood
    Estimation of log-likelihood by importance sampling
    Number of iterations:  K1=300, K2=100 
    Number of chains:  1 
    Seed:  6424598 
    Number of MCMC iterations for IS:  5000 
    Simulations:
        nb of simulated datasets used for npde:  1000 
        nb of simulated datasets used for VPC:  100 
    Input/output
        save the results to a file:  FALSE 
        save the graphs to files:  FALSE 
----------------------------------------------------
----                  Results                   ----
----------------------------------------------------
-----------------  Fixed effects  ------------------
----------------------------------------------------
     Parameter        Estimate SE      CV(%) p-value
[1,] E0                99.96    1.9525  2.0  -      
[2,] Imax               0.67    0.0225  3.4  -      
[3,] ED50             527.70   30.4058  5.8  -      
[4,] beta_group(ED50)  -0.40    0.0685 17.3  3.4e-09
[5,] gamma              2.49    0.2458  9.9  -      
[6,] b.1                0.20    0.0067  3.3  -      
----------------------------------------------------
-----------  Variance of random effects  -----------
----------------------------------------------------
     Parameter   Estimate SE     CV(%)
E0   omega2.E0   0.0034   0.0027 81   
ED50 omega2.ED50 0.0723   0.0179 25   
----------------------------------------------------
------  Correlation matrix of random effects  ------
----------------------------------------------------
            omega2.E0 omega2.ED50
omega2.E0   1         0          
omega2.ED50 0         1          
----------------------------------------------------
---------------  Statistical criteria  -------------
----------------------------------------------------
Likelihood computed by linearisation
      -2LL= 4941.152 
      AIC = 4957.152 
      BIC = 4977.993 

Likelihood computed by importance sampling
      -2LL= 4949.608 
      AIC = 4965.608 
      BIC = 4986.45 
----------------------------------------------------
----------------------------------------------------
-----------------  Fixed effects  ------------------
----------------------------------------------------
         Parameter Estimate      SE CV(%) p-value
1               E0    99.96  1.9525  1.95       -
2             Imax     0.67  0.0225  3.38       -
3             ED50   527.70 30.4058  5.76       -
4 beta_group(ED50)    -0.40  0.0685 17.26 6.8e-09
5            gamma     2.49  0.2458  9.87       -
6              b.1     0.20  0.0067  3.31       -
----------------------------------------------------
-----------  Variance of random effects  -----------
----------------------------------------------------
       Parameter Estimate     SE CV(%)
E0     omega2.E0   0.0034 0.0027 80.72
ED50 omega2.ED50   0.0723 0.0179 24.81
----------------------------------------------------
------  Correlation matrix of random effects  ------
----------------------------------------------------
            omega2.E0 omega2.ED50
omega2.E0   1.00      0.00       
omega2.ED50 0.00      1.00       
----------------------------------------------------
---------------  Statistical criteria  -------------
----------------------------------------------------
Likelihood computed by linearisation
      -2LL= 4941.152 
      AIC = 4957.152 
      BIC = 4977.993 

Likelihood computed by importance sampling
      -2LL= 4949.608 
      AIC = 4965.608 
      BIC = 4986.45 
----------------------------------------------------
Reading data from file /home/eco/work/saemix/saemixextension/simulationSuite/cont/imaxRichProp/data/data_pdimax74.tab 
These are the first lines of the dataset as read into R. Please check the format of the data is appropriate, if not, modify the na and/or sep items and retry:
  id dose      eff group
1  1    0 82.65701     0
2  1  200 69.76496     0
3  1  400 89.94880     0
4  1  500 79.52189     0
5  1  700 58.67660     0
6  1 1000 54.67439     0


The following SaemixData object was successfully created:

Object of class SaemixData
    longitudinal data for use with the SAEM algorithm
Dataset /home/eco/work/saemix/saemixextension/simulationSuite/cont/imaxRichProp/data/data_pdimax74.tab 
    Structured data: eff ~ dose | id 
    Predictor: dose (-) 
    covariates: group (-) 
      reference class for covariate group :  0 
Nonlinear mixed-effects model fit by the SAEM algorithm
-----------------------------------
----          Data             ----
-----------------------------------
Object of class SaemixData
    longitudinal data for use with the SAEM algorithm
Dataset /home/eco/work/saemix/saemixextension/simulationSuite/cont/imaxRichProp/data/data_pdimax74.tab 
    Structured data: eff ~ dose | id 
    Predictor: dose (-) 
    covariates: group (-) 
      reference class for covariate group :  0 
Dataset characteristics:
    number of subjects:     100 
    number of observations: 600 
    average/min/max nb obs: 6.00  /  6  /  6 
First 10 lines of data:
   id dose      eff group mdv cens occ ytype
1   1    0 82.65701     0   0    0   1     1
2   1  200 69.76496     0   0    0   1     1
3   1  400 89.94880     0   0    0   1     1
4   1  500 79.52189     0   0    0   1     1
5   1  700 58.67660     0   0    0   1     1
6   1 1000 54.67439     0   0    0   1     1
7   2    0 86.86986     0   0    0   1     1
8   2  200 79.80377     0   0    0   1     1
9   2  400 50.07823     0   0    0   1     1
10  2  500 39.99629     0   0    0   1     1
-----------------------------------
----          Model            ----
-----------------------------------
Nonlinear mixed-effects model
  Model function:  PD Imax model
  Model type:  structural
function (psi, id, xidep) 
{
    dose <- xidep[, 1]
    e0 <- psi[id, 1]
    imax <- psi[id, 2]
    ed50 <- psi[id, 3]
    gamma <- psi[id, 4]
    f <- e0 * (1 - imax * (dose^gamma)/((ed50^gamma) + (dose^gamma)))
    return(f)
}
<bytecode: 0x5634e2004478>
  Nb of parameters: 4 
      parameter names:  E0 Imax ED50 gamma 
      distribution:
     Parameter Distribution Estimated
[1,] E0        log-normal   Estimated
[2,] Imax      log-normal   Estimated
[3,] ED50      log-normal   Estimated
[4,] gamma     log-normal   Estimated
  Variance-covariance matrix:
      E0 Imax ED50 gamma
E0     1    0    0     0
Imax   0    0    0     0
ED50   0    0    1     0
gamma  0    0    0     0
  Error model: proportional , initial values: b.1=0.2 
  Covariate model:
      [,1] [,2] [,3] [,4]
group    0    0    1    0
    Initial values
              E0 Imax ED50 gamma
Pop.CondInit 100  0.7  500     2
Cov.CondInit   0  0.0    0     0
-----------------------------------
----    Key algorithm options  ----
-----------------------------------
    Estimation of individual parameters (MAP)
    Estimation of standard errors and linearised log-likelihood
    Estimation of log-likelihood by importance sampling
    Number of iterations:  K1=300, K2=100 
    Number of chains:  1 
    Seed:  6424598 
    Number of MCMC iterations for IS:  5000 
    Simulations:
        nb of simulated datasets used for npde:  1000 
        nb of simulated datasets used for VPC:  100 
    Input/output
        save the results to a file:  FALSE 
        save the graphs to files:  FALSE 
----------------------------------------------------
----                  Results                   ----
----------------------------------------------------
-----------------  Fixed effects  ------------------
----------------------------------------------------
     Parameter        Estimate SE      CV(%) p-value
[1,] E0                99.30    2.1787  2.2  -      
[2,] Imax               0.69    0.0242  3.5  -      
[3,] ED50             504.08   29.5291  5.9  -      
[4,] beta_group(ED50)  -0.48    0.0677 14.2  9.3e-13
[5,] gamma              2.17    0.2125  9.8  -      
[6,] b.1                0.20    0.0067  3.3  -      
----------------------------------------------------
-----------  Variance of random effects  -----------
----------------------------------------------------
     Parameter   Estimate SE     CV(%)
E0   omega2.E0   0.011    0.0036 33   
ED50 omega2.ED50 0.047    0.0177 38   
----------------------------------------------------
------  Correlation matrix of random effects  ------
----------------------------------------------------
            omega2.E0 omega2.ED50
omega2.E0   1         0          
omega2.ED50 0         1          
----------------------------------------------------
---------------  Statistical criteria  -------------
----------------------------------------------------
Likelihood computed by linearisation
      -2LL= 4887.779 
      AIC = 4903.779 
      BIC = 4924.621 

Likelihood computed by importance sampling
      -2LL= 4897.233 
      AIC = 4913.233 
      BIC = 4934.074 
----------------------------------------------------
----------------------------------------------------
-----------------  Fixed effects  ------------------
----------------------------------------------------
         Parameter Estimate      SE CV(%) p-value
1               E0    99.30  2.1787  2.19       -
2             Imax     0.69  0.0242  3.51       -
3             ED50   504.08 29.5291  5.86       -
4 beta_group(ED50)    -0.48  0.0677 14.20 1.9e-12
5            gamma     2.17  0.2125  9.81       -
6              b.1     0.20  0.0067  3.30       -
----------------------------------------------------
-----------  Variance of random effects  -----------
----------------------------------------------------
       Parameter Estimate     SE CV(%)
E0     omega2.E0    0.011 0.0036 33.03
ED50 omega2.ED50    0.047 0.0177 38.06
----------------------------------------------------
------  Correlation matrix of random effects  ------
----------------------------------------------------
            omega2.E0 omega2.ED50
omega2.E0   1.00      0.00       
omega2.ED50 0.00      1.00       
----------------------------------------------------
---------------  Statistical criteria  -------------
----------------------------------------------------
Likelihood computed by linearisation
      -2LL= 4887.779 
      AIC = 4903.779 
      BIC = 4924.621 

Likelihood computed by importance sampling
      -2LL= 4897.233 
      AIC = 4913.233 
      BIC = 4934.074 
----------------------------------------------------
Reading data from file /home/eco/work/saemix/saemixextension/simulationSuite/cont/imaxRichProp/data/data_pdimax75.tab 
These are the first lines of the dataset as read into R. Please check the format of the data is appropriate, if not, modify the na and/or sep items and retry:
  id dose      eff group
1  1    0 90.83833     0
2  1  200 85.72776     0
3  1  400 76.80280     0
4  1  500 74.05266     0
5  1  700 76.48168     0
6  1 1000 54.63910     0


The following SaemixData object was successfully created:

Object of class SaemixData
    longitudinal data for use with the SAEM algorithm
Dataset /home/eco/work/saemix/saemixextension/simulationSuite/cont/imaxRichProp/data/data_pdimax75.tab 
    Structured data: eff ~ dose | id 
    Predictor: dose (-) 
    covariates: group (-) 
      reference class for covariate group :  0 
Nonlinear mixed-effects model fit by the SAEM algorithm
-----------------------------------
----          Data             ----
-----------------------------------
Object of class SaemixData
    longitudinal data for use with the SAEM algorithm
Dataset /home/eco/work/saemix/saemixextension/simulationSuite/cont/imaxRichProp/data/data_pdimax75.tab 
    Structured data: eff ~ dose | id 
    Predictor: dose (-) 
    covariates: group (-) 
      reference class for covariate group :  0 
Dataset characteristics:
    number of subjects:     100 
    number of observations: 600 
    average/min/max nb obs: 6.00  /  6  /  6 
First 10 lines of data:
   id dose       eff group mdv cens occ ytype
1   1    0  90.83833     0   0    0   1     1
2   1  200  85.72776     0   0    0   1     1
3   1  400  76.80280     0   0    0   1     1
4   1  500  74.05266     0   0    0   1     1
5   1  700  76.48168     0   0    0   1     1
6   1 1000  54.63910     0   0    0   1     1
7   2    0  97.28674     0   0    0   1     1
8   2  200 115.11600     0   0    0   1     1
9   2  400  80.67978     0   0    0   1     1
10  2  500  57.98225     0   0    0   1     1
-----------------------------------
----          Model            ----
-----------------------------------
Nonlinear mixed-effects model
  Model function:  PD Imax model
  Model type:  structural
function (psi, id, xidep) 
{
    dose <- xidep[, 1]
    e0 <- psi[id, 1]
    imax <- psi[id, 2]
    ed50 <- psi[id, 3]
    gamma <- psi[id, 4]
    f <- e0 * (1 - imax * (dose^gamma)/((ed50^gamma) + (dose^gamma)))
    return(f)
}
<bytecode: 0x5634e2004478>
  Nb of parameters: 4 
      parameter names:  E0 Imax ED50 gamma 
      distribution:
     Parameter Distribution Estimated
[1,] E0        log-normal   Estimated
[2,] Imax      log-normal   Estimated
[3,] ED50      log-normal   Estimated
[4,] gamma     log-normal   Estimated
  Variance-covariance matrix:
      E0 Imax ED50 gamma
E0     1    0    0     0
Imax   0    0    0     0
ED50   0    0    1     0
gamma  0    0    0     0
  Error model: proportional , initial values: b.1=0.2 
  Covariate model:
      [,1] [,2] [,3] [,4]
group    0    0    1    0
    Initial values
              E0 Imax ED50 gamma
Pop.CondInit 100  0.7  500     2
Cov.CondInit   0  0.0    0     0
-----------------------------------
----    Key algorithm options  ----
-----------------------------------
    Estimation of individual parameters (MAP)
    Estimation of standard errors and linearised log-likelihood
    Estimation of log-likelihood by importance sampling
    Number of iterations:  K1=300, K2=100 
    Number of chains:  1 
    Seed:  6424598 
    Number of MCMC iterations for IS:  5000 
    Simulations:
        nb of simulated datasets used for npde:  1000 
        nb of simulated datasets used for VPC:  100 
    Input/output
        save the results to a file:  FALSE 
        save the graphs to files:  FALSE 
----------------------------------------------------
----                  Results                   ----
----------------------------------------------------
-----------------  Fixed effects  ------------------
----------------------------------------------------
     Parameter        Estimate SE      CV(%) p-value
[1,] E0               101.08    2.0863  2.1  -      
[2,] Imax               0.71    0.0265  3.7  -      
[3,] ED50             532.68   36.2072  6.8  -      
[4,] beta_group(ED50)  -0.51    0.0771 15.0  1.3e-11
[5,] gamma              1.84    0.1701  9.2  -      
[6,] b.1                0.18    0.0061  3.3  -      
----------------------------------------------------
-----------  Variance of random effects  -----------
----------------------------------------------------
     Parameter   Estimate SE     CV(%)
E0   omega2.E0   0.011    0.0036 32   
ED50 omega2.ED50 0.078    0.0222 28   
----------------------------------------------------
------  Correlation matrix of random effects  ------
----------------------------------------------------
            omega2.E0 omega2.ED50
omega2.E0   1         0          
omega2.ED50 0         1          
----------------------------------------------------
---------------  Statistical criteria  -------------
----------------------------------------------------
Likelihood computed by linearisation
      -2LL= 4832.982 
      AIC = 4848.982 
      BIC = 4869.824 

Likelihood computed by importance sampling
      -2LL= 4841.874 
      AIC = 4857.874 
      BIC = 4878.715 
----------------------------------------------------
----------------------------------------------------
-----------------  Fixed effects  ------------------
----------------------------------------------------
         Parameter Estimate      SE CV(%) p-value
1               E0   101.08  2.0863  2.06       -
2             Imax     0.71  0.0265  3.72       -
3             ED50   532.68 36.2072  6.80       -
4 beta_group(ED50)    -0.51  0.0771 14.99 2.5e-11
5            gamma     1.84  0.1701  9.24       -
6              b.1     0.18  0.0061  3.33       -
----------------------------------------------------
-----------  Variance of random effects  -----------
----------------------------------------------------
       Parameter Estimate     SE CV(%)
E0     omega2.E0    0.011 0.0036 32.38
ED50 omega2.ED50    0.078 0.0222 28.30
----------------------------------------------------
------  Correlation matrix of random effects  ------
----------------------------------------------------
            omega2.E0 omega2.ED50
omega2.E0   1.00      0.00       
omega2.ED50 0.00      1.00       
----------------------------------------------------
---------------  Statistical criteria  -------------
----------------------------------------------------
Likelihood computed by linearisation
      -2LL= 4832.982 
      AIC = 4848.982 
      BIC = 4869.824 

Likelihood computed by importance sampling
      -2LL= 4841.874 
      AIC = 4857.874 
      BIC = 4878.715 
----------------------------------------------------
Reading data from file /home/eco/work/saemix/saemixextension/simulationSuite/cont/imaxRichProp/data/data_pdimax76.tab 
These are the first lines of the dataset as read into R. Please check the format of the data is appropriate, if not, modify the na and/or sep items and retry:
  id dose       eff group
1  1    0  78.23448     0
2  1  200 106.08489     0
3  1  400  97.86914     0
4  1  500  84.93920     0
5  1  700  79.29216     0
6  1 1000  54.54212     0


The following SaemixData object was successfully created:

Object of class SaemixData
    longitudinal data for use with the SAEM algorithm
Dataset /home/eco/work/saemix/saemixextension/simulationSuite/cont/imaxRichProp/data/data_pdimax76.tab 
    Structured data: eff ~ dose | id 
    Predictor: dose (-) 
    covariates: group (-) 
      reference class for covariate group :  0 
Nonlinear mixed-effects model fit by the SAEM algorithm
-----------------------------------
----          Data             ----
-----------------------------------
Object of class SaemixData
    longitudinal data for use with the SAEM algorithm
Dataset /home/eco/work/saemix/saemixextension/simulationSuite/cont/imaxRichProp/data/data_pdimax76.tab 
    Structured data: eff ~ dose | id 
    Predictor: dose (-) 
    covariates: group (-) 
      reference class for covariate group :  0 
Dataset characteristics:
    number of subjects:     100 
    number of observations: 600 
    average/min/max nb obs: 6.00  /  6  /  6 
First 10 lines of data:
   id dose       eff group mdv cens occ ytype
1   1    0  78.23448     0   0    0   1     1
2   1  200 106.08489     0   0    0   1     1
3   1  400  97.86914     0   0    0   1     1
4   1  500  84.93920     0   0    0   1     1
5   1  700  79.29216     0   0    0   1     1
6   1 1000  54.54212     0   0    0   1     1
7   2    0  77.89598     0   0    0   1     1
8   2  200  81.47674     0   0    0   1     1
9   2  400  55.45268     0   0    0   1     1
10  2  500  62.51361     0   0    0   1     1
-----------------------------------
----          Model            ----
-----------------------------------
Nonlinear mixed-effects model
  Model function:  PD Imax model
  Model type:  structural
function (psi, id, xidep) 
{
    dose <- xidep[, 1]
    e0 <- psi[id, 1]
    imax <- psi[id, 2]
    ed50 <- psi[id, 3]
    gamma <- psi[id, 4]
    f <- e0 * (1 - imax * (dose^gamma)/((ed50^gamma) + (dose^gamma)))
    return(f)
}
<bytecode: 0x5634e2004478>
  Nb of parameters: 4 
      parameter names:  E0 Imax ED50 gamma 
      distribution:
     Parameter Distribution Estimated
[1,] E0        log-normal   Estimated
[2,] Imax      log-normal   Estimated
[3,] ED50      log-normal   Estimated
[4,] gamma     log-normal   Estimated
  Variance-covariance matrix:
      E0 Imax ED50 gamma
E0     1    0    0     0
Imax   0    0    0     0
ED50   0    0    1     0
gamma  0    0    0     0
  Error model: proportional , initial values: b.1=0.2 
  Covariate model:
      [,1] [,2] [,3] [,4]
group    0    0    1    0
    Initial values
              E0 Imax ED50 gamma
Pop.CondInit 100  0.7  500     2
Cov.CondInit   0  0.0    0     0
-----------------------------------
----    Key algorithm options  ----
-----------------------------------
    Estimation of individual parameters (MAP)
    Estimation of standard errors and linearised log-likelihood
    Estimation of log-likelihood by importance sampling
    Number of iterations:  K1=300, K2=100 
    Number of chains:  1 
    Seed:  6424598 
    Number of MCMC iterations for IS:  5000 
    Simulations:
        nb of simulated datasets used for npde:  1000 
        nb of simulated datasets used for VPC:  100 
    Input/output
        save the results to a file:  FALSE 
        save the graphs to files:  FALSE 
----------------------------------------------------
----                  Results                   ----
----------------------------------------------------
-----------------  Fixed effects  ------------------
----------------------------------------------------
     Parameter        Estimate SE      CV(%) p-value
[1,] E0                96.85    1.9159  2.0  -      
[2,] Imax               0.67    0.0217  3.2  -      
[3,] ED50             463.87   27.8245  6.0  -      
[4,] beta_group(ED50)  -0.40    0.0709 17.9  1.2e-08
[5,] gamma              2.20    0.2066  9.4  -      
[6,] b.1                0.19    0.0064  3.3  -      
----------------------------------------------------
-----------  Variance of random effects  -----------
----------------------------------------------------
     Parameter   Estimate SE     CV(%)
E0   omega2.E0   0.0054   0.0028 53   
ED50 omega2.ED50 0.0710   0.0194 27   
----------------------------------------------------
------  Correlation matrix of random effects  ------
----------------------------------------------------
            omega2.E0 omega2.ED50
omega2.E0   1         0          
omega2.ED50 0         1          
----------------------------------------------------
---------------  Statistical criteria  -------------
----------------------------------------------------
Likelihood computed by linearisation
      -2LL= 4797.352 
      AIC = 4813.352 
      BIC = 4834.194 

Likelihood computed by importance sampling
      -2LL= 4806.943 
      AIC = 4822.943 
      BIC = 4843.784 
----------------------------------------------------
----------------------------------------------------
-----------------  Fixed effects  ------------------
----------------------------------------------------
         Parameter Estimate      SE CV(%) p-value
1               E0    96.85  1.9159  1.98       -
2             Imax     0.67  0.0217  3.24       -
3             ED50   463.87 27.8245  6.00       -
4 beta_group(ED50)    -0.40  0.0709 17.92 2.4e-08
5            gamma     2.20  0.2066  9.40       -
6              b.1     0.19  0.0064  3.30       -
----------------------------------------------------
-----------  Variance of random effects  -----------
----------------------------------------------------
       Parameter Estimate     SE CV(%)
E0     omega2.E0   0.0054 0.0028 52.77
ED50 omega2.ED50   0.0710 0.0194 27.30
----------------------------------------------------
------  Correlation matrix of random effects  ------
----------------------------------------------------
            omega2.E0 omega2.ED50
omega2.E0   1.00      0.00       
omega2.ED50 0.00      1.00       
----------------------------------------------------
---------------  Statistical criteria  -------------
----------------------------------------------------
Likelihood computed by linearisation
      -2LL= 4797.352 
      AIC = 4813.352 
      BIC = 4834.194 

Likelihood computed by importance sampling
      -2LL= 4806.943 
      AIC = 4822.943 
      BIC = 4843.784 
----------------------------------------------------
Reading data from file /home/eco/work/saemix/saemixextension/simulationSuite/cont/imaxRichProp/data/data_pdimax77.tab 
These are the first lines of the dataset as read into R. Please check the format of the data is appropriate, if not, modify the na and/or sep items and retry:
  id dose       eff group
1  1    0 106.30304     0
2  1  200  86.08369     0
3  1  400  66.26853     0
4  1  500  56.44834     0
5  1  700  63.22121     0
6  1 1000  35.59172     0


The following SaemixData object was successfully created:

Object of class SaemixData
    longitudinal data for use with the SAEM algorithm
Dataset /home/eco/work/saemix/saemixextension/simulationSuite/cont/imaxRichProp/data/data_pdimax77.tab 
    Structured data: eff ~ dose | id 
    Predictor: dose (-) 
    covariates: group (-) 
      reference class for covariate group :  0 
Nonlinear mixed-effects model fit by the SAEM algorithm
-----------------------------------
----          Data             ----
-----------------------------------
Object of class SaemixData
    longitudinal data for use with the SAEM algorithm
Dataset /home/eco/work/saemix/saemixextension/simulationSuite/cont/imaxRichProp/data/data_pdimax77.tab 
    Structured data: eff ~ dose | id 
    Predictor: dose (-) 
    covariates: group (-) 
      reference class for covariate group :  0 
Dataset characteristics:
    number of subjects:     100 
    number of observations: 600 
    average/min/max nb obs: 6.00  /  6  /  6 
First 10 lines of data:
   id dose       eff group mdv cens occ ytype
1   1    0 106.30304     0   0    0   1     1
2   1  200  86.08369     0   0    0   1     1
3   1  400  66.26853     0   0    0   1     1
4   1  500  56.44834     0   0    0   1     1
5   1  700  63.22121     0   0    0   1     1
6   1 1000  35.59172     0   0    0   1     1
7   2    0 106.84479     0   0    0   1     1
8   2  200 122.50160     0   0    0   1     1
9   2  400  93.71983     0   0    0   1     1
10  2  500  75.56715     0   0    0   1     1
-----------------------------------
----          Model            ----
-----------------------------------
Nonlinear mixed-effects model
  Model function:  PD Imax model
  Model type:  structural
function (psi, id, xidep) 
{
    dose <- xidep[, 1]
    e0 <- psi[id, 1]
    imax <- psi[id, 2]
    ed50 <- psi[id, 3]
    gamma <- psi[id, 4]
    f <- e0 * (1 - imax * (dose^gamma)/((ed50^gamma) + (dose^gamma)))
    return(f)
}
<bytecode: 0x5634e2004478>
  Nb of parameters: 4 
      parameter names:  E0 Imax ED50 gamma 
      distribution:
     Parameter Distribution Estimated
[1,] E0        log-normal   Estimated
[2,] Imax      log-normal   Estimated
[3,] ED50      log-normal   Estimated
[4,] gamma     log-normal   Estimated
  Variance-covariance matrix:
      E0 Imax ED50 gamma
E0     1    0    0     0
Imax   0    0    0     0
ED50   0    0    1     0
gamma  0    0    0     0
  Error model: proportional , initial values: b.1=0.2 
  Covariate model:
      [,1] [,2] [,3] [,4]
group    0    0    1    0
    Initial values
              E0 Imax ED50 gamma
Pop.CondInit 100  0.7  500     2
Cov.CondInit   0  0.0    0     0
-----------------------------------
----    Key algorithm options  ----
-----------------------------------
    Estimation of individual parameters (MAP)
    Estimation of standard errors and linearised log-likelihood
    Estimation of log-likelihood by importance sampling
    Number of iterations:  K1=300, K2=100 
    Number of chains:  1 
    Seed:  6424598 
    Number of MCMC iterations for IS:  5000 
    Simulations:
        nb of simulated datasets used for npde:  1000 
        nb of simulated datasets used for VPC:  100 
    Input/output
        save the results to a file:  FALSE 
        save the graphs to files:  FALSE 
----------------------------------------------------
----                  Results                   ----
----------------------------------------------------
-----------------  Fixed effects  ------------------
----------------------------------------------------
     Parameter        Estimate SE      CV(%) p-value
[1,] E0                95.63    1.9965  2.1  -      
[2,] Imax               0.70    0.0273  3.9  -      
[3,] ED50             544.40   36.7945  6.8  -      
[4,] beta_group(ED50)  -0.52    0.0758 14.7  4.4e-12
[5,] gamma              1.96    0.1956 10.0  -      
[6,] b.1                0.20    0.0065  3.3  -      
----------------------------------------------------
-----------  Variance of random effects  -----------
----------------------------------------------------
     Parameter   Estimate SE     CV(%)
E0   omega2.E0   0.0081   0.0033 41   
ED50 omega2.ED50 0.0761   0.0218 29   
----------------------------------------------------
------  Correlation matrix of random effects  ------
----------------------------------------------------
            omega2.E0 omega2.ED50
omega2.E0   1         0          
omega2.ED50 0         1          
----------------------------------------------------
---------------  Statistical criteria  -------------
----------------------------------------------------
Likelihood computed by linearisation
      -2LL= 4840.188 
      AIC = 4856.188 
      BIC = 4877.03 

Likelihood computed by importance sampling
      -2LL= 4852.128 
      AIC = 4868.128 
      BIC = 4888.969 
----------------------------------------------------
----------------------------------------------------
-----------------  Fixed effects  ------------------
----------------------------------------------------
         Parameter Estimate      SE CV(%) p-value
1               E0    95.63  1.9965  2.09       -
2             Imax     0.70  0.0273  3.91       -
3             ED50   544.40 36.7945  6.76       -
4 beta_group(ED50)    -0.52  0.0758 14.65 8.8e-12
5            gamma     1.96  0.1956  9.96       -
6              b.1     0.20  0.0065  3.31       -
----------------------------------------------------
-----------  Variance of random effects  -----------
----------------------------------------------------
       Parameter Estimate     SE CV(%)
E0     omega2.E0   0.0081 0.0033 41.25
ED50 omega2.ED50   0.0761 0.0218 28.68
----------------------------------------------------
------  Correlation matrix of random effects  ------
----------------------------------------------------
            omega2.E0 omega2.ED50
omega2.E0   1.00      0.00       
omega2.ED50 0.00      1.00       
----------------------------------------------------
---------------  Statistical criteria  -------------
----------------------------------------------------
Likelihood computed by linearisation
      -2LL= 4840.188 
      AIC = 4856.188 
      BIC = 4877.03 

Likelihood computed by importance sampling
      -2LL= 4852.128 
      AIC = 4868.128 
      BIC = 4888.969 
----------------------------------------------------
Reading data from file /home/eco/work/saemix/saemixextension/simulationSuite/cont/imaxRichProp/data/data_pdimax78.tab 
These are the first lines of the dataset as read into R. Please check the format of the data is appropriate, if not, modify the na and/or sep items and retry:
  id dose      eff group
1  1    0 81.67864     0
2  1  200 88.73801     0
3  1  400 81.57405     0
4  1  500 67.59672     0
5  1  700 38.81970     0
6  1 1000 45.63359     0


The following SaemixData object was successfully created:

Object of class SaemixData
    longitudinal data for use with the SAEM algorithm
Dataset /home/eco/work/saemix/saemixextension/simulationSuite/cont/imaxRichProp/data/data_pdimax78.tab 
    Structured data: eff ~ dose | id 
    Predictor: dose (-) 
    covariates: group (-) 
      reference class for covariate group :  0 
Nonlinear mixed-effects model fit by the SAEM algorithm
-----------------------------------
----          Data             ----
-----------------------------------
Object of class SaemixData
    longitudinal data for use with the SAEM algorithm
Dataset /home/eco/work/saemix/saemixextension/simulationSuite/cont/imaxRichProp/data/data_pdimax78.tab 
    Structured data: eff ~ dose | id 
    Predictor: dose (-) 
    covariates: group (-) 
      reference class for covariate group :  0 
Dataset characteristics:
    number of subjects:     100 
    number of observations: 600 
    average/min/max nb obs: 6.00  /  6  /  6 
First 10 lines of data:
   id dose       eff group mdv cens occ ytype
1   1    0  81.67864     0   0    0   1     1
2   1  200  88.73801     0   0    0   1     1
3   1  400  81.57405     0   0    0   1     1
4   1  500  67.59672     0   0    0   1     1
5   1  700  38.81970     0   0    0   1     1
6   1 1000  45.63359     0   0    0   1     1
7   2    0 108.00157     0   0    0   1     1
8   2  200  74.11928     0   0    0   1     1
9   2  400  91.92504     0   0    0   1     1
10  2  500  74.44310     0   0    0   1     1
-----------------------------------
----          Model            ----
-----------------------------------
Nonlinear mixed-effects model
  Model function:  PD Imax model
  Model type:  structural
function (psi, id, xidep) 
{
    dose <- xidep[, 1]
    e0 <- psi[id, 1]
    imax <- psi[id, 2]
    ed50 <- psi[id, 3]
    gamma <- psi[id, 4]
    f <- e0 * (1 - imax * (dose^gamma)/((ed50^gamma) + (dose^gamma)))
    return(f)
}
<bytecode: 0x5634e2004478>
  Nb of parameters: 4 
      parameter names:  E0 Imax ED50 gamma 
      distribution:
     Parameter Distribution Estimated
[1,] E0        log-normal   Estimated
[2,] Imax      log-normal   Estimated
[3,] ED50      log-normal   Estimated
[4,] gamma     log-normal   Estimated
  Variance-covariance matrix:
      E0 Imax ED50 gamma
E0     1    0    0     0
Imax   0    0    0     0
ED50   0    0    1     0
gamma  0    0    0     0
  Error model: proportional , initial values: b.1=0.2 
  Covariate model:
      [,1] [,2] [,3] [,4]
group    0    0    1    0
    Initial values
              E0 Imax ED50 gamma
Pop.CondInit 100  0.7  500     2
Cov.CondInit   0  0.0    0     0
-----------------------------------
----    Key algorithm options  ----
-----------------------------------
    Estimation of individual parameters (MAP)
    Estimation of standard errors and linearised log-likelihood
    Estimation of log-likelihood by importance sampling
    Number of iterations:  K1=300, K2=100 
    Number of chains:  1 
    Seed:  6424598 
    Number of MCMC iterations for IS:  5000 
    Simulations:
        nb of simulated datasets used for npde:  1000 
        nb of simulated datasets used for VPC:  100 
    Input/output
        save the results to a file:  FALSE 
        save the graphs to files:  FALSE 
----------------------------------------------------
----                  Results                   ----
----------------------------------------------------
-----------------  Fixed effects  ------------------
----------------------------------------------------
     Parameter        Estimate SE      CV(%) p-value
[1,] E0               100.61    2.2221  2.2  -      
[2,] Imax               0.70    0.0240  3.4  -      
[3,] ED50             511.80   32.7377  6.4  -      
[4,] beta_group(ED50)  -0.46    0.0769 16.7  1.1e-09
[5,] gamma              2.08    0.1931  9.3  -      
[6,] b.1                0.20    0.0065  3.3  -      
----------------------------------------------------
-----------  Variance of random effects  -----------
----------------------------------------------------
     Parameter   Estimate SE     CV(%)
E0   omega2.E0   0.014    0.0042 29   
ED50 omega2.ED50 0.077    0.0220 29   
----------------------------------------------------
------  Correlation matrix of random effects  ------
----------------------------------------------------
            omega2.E0 omega2.ED50
omega2.E0   1         0          
omega2.ED50 0         1          
----------------------------------------------------
---------------  Statistical criteria  -------------
----------------------------------------------------
Likelihood computed by linearisation
      -2LL= 4903.04 
      AIC = 4919.04 
      BIC = 4939.882 

Likelihood computed by importance sampling
      -2LL= 4910.831 
      AIC = 4926.831 
      BIC = 4947.672 
----------------------------------------------------
----------------------------------------------------
-----------------  Fixed effects  ------------------
----------------------------------------------------
         Parameter Estimate      SE CV(%) p-value
1               E0   100.61  2.2221  2.21       -
2             Imax     0.70  0.0240  3.42       -
3             ED50   511.80 32.7377  6.40       -
4 beta_group(ED50)    -0.46  0.0769 16.72 2.2e-09
5            gamma     2.08  0.1931  9.30       -
6              b.1     0.20  0.0065  3.34       -
----------------------------------------------------
-----------  Variance of random effects  -----------
----------------------------------------------------
       Parameter Estimate     SE CV(%)
E0     omega2.E0    0.014 0.0042 29.45
ED50 omega2.ED50    0.077 0.0220 28.56
----------------------------------------------------
------  Correlation matrix of random effects  ------
----------------------------------------------------
            omega2.E0 omega2.ED50
omega2.E0   1.00      0.00       
omega2.ED50 0.00      1.00       
----------------------------------------------------
---------------  Statistical criteria  -------------
----------------------------------------------------
Likelihood computed by linearisation
      -2LL= 4903.04 
      AIC = 4919.04 
      BIC = 4939.882 

Likelihood computed by importance sampling
      -2LL= 4910.831 
      AIC = 4926.831 
      BIC = 4947.672 
----------------------------------------------------
Reading data from file /home/eco/work/saemix/saemixextension/simulationSuite/cont/imaxRichProp/data/data_pdimax79.tab 
These are the first lines of the dataset as read into R. Please check the format of the data is appropriate, if not, modify the na and/or sep items and retry:
  id dose      eff group
1  1    0 80.46312     0
2  1  200 89.77126     0
3  1  400 79.00248     0
4  1  500 61.54692     0
5  1  700 45.81377     0
6  1 1000 48.57605     0


The following SaemixData object was successfully created:

Object of class SaemixData
    longitudinal data for use with the SAEM algorithm
Dataset /home/eco/work/saemix/saemixextension/simulationSuite/cont/imaxRichProp/data/data_pdimax79.tab 
    Structured data: eff ~ dose | id 
    Predictor: dose (-) 
    covariates: group (-) 
      reference class for covariate group :  0 
Nonlinear mixed-effects model fit by the SAEM algorithm
-----------------------------------
----          Data             ----
-----------------------------------
Object of class SaemixData
    longitudinal data for use with the SAEM algorithm
Dataset /home/eco/work/saemix/saemixextension/simulationSuite/cont/imaxRichProp/data/data_pdimax79.tab 
    Structured data: eff ~ dose | id 
    Predictor: dose (-) 
    covariates: group (-) 
      reference class for covariate group :  0 
Dataset characteristics:
    number of subjects:     100 
    number of observations: 600 
    average/min/max nb obs: 6.00  /  6  /  6 
First 10 lines of data:
   id dose      eff group mdv cens occ ytype
1   1    0 80.46312     0   0    0   1     1
2   1  200 89.77126     0   0    0   1     1
3   1  400 79.00248     0   0    0   1     1
4   1  500 61.54692     0   0    0   1     1
5   1  700 45.81377     0   0    0   1     1
6   1 1000 48.57605     0   0    0   1     1
7   2    0 67.87187     0   0    0   1     1
8   2  200 74.29040     0   0    0   1     1
9   2  400 48.32292     0   0    0   1     1
10  2  500 36.29019     0   0    0   1     1
-----------------------------------
----          Model            ----
-----------------------------------
Nonlinear mixed-effects model
  Model function:  PD Imax model
  Model type:  structural
function (psi, id, xidep) 
{
    dose <- xidep[, 1]
    e0 <- psi[id, 1]
    imax <- psi[id, 2]
    ed50 <- psi[id, 3]
    gamma <- psi[id, 4]
    f <- e0 * (1 - imax * (dose^gamma)/((ed50^gamma) + (dose^gamma)))
    return(f)
}
<bytecode: 0x5634e2004478>
  Nb of parameters: 4 
      parameter names:  E0 Imax ED50 gamma 
      distribution:
     Parameter Distribution Estimated
[1,] E0        log-normal   Estimated
[2,] Imax      log-normal   Estimated
[3,] ED50      log-normal   Estimated
[4,] gamma     log-normal   Estimated
  Variance-covariance matrix:
      E0 Imax ED50 gamma
E0     1    0    0     0
Imax   0    0    0     0
ED50   0    0    1     0
gamma  0    0    0     0
  Error model: proportional , initial values: b.1=0.2 
  Covariate model:
      [,1] [,2] [,3] [,4]
group    0    0    1    0
    Initial values
              E0 Imax ED50 gamma
Pop.CondInit 100  0.7  500     2
Cov.CondInit   0  0.0    0     0
-----------------------------------
----    Key algorithm options  ----
-----------------------------------
    Estimation of individual parameters (MAP)
    Estimation of standard errors and linearised log-likelihood
    Estimation of log-likelihood by importance sampling
    Number of iterations:  K1=300, K2=100 
    Number of chains:  1 
    Seed:  6424598 
    Number of MCMC iterations for IS:  5000 
    Simulations:
        nb of simulated datasets used for npde:  1000 
        nb of simulated datasets used for VPC:  100 
    Input/output
        save the results to a file:  FALSE 
        save the graphs to files:  FALSE 
----------------------------------------------------
----                  Results                   ----
----------------------------------------------------
-----------------  Fixed effects  ------------------
----------------------------------------------------
     Parameter        Estimate SE      CV(%) p-value
[1,] E0               101.53    2.1646  2.1  -      
[2,] Imax               0.69    0.0234  3.4  -      
[3,] ED50             441.78   26.7964  6.1  -      
[4,] beta_group(ED50)  -0.33    0.0707 21.7  2e-06  
[5,] gamma              2.15    0.2090  9.7  -      
[6,] b.1                0.20    0.0065  3.3  -      
----------------------------------------------------
-----------  Variance of random effects  -----------
----------------------------------------------------
     Parameter   Estimate SE     CV(%)
E0   omega2.E0   0.0091   0.0034 38   
ED50 omega2.ED50 0.0625   0.0193 31   
----------------------------------------------------
------  Correlation matrix of random effects  ------
----------------------------------------------------
            omega2.E0 omega2.ED50
omega2.E0   1         0          
omega2.ED50 0         1          
----------------------------------------------------
---------------  Statistical criteria  -------------
----------------------------------------------------
Likelihood computed by linearisation
      -2LL= 4868.806 
      AIC = 4884.806 
      BIC = 4905.648 

Likelihood computed by importance sampling
      -2LL= 4877.864 
      AIC = 4893.864 
      BIC = 4914.705 
----------------------------------------------------
----------------------------------------------------
-----------------  Fixed effects  ------------------
----------------------------------------------------
         Parameter Estimate      SE CV(%) p-value
1               E0   101.53  2.1646  2.13       -
2             Imax     0.69  0.0234  3.41       -
3             ED50   441.78 26.7964  6.07       -
4 beta_group(ED50)    -0.33  0.0707 21.69   4e-06
5            gamma     2.15  0.2090  9.72       -
6              b.1     0.20  0.0065  3.31       -
----------------------------------------------------
-----------  Variance of random effects  -----------
----------------------------------------------------
       Parameter Estimate     SE CV(%)
E0     omega2.E0   0.0091 0.0034 37.75
ED50 omega2.ED50   0.0625 0.0193 30.88
----------------------------------------------------
------  Correlation matrix of random effects  ------
----------------------------------------------------
            omega2.E0 omega2.ED50
omega2.E0   1.00      0.00       
omega2.ED50 0.00      1.00       
----------------------------------------------------
---------------  Statistical criteria  -------------
----------------------------------------------------
Likelihood computed by linearisation
      -2LL= 4868.806 
      AIC = 4884.806 
      BIC = 4905.648 

Likelihood computed by importance sampling
      -2LL= 4877.864 
      AIC = 4893.864 
      BIC = 4914.705 
----------------------------------------------------
Reading data from file /home/eco/work/saemix/saemixextension/simulationSuite/cont/imaxRichProp/data/data_pdimax80.tab 
These are the first lines of the dataset as read into R. Please check the format of the data is appropriate, if not, modify the na and/or sep items and retry:
  id dose       eff group
1  1    0 104.52570     0
2  1  200  96.08779     0
3  1  400  77.53161     0
4  1  500  63.06177     0
5  1  700  81.74319     0
6  1 1000  27.53467     0


The following SaemixData object was successfully created:

Object of class SaemixData
    longitudinal data for use with the SAEM algorithm
Dataset /home/eco/work/saemix/saemixextension/simulationSuite/cont/imaxRichProp/data/data_pdimax80.tab 
    Structured data: eff ~ dose | id 
    Predictor: dose (-) 
    covariates: group (-) 
      reference class for covariate group :  0 
Nonlinear mixed-effects model fit by the SAEM algorithm
-----------------------------------
----          Data             ----
-----------------------------------
Object of class SaemixData
    longitudinal data for use with the SAEM algorithm
Dataset /home/eco/work/saemix/saemixextension/simulationSuite/cont/imaxRichProp/data/data_pdimax80.tab 
    Structured data: eff ~ dose | id 
    Predictor: dose (-) 
    covariates: group (-) 
      reference class for covariate group :  0 
Dataset characteristics:
    number of subjects:     100 
    number of observations: 600 
    average/min/max nb obs: 6.00  /  6  /  6 
First 10 lines of data:
   id dose       eff group mdv cens occ ytype
1   1    0 104.52570     0   0    0   1     1
2   1  200  96.08779     0   0    0   1     1
3   1  400  77.53161     0   0    0   1     1
4   1  500  63.06177     0   0    0   1     1
5   1  700  81.74319     0   0    0   1     1
6   1 1000  27.53467     0   0    0   1     1
7   2    0  86.54767     0   0    0   1     1
8   2  200 131.26073     0   0    0   1     1
9   2  400  86.83597     0   0    0   1     1
10  2  500  64.17221     0   0    0   1     1
-----------------------------------
----          Model            ----
-----------------------------------
Nonlinear mixed-effects model
  Model function:  PD Imax model
  Model type:  structural
function (psi, id, xidep) 
{
    dose <- xidep[, 1]
    e0 <- psi[id, 1]
    imax <- psi[id, 2]
    ed50 <- psi[id, 3]
    gamma <- psi[id, 4]
    f <- e0 * (1 - imax * (dose^gamma)/((ed50^gamma) + (dose^gamma)))
    return(f)
}
<bytecode: 0x5634e2004478>
  Nb of parameters: 4 
      parameter names:  E0 Imax ED50 gamma 
      distribution:
     Parameter Distribution Estimated
[1,] E0        log-normal   Estimated
[2,] Imax      log-normal   Estimated
[3,] ED50      log-normal   Estimated
[4,] gamma     log-normal   Estimated
  Variance-covariance matrix:
      E0 Imax ED50 gamma
E0     1    0    0     0
Imax   0    0    0     0
ED50   0    0    1     0
gamma  0    0    0     0
  Error model: proportional , initial values: b.1=0.2 
  Covariate model:
      [,1] [,2] [,3] [,4]
group    0    0    1    0
    Initial values
              E0 Imax ED50 gamma
Pop.CondInit 100  0.7  500     2
Cov.CondInit   0  0.0    0     0
-----------------------------------
----    Key algorithm options  ----
-----------------------------------
    Estimation of individual parameters (MAP)
    Estimation of standard errors and linearised log-likelihood
    Estimation of log-likelihood by importance sampling
    Number of iterations:  K1=300, K2=100 
    Number of chains:  1 
    Seed:  6424598 
    Number of MCMC iterations for IS:  5000 
    Simulations:
        nb of simulated datasets used for npde:  1000 
        nb of simulated datasets used for VPC:  100 
    Input/output
        save the results to a file:  FALSE 
        save the graphs to files:  FALSE 
----------------------------------------------------
----                  Results                   ----
----------------------------------------------------
-----------------  Fixed effects  ------------------
----------------------------------------------------
     Parameter        Estimate SE      CV(%) p-value
[1,] E0                96.48    2.3164  2.4  -      
[2,] Imax               0.69    0.0278  4.1  -      
[3,] ED50             490.23   36.1602  7.4  -      
[4,] beta_group(ED50)  -0.42    0.0869 20.9  8.6e-07
[5,] gamma              1.94    0.1995 10.3  -      
[6,] b.1                0.20    0.0066  3.4  -      
----------------------------------------------------
-----------  Variance of random effects  -----------
----------------------------------------------------
     Parameter   Estimate SE     CV(%)
E0   omega2.E0   0.022    0.0053 24   
ED50 omega2.ED50 0.090    0.0281 31   
----------------------------------------------------
------  Correlation matrix of random effects  ------
----------------------------------------------------
            omega2.E0 omega2.ED50
omega2.E0   1         0          
omega2.ED50 0         1          
----------------------------------------------------
---------------  Statistical criteria  -------------
----------------------------------------------------
Likelihood computed by linearisation
      -2LL= 4895.301 
      AIC = 4911.301 
      BIC = 4932.142 

Likelihood computed by importance sampling
      -2LL= 4905.663 
      AIC = 4921.663 
      BIC = 4942.505 
----------------------------------------------------
----------------------------------------------------
-----------------  Fixed effects  ------------------
----------------------------------------------------
         Parameter Estimate      SE CV(%) p-value
1               E0    96.48  2.3164  2.40       -
2             Imax     0.69  0.0278  4.05       -
3             ED50   490.23 36.1602  7.38       -
4 beta_group(ED50)    -0.42  0.0869 20.90 1.7e-06
5            gamma     1.94  0.1995 10.27       -
6              b.1     0.20  0.0066  3.35       -
----------------------------------------------------
-----------  Variance of random effects  -----------
----------------------------------------------------
       Parameter Estimate     SE CV(%)
E0     omega2.E0    0.022 0.0053 24.34
ED50 omega2.ED50    0.090 0.0281 31.32
----------------------------------------------------
------  Correlation matrix of random effects  ------
----------------------------------------------------
            omega2.E0 omega2.ED50
omega2.E0   1.00      0.00       
omega2.ED50 0.00      1.00       
----------------------------------------------------
---------------  Statistical criteria  -------------
----------------------------------------------------
Likelihood computed by linearisation
      -2LL= 4895.301 
      AIC = 4911.301 
      BIC = 4932.142 

Likelihood computed by importance sampling
      -2LL= 4905.663 
      AIC = 4921.663 
      BIC = 4942.505 
----------------------------------------------------
Reading data from file /home/eco/work/saemix/saemixextension/simulationSuite/cont/imaxRichProp/data/data_pdimax81.tab 
These are the first lines of the dataset as read into R. Please check the format of the data is appropriate, if not, modify the na and/or sep items and retry:
  id dose      eff group
1  1    0 50.67022     0
2  1  200 79.13301     0
3  1  400 65.60373     0
4  1  500 60.89781     0
5  1  700 51.49656     0
6  1 1000 46.72448     0


The following SaemixData object was successfully created:

Object of class SaemixData
    longitudinal data for use with the SAEM algorithm
Dataset /home/eco/work/saemix/saemixextension/simulationSuite/cont/imaxRichProp/data/data_pdimax81.tab 
    Structured data: eff ~ dose | id 
    Predictor: dose (-) 
    covariates: group (-) 
      reference class for covariate group :  0 
Nonlinear mixed-effects model fit by the SAEM algorithm
-----------------------------------
----          Data             ----
-----------------------------------
Object of class SaemixData
    longitudinal data for use with the SAEM algorithm
Dataset /home/eco/work/saemix/saemixextension/simulationSuite/cont/imaxRichProp/data/data_pdimax81.tab 
    Structured data: eff ~ dose | id 
    Predictor: dose (-) 
    covariates: group (-) 
      reference class for covariate group :  0 
Dataset characteristics:
    number of subjects:     100 
    number of observations: 600 
    average/min/max nb obs: 6.00  /  6  /  6 
First 10 lines of data:
   id dose      eff group mdv cens occ ytype
1   1    0 50.67022     0   0    0   1     1
2   1  200 79.13301     0   0    0   1     1
3   1  400 65.60373     0   0    0   1     1
4   1  500 60.89781     0   0    0   1     1
5   1  700 51.49656     0   0    0   1     1
6   1 1000 46.72448     0   0    0   1     1
7   2    0 99.18556     0   0    0   1     1
8   2  200 84.72358     0   0    0   1     1
9   2  400 68.41260     0   0    0   1     1
10  2  500 82.27982     0   0    0   1     1
-----------------------------------
----          Model            ----
-----------------------------------
Nonlinear mixed-effects model
  Model function:  PD Imax model
  Model type:  structural
function (psi, id, xidep) 
{
    dose <- xidep[, 1]
    e0 <- psi[id, 1]
    imax <- psi[id, 2]
    ed50 <- psi[id, 3]
    gamma <- psi[id, 4]
    f <- e0 * (1 - imax * (dose^gamma)/((ed50^gamma) + (dose^gamma)))
    return(f)
}
<bytecode: 0x5634e2004478>
  Nb of parameters: 4 
      parameter names:  E0 Imax ED50 gamma 
      distribution:
     Parameter Distribution Estimated
[1,] E0        log-normal   Estimated
[2,] Imax      log-normal   Estimated
[3,] ED50      log-normal   Estimated
[4,] gamma     log-normal   Estimated
  Variance-covariance matrix:
      E0 Imax ED50 gamma
E0     1    0    0     0
Imax   0    0    0     0
ED50   0    0    1     0
gamma  0    0    0     0
  Error model: proportional , initial values: b.1=0.2 
  Covariate model:
      [,1] [,2] [,3] [,4]
group    0    0    1    0
    Initial values
              E0 Imax ED50 gamma
Pop.CondInit 100  0.7  500     2
Cov.CondInit   0  0.0    0     0
-----------------------------------
----    Key algorithm options  ----
-----------------------------------
    Estimation of individual parameters (MAP)
    Estimation of standard errors and linearised log-likelihood
    Estimation of log-likelihood by importance sampling
    Number of iterations:  K1=300, K2=100 
    Number of chains:  1 
    Seed:  6424598 
    Number of MCMC iterations for IS:  5000 
    Simulations:
        nb of simulated datasets used for npde:  1000 
        nb of simulated datasets used for VPC:  100 
    Input/output
        save the results to a file:  FALSE 
        save the graphs to files:  FALSE 
----------------------------------------------------
----                  Results                   ----
----------------------------------------------------
-----------------  Fixed effects  ------------------
----------------------------------------------------
     Parameter        Estimate SE      CV(%) p-value
[1,] E0               102.55    2.2598  2.2  -      
[2,] Imax               0.71    0.0230  3.3  -      
[3,] ED50             507.73   31.7529  6.3  -      
[4,] beta_group(ED50)  -0.59    0.0743 12.6  1e-15  
[5,] gamma              1.93    0.1742  9.0  -      
[6,] b.1                0.19    0.0064  3.3  -      
----------------------------------------------------
-----------  Variance of random effects  -----------
----------------------------------------------------
     Parameter   Estimate SE    CV(%)
E0   omega2.E0   0.014    0.004 28   
ED50 omega2.ED50 0.060    0.021 35   
----------------------------------------------------
------  Correlation matrix of random effects  ------
----------------------------------------------------
            omega2.E0 omega2.ED50
omega2.E0   1         0          
omega2.ED50 0         1          
----------------------------------------------------
---------------  Statistical criteria  -------------
----------------------------------------------------
Likelihood computed by linearisation
      -2LL= 4857.423 
      AIC = 4873.423 
      BIC = 4894.265 

Likelihood computed by importance sampling
      -2LL= 4868.845 
      AIC = 4884.845 
      BIC = 4905.686 
----------------------------------------------------
----------------------------------------------------
-----------------  Fixed effects  ------------------
----------------------------------------------------
         Parameter Estimate      SE CV(%) p-value
1               E0   102.55  2.2598  2.20       -
2             Imax     0.71  0.0230  3.25       -
3             ED50   507.73 31.7529  6.25       -
4 beta_group(ED50)    -0.59  0.0743 12.59   2e-15
5            gamma     1.93  0.1742  9.04       -
6              b.1     0.19  0.0064  3.32       -
----------------------------------------------------
-----------  Variance of random effects  -----------
----------------------------------------------------
       Parameter Estimate    SE CV(%)
E0     omega2.E0    0.014 0.004 28.14
ED50 omega2.ED50    0.060 0.021 34.53
----------------------------------------------------
------  Correlation matrix of random effects  ------
----------------------------------------------------
            omega2.E0 omega2.ED50
omega2.E0   1.00      0.00       
omega2.ED50 0.00      1.00       
----------------------------------------------------
---------------  Statistical criteria  -------------
----------------------------------------------------
Likelihood computed by linearisation
      -2LL= 4857.423 
      AIC = 4873.423 
      BIC = 4894.265 

Likelihood computed by importance sampling
      -2LL= 4868.845 
      AIC = 4884.845 
      BIC = 4905.686 
----------------------------------------------------
Reading data from file /home/eco/work/saemix/saemixextension/simulationSuite/cont/imaxRichProp/data/data_pdimax82.tab 
These are the first lines of the dataset as read into R. Please check the format of the data is appropriate, if not, modify the na and/or sep items and retry:
  id dose       eff group
1  1    0 116.49520     0
2  1  200  95.15925     0
3  1  400  73.49363     0
4  1  500  59.18995     0
5  1  700  55.58914     0
6  1 1000  51.73376     0


The following SaemixData object was successfully created:

Object of class SaemixData
    longitudinal data for use with the SAEM algorithm
Dataset /home/eco/work/saemix/saemixextension/simulationSuite/cont/imaxRichProp/data/data_pdimax82.tab 
    Structured data: eff ~ dose | id 
    Predictor: dose (-) 
    covariates: group (-) 
      reference class for covariate group :  0 
Nonlinear mixed-effects model fit by the SAEM algorithm
-----------------------------------
----          Data             ----
-----------------------------------
Object of class SaemixData
    longitudinal data for use with the SAEM algorithm
Dataset /home/eco/work/saemix/saemixextension/simulationSuite/cont/imaxRichProp/data/data_pdimax82.tab 
    Structured data: eff ~ dose | id 
    Predictor: dose (-) 
    covariates: group (-) 
      reference class for covariate group :  0 
Dataset characteristics:
    number of subjects:     100 
    number of observations: 600 
    average/min/max nb obs: 6.00  /  6  /  6 
First 10 lines of data:
   id dose       eff group mdv cens occ ytype
1   1    0 116.49520     0   0    0   1     1
2   1  200  95.15925     0   0    0   1     1
3   1  400  73.49363     0   0    0   1     1
4   1  500  59.18995     0   0    0   1     1
5   1  700  55.58914     0   0    0   1     1
6   1 1000  51.73376     0   0    0   1     1
7   2    0  72.60556     0   0    0   1     1
8   2  200  99.45279     0   0    0   1     1
9   2  400  60.61369     0   0    0   1     1
10  2  500  80.60133     0   0    0   1     1
-----------------------------------
----          Model            ----
-----------------------------------
Nonlinear mixed-effects model
  Model function:  PD Imax model
  Model type:  structural
function (psi, id, xidep) 
{
    dose <- xidep[, 1]
    e0 <- psi[id, 1]
    imax <- psi[id, 2]
    ed50 <- psi[id, 3]
    gamma <- psi[id, 4]
    f <- e0 * (1 - imax * (dose^gamma)/((ed50^gamma) + (dose^gamma)))
    return(f)
}
<bytecode: 0x5634e2004478>
  Nb of parameters: 4 
      parameter names:  E0 Imax ED50 gamma 
      distribution:
     Parameter Distribution Estimated
[1,] E0        log-normal   Estimated
[2,] Imax      log-normal   Estimated
[3,] ED50      log-normal   Estimated
[4,] gamma     log-normal   Estimated
  Variance-covariance matrix:
      E0 Imax ED50 gamma
E0     1    0    0     0
Imax   0    0    0     0
ED50   0    0    1     0
gamma  0    0    0     0
  Error model: proportional , initial values: b.1=0.2 
  Covariate model:
      [,1] [,2] [,3] [,4]
group    0    0    1    0
    Initial values
              E0 Imax ED50 gamma
Pop.CondInit 100  0.7  500     2
Cov.CondInit   0  0.0    0     0
-----------------------------------
----    Key algorithm options  ----
-----------------------------------
    Estimation of individual parameters (MAP)
    Estimation of standard errors and linearised log-likelihood
    Estimation of log-likelihood by importance sampling
    Number of iterations:  K1=300, K2=100 
    Number of chains:  1 
    Seed:  6424598 
    Number of MCMC iterations for IS:  5000 
    Simulations:
        nb of simulated datasets used for npde:  1000 
        nb of simulated datasets used for VPC:  100 
    Input/output
        save the results to a file:  FALSE 
        save the graphs to files:  FALSE 
----------------------------------------------------
----                  Results                   ----
----------------------------------------------------
-----------------  Fixed effects  ------------------
----------------------------------------------------
     Parameter        Estimate SE      CV(%) p-value
[1,] E0                96.04    1.8955  2.0  -      
[2,] Imax               0.71    0.0238  3.3  -      
[3,] ED50             490.49   33.6445  6.9  -      
[4,] beta_group(ED50)  -0.28    0.0821 29.3  0.00031
[5,] gamma              2.12    0.1956  9.2  -      
[6,] b.1                0.20    0.0067  3.3  -      
----------------------------------------------------
-----------  Variance of random effects  -----------
----------------------------------------------------
     Parameter   Estimate SE     CV(%)
E0   omega2.E0   0.0038   0.0031 83   
ED50 omega2.ED50 0.1232   0.0251 20   
----------------------------------------------------
------  Correlation matrix of random effects  ------
----------------------------------------------------
            omega2.E0 omega2.ED50
omega2.E0   1         0          
omega2.ED50 0         1          
----------------------------------------------------
---------------  Statistical criteria  -------------
----------------------------------------------------
Likelihood computed by linearisation
      -2LL= 4863.951 
      AIC = 4879.951 
      BIC = 4900.793 

Likelihood computed by importance sampling
      -2LL= 4871.341 
      AIC = 4887.341 
      BIC = 4908.182 
----------------------------------------------------
----------------------------------------------------
-----------------  Fixed effects  ------------------
----------------------------------------------------
         Parameter Estimate      SE CV(%) p-value
1               E0    96.04  1.8955  1.97       -
2             Imax     0.71  0.0238  3.35       -
3             ED50   490.49 33.6445  6.86       -
4 beta_group(ED50)    -0.28  0.0821 29.25 0.00063
5            gamma     2.12  0.1956  9.24       -
6              b.1     0.20  0.0067  3.33       -
----------------------------------------------------
-----------  Variance of random effects  -----------
----------------------------------------------------
       Parameter Estimate     SE CV(%)
E0     omega2.E0   0.0038 0.0031 82.64
ED50 omega2.ED50   0.1232 0.0251 20.41
----------------------------------------------------
------  Correlation matrix of random effects  ------
----------------------------------------------------
            omega2.E0 omega2.ED50
omega2.E0   1.00      0.00       
omega2.ED50 0.00      1.00       
----------------------------------------------------
---------------  Statistical criteria  -------------
----------------------------------------------------
Likelihood computed by linearisation
      -2LL= 4863.951 
      AIC = 4879.951 
      BIC = 4900.793 

Likelihood computed by importance sampling
      -2LL= 4871.341 
      AIC = 4887.341 
      BIC = 4908.182 
----------------------------------------------------
Reading data from file /home/eco/work/saemix/saemixextension/simulationSuite/cont/imaxRichProp/data/data_pdimax83.tab 
These are the first lines of the dataset as read into R. Please check the format of the data is appropriate, if not, modify the na and/or sep items and retry:
  id dose      eff group
1  1    0 84.21917     0
2  1  200 66.11212     0
3  1  400 57.04415     0
4  1  500 50.30507     0
5  1  700 30.69735     0
6  1 1000 34.46695     0


The following SaemixData object was successfully created:

Object of class SaemixData
    longitudinal data for use with the SAEM algorithm
Dataset /home/eco/work/saemix/saemixextension/simulationSuite/cont/imaxRichProp/data/data_pdimax83.tab 
    Structured data: eff ~ dose | id 
    Predictor: dose (-) 
    covariates: group (-) 
      reference class for covariate group :  0 
Nonlinear mixed-effects model fit by the SAEM algorithm
-----------------------------------
----          Data             ----
-----------------------------------
Object of class SaemixData
    longitudinal data for use with the SAEM algorithm
Dataset /home/eco/work/saemix/saemixextension/simulationSuite/cont/imaxRichProp/data/data_pdimax83.tab 
    Structured data: eff ~ dose | id 
    Predictor: dose (-) 
    covariates: group (-) 
      reference class for covariate group :  0 
Dataset characteristics:
    number of subjects:     100 
    number of observations: 600 
    average/min/max nb obs: 6.00  /  6  /  6 
First 10 lines of data:
   id dose       eff group mdv cens occ ytype
1   1    0  84.21917     0   0    0   1     1
2   1  200  66.11212     0   0    0   1     1
3   1  400  57.04415     0   0    0   1     1
4   1  500  50.30507     0   0    0   1     1
5   1  700  30.69735     0   0    0   1     1
6   1 1000  34.46695     0   0    0   1     1
7   2    0 136.87193     0   0    0   1     1
8   2  200 144.20068     0   0    0   1     1
9   2  400 100.90968     0   0    0   1     1
10  2  500  96.50814     0   0    0   1     1
-----------------------------------
----          Model            ----
-----------------------------------
Nonlinear mixed-effects model
  Model function:  PD Imax model
  Model type:  structural
function (psi, id, xidep) 
{
    dose <- xidep[, 1]
    e0 <- psi[id, 1]
    imax <- psi[id, 2]
    ed50 <- psi[id, 3]
    gamma <- psi[id, 4]
    f <- e0 * (1 - imax * (dose^gamma)/((ed50^gamma) + (dose^gamma)))
    return(f)
}
<bytecode: 0x5634e2004478>
  Nb of parameters: 4 
      parameter names:  E0 Imax ED50 gamma 
      distribution:
     Parameter Distribution Estimated
[1,] E0        log-normal   Estimated
[2,] Imax      log-normal   Estimated
[3,] ED50      log-normal   Estimated
[4,] gamma     log-normal   Estimated
  Variance-covariance matrix:
      E0 Imax ED50 gamma
E0     1    0    0     0
Imax   0    0    0     0
ED50   0    0    1     0
gamma  0    0    0     0
  Error model: proportional , initial values: b.1=0.2 
  Covariate model:
      [,1] [,2] [,3] [,4]
group    0    0    1    0
    Initial values
              E0 Imax ED50 gamma
Pop.CondInit 100  0.7  500     2
Cov.CondInit   0  0.0    0     0
-----------------------------------
----    Key algorithm options  ----
-----------------------------------
    Estimation of individual parameters (MAP)
    Estimation of standard errors and linearised log-likelihood
    Estimation of log-likelihood by importance sampling
    Number of iterations:  K1=300, K2=100 
    Number of chains:  1 
    Seed:  6424598 
    Number of MCMC iterations for IS:  5000 
    Simulations:
        nb of simulated datasets used for npde:  1000 
        nb of simulated datasets used for VPC:  100 
    Input/output
        save the results to a file:  FALSE 
        save the graphs to files:  FALSE 
----------------------------------------------------
----                  Results                   ----
----------------------------------------------------
-----------------  Fixed effects  ------------------
----------------------------------------------------
     Parameter        Estimate SE      CV(%) p-value
[1,] E0               100.43    2.3202  2.3  -      
[2,] Imax               0.71    0.0259  3.7  -      
[3,] ED50             495.71   30.0444  6.1  -      
[4,] beta_group(ED50)  -0.44    0.0694 15.7  8.7e-11
[5,] gamma              2.05    0.2003  9.8  -      
[6,] b.1                0.20    0.0066  3.3  -      
----------------------------------------------------
-----------  Variance of random effects  -----------
----------------------------------------------------
     Parameter   Estimate SE     CV(%)
E0   omega2.E0   0.016    0.0043 26   
ED50 omega2.ED50 0.045    0.0184 40   
----------------------------------------------------
------  Correlation matrix of random effects  ------
----------------------------------------------------
            omega2.E0 omega2.ED50
omega2.E0   1         0          
omega2.ED50 0         1          
----------------------------------------------------
---------------  Statistical criteria  -------------
----------------------------------------------------
Likelihood computed by linearisation
      -2LL= 4894.377 
      AIC = 4910.377 
      BIC = 4931.218 

Likelihood computed by importance sampling
      -2LL= 4905.609 
      AIC = 4921.609 
      BIC = 4942.45 
----------------------------------------------------
----------------------------------------------------
-----------------  Fixed effects  ------------------
----------------------------------------------------
         Parameter Estimate      SE CV(%) p-value
1               E0   100.43  2.3202  2.31       -
2             Imax     0.71  0.0259  3.66       -
3             ED50   495.71 30.0444  6.06       -
4 beta_group(ED50)    -0.44  0.0694 15.67 1.7e-10
5            gamma     2.05  0.2003  9.77       -
6              b.1     0.20  0.0066  3.32       -
----------------------------------------------------
-----------  Variance of random effects  -----------
----------------------------------------------------
       Parameter Estimate     SE CV(%)
E0     omega2.E0    0.016 0.0043 26.31
ED50 omega2.ED50    0.045 0.0184 40.49
----------------------------------------------------
------  Correlation matrix of random effects  ------
----------------------------------------------------
            omega2.E0 omega2.ED50
omega2.E0   1.00      0.00       
omega2.ED50 0.00      1.00       
----------------------------------------------------
---------------  Statistical criteria  -------------
----------------------------------------------------
Likelihood computed by linearisation
      -2LL= 4894.377 
      AIC = 4910.377 
      BIC = 4931.218 

Likelihood computed by importance sampling
      -2LL= 4905.609 
      AIC = 4921.609 
      BIC = 4942.45 
----------------------------------------------------
Reading data from file /home/eco/work/saemix/saemixextension/simulationSuite/cont/imaxRichProp/data/data_pdimax84.tab 
These are the first lines of the dataset as read into R. Please check the format of the data is appropriate, if not, modify the na and/or sep items and retry:
  id dose      eff group
1  1    0 72.20798     0
2  1  200 74.87919     0
3  1  400 55.56920     0
4  1  500 56.08371     0
5  1  700 52.43911     0
6  1 1000 34.79491     0


The following SaemixData object was successfully created:

Object of class SaemixData
    longitudinal data for use with the SAEM algorithm
Dataset /home/eco/work/saemix/saemixextension/simulationSuite/cont/imaxRichProp/data/data_pdimax84.tab 
    Structured data: eff ~ dose | id 
    Predictor: dose (-) 
    covariates: group (-) 
      reference class for covariate group :  0 
Nonlinear mixed-effects model fit by the SAEM algorithm
-----------------------------------
----          Data             ----
-----------------------------------
Object of class SaemixData
    longitudinal data for use with the SAEM algorithm
Dataset /home/eco/work/saemix/saemixextension/simulationSuite/cont/imaxRichProp/data/data_pdimax84.tab 
    Structured data: eff ~ dose | id 
    Predictor: dose (-) 
    covariates: group (-) 
      reference class for covariate group :  0 
Dataset characteristics:
    number of subjects:     100 
    number of observations: 600 
    average/min/max nb obs: 6.00  /  6  /  6 
First 10 lines of data:
   id dose      eff group mdv cens occ ytype
1   1    0 72.20798     0   0    0   1     1
2   1  200 74.87919     0   0    0   1     1
3   1  400 55.56920     0   0    0   1     1
4   1  500 56.08371     0   0    0   1     1
5   1  700 52.43911     0   0    0   1     1
6   1 1000 34.79491     0   0    0   1     1
7   2    0 97.50159     0   0    0   1     1
8   2  200 70.53122     0   0    0   1     1
9   2  400 87.95964     0   0    0   1     1
10  2  500 45.18582     0   0    0   1     1
-----------------------------------
----          Model            ----
-----------------------------------
Nonlinear mixed-effects model
  Model function:  PD Imax model
  Model type:  structural
function (psi, id, xidep) 
{
    dose <- xidep[, 1]
    e0 <- psi[id, 1]
    imax <- psi[id, 2]
    ed50 <- psi[id, 3]
    gamma <- psi[id, 4]
    f <- e0 * (1 - imax * (dose^gamma)/((ed50^gamma) + (dose^gamma)))
    return(f)
}
<bytecode: 0x5634e2004478>
  Nb of parameters: 4 
      parameter names:  E0 Imax ED50 gamma 
      distribution:
     Parameter Distribution Estimated
[1,] E0        log-normal   Estimated
[2,] Imax      log-normal   Estimated
[3,] ED50      log-normal   Estimated
[4,] gamma     log-normal   Estimated
  Variance-covariance matrix:
      E0 Imax ED50 gamma
E0     1    0    0     0
Imax   0    0    0     0
ED50   0    0    1     0
gamma  0    0    0     0
  Error model: proportional , initial values: b.1=0.2 
  Covariate model:
      [,1] [,2] [,3] [,4]
group    0    0    1    0
    Initial values
              E0 Imax ED50 gamma
Pop.CondInit 100  0.7  500     2
Cov.CondInit   0  0.0    0     0
-----------------------------------
----    Key algorithm options  ----
-----------------------------------
    Estimation of individual parameters (MAP)
    Estimation of standard errors and linearised log-likelihood
    Estimation of log-likelihood by importance sampling
    Number of iterations:  K1=300, K2=100 
    Number of chains:  1 
    Seed:  6424598 
    Number of MCMC iterations for IS:  5000 
    Simulations:
        nb of simulated datasets used for npde:  1000 
        nb of simulated datasets used for VPC:  100 
    Input/output
        save the results to a file:  FALSE 
        save the graphs to files:  FALSE 
----------------------------------------------------
----                  Results                   ----
----------------------------------------------------
-----------------  Fixed effects  ------------------
----------------------------------------------------
     Parameter        Estimate SE      CV(%) p-value
[1,] E0                94.92    2.3653  2.5  -      
[2,] Imax               0.68    0.0275  4.0  -      
[3,] ED50             546.67   31.1108  5.7  -      
[4,] beta_group(ED50)  -0.55    0.0623 11.4  0      
[5,] gamma              2.09    0.2167 10.4  -      
[6,] b.1                0.20    0.0067  3.3  -      
----------------------------------------------------
-----------  Variance of random effects  -----------
----------------------------------------------------
     Parameter   Estimate SE     CV(%)
E0   omega2.E0   0.0242   0.0049   20 
ED50 omega2.ED50 0.0014   0.0154 1073 
----------------------------------------------------
------  Correlation matrix of random effects  ------
----------------------------------------------------
            omega2.E0 omega2.ED50
omega2.E0   1         0          
omega2.ED50 0         1          
----------------------------------------------------
---------------  Statistical criteria  -------------
----------------------------------------------------
Likelihood computed by linearisation
      -2LL= 4873.291 
      AIC = 4889.291 
      BIC = 4910.133 

Likelihood computed by importance sampling
      -2LL= 4883.342 
      AIC = 4899.342 
      BIC = 4920.183 
----------------------------------------------------
----------------------------------------------------
-----------------  Fixed effects  ------------------
----------------------------------------------------
         Parameter Estimate      SE CV(%) p-value
1               E0    94.92  2.3653  2.49       -
2             Imax     0.68  0.0275  4.01       -
3             ED50   546.67 31.1108  5.69       -
4 beta_group(ED50)    -0.55  0.0623 11.37    0.00
5            gamma     2.09  0.2167 10.36       -
6              b.1     0.20  0.0067  3.30       -
----------------------------------------------------
-----------  Variance of random effects  -----------
----------------------------------------------------
       Parameter Estimate     SE   CV(%)
E0     omega2.E0   0.0242 0.0049   20.09
ED50 omega2.ED50   0.0014 0.0154 1072.55
----------------------------------------------------
------  Correlation matrix of random effects  ------
----------------------------------------------------
            omega2.E0 omega2.ED50
omega2.E0   1.00      0.00       
omega2.ED50 0.00      1.00       
----------------------------------------------------
---------------  Statistical criteria  -------------
----------------------------------------------------
Likelihood computed by linearisation
      -2LL= 4873.291 
      AIC = 4889.291 
      BIC = 4910.133 

Likelihood computed by importance sampling
      -2LL= 4883.342 
      AIC = 4899.342 
      BIC = 4920.183 
----------------------------------------------------
Reading data from file /home/eco/work/saemix/saemixextension/simulationSuite/cont/imaxRichProp/data/data_pdimax85.tab 
These are the first lines of the dataset as read into R. Please check the format of the data is appropriate, if not, modify the na and/or sep items and retry:
  id dose       eff group
1  1    0 137.81718     0
2  1  200 104.64371     0
3  1  400  93.51167     0
4  1  500  39.64160     0
5  1  700  63.91914     0
6  1 1000  38.49793     0


The following SaemixData object was successfully created:

Object of class SaemixData
    longitudinal data for use with the SAEM algorithm
Dataset /home/eco/work/saemix/saemixextension/simulationSuite/cont/imaxRichProp/data/data_pdimax85.tab 
    Structured data: eff ~ dose | id 
    Predictor: dose (-) 
    covariates: group (-) 
      reference class for covariate group :  0 
Nonlinear mixed-effects model fit by the SAEM algorithm
-----------------------------------
----          Data             ----
-----------------------------------
Object of class SaemixData
    longitudinal data for use with the SAEM algorithm
Dataset /home/eco/work/saemix/saemixextension/simulationSuite/cont/imaxRichProp/data/data_pdimax85.tab 
    Structured data: eff ~ dose | id 
    Predictor: dose (-) 
    covariates: group (-) 
      reference class for covariate group :  0 
Dataset characteristics:
    number of subjects:     100 
    number of observations: 600 
    average/min/max nb obs: 6.00  /  6  /  6 
First 10 lines of data:
   id dose       eff group mdv cens occ ytype
1   1    0 137.81718     0   0    0   1     1
2   1  200 104.64371     0   0    0   1     1
3   1  400  93.51167     0   0    0   1     1
4   1  500  39.64160     0   0    0   1     1
5   1  700  63.91914     0   0    0   1     1
6   1 1000  38.49793     0   0    0   1     1
7   2    0 114.86637     0   0    0   1     1
8   2  200  93.51535     0   0    0   1     1
9   2  400  77.99867     0   0    0   1     1
10  2  500  57.87653     0   0    0   1     1
-----------------------------------
----          Model            ----
-----------------------------------
Nonlinear mixed-effects model
  Model function:  PD Imax model
  Model type:  structural
function (psi, id, xidep) 
{
    dose <- xidep[, 1]
    e0 <- psi[id, 1]
    imax <- psi[id, 2]
    ed50 <- psi[id, 3]
    gamma <- psi[id, 4]
    f <- e0 * (1 - imax * (dose^gamma)/((ed50^gamma) + (dose^gamma)))
    return(f)
}
<bytecode: 0x5634e2004478>
  Nb of parameters: 4 
      parameter names:  E0 Imax ED50 gamma 
      distribution:
     Parameter Distribution Estimated
[1,] E0        log-normal   Estimated
[2,] Imax      log-normal   Estimated
[3,] ED50      log-normal   Estimated
[4,] gamma     log-normal   Estimated
  Variance-covariance matrix:
      E0 Imax ED50 gamma
E0     1    0    0     0
Imax   0    0    0     0
ED50   0    0    1     0
gamma  0    0    0     0
  Error model: proportional , initial values: b.1=0.2 
  Covariate model:
      [,1] [,2] [,3] [,4]
group    0    0    1    0
    Initial values
              E0 Imax ED50 gamma
Pop.CondInit 100  0.7  500     2
Cov.CondInit   0  0.0    0     0
-----------------------------------
----    Key algorithm options  ----
-----------------------------------
    Estimation of individual parameters (MAP)
    Estimation of standard errors and linearised log-likelihood
    Estimation of log-likelihood by importance sampling
    Number of iterations:  K1=300, K2=100 
    Number of chains:  1 
    Seed:  6424598 
    Number of MCMC iterations for IS:  5000 
    Simulations:
        nb of simulated datasets used for npde:  1000 
        nb of simulated datasets used for VPC:  100 
    Input/output
        save the results to a file:  FALSE 
        save the graphs to files:  FALSE 
----------------------------------------------------
----                  Results                   ----
----------------------------------------------------
-----------------  Fixed effects  ------------------
----------------------------------------------------
     Parameter        Estimate SE      CV(%) p-value
[1,] E0                98.47    1.9610  2.0  -      
[2,] Imax               0.71    0.0218  3.1  -      
[3,] ED50             510.87   31.0411  6.1  -      
[4,] beta_group(ED50)  -0.45    0.0731 16.2  3.8e-10
[5,] gamma              2.18    0.1947  8.9  -      
[6,] b.1                0.20    0.0065  3.3  -      
----------------------------------------------------
-----------  Variance of random effects  -----------
----------------------------------------------------
     Parameter   Estimate SE     CV(%)
E0   omega2.E0   0.0055   0.0031 56   
ED50 omega2.ED50 0.0849   0.0201 24   
----------------------------------------------------
------  Correlation matrix of random effects  ------
----------------------------------------------------
            omega2.E0 omega2.ED50
omega2.E0   1         0          
omega2.ED50 0         1          
----------------------------------------------------
---------------  Statistical criteria  -------------
----------------------------------------------------
Likelihood computed by linearisation
      -2LL= 4846.465 
      AIC = 4862.465 
      BIC = 4883.306 

Likelihood computed by importance sampling
      -2LL= 4855.851 
      AIC = 4871.851 
      BIC = 4892.693 
----------------------------------------------------
----------------------------------------------------
-----------------  Fixed effects  ------------------
----------------------------------------------------
         Parameter Estimate      SE CV(%) p-value
1               E0    98.47  1.9610  1.99       -
2             Imax     0.71  0.0218  3.09       -
3             ED50   510.87 31.0411  6.08       -
4 beta_group(ED50)    -0.45  0.0731 16.25 7.5e-10
5            gamma     2.18  0.1947  8.94       -
6              b.1     0.20  0.0065  3.32       -
----------------------------------------------------
-----------  Variance of random effects  -----------
----------------------------------------------------
       Parameter Estimate     SE CV(%)
E0     omega2.E0   0.0055 0.0031 55.85
ED50 omega2.ED50   0.0849 0.0201 23.68
----------------------------------------------------
------  Correlation matrix of random effects  ------
----------------------------------------------------
            omega2.E0 omega2.ED50
omega2.E0   1.00      0.00       
omega2.ED50 0.00      1.00       
----------------------------------------------------
---------------  Statistical criteria  -------------
----------------------------------------------------
Likelihood computed by linearisation
      -2LL= 4846.465 
      AIC = 4862.465 
      BIC = 4883.306 

Likelihood computed by importance sampling
      -2LL= 4855.851 
      AIC = 4871.851 
      BIC = 4892.693 
----------------------------------------------------
Reading data from file /home/eco/work/saemix/saemixextension/simulationSuite/cont/imaxRichProp/data/data_pdimax86.tab 
These are the first lines of the dataset as read into R. Please check the format of the data is appropriate, if not, modify the na and/or sep items and retry:
  id dose       eff group
1  1    0 101.63111     0
2  1  200 112.72299     0
3  1  400  58.63035     0
4  1  500  90.61209     0
5  1  700  43.37218     0
6  1 1000  48.74308     0


The following SaemixData object was successfully created:

Object of class SaemixData
    longitudinal data for use with the SAEM algorithm
Dataset /home/eco/work/saemix/saemixextension/simulationSuite/cont/imaxRichProp/data/data_pdimax86.tab 
    Structured data: eff ~ dose | id 
    Predictor: dose (-) 
    covariates: group (-) 
      reference class for covariate group :  0 
Nonlinear mixed-effects model fit by the SAEM algorithm
-----------------------------------
----          Data             ----
-----------------------------------
Object of class SaemixData
    longitudinal data for use with the SAEM algorithm
Dataset /home/eco/work/saemix/saemixextension/simulationSuite/cont/imaxRichProp/data/data_pdimax86.tab 
    Structured data: eff ~ dose | id 
    Predictor: dose (-) 
    covariates: group (-) 
      reference class for covariate group :  0 
Dataset characteristics:
    number of subjects:     100 
    number of observations: 600 
    average/min/max nb obs: 6.00  /  6  /  6 
First 10 lines of data:
   id dose       eff group mdv cens occ ytype
1   1    0 101.63111     0   0    0   1     1
2   1  200 112.72299     0   0    0   1     1
3   1  400  58.63035     0   0    0   1     1
4   1  500  90.61209     0   0    0   1     1
5   1  700  43.37218     0   0    0   1     1
6   1 1000  48.74308     0   0    0   1     1
7   2    0 114.28602     0   0    0   1     1
8   2  200 101.06885     0   0    0   1     1
9   2  400  79.09858     0   0    0   1     1
10  2  500  61.91584     0   0    0   1     1
-----------------------------------
----          Model            ----
-----------------------------------
Nonlinear mixed-effects model
  Model function:  PD Imax model
  Model type:  structural
function (psi, id, xidep) 
{
    dose <- xidep[, 1]
    e0 <- psi[id, 1]
    imax <- psi[id, 2]
    ed50 <- psi[id, 3]
    gamma <- psi[id, 4]
    f <- e0 * (1 - imax * (dose^gamma)/((ed50^gamma) + (dose^gamma)))
    return(f)
}
<bytecode: 0x5634e2004478>
  Nb of parameters: 4 
      parameter names:  E0 Imax ED50 gamma 
      distribution:
     Parameter Distribution Estimated
[1,] E0        log-normal   Estimated
[2,] Imax      log-normal   Estimated
[3,] ED50      log-normal   Estimated
[4,] gamma     log-normal   Estimated
  Variance-covariance matrix:
      E0 Imax ED50 gamma
E0     1    0    0     0
Imax   0    0    0     0
ED50   0    0    1     0
gamma  0    0    0     0
  Error model: proportional , initial values: b.1=0.2 
  Covariate model:
      [,1] [,2] [,3] [,4]
group    0    0    1    0
    Initial values
              E0 Imax ED50 gamma
Pop.CondInit 100  0.7  500     2
Cov.CondInit   0  0.0    0     0
-----------------------------------
----    Key algorithm options  ----
-----------------------------------
    Estimation of individual parameters (MAP)
    Estimation of standard errors and linearised log-likelihood
    Estimation of log-likelihood by importance sampling
    Number of iterations:  K1=300, K2=100 
    Number of chains:  1 
    Seed:  6424598 
    Number of MCMC iterations for IS:  5000 
    Simulations:
        nb of simulated datasets used for npde:  1000 
        nb of simulated datasets used for VPC:  100 
    Input/output
        save the results to a file:  FALSE 
        save the graphs to files:  FALSE 
----------------------------------------------------
----                  Results                   ----
----------------------------------------------------
-----------------  Fixed effects  ------------------
----------------------------------------------------
     Parameter        Estimate SE      CV(%) p-value
[1,] E0                98.60    2.0470  2.1  -      
[2,] Imax               0.70    0.0206  2.9  -      
[3,] ED50             539.35   33.1507  6.1  -      
[4,] beta_group(ED50)  -0.64    0.0748 11.7  0      
[5,] gamma              2.14    0.1949  9.1  -      
[6,] b.1                0.21    0.0068  3.3  -      
----------------------------------------------------
-----------  Variance of random effects  -----------
----------------------------------------------------
     Parameter   Estimate SE     CV(%)
E0   omega2.E0   0.0055   0.0031 57   
ED50 omega2.ED50 0.0807   0.0211 26   
----------------------------------------------------
------  Correlation matrix of random effects  ------
----------------------------------------------------
            omega2.E0 omega2.ED50
omega2.E0   1         0          
omega2.ED50 0         1          
----------------------------------------------------
---------------  Statistical criteria  -------------
----------------------------------------------------
Likelihood computed by linearisation
      -2LL= 4883.92 
      AIC = 4899.92 
      BIC = 4920.761 

Likelihood computed by importance sampling
      -2LL= 4891.776 
      AIC = 4907.776 
      BIC = 4928.618 
----------------------------------------------------
----------------------------------------------------
-----------------  Fixed effects  ------------------
----------------------------------------------------
         Parameter Estimate      SE CV(%) p-value
1               E0    98.60  2.0470  2.08       -
2             Imax     0.70  0.0206  2.95       -
3             ED50   539.35 33.1507  6.15       -
4 beta_group(ED50)    -0.64  0.0748 11.65    0.00
5            gamma     2.14  0.1949  9.09       -
6              b.1     0.21  0.0068  3.31       -
----------------------------------------------------
-----------  Variance of random effects  -----------
----------------------------------------------------
       Parameter Estimate     SE CV(%)
E0     omega2.E0   0.0055 0.0031 57.13
ED50 omega2.ED50   0.0807 0.0211 26.14
----------------------------------------------------
------  Correlation matrix of random effects  ------
----------------------------------------------------
            omega2.E0 omega2.ED50
omega2.E0   1.00      0.00       
omega2.ED50 0.00      1.00       
----------------------------------------------------
---------------  Statistical criteria  -------------
----------------------------------------------------
Likelihood computed by linearisation
      -2LL= 4883.92 
      AIC = 4899.92 
      BIC = 4920.761 

Likelihood computed by importance sampling
      -2LL= 4891.776 
      AIC = 4907.776 
      BIC = 4928.618 
----------------------------------------------------
Reading data from file /home/eco/work/saemix/saemixextension/simulationSuite/cont/imaxRichProp/data/data_pdimax87.tab 
These are the first lines of the dataset as read into R. Please check the format of the data is appropriate, if not, modify the na and/or sep items and retry:
  id dose       eff group
1  1    0 121.48027     0
2  1  200  73.68667     0
3  1  400  66.77576     0
4  1  500 100.09992     0
5  1  700  94.38275     0
6  1 1000  47.96293     0


The following SaemixData object was successfully created:

Object of class SaemixData
    longitudinal data for use with the SAEM algorithm
Dataset /home/eco/work/saemix/saemixextension/simulationSuite/cont/imaxRichProp/data/data_pdimax87.tab 
    Structured data: eff ~ dose | id 
    Predictor: dose (-) 
    covariates: group (-) 
      reference class for covariate group :  0 
Nonlinear mixed-effects model fit by the SAEM algorithm
-----------------------------------
----          Data             ----
-----------------------------------
Object of class SaemixData
    longitudinal data for use with the SAEM algorithm
Dataset /home/eco/work/saemix/saemixextension/simulationSuite/cont/imaxRichProp/data/data_pdimax87.tab 
    Structured data: eff ~ dose | id 
    Predictor: dose (-) 
    covariates: group (-) 
      reference class for covariate group :  0 
Dataset characteristics:
    number of subjects:     100 
    number of observations: 600 
    average/min/max nb obs: 6.00  /  6  /  6 
First 10 lines of data:
   id dose       eff group mdv cens occ ytype
1   1    0 121.48027     0   0    0   1     1
2   1  200  73.68667     0   0    0   1     1
3   1  400  66.77576     0   0    0   1     1
4   1  500 100.09992     0   0    0   1     1
5   1  700  94.38275     0   0    0   1     1
6   1 1000  47.96293     0   0    0   1     1
7   2    0 120.61792     0   0    0   1     1
8   2  200 115.10567     0   0    0   1     1
9   2  400  32.79505     0   0    0   1     1
10  2  500  56.32771     0   0    0   1     1
-----------------------------------
----          Model            ----
-----------------------------------
Nonlinear mixed-effects model
  Model function:  PD Imax model
  Model type:  structural
function (psi, id, xidep) 
{
    dose <- xidep[, 1]
    e0 <- psi[id, 1]
    imax <- psi[id, 2]
    ed50 <- psi[id, 3]
    gamma <- psi[id, 4]
    f <- e0 * (1 - imax * (dose^gamma)/((ed50^gamma) + (dose^gamma)))
    return(f)
}
<bytecode: 0x5634e2004478>
  Nb of parameters: 4 
      parameter names:  E0 Imax ED50 gamma 
      distribution:
     Parameter Distribution Estimated
[1,] E0        log-normal   Estimated
[2,] Imax      log-normal   Estimated
[3,] ED50      log-normal   Estimated
[4,] gamma     log-normal   Estimated
  Variance-covariance matrix:
      E0 Imax ED50 gamma
E0     1    0    0     0
Imax   0    0    0     0
ED50   0    0    1     0
gamma  0    0    0     0
  Error model: proportional , initial values: b.1=0.2 
  Covariate model:
      [,1] [,2] [,3] [,4]
group    0    0    1    0
    Initial values
              E0 Imax ED50 gamma
Pop.CondInit 100  0.7  500     2
Cov.CondInit   0  0.0    0     0
-----------------------------------
----    Key algorithm options  ----
-----------------------------------
    Estimation of individual parameters (MAP)
    Estimation of standard errors and linearised log-likelihood
    Estimation of log-likelihood by importance sampling
    Number of iterations:  K1=300, K2=100 
    Number of chains:  1 
    Seed:  6424598 
    Number of MCMC iterations for IS:  5000 
    Simulations:
        nb of simulated datasets used for npde:  1000 
        nb of simulated datasets used for VPC:  100 
    Input/output
        save the results to a file:  FALSE 
        save the graphs to files:  FALSE 
----------------------------------------------------
----                  Results                   ----
----------------------------------------------------
-----------------  Fixed effects  ------------------
----------------------------------------------------
     Parameter        Estimate SE      CV(%) p-value
[1,] E0               100.70    1.9680  2.0  -      
[2,] Imax               0.73    0.0260  3.6  -      
[3,] ED50             517.81   35.3749  6.8  -      
[4,] beta_group(ED50)  -0.45    0.0762 16.9  1.7e-09
[5,] gamma              1.86    0.1706  9.2  -      
[6,] b.1                0.19    0.0064  3.3  -      
----------------------------------------------------
-----------  Variance of random effects  -----------
----------------------------------------------------
     Parameter   Estimate SE     CV(%)
E0   omega2.E0   0.0033   0.0029 87   
ED50 omega2.ED50 0.0970   0.0221 23   
----------------------------------------------------
------  Correlation matrix of random effects  ------
----------------------------------------------------
            omega2.E0 omega2.ED50
omega2.E0   1         0          
omega2.ED50 0         1          
----------------------------------------------------
---------------  Statistical criteria  -------------
----------------------------------------------------
Likelihood computed by linearisation
      -2LL= 4848.487 
      AIC = 4864.487 
      BIC = 4885.328 

Likelihood computed by importance sampling
      -2LL= 4857.004 
      AIC = 4873.004 
      BIC = 4893.846 
----------------------------------------------------
----------------------------------------------------
-----------------  Fixed effects  ------------------
----------------------------------------------------
         Parameter Estimate      SE CV(%) p-value
1               E0   100.70  1.9680  1.95       -
2             Imax     0.73  0.0260  3.55       -
3             ED50   517.81 35.3749  6.83       -
4 beta_group(ED50)    -0.45  0.0762 16.92 3.4e-09
5            gamma     1.86  0.1706  9.18       -
6              b.1     0.19  0.0064  3.30       -
----------------------------------------------------
-----------  Variance of random effects  -----------
----------------------------------------------------
       Parameter Estimate     SE CV(%)
E0     omega2.E0   0.0033 0.0029 87.23
ED50 omega2.ED50   0.0970 0.0221 22.80
----------------------------------------------------
------  Correlation matrix of random effects  ------
----------------------------------------------------
            omega2.E0 omega2.ED50
omega2.E0   1.00      0.00       
omega2.ED50 0.00      1.00       
----------------------------------------------------
---------------  Statistical criteria  -------------
----------------------------------------------------
Likelihood computed by linearisation
      -2LL= 4848.487 
      AIC = 4864.487 
      BIC = 4885.328 

Likelihood computed by importance sampling
      -2LL= 4857.004 
      AIC = 4873.004 
      BIC = 4893.846 
----------------------------------------------------
Reading data from file /home/eco/work/saemix/saemixextension/simulationSuite/cont/imaxRichProp/data/data_pdimax88.tab 
These are the first lines of the dataset as read into R. Please check the format of the data is appropriate, if not, modify the na and/or sep items and retry:
  id dose       eff group
1  1    0 110.49169     0
2  1  200 100.94054     0
3  1  400 106.18824     0
4  1  500  68.04281     0
5  1  700  49.21492     0
6  1 1000  62.28887     0


The following SaemixData object was successfully created:

Object of class SaemixData
    longitudinal data for use with the SAEM algorithm
Dataset /home/eco/work/saemix/saemixextension/simulationSuite/cont/imaxRichProp/data/data_pdimax88.tab 
    Structured data: eff ~ dose | id 
    Predictor: dose (-) 
    covariates: group (-) 
      reference class for covariate group :  0 
Nonlinear mixed-effects model fit by the SAEM algorithm
-----------------------------------
----          Data             ----
-----------------------------------
Object of class SaemixData
    longitudinal data for use with the SAEM algorithm
Dataset /home/eco/work/saemix/saemixextension/simulationSuite/cont/imaxRichProp/data/data_pdimax88.tab 
    Structured data: eff ~ dose | id 
    Predictor: dose (-) 
    covariates: group (-) 
      reference class for covariate group :  0 
Dataset characteristics:
    number of subjects:     100 
    number of observations: 600 
    average/min/max nb obs: 6.00  /  6  /  6 
First 10 lines of data:
   id dose       eff group mdv cens occ ytype
1   1    0 110.49169     0   0    0   1     1
2   1  200 100.94054     0   0    0   1     1
3   1  400 106.18824     0   0    0   1     1
4   1  500  68.04281     0   0    0   1     1
5   1  700  49.21492     0   0    0   1     1
6   1 1000  62.28887     0   0    0   1     1
7   2    0 108.37542     0   0    0   1     1
8   2  200 121.32647     0   0    0   1     1
9   2  400  65.95764     0   0    0   1     1
10  2  500  78.88751     0   0    0   1     1
-----------------------------------
----          Model            ----
-----------------------------------
Nonlinear mixed-effects model
  Model function:  PD Imax model
  Model type:  structural
function (psi, id, xidep) 
{
    dose <- xidep[, 1]
    e0 <- psi[id, 1]
    imax <- psi[id, 2]
    ed50 <- psi[id, 3]
    gamma <- psi[id, 4]
    f <- e0 * (1 - imax * (dose^gamma)/((ed50^gamma) + (dose^gamma)))
    return(f)
}
<bytecode: 0x5634e2004478>
  Nb of parameters: 4 
      parameter names:  E0 Imax ED50 gamma 
      distribution:
     Parameter Distribution Estimated
[1,] E0        log-normal   Estimated
[2,] Imax      log-normal   Estimated
[3,] ED50      log-normal   Estimated
[4,] gamma     log-normal   Estimated
  Variance-covariance matrix:
      E0 Imax ED50 gamma
E0     1    0    0     0
Imax   0    0    0     0
ED50   0    0    1     0
gamma  0    0    0     0
  Error model: proportional , initial values: b.1=0.2 
  Covariate model:
      [,1] [,2] [,3] [,4]
group    0    0    1    0
    Initial values
              E0 Imax ED50 gamma
Pop.CondInit 100  0.7  500     2
Cov.CondInit   0  0.0    0     0
-----------------------------------
----    Key algorithm options  ----
-----------------------------------
    Estimation of individual parameters (MAP)
    Estimation of standard errors and linearised log-likelihood
    Estimation of log-likelihood by importance sampling
    Number of iterations:  K1=300, K2=100 
    Number of chains:  1 
    Seed:  6424598 
    Number of MCMC iterations for IS:  5000 
    Simulations:
        nb of simulated datasets used for npde:  1000 
        nb of simulated datasets used for VPC:  100 
    Input/output
        save the results to a file:  FALSE 
        save the graphs to files:  FALSE 
----------------------------------------------------
----                  Results                   ----
----------------------------------------------------
-----------------  Fixed effects  ------------------
----------------------------------------------------
     Parameter        Estimate SE      CV(%) p-value
[1,] E0                95.60    1.7890  1.9  -      
[2,] Imax               0.63    0.0176  2.8  -      
[3,] ED50             498.29   34.8227  7.0  -      
[4,] beta_group(ED50)  -0.55    0.0894 16.3  4.2e-10
[5,] gamma              2.55    0.2474  9.7  -      
[6,] b.1                0.21    0.0068  3.3  -      
----------------------------------------------------
-----------  Variance of random effects  -----------
----------------------------------------------------
     Parameter   Estimate SE     CV(%)
E0   omega2.E0   0.00051  0.0024 481  
ED50 omega2.ED50 0.14982  0.0295  20  
----------------------------------------------------
------  Correlation matrix of random effects  ------
----------------------------------------------------
            omega2.E0 omega2.ED50
omega2.E0   1         0          
omega2.ED50 0         1          
----------------------------------------------------
---------------  Statistical criteria  -------------
----------------------------------------------------
Likelihood computed by linearisation
      -2LL= 4883.236 
      AIC = 4899.236 
      BIC = 4920.077 

Likelihood computed by importance sampling
      -2LL= 4891.07 
      AIC = 4907.07 
      BIC = 4927.911 
----------------------------------------------------
----------------------------------------------------
-----------------  Fixed effects  ------------------
----------------------------------------------------
         Parameter Estimate      SE CV(%) p-value
1               E0    95.60  1.7890  1.87       -
2             Imax     0.63  0.0176  2.78       -
3             ED50   498.29 34.8227  6.99       -
4 beta_group(ED50)    -0.55  0.0894 16.30 8.4e-10
5            gamma     2.55  0.2474  9.69       -
6              b.1     0.21  0.0068  3.33       -
----------------------------------------------------
-----------  Variance of random effects  -----------
----------------------------------------------------
       Parameter Estimate     SE  CV(%)
E0     omega2.E0  0.00051 0.0024 481.29
ED50 omega2.ED50  0.14982 0.0295  19.70
----------------------------------------------------
------  Correlation matrix of random effects  ------
----------------------------------------------------
            omega2.E0 omega2.ED50
omega2.E0   1.00      0.00       
omega2.ED50 0.00      1.00       
----------------------------------------------------
---------------  Statistical criteria  -------------
----------------------------------------------------
Likelihood computed by linearisation
      -2LL= 4883.236 
      AIC = 4899.236 
      BIC = 4920.077 

Likelihood computed by importance sampling
      -2LL= 4891.07 
      AIC = 4907.07 
      BIC = 4927.911 
----------------------------------------------------
Reading data from file /home/eco/work/saemix/saemixextension/simulationSuite/cont/imaxRichProp/data/data_pdimax89.tab 
These are the first lines of the dataset as read into R. Please check the format of the data is appropriate, if not, modify the na and/or sep items and retry:
  id dose       eff group
1  1    0  46.18690     0
2  1  200 101.97293     0
3  1  400  89.10858     0
4  1  500  49.73070     0
5  1  700  38.80898     0
6  1 1000  41.76479     0


The following SaemixData object was successfully created:

Object of class SaemixData
    longitudinal data for use with the SAEM algorithm
Dataset /home/eco/work/saemix/saemixextension/simulationSuite/cont/imaxRichProp/data/data_pdimax89.tab 
    Structured data: eff ~ dose | id 
    Predictor: dose (-) 
    covariates: group (-) 
      reference class for covariate group :  0 
Nonlinear mixed-effects model fit by the SAEM algorithm
-----------------------------------
----          Data             ----
-----------------------------------
Object of class SaemixData
    longitudinal data for use with the SAEM algorithm
Dataset /home/eco/work/saemix/saemixextension/simulationSuite/cont/imaxRichProp/data/data_pdimax89.tab 
    Structured data: eff ~ dose | id 
    Predictor: dose (-) 
    covariates: group (-) 
      reference class for covariate group :  0 
Dataset characteristics:
    number of subjects:     100 
    number of observations: 600 
    average/min/max nb obs: 6.00  /  6  /  6 
First 10 lines of data:
   id dose       eff group mdv cens occ ytype
1   1    0  46.18690     0   0    0   1     1
2   1  200 101.97293     0   0    0   1     1
3   1  400  89.10858     0   0    0   1     1
4   1  500  49.73070     0   0    0   1     1
5   1  700  38.80898     0   0    0   1     1
6   1 1000  41.76479     0   0    0   1     1
7   2    0 103.05612     0   0    0   1     1
8   2  200  67.26461     0   0    0   1     1
9   2  400  58.36583     0   0    0   1     1
10  2  500  68.93623     0   0    0   1     1
-----------------------------------
----          Model            ----
-----------------------------------
Nonlinear mixed-effects model
  Model function:  PD Imax model
  Model type:  structural
function (psi, id, xidep) 
{
    dose <- xidep[, 1]
    e0 <- psi[id, 1]
    imax <- psi[id, 2]
    ed50 <- psi[id, 3]
    gamma <- psi[id, 4]
    f <- e0 * (1 - imax * (dose^gamma)/((ed50^gamma) + (dose^gamma)))
    return(f)
}
<bytecode: 0x5634e2004478>
  Nb of parameters: 4 
      parameter names:  E0 Imax ED50 gamma 
      distribution:
     Parameter Distribution Estimated
[1,] E0        log-normal   Estimated
[2,] Imax      log-normal   Estimated
[3,] ED50      log-normal   Estimated
[4,] gamma     log-normal   Estimated
  Variance-covariance matrix:
      E0 Imax ED50 gamma
E0     1    0    0     0
Imax   0    0    0     0
ED50   0    0    1     0
gamma  0    0    0     0
  Error model: proportional , initial values: b.1=0.2 
  Covariate model:
      [,1] [,2] [,3] [,4]
group    0    0    1    0
    Initial values
              E0 Imax ED50 gamma
Pop.CondInit 100  0.7  500     2
Cov.CondInit   0  0.0    0     0
-----------------------------------
----    Key algorithm options  ----
-----------------------------------
    Estimation of individual parameters (MAP)
    Estimation of standard errors and linearised log-likelihood
    Estimation of log-likelihood by importance sampling
    Number of iterations:  K1=300, K2=100 
    Number of chains:  1 
    Seed:  6424598 
    Number of MCMC iterations for IS:  5000 
    Simulations:
        nb of simulated datasets used for npde:  1000 
        nb of simulated datasets used for VPC:  100 
    Input/output
        save the results to a file:  FALSE 
        save the graphs to files:  FALSE 
----------------------------------------------------
----                  Results                   ----
----------------------------------------------------
-----------------  Fixed effects  ------------------
----------------------------------------------------
     Parameter        Estimate SE      CV(%) p-value
[1,] E0                99.42    1.8880  1.9  -      
[2,] Imax               0.67    0.0194  2.9  -      
[3,] ED50             490.43   29.3439  6.0  -      
[4,] beta_group(ED50)  -0.45    0.0736 16.2  3.5e-10
[5,] gamma              2.34    0.2095  8.9  -      
[6,] b.1                0.19    0.0064  3.3  -      
----------------------------------------------------
-----------  Variance of random effects  -----------
----------------------------------------------------
     Parameter   Estimate SE     CV(%)
E0   omega2.E0   0.0034   0.0026 78   
ED50 omega2.ED50 0.0895   0.0204 23   
----------------------------------------------------
------  Correlation matrix of random effects  ------
----------------------------------------------------
            omega2.E0 omega2.ED50
omega2.E0   1         0          
omega2.ED50 0         1          
----------------------------------------------------
---------------  Statistical criteria  -------------
----------------------------------------------------
Likelihood computed by linearisation
      -2LL= 4844.64 
      AIC = 4860.64 
      BIC = 4881.481 

Likelihood computed by importance sampling
      -2LL= 4853.737 
      AIC = 4869.737 
      BIC = 4890.578 
----------------------------------------------------
----------------------------------------------------
-----------------  Fixed effects  ------------------
----------------------------------------------------
         Parameter Estimate      SE CV(%) p-value
1               E0    99.42  1.8880  1.90       -
2             Imax     0.67  0.0194  2.88       -
3             ED50   490.43 29.3439  5.98       -
4 beta_group(ED50)    -0.45  0.0736 16.22 7.1e-10
5            gamma     2.34  0.2095  8.94       -
6              b.1     0.19  0.0064  3.32       -
----------------------------------------------------
-----------  Variance of random effects  -----------
----------------------------------------------------
       Parameter Estimate     SE CV(%)
E0     omega2.E0   0.0034 0.0026 78.21
ED50 omega2.ED50   0.0895 0.0204 22.83
----------------------------------------------------
------  Correlation matrix of random effects  ------
----------------------------------------------------
            omega2.E0 omega2.ED50
omega2.E0   1.00      0.00       
omega2.ED50 0.00      1.00       
----------------------------------------------------
---------------  Statistical criteria  -------------
----------------------------------------------------
Likelihood computed by linearisation
      -2LL= 4844.64 
      AIC = 4860.64 
      BIC = 4881.481 

Likelihood computed by importance sampling
      -2LL= 4853.737 
      AIC = 4869.737 
      BIC = 4890.578 
----------------------------------------------------
Reading data from file /home/eco/work/saemix/saemixextension/simulationSuite/cont/imaxRichProp/data/data_pdimax90.tab 
These are the first lines of the dataset as read into R. Please check the format of the data is appropriate, if not, modify the na and/or sep items and retry:
  id dose       eff group
1  1    0 129.43914     0
2  1  200 123.50027     0
3  1  400  88.72549     0
4  1  500  57.09873     0
5  1  700  57.03336     0
6  1 1000  39.22004     0


The following SaemixData object was successfully created:

Object of class SaemixData
    longitudinal data for use with the SAEM algorithm
Dataset /home/eco/work/saemix/saemixextension/simulationSuite/cont/imaxRichProp/data/data_pdimax90.tab 
    Structured data: eff ~ dose | id 
    Predictor: dose (-) 
    covariates: group (-) 
      reference class for covariate group :  0 
Nonlinear mixed-effects model fit by the SAEM algorithm
-----------------------------------
----          Data             ----
-----------------------------------
Object of class SaemixData
    longitudinal data for use with the SAEM algorithm
Dataset /home/eco/work/saemix/saemixextension/simulationSuite/cont/imaxRichProp/data/data_pdimax90.tab 
    Structured data: eff ~ dose | id 
    Predictor: dose (-) 
    covariates: group (-) 
      reference class for covariate group :  0 
Dataset characteristics:
    number of subjects:     100 
    number of observations: 600 
    average/min/max nb obs: 6.00  /  6  /  6 
First 10 lines of data:
   id dose       eff group mdv cens occ ytype
1   1    0 129.43914     0   0    0   1     1
2   1  200 123.50027     0   0    0   1     1
3   1  400  88.72549     0   0    0   1     1
4   1  500  57.09873     0   0    0   1     1
5   1  700  57.03336     0   0    0   1     1
6   1 1000  39.22004     0   0    0   1     1
7   2    0  80.72453     0   0    0   1     1
8   2  200  72.30568     0   0    0   1     1
9   2  400  50.73790     0   0    0   1     1
10  2  500  47.01865     0   0    0   1     1
-----------------------------------
----          Model            ----
-----------------------------------
Nonlinear mixed-effects model
  Model function:  PD Imax model
  Model type:  structural
function (psi, id, xidep) 
{
    dose <- xidep[, 1]
    e0 <- psi[id, 1]
    imax <- psi[id, 2]
    ed50 <- psi[id, 3]
    gamma <- psi[id, 4]
    f <- e0 * (1 - imax * (dose^gamma)/((ed50^gamma) + (dose^gamma)))
    return(f)
}
<bytecode: 0x5634e2004478>
  Nb of parameters: 4 
      parameter names:  E0 Imax ED50 gamma 
      distribution:
     Parameter Distribution Estimated
[1,] E0        log-normal   Estimated
[2,] Imax      log-normal   Estimated
[3,] ED50      log-normal   Estimated
[4,] gamma     log-normal   Estimated
  Variance-covariance matrix:
      E0 Imax ED50 gamma
E0     1    0    0     0
Imax   0    0    0     0
ED50   0    0    1     0
gamma  0    0    0     0
  Error model: proportional , initial values: b.1=0.2 
  Covariate model:
      [,1] [,2] [,3] [,4]
group    0    0    1    0
    Initial values
              E0 Imax ED50 gamma
Pop.CondInit 100  0.7  500     2
Cov.CondInit   0  0.0    0     0
-----------------------------------
----    Key algorithm options  ----
-----------------------------------
    Estimation of individual parameters (MAP)
    Estimation of standard errors and linearised log-likelihood
    Estimation of log-likelihood by importance sampling
    Number of iterations:  K1=300, K2=100 
    Number of chains:  1 
    Seed:  6424598 
    Number of MCMC iterations for IS:  5000 
    Simulations:
        nb of simulated datasets used for npde:  1000 
        nb of simulated datasets used for VPC:  100 
    Input/output
        save the results to a file:  FALSE 
        save the graphs to files:  FALSE 
----------------------------------------------------
----                  Results                   ----
----------------------------------------------------
-----------------  Fixed effects  ------------------
----------------------------------------------------
     Parameter        Estimate SE      CV(%) p-value
[1,] E0                95.74    2.0790  2.2  -      
[2,] Imax               0.68    0.0222  3.3  -      
[3,] ED50             520.54   31.8888  6.1  -      
[4,] beta_group(ED50)  -0.47    0.0762 16.4  4.9e-10
[5,] gamma              2.28    0.2132  9.3  -      
[6,] b.1                0.19    0.0064  3.4  -      
----------------------------------------------------
-----------  Variance of random effects  -----------
----------------------------------------------------
     Parameter   Estimate SE     CV(%)
E0   omega2.E0   0.015    0.0041 28   
ED50 omega2.ED50 0.077    0.0214 28   
----------------------------------------------------
------  Correlation matrix of random effects  ------
----------------------------------------------------
            omega2.E0 omega2.ED50
omega2.E0   1         0          
omega2.ED50 0         1          
----------------------------------------------------
---------------  Statistical criteria  -------------
----------------------------------------------------
Likelihood computed by linearisation
      -2LL= 4848.34 
      AIC = 4864.34 
      BIC = 4885.181 

Likelihood computed by importance sampling
      -2LL= 4858.558 
      AIC = 4874.558 
      BIC = 4895.399 
----------------------------------------------------
----------------------------------------------------
-----------------  Fixed effects  ------------------
----------------------------------------------------
         Parameter Estimate      SE CV(%) p-value
1               E0    95.74  2.0790  2.17       -
2             Imax     0.68  0.0222  3.28       -
3             ED50   520.54 31.8888  6.13       -
4 beta_group(ED50)    -0.47  0.0762 16.36 9.7e-10
5            gamma     2.28  0.2132  9.35       -
6              b.1     0.19  0.0064  3.35       -
----------------------------------------------------
-----------  Variance of random effects  -----------
----------------------------------------------------
       Parameter Estimate     SE CV(%)
E0     omega2.E0    0.015 0.0041 27.94
ED50 omega2.ED50    0.077 0.0214 27.88
----------------------------------------------------
------  Correlation matrix of random effects  ------
----------------------------------------------------
            omega2.E0 omega2.ED50
omega2.E0   1.00      0.00       
omega2.ED50 0.00      1.00       
----------------------------------------------------
---------------  Statistical criteria  -------------
----------------------------------------------------
Likelihood computed by linearisation
      -2LL= 4848.34 
      AIC = 4864.34 
      BIC = 4885.181 

Likelihood computed by importance sampling
      -2LL= 4858.558 
      AIC = 4874.558 
      BIC = 4895.399 
----------------------------------------------------
Reading data from file /home/eco/work/saemix/saemixextension/simulationSuite/cont/imaxRichProp/data/data_pdimax91.tab 
These are the first lines of the dataset as read into R. Please check the format of the data is appropriate, if not, modify the na and/or sep items and retry:
  id dose      eff group
1  1    0 75.32008     0
2  1  200 64.27808     0
3  1  400 61.12828     0
4  1  500 46.32902     0
5  1  700 38.93691     0
6  1 1000 26.71785     0


The following SaemixData object was successfully created:

Object of class SaemixData
    longitudinal data for use with the SAEM algorithm
Dataset /home/eco/work/saemix/saemixextension/simulationSuite/cont/imaxRichProp/data/data_pdimax91.tab 
    Structured data: eff ~ dose | id 
    Predictor: dose (-) 
    covariates: group (-) 
      reference class for covariate group :  0 
Nonlinear mixed-effects model fit by the SAEM algorithm
-----------------------------------
----          Data             ----
-----------------------------------
Object of class SaemixData
    longitudinal data for use with the SAEM algorithm
Dataset /home/eco/work/saemix/saemixextension/simulationSuite/cont/imaxRichProp/data/data_pdimax91.tab 
    Structured data: eff ~ dose | id 
    Predictor: dose (-) 
    covariates: group (-) 
      reference class for covariate group :  0 
Dataset characteristics:
    number of subjects:     100 
    number of observations: 600 
    average/min/max nb obs: 6.00  /  6  /  6 
First 10 lines of data:
   id dose      eff group mdv cens occ ytype
1   1    0 75.32008     0   0    0   1     1
2   1  200 64.27808     0   0    0   1     1
3   1  400 61.12828     0   0    0   1     1
4   1  500 46.32902     0   0    0   1     1
5   1  700 38.93691     0   0    0   1     1
6   1 1000 26.71785     0   0    0   1     1
7   2    0 88.72587     0   0    0   1     1
8   2  200 86.53342     0   0    0   1     1
9   2  400 53.74131     0   0    0   1     1
10  2  500 46.39787     0   0    0   1     1
-----------------------------------
----          Model            ----
-----------------------------------
Nonlinear mixed-effects model
  Model function:  PD Imax model
  Model type:  structural
function (psi, id, xidep) 
{
    dose <- xidep[, 1]
    e0 <- psi[id, 1]
    imax <- psi[id, 2]
    ed50 <- psi[id, 3]
    gamma <- psi[id, 4]
    f <- e0 * (1 - imax * (dose^gamma)/((ed50^gamma) + (dose^gamma)))
    return(f)
}
<bytecode: 0x5634e2004478>
  Nb of parameters: 4 
      parameter names:  E0 Imax ED50 gamma 
      distribution:
     Parameter Distribution Estimated
[1,] E0        log-normal   Estimated
[2,] Imax      log-normal   Estimated
[3,] ED50      log-normal   Estimated
[4,] gamma     log-normal   Estimated
  Variance-covariance matrix:
      E0 Imax ED50 gamma
E0     1    0    0     0
Imax   0    0    0     0
ED50   0    0    1     0
gamma  0    0    0     0
  Error model: proportional , initial values: b.1=0.2 
  Covariate model:
      [,1] [,2] [,3] [,4]
group    0    0    1    0
    Initial values
              E0 Imax ED50 gamma
Pop.CondInit 100  0.7  500     2
Cov.CondInit   0  0.0    0     0
-----------------------------------
----    Key algorithm options  ----
-----------------------------------
    Estimation of individual parameters (MAP)
    Estimation of standard errors and linearised log-likelihood
    Estimation of log-likelihood by importance sampling
    Number of iterations:  K1=300, K2=100 
    Number of chains:  1 
    Seed:  6424598 
    Number of MCMC iterations for IS:  5000 
    Simulations:
        nb of simulated datasets used for npde:  1000 
        nb of simulated datasets used for VPC:  100 
    Input/output
        save the results to a file:  FALSE 
        save the graphs to files:  FALSE 
----------------------------------------------------
----                  Results                   ----
----------------------------------------------------
-----------------  Fixed effects  ------------------
----------------------------------------------------
     Parameter        Estimate SE      CV(%) p-value
[1,] E0                98.81    2.3242  2.4  -      
[2,] Imax               0.68    0.0280  4.1  -      
[3,] ED50             486.91   32.3548  6.6  -      
[4,] beta_group(ED50)  -0.50    0.0732 14.7  5.3e-12
[5,] gamma              1.95    0.2093 10.7  -      
[6,] b.1                0.21    0.0068  3.3  -      
----------------------------------------------------
-----------  Variance of random effects  -----------
----------------------------------------------------
     Parameter   Estimate SE     CV(%)
E0   omega2.E0   0.015    0.0042 27   
ED50 omega2.ED50 0.037    0.0211 56   
----------------------------------------------------
------  Correlation matrix of random effects  ------
----------------------------------------------------
            omega2.E0 omega2.ED50
omega2.E0   1         0          
omega2.ED50 0         1          
----------------------------------------------------
---------------  Statistical criteria  -------------
----------------------------------------------------
Likelihood computed by linearisation
      -2LL= 4903.854 
      AIC = 4919.854 
      BIC = 4940.695 

Likelihood computed by importance sampling
      -2LL= 4914.98 
      AIC = 4930.98 
      BIC = 4951.821 
----------------------------------------------------
----------------------------------------------------
-----------------  Fixed effects  ------------------
----------------------------------------------------
         Parameter Estimate      SE CV(%) p-value
1               E0    98.81  2.3242  2.35       -
2             Imax     0.68  0.0280  4.11       -
3             ED50   486.91 32.3548  6.64       -
4 beta_group(ED50)    -0.50  0.0732 14.71 1.1e-11
5            gamma     1.95  0.2093 10.73       -
6              b.1     0.21  0.0068  3.29       -
----------------------------------------------------
-----------  Variance of random effects  -----------
----------------------------------------------------
       Parameter Estimate     SE CV(%)
E0     omega2.E0    0.015 0.0042 26.90
ED50 omega2.ED50    0.037 0.0211 56.48
----------------------------------------------------
------  Correlation matrix of random effects  ------
----------------------------------------------------
            omega2.E0 omega2.ED50
omega2.E0   1.00      0.00       
omega2.ED50 0.00      1.00       
----------------------------------------------------
---------------  Statistical criteria  -------------
----------------------------------------------------
Likelihood computed by linearisation
      -2LL= 4903.854 
      AIC = 4919.854 
      BIC = 4940.695 

Likelihood computed by importance sampling
      -2LL= 4914.98 
      AIC = 4930.98 
      BIC = 4951.821 
----------------------------------------------------
Reading data from file /home/eco/work/saemix/saemixextension/simulationSuite/cont/imaxRichProp/data/data_pdimax92.tab 
These are the first lines of the dataset as read into R. Please check the format of the data is appropriate, if not, modify the na and/or sep items and retry:
  id dose      eff group
1  1    0 88.11380     0
2  1  200 79.83819     0
3  1  400 65.92466     0
4  1  500 48.70066     0
5  1  700 44.03474     0
6  1 1000 37.28098     0


The following SaemixData object was successfully created:

Object of class SaemixData
    longitudinal data for use with the SAEM algorithm
Dataset /home/eco/work/saemix/saemixextension/simulationSuite/cont/imaxRichProp/data/data_pdimax92.tab 
    Structured data: eff ~ dose | id 
    Predictor: dose (-) 
    covariates: group (-) 
      reference class for covariate group :  0 
Nonlinear mixed-effects model fit by the SAEM algorithm
-----------------------------------
----          Data             ----
-----------------------------------
Object of class SaemixData
    longitudinal data for use with the SAEM algorithm
Dataset /home/eco/work/saemix/saemixextension/simulationSuite/cont/imaxRichProp/data/data_pdimax92.tab 
    Structured data: eff ~ dose | id 
    Predictor: dose (-) 
    covariates: group (-) 
      reference class for covariate group :  0 
Dataset characteristics:
    number of subjects:     100 
    number of observations: 600 
    average/min/max nb obs: 6.00  /  6  /  6 
First 10 lines of data:
   id dose       eff group mdv cens occ ytype
1   1    0  88.11380     0   0    0   1     1
2   1  200  79.83819     0   0    0   1     1
3   1  400  65.92466     0   0    0   1     1
4   1  500  48.70066     0   0    0   1     1
5   1  700  44.03474     0   0    0   1     1
6   1 1000  37.28098     0   0    0   1     1
7   2    0 143.93242     0   0    0   1     1
8   2  200  85.16465     0   0    0   1     1
9   2  400  58.37613     0   0    0   1     1
10  2  500  65.02275     0   0    0   1     1
-----------------------------------
----          Model            ----
-----------------------------------
Nonlinear mixed-effects model
  Model function:  PD Imax model
  Model type:  structural
function (psi, id, xidep) 
{
    dose <- xidep[, 1]
    e0 <- psi[id, 1]
    imax <- psi[id, 2]
    ed50 <- psi[id, 3]
    gamma <- psi[id, 4]
    f <- e0 * (1 - imax * (dose^gamma)/((ed50^gamma) + (dose^gamma)))
    return(f)
}
<bytecode: 0x5634e2004478>
  Nb of parameters: 4 
      parameter names:  E0 Imax ED50 gamma 
      distribution:
     Parameter Distribution Estimated
[1,] E0        log-normal   Estimated
[2,] Imax      log-normal   Estimated
[3,] ED50      log-normal   Estimated
[4,] gamma     log-normal   Estimated
  Variance-covariance matrix:
      E0 Imax ED50 gamma
E0     1    0    0     0
Imax   0    0    0     0
ED50   0    0    1     0
gamma  0    0    0     0
  Error model: proportional , initial values: b.1=0.2 
  Covariate model:
      [,1] [,2] [,3] [,4]
group    0    0    1    0
    Initial values
              E0 Imax ED50 gamma
Pop.CondInit 100  0.7  500     2
Cov.CondInit   0  0.0    0     0
-----------------------------------
----    Key algorithm options  ----
-----------------------------------
    Estimation of individual parameters (MAP)
    Estimation of standard errors and linearised log-likelihood
    Estimation of log-likelihood by importance sampling
    Number of iterations:  K1=300, K2=100 
    Number of chains:  1 
    Seed:  6424598 
    Number of MCMC iterations for IS:  5000 
    Simulations:
        nb of simulated datasets used for npde:  1000 
        nb of simulated datasets used for VPC:  100 
    Input/output
        save the results to a file:  FALSE 
        save the graphs to files:  FALSE 
----------------------------------------------------
----                  Results                   ----
----------------------------------------------------
-----------------  Fixed effects  ------------------
----------------------------------------------------
     Parameter        Estimate SE      CV(%) p-value
[1,] E0               101.89    2.0716  2.0  -      
[2,] Imax               0.76    0.0293  3.8  -      
[3,] ED50             550.67   43.9745  8.0  -      
[4,] beta_group(ED50)  -0.48    0.0883 18.6  3.7e-08
[5,] gamma              1.65    0.1515  9.2  -      
[6,] b.1                0.20    0.0065  3.3  -      
----------------------------------------------------
-----------  Variance of random effects  -----------
----------------------------------------------------
     Parameter   Estimate SE     CV(%)
E0   omega2.E0   0.006    0.0034 57   
ED50 omega2.ED50 0.134    0.0288 22   
----------------------------------------------------
------  Correlation matrix of random effects  ------
----------------------------------------------------
            omega2.E0 omega2.ED50
omega2.E0   1         0          
omega2.ED50 0         1          
----------------------------------------------------
---------------  Statistical criteria  -------------
----------------------------------------------------
Likelihood computed by linearisation
      -2LL= 4895.392 
      AIC = 4911.392 
      BIC = 4932.234 

Likelihood computed by importance sampling
      -2LL= 4906.051 
      AIC = 4922.051 
      BIC = 4942.892 
----------------------------------------------------
----------------------------------------------------
-----------------  Fixed effects  ------------------
----------------------------------------------------
         Parameter Estimate      SE CV(%) p-value
1               E0   101.89  2.0716  2.03       -
2             Imax     0.76  0.0293  3.84       -
3             ED50   550.67 43.9745  7.99       -
4 beta_group(ED50)    -0.48  0.0883 18.58 7.3e-08
5            gamma     1.65  0.1515  9.17       -
6              b.1     0.20  0.0065  3.33       -
----------------------------------------------------
-----------  Variance of random effects  -----------
----------------------------------------------------
       Parameter Estimate     SE CV(%)
E0     omega2.E0    0.006 0.0034 57.01
ED50 omega2.ED50    0.134 0.0288 21.57
----------------------------------------------------
------  Correlation matrix of random effects  ------
----------------------------------------------------
            omega2.E0 omega2.ED50
omega2.E0   1.00      0.00       
omega2.ED50 0.00      1.00       
----------------------------------------------------
---------------  Statistical criteria  -------------
----------------------------------------------------
Likelihood computed by linearisation
      -2LL= 4895.392 
      AIC = 4911.392 
      BIC = 4932.234 

Likelihood computed by importance sampling
      -2LL= 4906.051 
      AIC = 4922.051 
      BIC = 4942.892 
----------------------------------------------------
Reading data from file /home/eco/work/saemix/saemixextension/simulationSuite/cont/imaxRichProp/data/data_pdimax93.tab 
These are the first lines of the dataset as read into R. Please check the format of the data is appropriate, if not, modify the na and/or sep items and retry:
  id dose       eff group
1  1    0  86.17284     0
2  1  200 108.31556     0
3  1  400  91.15388     0
4  1  500  77.20824     0
5  1  700  79.13797     0
6  1 1000  64.54755     0


The following SaemixData object was successfully created:

Object of class SaemixData
    longitudinal data for use with the SAEM algorithm
Dataset /home/eco/work/saemix/saemixextension/simulationSuite/cont/imaxRichProp/data/data_pdimax93.tab 
    Structured data: eff ~ dose | id 
    Predictor: dose (-) 
    covariates: group (-) 
      reference class for covariate group :  0 
Nonlinear mixed-effects model fit by the SAEM algorithm
-----------------------------------
----          Data             ----
-----------------------------------
Object of class SaemixData
    longitudinal data for use with the SAEM algorithm
Dataset /home/eco/work/saemix/saemixextension/simulationSuite/cont/imaxRichProp/data/data_pdimax93.tab 
    Structured data: eff ~ dose | id 
    Predictor: dose (-) 
    covariates: group (-) 
      reference class for covariate group :  0 
Dataset characteristics:
    number of subjects:     100 
    number of observations: 600 
    average/min/max nb obs: 6.00  /  6  /  6 
First 10 lines of data:
   id dose       eff group mdv cens occ ytype
1   1    0  86.17284     0   0    0   1     1
2   1  200 108.31556     0   0    0   1     1
3   1  400  91.15388     0   0    0   1     1
4   1  500  77.20824     0   0    0   1     1
5   1  700  79.13797     0   0    0   1     1
6   1 1000  64.54755     0   0    0   1     1
7   2    0  94.07989     0   0    0   1     1
8   2  200  61.78039     0   0    0   1     1
9   2  400  39.83373     0   0    0   1     1
10  2  500  54.09391     0   0    0   1     1
-----------------------------------
----          Model            ----
-----------------------------------
Nonlinear mixed-effects model
  Model function:  PD Imax model
  Model type:  structural
function (psi, id, xidep) 
{
    dose <- xidep[, 1]
    e0 <- psi[id, 1]
    imax <- psi[id, 2]
    ed50 <- psi[id, 3]
    gamma <- psi[id, 4]
    f <- e0 * (1 - imax * (dose^gamma)/((ed50^gamma) + (dose^gamma)))
    return(f)
}
<bytecode: 0x5634e2004478>
  Nb of parameters: 4 
      parameter names:  E0 Imax ED50 gamma 
      distribution:
     Parameter Distribution Estimated
[1,] E0        log-normal   Estimated
[2,] Imax      log-normal   Estimated
[3,] ED50      log-normal   Estimated
[4,] gamma     log-normal   Estimated
  Variance-covariance matrix:
      E0 Imax ED50 gamma
E0     1    0    0     0
Imax   0    0    0     0
ED50   0    0    1     0
gamma  0    0    0     0
  Error model: proportional , initial values: b.1=0.2 
  Covariate model:
      [,1] [,2] [,3] [,4]
group    0    0    1    0
    Initial values
              E0 Imax ED50 gamma
Pop.CondInit 100  0.7  500     2
Cov.CondInit   0  0.0    0     0
-----------------------------------
----    Key algorithm options  ----
-----------------------------------
    Estimation of individual parameters (MAP)
    Estimation of standard errors and linearised log-likelihood
    Estimation of log-likelihood by importance sampling
    Number of iterations:  K1=300, K2=100 
    Number of chains:  1 
    Seed:  6424598 
    Number of MCMC iterations for IS:  5000 
    Simulations:
        nb of simulated datasets used for npde:  1000 
        nb of simulated datasets used for VPC:  100 
    Input/output
        save the results to a file:  FALSE 
        save the graphs to files:  FALSE 
----------------------------------------------------
----                  Results                   ----
----------------------------------------------------
-----------------  Fixed effects  ------------------
----------------------------------------------------
     Parameter        Estimate SE      CV(%) p-value
[1,] E0               104.20    2.2015  2.1  -      
[2,] Imax               0.74    0.0277  3.7  -      
[3,] ED50             483.63   36.7349  7.6  -      
[4,] beta_group(ED50)  -0.40    0.0856 21.6  1.8e-06
[5,] gamma              1.73    0.1629  9.4  -      
[6,] b.1                0.20    0.0066  3.3  -      
----------------------------------------------------
-----------  Variance of random effects  -----------
----------------------------------------------------
     Parameter   Estimate SE     CV(%)
E0   omega2.E0   0.0081   0.0037 46   
ED50 omega2.ED50 0.1184   0.0275 23   
----------------------------------------------------
------  Correlation matrix of random effects  ------
----------------------------------------------------
            omega2.E0 omega2.ED50
omega2.E0   1         0          
omega2.ED50 0         1          
----------------------------------------------------
---------------  Statistical criteria  -------------
----------------------------------------------------
Likelihood computed by linearisation
      -2LL= 4911.148 
      AIC = 4927.148 
      BIC = 4947.989 

Likelihood computed by importance sampling
      -2LL= 4922.431 
      AIC = 4938.431 
      BIC = 4959.272 
----------------------------------------------------
----------------------------------------------------
-----------------  Fixed effects  ------------------
----------------------------------------------------
         Parameter Estimate      SE CV(%) p-value
1               E0   104.20  2.2015  2.11       -
2             Imax     0.74  0.0277  3.73       -
3             ED50   483.63 36.7349  7.60       -
4 beta_group(ED50)    -0.40  0.0856 21.56 3.5e-06
5            gamma     1.73  0.1629  9.39       -
6              b.1     0.20  0.0066  3.32       -
----------------------------------------------------
-----------  Variance of random effects  -----------
----------------------------------------------------
       Parameter Estimate     SE CV(%)
E0     omega2.E0   0.0081 0.0037 46.27
ED50 omega2.ED50   0.1184 0.0275 23.21
----------------------------------------------------
------  Correlation matrix of random effects  ------
----------------------------------------------------
            omega2.E0 omega2.ED50
omega2.E0   1.00      0.00       
omega2.ED50 0.00      1.00       
----------------------------------------------------
---------------  Statistical criteria  -------------
----------------------------------------------------
Likelihood computed by linearisation
      -2LL= 4911.148 
      AIC = 4927.148 
      BIC = 4947.989 

Likelihood computed by importance sampling
      -2LL= 4922.431 
      AIC = 4938.431 
      BIC = 4959.272 
----------------------------------------------------
Reading data from file /home/eco/work/saemix/saemixextension/simulationSuite/cont/imaxRichProp/data/data_pdimax94.tab 
These are the first lines of the dataset as read into R. Please check the format of the data is appropriate, if not, modify the na and/or sep items and retry:
  id dose       eff group
1  1    0  78.60552     0
2  1  200 106.68299     0
3  1  400  70.70324     0
4  1  500  49.51407     0
5  1  700  51.15333     0
6  1 1000  43.78330     0


The following SaemixData object was successfully created:

Object of class SaemixData
    longitudinal data for use with the SAEM algorithm
Dataset /home/eco/work/saemix/saemixextension/simulationSuite/cont/imaxRichProp/data/data_pdimax94.tab 
    Structured data: eff ~ dose | id 
    Predictor: dose (-) 
    covariates: group (-) 
      reference class for covariate group :  0 
Nonlinear mixed-effects model fit by the SAEM algorithm
-----------------------------------
----          Data             ----
-----------------------------------
Object of class SaemixData
    longitudinal data for use with the SAEM algorithm
Dataset /home/eco/work/saemix/saemixextension/simulationSuite/cont/imaxRichProp/data/data_pdimax94.tab 
    Structured data: eff ~ dose | id 
    Predictor: dose (-) 
    covariates: group (-) 
      reference class for covariate group :  0 
Dataset characteristics:
    number of subjects:     100 
    number of observations: 600 
    average/min/max nb obs: 6.00  /  6  /  6 
First 10 lines of data:
   id dose       eff group mdv cens occ ytype
1   1    0  78.60552     0   0    0   1     1
2   1  200 106.68299     0   0    0   1     1
3   1  400  70.70324     0   0    0   1     1
4   1  500  49.51407     0   0    0   1     1
5   1  700  51.15333     0   0    0   1     1
6   1 1000  43.78330     0   0    0   1     1
7   2    0 109.99839     0   0    0   1     1
8   2  200 108.27539     0   0    0   1     1
9   2  400  76.11484     0   0    0   1     1
10  2  500  57.09236     0   0    0   1     1
-----------------------------------
----          Model            ----
-----------------------------------
Nonlinear mixed-effects model
  Model function:  PD Imax model
  Model type:  structural
function (psi, id, xidep) 
{
    dose <- xidep[, 1]
    e0 <- psi[id, 1]
    imax <- psi[id, 2]
    ed50 <- psi[id, 3]
    gamma <- psi[id, 4]
    f <- e0 * (1 - imax * (dose^gamma)/((ed50^gamma) + (dose^gamma)))
    return(f)
}
<bytecode: 0x5634e2004478>
  Nb of parameters: 4 
      parameter names:  E0 Imax ED50 gamma 
      distribution:
     Parameter Distribution Estimated
[1,] E0        log-normal   Estimated
[2,] Imax      log-normal   Estimated
[3,] ED50      log-normal   Estimated
[4,] gamma     log-normal   Estimated
  Variance-covariance matrix:
      E0 Imax ED50 gamma
E0     1    0    0     0
Imax   0    0    0     0
ED50   0    0    1     0
gamma  0    0    0     0
  Error model: proportional , initial values: b.1=0.2 
  Covariate model:
      [,1] [,2] [,3] [,4]
group    0    0    1    0
    Initial values
              E0 Imax ED50 gamma
Pop.CondInit 100  0.7  500     2
Cov.CondInit   0  0.0    0     0
-----------------------------------
----    Key algorithm options  ----
-----------------------------------
    Estimation of individual parameters (MAP)
    Estimation of standard errors and linearised log-likelihood
    Estimation of log-likelihood by importance sampling
    Number of iterations:  K1=300, K2=100 
    Number of chains:  1 
    Seed:  6424598 
    Number of MCMC iterations for IS:  5000 
    Simulations:
        nb of simulated datasets used for npde:  1000 
        nb of simulated datasets used for VPC:  100 
    Input/output
        save the results to a file:  FALSE 
        save the graphs to files:  FALSE 
----------------------------------------------------
----                  Results                   ----
----------------------------------------------------
-----------------  Fixed effects  ------------------
----------------------------------------------------
     Parameter        Estimate SE      CV(%) p-value
[1,] E0                98.98    2.1776  2.2  -      
[2,] Imax               0.67    0.0209  3.1  -      
[3,] ED50             512.13   33.6198  6.6  -      
[4,] beta_group(ED50)  -0.50    0.0835 16.6  8.7e-10
[5,] gamma              2.33    0.2215  9.5  -      
[6,] b.1                0.20    0.0067  3.4  -      
----------------------------------------------------
-----------  Variance of random effects  -----------
----------------------------------------------------
     Parameter   Estimate SE     CV(%)
E0   omega2.E0   0.013    0.0041 32   
ED50 omega2.ED50 0.102    0.0256 25   
----------------------------------------------------
------  Correlation matrix of random effects  ------
----------------------------------------------------
            omega2.E0 omega2.ED50
omega2.E0   1         0          
omega2.ED50 0         1          
----------------------------------------------------
---------------  Statistical criteria  -------------
----------------------------------------------------
Likelihood computed by linearisation
      -2LL= 4935.296 
      AIC = 4951.296 
      BIC = 4972.137 

Likelihood computed by importance sampling
      -2LL= 4946.731 
      AIC = 4962.731 
      BIC = 4983.572 
----------------------------------------------------
----------------------------------------------------
-----------------  Fixed effects  ------------------
----------------------------------------------------
         Parameter Estimate      SE CV(%) p-value
1               E0    98.98  2.1776  2.20       -
2             Imax     0.67  0.0209  3.13       -
3             ED50   512.13 33.6198  6.56       -
4 beta_group(ED50)    -0.50  0.0835 16.61 1.7e-09
5            gamma     2.33  0.2215  9.50       -
6              b.1     0.20  0.0067  3.36       -
----------------------------------------------------
-----------  Variance of random effects  -----------
----------------------------------------------------
       Parameter Estimate     SE CV(%)
E0     omega2.E0    0.013 0.0041 31.53
ED50 omega2.ED50    0.102 0.0256 25.11
----------------------------------------------------
------  Correlation matrix of random effects  ------
----------------------------------------------------
            omega2.E0 omega2.ED50
omega2.E0   1.00      0.00       
omega2.ED50 0.00      1.00       
----------------------------------------------------
---------------  Statistical criteria  -------------
----------------------------------------------------
Likelihood computed by linearisation
      -2LL= 4935.296 
      AIC = 4951.296 
      BIC = 4972.137 

Likelihood computed by importance sampling
      -2LL= 4946.731 
      AIC = 4962.731 
      BIC = 4983.572 
----------------------------------------------------
Reading data from file /home/eco/work/saemix/saemixextension/simulationSuite/cont/imaxRichProp/data/data_pdimax95.tab 
These are the first lines of the dataset as read into R. Please check the format of the data is appropriate, if not, modify the na and/or sep items and retry:
  id dose       eff group
1  1    0 118.10711     0
2  1  200 121.73850     0
3  1  400  61.45436     0
4  1  500  50.63963     0
5  1  700  54.57186     0
6  1 1000  26.41179     0


The following SaemixData object was successfully created:

Object of class SaemixData
    longitudinal data for use with the SAEM algorithm
Dataset /home/eco/work/saemix/saemixextension/simulationSuite/cont/imaxRichProp/data/data_pdimax95.tab 
    Structured data: eff ~ dose | id 
    Predictor: dose (-) 
    covariates: group (-) 
      reference class for covariate group :  0 
Nonlinear mixed-effects model fit by the SAEM algorithm
-----------------------------------
----          Data             ----
-----------------------------------
Object of class SaemixData
    longitudinal data for use with the SAEM algorithm
Dataset /home/eco/work/saemix/saemixextension/simulationSuite/cont/imaxRichProp/data/data_pdimax95.tab 
    Structured data: eff ~ dose | id 
    Predictor: dose (-) 
    covariates: group (-) 
      reference class for covariate group :  0 
Dataset characteristics:
    number of subjects:     100 
    number of observations: 600 
    average/min/max nb obs: 6.00  /  6  /  6 
First 10 lines of data:
   id dose       eff group mdv cens occ ytype
1   1    0 118.10711     0   0    0   1     1
2   1  200 121.73850     0   0    0   1     1
3   1  400  61.45436     0   0    0   1     1
4   1  500  50.63963     0   0    0   1     1
5   1  700  54.57186     0   0    0   1     1
6   1 1000  26.41179     0   0    0   1     1
7   2    0  81.35954     0   0    0   1     1
8   2  200 101.71933     0   0    0   1     1
9   2  400  76.91673     0   0    0   1     1
10  2  500  63.54118     0   0    0   1     1
-----------------------------------
----          Model            ----
-----------------------------------
Nonlinear mixed-effects model
  Model function:  PD Imax model
  Model type:  structural
function (psi, id, xidep) 
{
    dose <- xidep[, 1]
    e0 <- psi[id, 1]
    imax <- psi[id, 2]
    ed50 <- psi[id, 3]
    gamma <- psi[id, 4]
    f <- e0 * (1 - imax * (dose^gamma)/((ed50^gamma) + (dose^gamma)))
    return(f)
}
<bytecode: 0x5634e2004478>
  Nb of parameters: 4 
      parameter names:  E0 Imax ED50 gamma 
      distribution:
     Parameter Distribution Estimated
[1,] E0        log-normal   Estimated
[2,] Imax      log-normal   Estimated
[3,] ED50      log-normal   Estimated
[4,] gamma     log-normal   Estimated
  Variance-covariance matrix:
      E0 Imax ED50 gamma
E0     1    0    0     0
Imax   0    0    0     0
ED50   0    0    1     0
gamma  0    0    0     0
  Error model: proportional , initial values: b.1=0.2 
  Covariate model:
      [,1] [,2] [,3] [,4]
group    0    0    1    0
    Initial values
              E0 Imax ED50 gamma
Pop.CondInit 100  0.7  500     2
Cov.CondInit   0  0.0    0     0
-----------------------------------
----    Key algorithm options  ----
-----------------------------------
    Estimation of individual parameters (MAP)
    Estimation of standard errors and linearised log-likelihood
    Estimation of log-likelihood by importance sampling
    Number of iterations:  K1=300, K2=100 
    Number of chains:  1 
    Seed:  6424598 
    Number of MCMC iterations for IS:  5000 
    Simulations:
        nb of simulated datasets used for npde:  1000 
        nb of simulated datasets used for VPC:  100 
    Input/output
        save the results to a file:  FALSE 
        save the graphs to files:  FALSE 
----------------------------------------------------
----                  Results                   ----
----------------------------------------------------
-----------------  Fixed effects  ------------------
----------------------------------------------------
     Parameter        Estimate SE      CV(%) p-value
[1,] E0                98.89    2.1268  2.2  -      
[2,] Imax               0.70    0.0235  3.4  -      
[3,] ED50             487.42   30.2245  6.2  -      
[4,] beta_group(ED50)  -0.44    0.0730 16.7  1.1e-09
[5,] gamma              2.12    0.2024  9.5  -      
[6,] b.1                0.20    0.0068  3.3  -      
----------------------------------------------------
-----------  Variance of random effects  -----------
----------------------------------------------------
     Parameter   Estimate SE     CV(%)
E0   omega2.E0   0.0083   0.0035 42   
ED50 omega2.ED50 0.0716   0.0203 28   
----------------------------------------------------
------  Correlation matrix of random effects  ------
----------------------------------------------------
            omega2.E0 omega2.ED50
omega2.E0   1         0          
omega2.ED50 0         1          
----------------------------------------------------
---------------  Statistical criteria  -------------
----------------------------------------------------
Likelihood computed by linearisation
      -2LL= 4882.657 
      AIC = 4898.657 
      BIC = 4919.499 

Likelihood computed by importance sampling
      -2LL= 4893.141 
      AIC = 4909.141 
      BIC = 4929.982 
----------------------------------------------------
----------------------------------------------------
-----------------  Fixed effects  ------------------
----------------------------------------------------
         Parameter Estimate      SE CV(%) p-value
1               E0    98.89  2.1268  2.15       -
2             Imax     0.70  0.0235  3.36       -
3             ED50   487.42 30.2245  6.20       -
4 beta_group(ED50)    -0.44  0.0730 16.70 2.1e-09
5            gamma     2.12  0.2024  9.54       -
6              b.1     0.20  0.0068  3.31       -
----------------------------------------------------
-----------  Variance of random effects  -----------
----------------------------------------------------
       Parameter Estimate     SE CV(%)
E0     omega2.E0   0.0083 0.0035 42.12
ED50 omega2.ED50   0.0716 0.0203 28.43
----------------------------------------------------
------  Correlation matrix of random effects  ------
----------------------------------------------------
            omega2.E0 omega2.ED50
omega2.E0   1.00      0.00       
omega2.ED50 0.00      1.00       
----------------------------------------------------
---------------  Statistical criteria  -------------
----------------------------------------------------
Likelihood computed by linearisation
      -2LL= 4882.657 
      AIC = 4898.657 
      BIC = 4919.499 

Likelihood computed by importance sampling
      -2LL= 4893.141 
      AIC = 4909.141 
      BIC = 4929.982 
----------------------------------------------------
Reading data from file /home/eco/work/saemix/saemixextension/simulationSuite/cont/imaxRichProp/data/data_pdimax96.tab 
These are the first lines of the dataset as read into R. Please check the format of the data is appropriate, if not, modify the na and/or sep items and retry:
  id dose      eff group
1  1    0 90.97070     0
2  1  200 71.58259     0
3  1  400 49.36866     0
4  1  500 47.76086     0
5  1  700 48.69907     0
6  1 1000 37.51899     0


The following SaemixData object was successfully created:

Object of class SaemixData
    longitudinal data for use with the SAEM algorithm
Dataset /home/eco/work/saemix/saemixextension/simulationSuite/cont/imaxRichProp/data/data_pdimax96.tab 
    Structured data: eff ~ dose | id 
    Predictor: dose (-) 
    covariates: group (-) 
      reference class for covariate group :  0 
Nonlinear mixed-effects model fit by the SAEM algorithm
-----------------------------------
----          Data             ----
-----------------------------------
Object of class SaemixData
    longitudinal data for use with the SAEM algorithm
Dataset /home/eco/work/saemix/saemixextension/simulationSuite/cont/imaxRichProp/data/data_pdimax96.tab 
    Structured data: eff ~ dose | id 
    Predictor: dose (-) 
    covariates: group (-) 
      reference class for covariate group :  0 
Dataset characteristics:
    number of subjects:     100 
    number of observations: 600 
    average/min/max nb obs: 6.00  /  6  /  6 
First 10 lines of data:
   id dose       eff group mdv cens occ ytype
1   1    0  90.97070     0   0    0   1     1
2   1  200  71.58259     0   0    0   1     1
3   1  400  49.36866     0   0    0   1     1
4   1  500  47.76086     0   0    0   1     1
5   1  700  48.69907     0   0    0   1     1
6   1 1000  37.51899     0   0    0   1     1
7   2    0 107.75502     0   0    0   1     1
8   2  200  56.22272     0   0    0   1     1
9   2  400 109.26448     0   0    0   1     1
10  2  500  71.71108     0   0    0   1     1
-----------------------------------
----          Model            ----
-----------------------------------
Nonlinear mixed-effects model
  Model function:  PD Imax model
  Model type:  structural
function (psi, id, xidep) 
{
    dose <- xidep[, 1]
    e0 <- psi[id, 1]
    imax <- psi[id, 2]
    ed50 <- psi[id, 3]
    gamma <- psi[id, 4]
    f <- e0 * (1 - imax * (dose^gamma)/((ed50^gamma) + (dose^gamma)))
    return(f)
}
<bytecode: 0x5634e2004478>
  Nb of parameters: 4 
      parameter names:  E0 Imax ED50 gamma 
      distribution:
     Parameter Distribution Estimated
[1,] E0        log-normal   Estimated
[2,] Imax      log-normal   Estimated
[3,] ED50      log-normal   Estimated
[4,] gamma     log-normal   Estimated
  Variance-covariance matrix:
      E0 Imax ED50 gamma
E0     1    0    0     0
Imax   0    0    0     0
ED50   0    0    1     0
gamma  0    0    0     0
  Error model: proportional , initial values: b.1=0.2 
  Covariate model:
      [,1] [,2] [,3] [,4]
group    0    0    1    0
    Initial values
              E0 Imax ED50 gamma
Pop.CondInit 100  0.7  500     2
Cov.CondInit   0  0.0    0     0
-----------------------------------
----    Key algorithm options  ----
-----------------------------------
    Estimation of individual parameters (MAP)
    Estimation of standard errors and linearised log-likelihood
    Estimation of log-likelihood by importance sampling
    Number of iterations:  K1=300, K2=100 
    Number of chains:  1 
    Seed:  6424598 
    Number of MCMC iterations for IS:  5000 
    Simulations:
        nb of simulated datasets used for npde:  1000 
        nb of simulated datasets used for VPC:  100 
    Input/output
        save the results to a file:  FALSE 
        save the graphs to files:  FALSE 
----------------------------------------------------
----                  Results                   ----
----------------------------------------------------
-----------------  Fixed effects  ------------------
----------------------------------------------------
     Parameter        Estimate SE      CV(%) p-value
[1,] E0               102.02    2.1720  2.1  -      
[2,] Imax               0.73    0.0239  3.3  -      
[3,] ED50             522.76   39.9626  7.6  -      
[4,] beta_group(ED50)  -0.46    0.0945 20.6  6.2e-07
[5,] gamma              1.81    0.1546  8.5  -      
[6,] b.1                0.18    0.0062  3.4  -      
----------------------------------------------------
-----------  Variance of random effects  -----------
----------------------------------------------------
     Parameter   Estimate SE     CV(%)
E0   omega2.E0   0.015    0.0044 30   
ED50 omega2.ED50 0.151    0.0322 21   
----------------------------------------------------
------  Correlation matrix of random effects  ------
----------------------------------------------------
            omega2.E0 omega2.ED50
omega2.E0   1         0          
omega2.ED50 0         1          
----------------------------------------------------
---------------  Statistical criteria  -------------
----------------------------------------------------
Likelihood computed by linearisation
      -2LL= 4866.873 
      AIC = 4882.873 
      BIC = 4903.714 

Likelihood computed by importance sampling
      -2LL= 4876.388 
      AIC = 4892.388 
      BIC = 4913.229 
----------------------------------------------------
----------------------------------------------------
-----------------  Fixed effects  ------------------
----------------------------------------------------
         Parameter Estimate      SE CV(%) p-value
1               E0   102.02  2.1720  2.13       -
2             Imax     0.73  0.0239  3.25       -
3             ED50   522.76 39.9626  7.64       -
4 beta_group(ED50)    -0.46  0.0945 20.62 1.2e-06
5            gamma     1.81  0.1546  8.52       -
6              b.1     0.18  0.0062  3.38       -
----------------------------------------------------
-----------  Variance of random effects  -----------
----------------------------------------------------
       Parameter Estimate     SE CV(%)
E0     omega2.E0    0.015 0.0044 29.76
ED50 omega2.ED50    0.151 0.0322 21.28
----------------------------------------------------
------  Correlation matrix of random effects  ------
----------------------------------------------------
            omega2.E0 omega2.ED50
omega2.E0   1.00      0.00       
omega2.ED50 0.00      1.00       
----------------------------------------------------
---------------  Statistical criteria  -------------
----------------------------------------------------
Likelihood computed by linearisation
      -2LL= 4866.873 
      AIC = 4882.873 
      BIC = 4903.714 

Likelihood computed by importance sampling
      -2LL= 4876.388 
      AIC = 4892.388 
      BIC = 4913.229 
----------------------------------------------------
Reading data from file /home/eco/work/saemix/saemixextension/simulationSuite/cont/imaxRichProp/data/data_pdimax97.tab 
These are the first lines of the dataset as read into R. Please check the format of the data is appropriate, if not, modify the na and/or sep items and retry:
  id dose       eff group
1  1    0  95.57334     0
2  1  200 107.18565     0
3  1  400  84.60580     0
4  1  500  63.20315     0
5  1  700  61.93632     0
6  1 1000  43.56056     0


The following SaemixData object was successfully created:

Object of class SaemixData
    longitudinal data for use with the SAEM algorithm
Dataset /home/eco/work/saemix/saemixextension/simulationSuite/cont/imaxRichProp/data/data_pdimax97.tab 
    Structured data: eff ~ dose | id 
    Predictor: dose (-) 
    covariates: group (-) 
      reference class for covariate group :  0 
Nonlinear mixed-effects model fit by the SAEM algorithm
-----------------------------------
----          Data             ----
-----------------------------------
Object of class SaemixData
    longitudinal data for use with the SAEM algorithm
Dataset /home/eco/work/saemix/saemixextension/simulationSuite/cont/imaxRichProp/data/data_pdimax97.tab 
    Structured data: eff ~ dose | id 
    Predictor: dose (-) 
    covariates: group (-) 
      reference class for covariate group :  0 
Dataset characteristics:
    number of subjects:     100 
    number of observations: 600 
    average/min/max nb obs: 6.00  /  6  /  6 
First 10 lines of data:
   id dose       eff group mdv cens occ ytype
1   1    0  95.57334     0   0    0   1     1
2   1  200 107.18565     0   0    0   1     1
3   1  400  84.60580     0   0    0   1     1
4   1  500  63.20315     0   0    0   1     1
5   1  700  61.93632     0   0    0   1     1
6   1 1000  43.56056     0   0    0   1     1
7   2    0  94.70337     0   0    0   1     1
8   2  200  77.72950     0   0    0   1     1
9   2  400  51.20184     0   0    0   1     1
10  2  500  85.17638     0   0    0   1     1
-----------------------------------
----          Model            ----
-----------------------------------
Nonlinear mixed-effects model
  Model function:  PD Imax model
  Model type:  structural
function (psi, id, xidep) 
{
    dose <- xidep[, 1]
    e0 <- psi[id, 1]
    imax <- psi[id, 2]
    ed50 <- psi[id, 3]
    gamma <- psi[id, 4]
    f <- e0 * (1 - imax * (dose^gamma)/((ed50^gamma) + (dose^gamma)))
    return(f)
}
<bytecode: 0x5634e2004478>
  Nb of parameters: 4 
      parameter names:  E0 Imax ED50 gamma 
      distribution:
     Parameter Distribution Estimated
[1,] E0        log-normal   Estimated
[2,] Imax      log-normal   Estimated
[3,] ED50      log-normal   Estimated
[4,] gamma     log-normal   Estimated
  Variance-covariance matrix:
      E0 Imax ED50 gamma
E0     1    0    0     0
Imax   0    0    0     0
ED50   0    0    1     0
gamma  0    0    0     0
  Error model: proportional , initial values: b.1=0.2 
  Covariate model:
      [,1] [,2] [,3] [,4]
group    0    0    1    0
    Initial values
              E0 Imax ED50 gamma
Pop.CondInit 100  0.7  500     2
Cov.CondInit   0  0.0    0     0
-----------------------------------
----    Key algorithm options  ----
-----------------------------------
    Estimation of individual parameters (MAP)
    Estimation of standard errors and linearised log-likelihood
    Estimation of log-likelihood by importance sampling
    Number of iterations:  K1=300, K2=100 
    Number of chains:  1 
    Seed:  6424598 
    Number of MCMC iterations for IS:  5000 
    Simulations:
        nb of simulated datasets used for npde:  1000 
        nb of simulated datasets used for VPC:  100 
    Input/output
        save the results to a file:  FALSE 
        save the graphs to files:  FALSE 
----------------------------------------------------
----                  Results                   ----
----------------------------------------------------
-----------------  Fixed effects  ------------------
----------------------------------------------------
     Parameter        Estimate SE      CV(%) p-value
[1,] E0               101.92    2.3760  2.3  -      
[2,] Imax               0.72    0.0283  3.9  -      
[3,] ED50             510.85   35.8875  7.0  -      
[4,] beta_group(ED50)  -0.57    0.0774 13.5  6.9e-14
[5,] gamma              1.80    0.1840 10.2  -      
[6,] b.1                0.21    0.0069  3.3  -      
----------------------------------------------------
-----------  Variance of random effects  -----------
----------------------------------------------------
     Parameter   Estimate SE     CV(%)
E0   omega2.E0   0.013    0.0042 33   
ED50 omega2.ED50 0.062    0.0231 37   
----------------------------------------------------
------  Correlation matrix of random effects  ------
----------------------------------------------------
            omega2.E0 omega2.ED50
omega2.E0   1         0          
omega2.ED50 0         1          
----------------------------------------------------
---------------  Statistical criteria  -------------
----------------------------------------------------
Likelihood computed by linearisation
      -2LL= 4939.157 
      AIC = 4955.157 
      BIC = 4975.998 

Likelihood computed by importance sampling
      -2LL= 4950.06 
      AIC = 4966.06 
      BIC = 4986.901 
----------------------------------------------------
----------------------------------------------------
-----------------  Fixed effects  ------------------
----------------------------------------------------
         Parameter Estimate      SE CV(%) p-value
1               E0   101.92  2.3760  2.33       -
2             Imax     0.72  0.0283  3.92       -
3             ED50   510.85 35.8875  7.03       -
4 beta_group(ED50)    -0.57  0.0774 13.52 1.4e-13
5            gamma     1.80  0.1840 10.23       -
6              b.1     0.21  0.0069  3.30       -
----------------------------------------------------
-----------  Variance of random effects  -----------
----------------------------------------------------
       Parameter Estimate     SE CV(%)
E0     omega2.E0    0.013 0.0042 32.67
ED50 omega2.ED50    0.062 0.0231 37.28
----------------------------------------------------
------  Correlation matrix of random effects  ------
----------------------------------------------------
            omega2.E0 omega2.ED50
omega2.E0   1.00      0.00       
omega2.ED50 0.00      1.00       
----------------------------------------------------
---------------  Statistical criteria  -------------
----------------------------------------------------
Likelihood computed by linearisation
      -2LL= 4939.157 
      AIC = 4955.157 
      BIC = 4975.998 

Likelihood computed by importance sampling
      -2LL= 4950.06 
      AIC = 4966.06 
      BIC = 4986.901 
----------------------------------------------------
Reading data from file /home/eco/work/saemix/saemixextension/simulationSuite/cont/imaxRichProp/data/data_pdimax98.tab 
These are the first lines of the dataset as read into R. Please check the format of the data is appropriate, if not, modify the na and/or sep items and retry:
  id dose       eff group
1  1    0 136.35777     0
2  1  200  77.54640     0
3  1  400  67.20079     0
4  1  500  68.48649     0
5  1  700  47.09124     0
6  1 1000  48.68384     0


The following SaemixData object was successfully created:

Object of class SaemixData
    longitudinal data for use with the SAEM algorithm
Dataset /home/eco/work/saemix/saemixextension/simulationSuite/cont/imaxRichProp/data/data_pdimax98.tab 
    Structured data: eff ~ dose | id 
    Predictor: dose (-) 
    covariates: group (-) 
      reference class for covariate group :  0 
Nonlinear mixed-effects model fit by the SAEM algorithm
-----------------------------------
----          Data             ----
-----------------------------------
Object of class SaemixData
    longitudinal data for use with the SAEM algorithm
Dataset /home/eco/work/saemix/saemixextension/simulationSuite/cont/imaxRichProp/data/data_pdimax98.tab 
    Structured data: eff ~ dose | id 
    Predictor: dose (-) 
    covariates: group (-) 
      reference class for covariate group :  0 
Dataset characteristics:
    number of subjects:     100 
    number of observations: 600 
    average/min/max nb obs: 6.00  /  6  /  6 
First 10 lines of data:
   id dose       eff group mdv cens occ ytype
1   1    0 136.35777     0   0    0   1     1
2   1  200  77.54640     0   0    0   1     1
3   1  400  67.20079     0   0    0   1     1
4   1  500  68.48649     0   0    0   1     1
5   1  700  47.09124     0   0    0   1     1
6   1 1000  48.68384     0   0    0   1     1
7   2    0  89.60168     0   0    0   1     1
8   2  200  61.33139     0   0    0   1     1
9   2  400  29.10672     0   0    0   1     1
10  2  500  36.11181     0   0    0   1     1
-----------------------------------
----          Model            ----
-----------------------------------
Nonlinear mixed-effects model
  Model function:  PD Imax model
  Model type:  structural
function (psi, id, xidep) 
{
    dose <- xidep[, 1]
    e0 <- psi[id, 1]
    imax <- psi[id, 2]
    ed50 <- psi[id, 3]
    gamma <- psi[id, 4]
    f <- e0 * (1 - imax * (dose^gamma)/((ed50^gamma) + (dose^gamma)))
    return(f)
}
<bytecode: 0x5634e2004478>
  Nb of parameters: 4 
      parameter names:  E0 Imax ED50 gamma 
      distribution:
     Parameter Distribution Estimated
[1,] E0        log-normal   Estimated
[2,] Imax      log-normal   Estimated
[3,] ED50      log-normal   Estimated
[4,] gamma     log-normal   Estimated
  Variance-covariance matrix:
      E0 Imax ED50 gamma
E0     1    0    0     0
Imax   0    0    0     0
ED50   0    0    1     0
gamma  0    0    0     0
  Error model: proportional , initial values: b.1=0.2 
  Covariate model:
      [,1] [,2] [,3] [,4]
group    0    0    1    0
    Initial values
              E0 Imax ED50 gamma
Pop.CondInit 100  0.7  500     2
Cov.CondInit   0  0.0    0     0
-----------------------------------
----    Key algorithm options  ----
-----------------------------------
    Estimation of individual parameters (MAP)
    Estimation of standard errors and linearised log-likelihood
    Estimation of log-likelihood by importance sampling
    Number of iterations:  K1=300, K2=100 
    Number of chains:  1 
    Seed:  6424598 
    Number of MCMC iterations for IS:  5000 
    Simulations:
        nb of simulated datasets used for npde:  1000 
        nb of simulated datasets used for VPC:  100 
    Input/output
        save the results to a file:  FALSE 
        save the graphs to files:  FALSE 
----------------------------------------------------
----                  Results                   ----
----------------------------------------------------
-----------------  Fixed effects  ------------------
----------------------------------------------------
     Parameter        Estimate SE      CV(%) p-value
[1,] E0                99.05    2.2593  2.3  -      
[2,] Imax               0.74    0.0285  3.9  -      
[3,] ED50             487.48   32.9527  6.8  -      
[4,] beta_group(ED50)  -0.44    0.0739 16.7  1.1e-09
[5,] gamma              1.82    0.1769  9.7  -      
[6,] b.1                0.20    0.0067  3.3  -      
----------------------------------------------------
-----------  Variance of random effects  -----------
----------------------------------------------------
     Parameter   Estimate SE     CV(%)
E0   omega2.E0   0.014    0.0042 31   
ED50 omega2.ED50 0.062    0.0208 34   
----------------------------------------------------
------  Correlation matrix of random effects  ------
----------------------------------------------------
            omega2.E0 omega2.ED50
omega2.E0   1         0          
omega2.ED50 0         1          
----------------------------------------------------
---------------  Statistical criteria  -------------
----------------------------------------------------
Likelihood computed by linearisation
      -2LL= 4855.409 
      AIC = 4871.409 
      BIC = 4892.25 

Likelihood computed by importance sampling
      -2LL= 4866.232 
      AIC = 4882.232 
      BIC = 4903.073 
----------------------------------------------------
----------------------------------------------------
-----------------  Fixed effects  ------------------
----------------------------------------------------
         Parameter Estimate      SE CV(%) p-value
1               E0    99.05  2.2593  2.28       -
2             Imax     0.74  0.0285  3.86       -
3             ED50   487.48 32.9527  6.76       -
4 beta_group(ED50)    -0.44  0.0739 16.70 2.1e-09
5            gamma     1.82  0.1769  9.74       -
6              b.1     0.20  0.0067  3.31       -
----------------------------------------------------
-----------  Variance of random effects  -----------
----------------------------------------------------
       Parameter Estimate     SE CV(%)
E0     omega2.E0    0.014 0.0042 30.63
ED50 omega2.ED50    0.062 0.0208 33.56
----------------------------------------------------
------  Correlation matrix of random effects  ------
----------------------------------------------------
            omega2.E0 omega2.ED50
omega2.E0   1.00      0.00       
omega2.ED50 0.00      1.00       
----------------------------------------------------
---------------  Statistical criteria  -------------
----------------------------------------------------
Likelihood computed by linearisation
      -2LL= 4855.409 
      AIC = 4871.409 
      BIC = 4892.25 

Likelihood computed by importance sampling
      -2LL= 4866.232 
      AIC = 4882.232 
      BIC = 4903.073 
----------------------------------------------------
Reading data from file /home/eco/work/saemix/saemixextension/simulationSuite/cont/imaxRichProp/data/data_pdimax99.tab 
These are the first lines of the dataset as read into R. Please check the format of the data is appropriate, if not, modify the na and/or sep items and retry:
  id dose       eff group
1  1    0  99.65841     0
2  1  200 129.42121     0
3  1  400  58.15113     0
4  1  500  66.55470     0
5  1  700  51.97514     0
6  1 1000  49.36869     0


The following SaemixData object was successfully created:

Object of class SaemixData
    longitudinal data for use with the SAEM algorithm
Dataset /home/eco/work/saemix/saemixextension/simulationSuite/cont/imaxRichProp/data/data_pdimax99.tab 
    Structured data: eff ~ dose | id 
    Predictor: dose (-) 
    covariates: group (-) 
      reference class for covariate group :  0 
Nonlinear mixed-effects model fit by the SAEM algorithm
-----------------------------------
----          Data             ----
-----------------------------------
Object of class SaemixData
    longitudinal data for use with the SAEM algorithm
Dataset /home/eco/work/saemix/saemixextension/simulationSuite/cont/imaxRichProp/data/data_pdimax99.tab 
    Structured data: eff ~ dose | id 
    Predictor: dose (-) 
    covariates: group (-) 
      reference class for covariate group :  0 
Dataset characteristics:
    number of subjects:     100 
    number of observations: 600 
    average/min/max nb obs: 6.00  /  6  /  6 
First 10 lines of data:
   id dose       eff group mdv cens occ ytype
1   1    0  99.65841     0   0    0   1     1
2   1  200 129.42121     0   0    0   1     1
3   1  400  58.15113     0   0    0   1     1
4   1  500  66.55470     0   0    0   1     1
5   1  700  51.97514     0   0    0   1     1
6   1 1000  49.36869     0   0    0   1     1
7   2    0  81.09230     0   0    0   1     1
8   2  200  70.98084     0   0    0   1     1
9   2  400  50.70896     0   0    0   1     1
10  2  500  44.28704     0   0    0   1     1
-----------------------------------
----          Model            ----
-----------------------------------
Nonlinear mixed-effects model
  Model function:  PD Imax model
  Model type:  structural
function (psi, id, xidep) 
{
    dose <- xidep[, 1]
    e0 <- psi[id, 1]
    imax <- psi[id, 2]
    ed50 <- psi[id, 3]
    gamma <- psi[id, 4]
    f <- e0 * (1 - imax * (dose^gamma)/((ed50^gamma) + (dose^gamma)))
    return(f)
}
<bytecode: 0x5634e2004478>
  Nb of parameters: 4 
      parameter names:  E0 Imax ED50 gamma 
      distribution:
     Parameter Distribution Estimated
[1,] E0        log-normal   Estimated
[2,] Imax      log-normal   Estimated
[3,] ED50      log-normal   Estimated
[4,] gamma     log-normal   Estimated
  Variance-covariance matrix:
      E0 Imax ED50 gamma
E0     1    0    0     0
Imax   0    0    0     0
ED50   0    0    1     0
gamma  0    0    0     0
  Error model: proportional , initial values: b.1=0.2 
  Covariate model:
      [,1] [,2] [,3] [,4]
group    0    0    1    0
    Initial values
              E0 Imax ED50 gamma
Pop.CondInit 100  0.7  500     2
Cov.CondInit   0  0.0    0     0
-----------------------------------
----    Key algorithm options  ----
-----------------------------------
    Estimation of individual parameters (MAP)
    Estimation of standard errors and linearised log-likelihood
    Estimation of log-likelihood by importance sampling
    Number of iterations:  K1=300, K2=100 
    Number of chains:  1 
    Seed:  6424598 
    Number of MCMC iterations for IS:  5000 
    Simulations:
        nb of simulated datasets used for npde:  1000 
        nb of simulated datasets used for VPC:  100 
    Input/output
        save the results to a file:  FALSE 
        save the graphs to files:  FALSE 
----------------------------------------------------
----                  Results                   ----
----------------------------------------------------
-----------------  Fixed effects  ------------------
----------------------------------------------------
     Parameter        Estimate SE      CV(%) p-value
[1,] E0               100.01    2.2882  2.3  -      
[2,] Imax               0.76    0.0410  5.4  -      
[3,] ED50             512.44   41.2459  8.0  -      
[4,] beta_group(ED50)  -0.43    0.0650 15.2  2.3e-11
[5,] gamma              1.59    0.1750 11.0  -      
[6,] b.1                0.19    0.0063  3.3  -      
----------------------------------------------------
-----------  Variance of random effects  -----------
----------------------------------------------------
     Parameter   Estimate SE    CV(%)
E0   omega2.E0   0.016    0.004 24   
ED50 omega2.ED50 0.020    0.017 84   
----------------------------------------------------
------  Correlation matrix of random effects  ------
----------------------------------------------------
            omega2.E0 omega2.ED50
omega2.E0   1         0          
omega2.ED50 0         1          
----------------------------------------------------
---------------  Statistical criteria  -------------
----------------------------------------------------
Likelihood computed by linearisation
      -2LL= 4815.177 
      AIC = 4831.177 
      BIC = 4852.019 

Likelihood computed by importance sampling
      -2LL= 4822.869 
      AIC = 4838.869 
      BIC = 4859.71 
----------------------------------------------------
----------------------------------------------------
-----------------  Fixed effects  ------------------
----------------------------------------------------
         Parameter Estimate      SE CV(%) p-value
1               E0   100.01  2.2882  2.29       -
2             Imax     0.76  0.0410  5.42       -
3             ED50   512.44 41.2459  8.05       -
4 beta_group(ED50)    -0.43  0.0650 15.19 4.6e-11
5            gamma     1.59  0.1750 11.02       -
6              b.1     0.19  0.0063  3.29       -
----------------------------------------------------
-----------  Variance of random effects  -----------
----------------------------------------------------
       Parameter Estimate    SE CV(%)
E0     omega2.E0    0.016 0.004 24.24
ED50 omega2.ED50    0.020 0.017 84.41
----------------------------------------------------
------  Correlation matrix of random effects  ------
----------------------------------------------------
            omega2.E0 omega2.ED50
omega2.E0   1.00      0.00       
omega2.ED50 0.00      1.00       
----------------------------------------------------
---------------  Statistical criteria  -------------
----------------------------------------------------
Likelihood computed by linearisation
      -2LL= 4815.177 
      AIC = 4831.177 
      BIC = 4852.019 

Likelihood computed by importance sampling
      -2LL= 4822.869 
      AIC = 4838.869 
      BIC = 4859.71 
----------------------------------------------------
Reading data from file /home/eco/work/saemix/saemixextension/simulationSuite/cont/imaxRichProp/data/data_pdimax100.tab 
These are the first lines of the dataset as read into R. Please check the format of the data is appropriate, if not, modify the na and/or sep items and retry:
  id dose       eff group
1  1    0 121.87071     0
2  1  200  87.45121     0
3  1  400  59.76855     0
4  1  500  43.53323     0
5  1  700  41.67756     0
6  1 1000  28.91667     0


The following SaemixData object was successfully created:

Object of class SaemixData
    longitudinal data for use with the SAEM algorithm
Dataset /home/eco/work/saemix/saemixextension/simulationSuite/cont/imaxRichProp/data/data_pdimax100.tab 
    Structured data: eff ~ dose | id 
    Predictor: dose (-) 
    covariates: group (-) 
      reference class for covariate group :  0 
Nonlinear mixed-effects model fit by the SAEM algorithm
-----------------------------------
----          Data             ----
-----------------------------------
Object of class SaemixData
    longitudinal data for use with the SAEM algorithm
Dataset /home/eco/work/saemix/saemixextension/simulationSuite/cont/imaxRichProp/data/data_pdimax100.tab 
    Structured data: eff ~ dose | id 
    Predictor: dose (-) 
    covariates: group (-) 
      reference class for covariate group :  0 
Dataset characteristics:
    number of subjects:     100 
    number of observations: 600 
    average/min/max nb obs: 6.00  /  6  /  6 
First 10 lines of data:
   id dose       eff group mdv cens occ ytype
1   1    0 121.87071     0   0    0   1     1
2   1  200  87.45121     0   0    0   1     1
3   1  400  59.76855     0   0    0   1     1
4   1  500  43.53323     0   0    0   1     1
5   1  700  41.67756     0   0    0   1     1
6   1 1000  28.91667     0   0    0   1     1
7   2    0 100.84220     0   0    0   1     1
8   2  200 100.78995     0   0    0   1     1
9   2  400 100.97757     0   0    0   1     1
10  2  500  92.53981     0   0    0   1     1
-----------------------------------
----          Model            ----
-----------------------------------
Nonlinear mixed-effects model
  Model function:  PD Imax model
  Model type:  structural
function (psi, id, xidep) 
{
    dose <- xidep[, 1]
    e0 <- psi[id, 1]
    imax <- psi[id, 2]
    ed50 <- psi[id, 3]
    gamma <- psi[id, 4]
    f <- e0 * (1 - imax * (dose^gamma)/((ed50^gamma) + (dose^gamma)))
    return(f)
}
<bytecode: 0x5634e2004478>
  Nb of parameters: 4 
      parameter names:  E0 Imax ED50 gamma 
      distribution:
     Parameter Distribution Estimated
[1,] E0        log-normal   Estimated
[2,] Imax      log-normal   Estimated
[3,] ED50      log-normal   Estimated
[4,] gamma     log-normal   Estimated
  Variance-covariance matrix:
      E0 Imax ED50 gamma
E0     1    0    0     0
Imax   0    0    0     0
ED50   0    0    1     0
gamma  0    0    0     0
  Error model: proportional , initial values: b.1=0.2 
  Covariate model:
      [,1] [,2] [,3] [,4]
group    0    0    1    0
    Initial values
              E0 Imax ED50 gamma
Pop.CondInit 100  0.7  500     2
Cov.CondInit   0  0.0    0     0
-----------------------------------
----    Key algorithm options  ----
-----------------------------------
    Estimation of individual parameters (MAP)
    Estimation of standard errors and linearised log-likelihood
    Estimation of log-likelihood by importance sampling
    Number of iterations:  K1=300, K2=100 
    Number of chains:  1 
    Seed:  6424598 
    Number of MCMC iterations for IS:  5000 
    Simulations:
        nb of simulated datasets used for npde:  1000 
        nb of simulated datasets used for VPC:  100 
    Input/output
        save the results to a file:  FALSE 
        save the graphs to files:  FALSE 
----------------------------------------------------
----                  Results                   ----
----------------------------------------------------
-----------------  Fixed effects  ------------------
----------------------------------------------------
     Parameter        Estimate SE      CV(%) p-value
[1,] E0                98.53    1.8835  1.9  -      
[2,] Imax               0.70    0.0226  3.2  -      
[3,] ED50             512.09   34.3550  6.7  -      
[4,] beta_group(ED50)  -0.41    0.0796 19.4  1.3e-07
[5,] gamma              2.15    0.2019  9.4  -      
[6,] b.1                0.20    0.0068  3.3  -      
----------------------------------------------------
-----------  Variance of random effects  -----------
----------------------------------------------------
     Parameter   Estimate SE     CV(%)
E0   omega2.E0   7.4e-05  0.0026 3547 
ED50 omega2.ED50 1.2e-01  0.0240   20 
----------------------------------------------------
------  Correlation matrix of random effects  ------
----------------------------------------------------
            omega2.E0 omega2.ED50
omega2.E0   1         0          
omega2.ED50 0         1          
----------------------------------------------------
---------------  Statistical criteria  -------------
----------------------------------------------------
Likelihood computed by linearisation
      -2LL= 4893.24 
      AIC = 4909.24 
      BIC = 4930.081 

Likelihood computed by importance sampling
      -2LL= 4900.737 
      AIC = 4916.737 
      BIC = 4937.579 
----------------------------------------------------
----------------------------------------------------
-----------------  Fixed effects  ------------------
----------------------------------------------------
         Parameter Estimate      SE CV(%) p-value
1               E0    98.53  1.8835  1.91       -
2             Imax     0.70  0.0226  3.22       -
3             ED50   512.09 34.3550  6.71       -
4 beta_group(ED50)    -0.41  0.0796 19.44 2.7e-07
5            gamma     2.15  0.2019  9.38       -
6              b.1     0.20  0.0068  3.30       -
----------------------------------------------------
-----------  Variance of random effects  -----------
----------------------------------------------------
       Parameter Estimate     SE   CV(%)
E0     omega2.E0  7.4e-05 0.0026 3547.20
ED50 omega2.ED50  1.2e-01 0.0240   20.03
----------------------------------------------------
------  Correlation matrix of random effects  ------
----------------------------------------------------
            omega2.E0 omega2.ED50
omega2.E0   1.00      0.00       
omega2.ED50 0.00      1.00       
----------------------------------------------------
---------------  Statistical criteria  -------------
----------------------------------------------------
Likelihood computed by linearisation
      -2LL= 4893.24 
      AIC = 4909.24 
      BIC = 4930.081 

Likelihood computed by importance sampling
      -2LL= 4900.737 
      AIC = 4916.737 
      BIC = 4937.579 
----------------------------------------------------
 50 件以上の警告がありました (最初の 50 個の警告を見るには warnings() を使って下さい) 
d> 
d> dev_mode() # development mode
✔ Dev mode: OFF
> 
> proc.time()
utilisateur     système      écoulé 
    557.429       1.780     559.223 
