
R version 3.6.3 (2020-02-29) -- "Holding the Windsock"
Copyright (C) 2020 The R Foundation for Statistical Computing
Platform: x86_64-pc-linux-gnu (64-bit)

R est un logiciel libre livré sans AUCUNE GARANTIE.
Vous pouvez le redistribuer sous certaines conditions.
Tapez 'license()' ou 'licence()' pour plus de détails.

  Natural language support but running in an English locale

R is a collaborative project with many contributors.
Type 'contributors()' for more information and
'citation()' on how to cite R or R packages in publications.

Tapez 'demo()' pour des démonstrations, 'help()' pour l'aide
en ligne ou 'help.start()' pour obtenir l'aide au format HTML.
Tapez 'q()' pour quitter R.

[Sauvegarde de la session précédente restaurée]

> # Folders
> saemixDir <- "/home/eco/work/saemix/saemixextension"
> progDir<-file.path(saemixDir,"R")
> saemixVersion <- "tweakSA"
> simulDir <-"/home/eco/work/saemix/saemixextension"
> 
> # Libraries
> library(ggplot2)
> library(MASS)
> library(rlang)
> 
> # Source functions
> source(file.path(progDir,"aaa_generics.R"))
> source(file.path(progDir,"SaemixData.R"))
> source(file.path(progDir,"SaemixRes.R"))
> source(file.path(progDir,"SaemixModel.R"))
> source(file.path(progDir,"SaemixObject.R"))
> source(file.path(progDir,"func_aux.R"))
> source(file.path(progDir,"main_initialiseMainAlgo.R"))
> 
> # Main files from package
> #source(file.path(progDir,"main.R"))
> source(file.path(progDir,"main_estep.R"))
> #source(file.path(progDir,"main_mstep.R"))
> source(file.path(progDir,"func_FIM.R"))
> source(file.path(progDir,"func_plots.R"))
> source(file.path(progDir,"func_distcond.R"))
> source(file.path(progDir,"func_simulations.R"))
> source(file.path(progDir,"compute_LL.R"))
> source(file.path(progDir,"func_estimParam.R"))
> 
> # Testing alternate versions
> source(file.path(saemixDir,"newCode","alternateMain.R"))
> source(file.path(saemixDir,"newCode","alternate_mstep.R"))
> 
> # Details
> today <- '220914'
> who <- "eco"
> settings <- "defaultTrue"
> computeIndPar <- FALSE # can be set to TRUE to compute individual parameter estimates
> set.seed(1409221901)
> zeseed <- trunc(runif(100, 0, 1)*10^7)
> 
> # Scenario
> scenario <- "emaxSparseProp"
> datDir <- file.path(simulDir,"simulationSuite","cont", scenario,"data")
> resDir <- file.path(simulDir,"simulationSuite","cont", scenario,"results")
> namRes <- file.path(resDir, paste0(today,"_",who,"_",saemixVersion,"_",scenario,"_",settings,".res"))
> nsim<-100
> namsimdat<-"pdemax"
> parpop<-c(5,30,500)
> nampar<-c("E0","Emax","ED50")
> omega<-diag(c(0.09,0.49,0.49))
> omega[3,2]<-omega[2,3]<-0.245
> respar<-c(0.1)
> pvrai <- c(parpop, diag(omega)[1:2], omega[2,3],omega[3,3], respar)
> pfaux<-c(10,60,1000,0.1,0.1,0.01,0.1,sqrt(0.0625))
> 
> if(settings=="defaultTrue") {
+   psi0 <- pvrai[1:3]
+   omega0 <- omega
+   res0 <- respar
+ }
> if(settings %in% c("defaultFalse", "longFalse")) {
+   psi0 <- pfaux[1:3]
+   omega0 <- diag(c(1,1,1))
+   res0 <- respar*2
+ }
> 
> modelemax<-function(psi,id,xidep) {
+   # input:
+   #   psi : matrix of parameters (3 columns, E0, Emax, E50)
+   #   id : vector of indices 
+   #   xidep : dependent variables (same nb of rows as length of id)
+   # returns:
+   #   a vector of predictions of length equal to length of id
+   dose<-xidep[,1]
+   e0<-psi[id,1]
+   emax<-psi[id,2]
+   e50<-psi[id,3]
+   f<-e0+emax*dose/(e50+dose)
+   return(f)
+ }
> 
> saemix.model<-saemixModel(model=modelemax, description="PD Emax model",
+                           psi0=matrix(psi0, ncol=3, byrow = TRUE, dimnames=list(NULL, nampar)),transform.par=c(1,1,1),
+                           covariance.model=matrix(c(1,0,0,0,1,1,0,1,1),ncol=3,byrow=TRUE),
+                           omega.init = omega0, error.init=c(0,res0), error.model="proportional")


The following SaemixModel object was successfully created:

Nonlinear mixed-effects model
  Model function:  PD Emax model
  Model type:  structural
function (psi, id, xidep) 
{
    dose <- xidep[, 1]
    e0 <- psi[id, 1]
    emax <- psi[id, 2]
    e50 <- psi[id, 3]
    f <- e0 + emax * dose/(e50 + dose)
    return(f)
}
  Nb of parameters: 3 
      parameter names:  E0 Emax ED50 
      distribution:
     Parameter Distribution Estimated
[1,] E0        log-normal   Estimated
[2,] Emax      log-normal   Estimated
[3,] ED50      log-normal   Estimated
  Variance-covariance matrix:
     E0 Emax ED50
E0    1    0    0
Emax  0    1    1
ED50  0    1    1
  Error model: proportional , initial values: b.1=0.1 
    No covariate in the model.
    Initial values
             E0 Emax ED50
Pop.CondInit  5   30  500
> saemix.options<-list(seed=zeseed[1], save=FALSE, save.graphss=FALSE, displayProgress=FALSE)
> if(settings=="longFalse") {
+   saemix.options$nchains <- 5
+   saemix.options$nbiter.saemix <- c(800, 300)
+ }
> 
> isim <- 1
> for(isim in 1:nsim) {
+   # data
+   namfich<-paste('data_',namsimdat,isim,".tab",sep="")
+   saemix.data<-saemixData(file.path(datDir,namfich),header=T,name.group="id",name.predictors="dose",name.response="y",units=list(x="-",y="-"))
+   
+   yfit <- saemixAlternate(saemix.model, saemix.data, saemix.options)
+   if(computeIndPar)
+     yfit <- conddist.saemix(yfit)
+   # Saving population parameters
+   idx.eps<-yfit@model@indx.res
+   idx.iiv<-yfit@model@indx.omega
+   vec<-summary(yfit@results)
+   l1<-unlist(c(isim,vec$fixed.effects[,2],vec$random.effects[,2],vec$logLik[1:2,2]))
+   l2<-unlist(c(vec$fixed.effects[,3],vec$random.effects[,3]))
+   if(isim==1) {
+     headersOrig<-c("Simulation",vec$fixed.effects[,1],as.character(vec$random.effects[,1]),"LL.lin","LL.IS")
+     headersSE<-headersOrig[1:(length(headersOrig)-2)]
+     headersSE[-c(1)]<-paste("SE.", headersSE[-c(1)],sep="")
+     headersOrig <- c(headersOrig, headersSE[-c(1)])
+     write(headersOrig,namRes,ncol=length(headersOrig))
+   }
+   write(c(l1,l2),namRes,ncol=length((headersOrig)),append=T)
+ }
Reading data from file /home/eco/work/saemix/saemixextension/simulationSuite/cont/emaxSparseProp/data/data_pdemax1.tab 
These are the first lines of the dataset as read into R. Please check the format of the data is appropriate, if not, modify the na and/or sep items and retry:
  id dose         y
1  1    0  5.464568
2  1 1000 29.693609
3  2    0  4.471730
4  2 1000 17.061397
5  3    0  4.284461
6  3 1000 19.648101


The following SaemixData object was successfully created:

Object of class SaemixData
    longitudinal data for use with the SAEM algorithm
Dataset /home/eco/work/saemix/saemixextension/simulationSuite/cont/emaxSparseProp/data/data_pdemax1.tab 
    Structured data: y ~ dose | id 
    Predictor: dose (-) 
Nonlinear mixed-effects model fit by the SAEM algorithm
-----------------------------------
----          Data             ----
-----------------------------------
Object of class SaemixData
    longitudinal data for use with the SAEM algorithm
Dataset /home/eco/work/saemix/saemixextension/simulationSuite/cont/emaxSparseProp/data/data_pdemax1.tab 
    Structured data: y ~ dose | id 
    Predictor: dose (-) 
Dataset characteristics:
    number of subjects:     200 
    number of observations: 400 
    average/min/max nb obs: 2.00  /  2  /  2 
First 10 lines of data:
   id dose         y mdv cens occ ytype
1   1    0  5.464568   0    0   1     1
2   1 1000 29.693609   0    0   1     1
3   2    0  4.471730   0    0   1     1
4   2 1000 17.061397   0    0   1     1
5   3    0  4.284461   0    0   1     1
6   3 1000 19.648101   0    0   1     1
7   4    0  4.056316   0    0   1     1
8   4 1000 24.143234   0    0   1     1
9   5    0  4.608612   0    0   1     1
10  5 1000 23.280433   0    0   1     1
-----------------------------------
----          Model            ----
-----------------------------------
Nonlinear mixed-effects model
  Model function:  PD Emax model
  Model type:  structural
function (psi, id, xidep) 
{
    dose <- xidep[, 1]
    e0 <- psi[id, 1]
    emax <- psi[id, 2]
    e50 <- psi[id, 3]
    f <- e0 + emax * dose/(e50 + dose)
    return(f)
}
<bytecode: 0x5624f519ee00>
  Nb of parameters: 3 
      parameter names:  E0 Emax ED50 
      distribution:
     Parameter Distribution Estimated
[1,] E0        log-normal   Estimated
[2,] Emax      log-normal   Estimated
[3,] ED50      log-normal   Estimated
  Variance-covariance matrix:
     E0 Emax ED50
E0    1    0    0
Emax  0    1    1
ED50  0    1    1
  Error model: proportional , initial values: b.1=0.1 
    No covariate in the model.
    Initial values
             E0 Emax ED50
Pop.CondInit  5   30  500
-----------------------------------
----    Key algorithm options  ----
-----------------------------------
    Estimation of individual parameters (MAP)
    Estimation of standard errors and linearised log-likelihood
    Estimation of log-likelihood by importance sampling
    Number of iterations:  K1=300, K2=100 
    Number of chains:  1 
    Seed:  4838928 
    Number of MCMC iterations for IS:  5000 
    Simulations:
        nb of simulated datasets used for npde:  1000 
        nb of simulated datasets used for VPC:  100 
    Input/output
        save the results to a file:  FALSE 
        save the graphs to files:  TRUE 
        directory where results should be saved:  newdir 
----------------------------------------------------
----                  Results                   ----
----------------------------------------------------
-----------------  Fixed effects  ------------------
----------------------------------------------------
     Parameter Estimate SE     CV(%)
[1,] E0          4.8     0.133  2.7 
[2,] Emax       31.1     1.794  5.8 
[3,] ED50      594.1    63.033 10.6 
[4,] b.1         0.1     0.016 16.0 
----------------------------------------------------
-----------  Variance of random effects  -----------
----------------------------------------------------
      Parameter     Estimate SE    CV(%)
E0    omega2.E0      0.077   0.013   17 
Emax  omega2.Emax    0.174   0.053   30 
ED50  omega2.ED50    0.333   0.150   45 
covar cov.Emax.ED50 -0.040   0.070 -176 
----------------------------------------------------
------  Correlation matrix of random effects  ------
----------------------------------------------------
            omega2.E0 omega2.Emax omega2.ED50
omega2.E0   1          0.00        0.00      
omega2.Emax 0          1.00       -0.17      
omega2.ED50 0         -0.17        1.00      
----------------------------------------------------
---------------  Statistical criteria  -------------
----------------------------------------------------
Likelihood computed by linearisation
      -2LL= 2154.891 
      AIC = 2170.891 
      BIC = 2197.278 

Likelihood computed by importance sampling
      -2LL= 2150.044 
      AIC = 2166.044 
      BIC = 2192.431 
----------------------------------------------------
----------------------------------------------------
-----------------  Fixed effects  ------------------
----------------------------------------------------
  Parameter Estimate     SE CV(%)
1        E0     4.83  0.133  2.75
2      Emax    31.14  1.794  5.76
3      ED50   594.09 63.033 10.61
4       b.1     0.10  0.016 15.98
----------------------------------------------------
-----------  Variance of random effects  -----------
----------------------------------------------------
         Parameter Estimate    SE   CV(%)
E0       omega2.E0    0.077 0.013   16.53
Emax   omega2.Emax    0.174 0.053   30.24
ED50   omega2.ED50    0.333 0.150   44.88
1    cov.Emax.ED50   -0.040 0.070 -176.43
----------------------------------------------------
------  Correlation matrix of random effects  ------
----------------------------------------------------
            omega2.E0 omega2.Emax omega2.ED50
omega2.E0   1.00       0.00        0.00      
omega2.Emax 0.00       1.00       -0.17      
omega2.ED50 0.00      -0.17        1.00      
----------------------------------------------------
---------------  Statistical criteria  -------------
----------------------------------------------------
Likelihood computed by linearisation
      -2LL= 2154.891 
      AIC = 2170.891 
      BIC = 2197.278 

Likelihood computed by importance sampling
      -2LL= 2150.044 
      AIC = 2166.044 
      BIC = 2192.431 
----------------------------------------------------
Reading data from file /home/eco/work/saemix/saemixextension/simulationSuite/cont/emaxSparseProp/data/data_pdemax2.tab 
These are the first lines of the dataset as read into R. Please check the format of the data is appropriate, if not, modify the na and/or sep items and retry:
  id dose         y
1  1    0  4.357766
2  1 1000 11.654789
3  2    0  2.386016
4  2 1000  9.884655
5  3    0  4.946495
6  3 1000 52.145081


The following SaemixData object was successfully created:

Object of class SaemixData
    longitudinal data for use with the SAEM algorithm
Dataset /home/eco/work/saemix/saemixextension/simulationSuite/cont/emaxSparseProp/data/data_pdemax2.tab 
    Structured data: y ~ dose | id 
    Predictor: dose (-) 
Nonlinear mixed-effects model fit by the SAEM algorithm
-----------------------------------
----          Data             ----
-----------------------------------
Object of class SaemixData
    longitudinal data for use with the SAEM algorithm
Dataset /home/eco/work/saemix/saemixextension/simulationSuite/cont/emaxSparseProp/data/data_pdemax2.tab 
    Structured data: y ~ dose | id 
    Predictor: dose (-) 
Dataset characteristics:
    number of subjects:     200 
    number of observations: 400 
    average/min/max nb obs: 2.00  /  2  /  2 
First 10 lines of data:
   id dose         y mdv cens occ ytype
1   1    0  4.357766   0    0   1     1
2   1 1000 11.654789   0    0   1     1
3   2    0  2.386016   0    0   1     1
4   2 1000  9.884655   0    0   1     1
5   3    0  4.946495   0    0   1     1
6   3 1000 52.145081   0    0   1     1
7   4    0  5.585588   0    0   1     1
8   4 1000 18.125842   0    0   1     1
9   5    0  5.766618   0    0   1     1
10  5 1000 29.161664   0    0   1     1
-----------------------------------
----          Model            ----
-----------------------------------
Nonlinear mixed-effects model
  Model function:  PD Emax model
  Model type:  structural
function (psi, id, xidep) 
{
    dose <- xidep[, 1]
    e0 <- psi[id, 1]
    emax <- psi[id, 2]
    e50 <- psi[id, 3]
    f <- e0 + emax * dose/(e50 + dose)
    return(f)
}
<bytecode: 0x5624f519ee00>
  Nb of parameters: 3 
      parameter names:  E0 Emax ED50 
      distribution:
     Parameter Distribution Estimated
[1,] E0        log-normal   Estimated
[2,] Emax      log-normal   Estimated
[3,] ED50      log-normal   Estimated
  Variance-covariance matrix:
     E0 Emax ED50
E0    1    0    0
Emax  0    1    1
ED50  0    1    1
  Error model: proportional , initial values: b.1=0.1 
    No covariate in the model.
    Initial values
             E0 Emax ED50
Pop.CondInit  5   30  500
-----------------------------------
----    Key algorithm options  ----
-----------------------------------
    Estimation of individual parameters (MAP)
    Estimation of standard errors and linearised log-likelihood
    Estimation of log-likelihood by importance sampling
    Number of iterations:  K1=300, K2=100 
    Number of chains:  1 
    Seed:  4838928 
    Number of MCMC iterations for IS:  5000 
    Simulations:
        nb of simulated datasets used for npde:  1000 
        nb of simulated datasets used for VPC:  100 
    Input/output
        save the results to a file:  FALSE 
        save the graphs to files:  TRUE 
        directory where results should be saved:  newdir 
----------------------------------------------------
----                  Results                   ----
----------------------------------------------------
-----------------  Fixed effects  ------------------
----------------------------------------------------
     Parameter Estimate SE     CV(%)
[1,] E0          4.626   0.129  2.8 
[2,] Emax       27.877   1.821  6.5 
[3,] ED50      387.250  42.875 11.1 
[4,] b.1         0.092   0.023 24.5 
----------------------------------------------------
-----------  Variance of random effects  -----------
----------------------------------------------------
      Parameter     Estimate SE    CV(%)
E0    omega2.E0     0.075    0.013 17   
Emax  omega2.Emax   0.487    0.088 18   
ED50  omega2.ED50   0.587    0.202 34   
covar cov.Emax.ED50 0.243    0.118 49   
----------------------------------------------------
------  Correlation matrix of random effects  ------
----------------------------------------------------
            omega2.E0 omega2.Emax omega2.ED50
omega2.E0   1         0.00        0.00       
omega2.Emax 0         1.00        0.45       
omega2.ED50 0         0.45        1.00       
----------------------------------------------------
---------------  Statistical criteria  -------------
----------------------------------------------------
Likelihood computed by linearisation
      -2LL= 2269.4 
      AIC = 2285.4 
      BIC = 2311.787 

Likelihood computed by importance sampling
      -2LL= 2255.026 
      AIC = 2271.026 
      BIC = 2297.412 
----------------------------------------------------
----------------------------------------------------
-----------------  Fixed effects  ------------------
----------------------------------------------------
  Parameter Estimate     SE CV(%)
1        E0    4.626  0.129  2.78
2      Emax   27.877  1.821  6.53
3      ED50  387.250 42.875 11.07
4       b.1    0.092  0.023 24.47
----------------------------------------------------
-----------  Variance of random effects  -----------
----------------------------------------------------
         Parameter Estimate    SE CV(%)
E0       omega2.E0    0.075 0.013 16.78
Emax   omega2.Emax    0.487 0.088 18.02
ED50   omega2.ED50    0.587 0.202 34.49
1    cov.Emax.ED50    0.243 0.118 48.80
----------------------------------------------------
------  Correlation matrix of random effects  ------
----------------------------------------------------
            omega2.E0 omega2.Emax omega2.ED50
omega2.E0   1.00      0.00        0.00       
omega2.Emax 0.00      1.00        0.45       
omega2.ED50 0.00      0.45        1.00       
----------------------------------------------------
---------------  Statistical criteria  -------------
----------------------------------------------------
Likelihood computed by linearisation
      -2LL= 2269.4 
      AIC = 2285.4 
      BIC = 2311.787 

Likelihood computed by importance sampling
      -2LL= 2255.026 
      AIC = 2271.026 
      BIC = 2297.412 
----------------------------------------------------
Reading data from file /home/eco/work/saemix/saemixextension/simulationSuite/cont/emaxSparseProp/data/data_pdemax3.tab 
These are the first lines of the dataset as read into R. Please check the format of the data is appropriate, if not, modify the na and/or sep items and retry:
  id dose         y
1  1    0  3.356350
2  1 1000 24.094116
3  2    0  2.498030
4  2 1000 15.871213
5  3    0  5.274507
6  3 1000 18.347296


The following SaemixData object was successfully created:

Object of class SaemixData
    longitudinal data for use with the SAEM algorithm
Dataset /home/eco/work/saemix/saemixextension/simulationSuite/cont/emaxSparseProp/data/data_pdemax3.tab 
    Structured data: y ~ dose | id 
    Predictor: dose (-) 
Nonlinear mixed-effects model fit by the SAEM algorithm
-----------------------------------
----          Data             ----
-----------------------------------
Object of class SaemixData
    longitudinal data for use with the SAEM algorithm
Dataset /home/eco/work/saemix/saemixextension/simulationSuite/cont/emaxSparseProp/data/data_pdemax3.tab 
    Structured data: y ~ dose | id 
    Predictor: dose (-) 
Dataset characteristics:
    number of subjects:     200 
    number of observations: 400 
    average/min/max nb obs: 2.00  /  2  /  2 
First 10 lines of data:
   id dose         y mdv cens occ ytype
1   1    0  3.356350   0    0   1     1
2   1 1000 24.094116   0    0   1     1
3   2    0  2.498030   0    0   1     1
4   2 1000 15.871213   0    0   1     1
5   3    0  5.274507   0    0   1     1
6   3 1000 18.347296   0    0   1     1
7   4    0  4.599600   0    0   1     1
8   4 1000 22.832578   0    0   1     1
9   5    0  3.891492   0    0   1     1
10  5 1000 25.213506   0    0   1     1
-----------------------------------
----          Model            ----
-----------------------------------
Nonlinear mixed-effects model
  Model function:  PD Emax model
  Model type:  structural
function (psi, id, xidep) 
{
    dose <- xidep[, 1]
    e0 <- psi[id, 1]
    emax <- psi[id, 2]
    e50 <- psi[id, 3]
    f <- e0 + emax * dose/(e50 + dose)
    return(f)
}
<bytecode: 0x5624f519ee00>
  Nb of parameters: 3 
      parameter names:  E0 Emax ED50 
      distribution:
     Parameter Distribution Estimated
[1,] E0        log-normal   Estimated
[2,] Emax      log-normal   Estimated
[3,] ED50      log-normal   Estimated
  Variance-covariance matrix:
     E0 Emax ED50
E0    1    0    0
Emax  0    1    1
ED50  0    1    1
  Error model: proportional , initial values: b.1=0.1 
    No covariate in the model.
    Initial values
             E0 Emax ED50
Pop.CondInit  5   30  500
-----------------------------------
----    Key algorithm options  ----
-----------------------------------
    Estimation of individual parameters (MAP)
    Estimation of standard errors and linearised log-likelihood
    Estimation of log-likelihood by importance sampling
    Number of iterations:  K1=300, K2=100 
    Number of chains:  1 
    Seed:  4838928 
    Number of MCMC iterations for IS:  5000 
    Simulations:
        nb of simulated datasets used for npde:  1000 
        nb of simulated datasets used for VPC:  100 
    Input/output
        save the results to a file:  FALSE 
        save the graphs to files:  TRUE 
        directory where results should be saved:  newdir 
----------------------------------------------------
----                  Results                   ----
----------------------------------------------------
-----------------  Fixed effects  ------------------
----------------------------------------------------
     Parameter Estimate SE     CV(%)
[1,] E0          5.210   0.169  3.2 
[2,] Emax       30.366   2.337  7.7 
[3,] ED50      511.222  60.792 11.9 
[4,] b.1         0.099   0.021 21.4 
----------------------------------------------------
-----------  Variance of random effects  -----------
----------------------------------------------------
      Parameter     Estimate SE    CV(%)
E0    omega2.E0     0.11     0.017 16   
Emax  omega2.Emax   0.60     0.112 19   
ED50  omega2.ED50   0.32     0.190 60   
covar cov.Emax.ED50 0.30     0.134 45   
----------------------------------------------------
------  Correlation matrix of random effects  ------
----------------------------------------------------
            omega2.E0 omega2.Emax omega2.ED50
omega2.E0   1         0.00        0.00       
omega2.Emax 0         1.00        0.68       
omega2.ED50 0         0.68        1.00       
----------------------------------------------------
---------------  Statistical criteria  -------------
----------------------------------------------------
Likelihood computed by linearisation
      -2LL= 2294.738 
      AIC = 2310.738 
      BIC = 2337.124 

Likelihood computed by importance sampling
      -2LL= 2288.074 
      AIC = 2304.074 
      BIC = 2330.46 
----------------------------------------------------
----------------------------------------------------
-----------------  Fixed effects  ------------------
----------------------------------------------------
  Parameter Estimate     SE CV(%)
1        E0    5.210  0.169  3.25
2      Emax   30.366  2.337  7.70
3      ED50  511.222 60.792 11.89
4       b.1    0.099  0.021 21.37
----------------------------------------------------
-----------  Variance of random effects  -----------
----------------------------------------------------
         Parameter Estimate    SE CV(%)
E0       omega2.E0     0.11 0.017 15.66
Emax   omega2.Emax     0.60 0.112 18.69
ED50   omega2.ED50     0.32 0.190 60.09
1    cov.Emax.ED50     0.30 0.134 44.97
----------------------------------------------------
------  Correlation matrix of random effects  ------
----------------------------------------------------
            omega2.E0 omega2.Emax omega2.ED50
omega2.E0   1.00      0.00        0.00       
omega2.Emax 0.00      1.00        0.68       
omega2.ED50 0.00      0.68        1.00       
----------------------------------------------------
---------------  Statistical criteria  -------------
----------------------------------------------------
Likelihood computed by linearisation
      -2LL= 2294.738 
      AIC = 2310.738 
      BIC = 2337.124 

Likelihood computed by importance sampling
      -2LL= 2288.074 
      AIC = 2304.074 
      BIC = 2330.46 
----------------------------------------------------
Reading data from file /home/eco/work/saemix/saemixextension/simulationSuite/cont/emaxSparseProp/data/data_pdemax4.tab 
These are the first lines of the dataset as read into R. Please check the format of the data is appropriate, if not, modify the na and/or sep items and retry:
  id dose         y
1  1    0  4.802895
2  1 1000 30.980015
3  2    0  5.831788
4  2 1000 14.198828
5  3    0  6.413654
6  3 1000 73.696988


The following SaemixData object was successfully created:

Object of class SaemixData
    longitudinal data for use with the SAEM algorithm
Dataset /home/eco/work/saemix/saemixextension/simulationSuite/cont/emaxSparseProp/data/data_pdemax4.tab 
    Structured data: y ~ dose | id 
    Predictor: dose (-) 
Nonlinear mixed-effects model fit by the SAEM algorithm
-----------------------------------
----          Data             ----
-----------------------------------
Object of class SaemixData
    longitudinal data for use with the SAEM algorithm
Dataset /home/eco/work/saemix/saemixextension/simulationSuite/cont/emaxSparseProp/data/data_pdemax4.tab 
    Structured data: y ~ dose | id 
    Predictor: dose (-) 
Dataset characteristics:
    number of subjects:     200 
    number of observations: 400 
    average/min/max nb obs: 2.00  /  2  /  2 
First 10 lines of data:
   id dose         y mdv cens occ ytype
1   1    0  4.802895   0    0   1     1
2   1 1000 30.980015   0    0   1     1
3   2    0  5.831788   0    0   1     1
4   2 1000 14.198828   0    0   1     1
5   3    0  6.413654   0    0   1     1
6   3 1000 73.696988   0    0   1     1
7   4    0  8.620741   0    0   1     1
8   4 1000 19.412081   0    0   1     1
9   5    0  6.497166   0    0   1     1
10  5 1000 75.647913   0    0   1     1
-----------------------------------
----          Model            ----
-----------------------------------
Nonlinear mixed-effects model
  Model function:  PD Emax model
  Model type:  structural
function (psi, id, xidep) 
{
    dose <- xidep[, 1]
    e0 <- psi[id, 1]
    emax <- psi[id, 2]
    e50 <- psi[id, 3]
    f <- e0 + emax * dose/(e50 + dose)
    return(f)
}
<bytecode: 0x5624f519ee00>
  Nb of parameters: 3 
      parameter names:  E0 Emax ED50 
      distribution:
     Parameter Distribution Estimated
[1,] E0        log-normal   Estimated
[2,] Emax      log-normal   Estimated
[3,] ED50      log-normal   Estimated
  Variance-covariance matrix:
     E0 Emax ED50
E0    1    0    0
Emax  0    1    1
ED50  0    1    1
  Error model: proportional , initial values: b.1=0.1 
    No covariate in the model.
    Initial values
             E0 Emax ED50
Pop.CondInit  5   30  500
-----------------------------------
----    Key algorithm options  ----
-----------------------------------
    Estimation of individual parameters (MAP)
    Estimation of standard errors and linearised log-likelihood
    Estimation of log-likelihood by importance sampling
    Number of iterations:  K1=300, K2=100 
    Number of chains:  1 
    Seed:  4838928 
    Number of MCMC iterations for IS:  5000 
    Simulations:
        nb of simulated datasets used for npde:  1000 
        nb of simulated datasets used for VPC:  100 
    Input/output
        save the results to a file:  FALSE 
        save the graphs to files:  TRUE 
        directory where results should be saved:  newdir 
----------------------------------------------------
----                  Results                   ----
----------------------------------------------------
-----------------  Fixed effects  ------------------
----------------------------------------------------
     Parameter Estimate SE      CV(%)
[1,] E0          5.345    0.147  2.7 
[2,] Emax       36.570    3.591  9.8 
[3,] ED50      702.449  101.134 14.4 
[4,] b.1         0.087    0.021 23.9 
----------------------------------------------------
-----------  Variance of random effects  -----------
----------------------------------------------------
      Parameter     Estimate SE    CV(%)
E0    omega2.E0     0.08     0.013 16   
Emax  omega2.Emax   0.83     0.166 20   
ED50  omega2.ED50   0.74     0.295 40   
covar cov.Emax.ED50 0.59     0.206 35   
----------------------------------------------------
------  Correlation matrix of random effects  ------
----------------------------------------------------
            omega2.E0 omega2.Emax omega2.ED50
omega2.E0   1         0.00        0.00       
omega2.Emax 0         1.00        0.75       
omega2.ED50 0         0.75        1.00       
----------------------------------------------------
---------------  Statistical criteria  -------------
----------------------------------------------------
Likelihood computed by linearisation
      -2LL= 2259.608 
      AIC = 2275.608 
      BIC = 2301.995 

Likelihood computed by importance sampling
      -2LL= 2245.168 
      AIC = 2261.168 
      BIC = 2287.555 
----------------------------------------------------
----------------------------------------------------
-----------------  Fixed effects  ------------------
----------------------------------------------------
  Parameter Estimate      SE CV(%)
1        E0    5.345   0.147  2.75
2      Emax   36.570   3.591  9.82
3      ED50  702.449 101.134 14.40
4       b.1    0.087   0.021 23.86
----------------------------------------------------
-----------  Variance of random effects  -----------
----------------------------------------------------
         Parameter Estimate    SE CV(%)
E0       omega2.E0     0.08 0.013 16.04
Emax   omega2.Emax     0.83 0.166 19.93
ED50   omega2.ED50     0.74 0.295 39.83
1    cov.Emax.ED50     0.59 0.206 35.00
----------------------------------------------------
------  Correlation matrix of random effects  ------
----------------------------------------------------
            omega2.E0 omega2.Emax omega2.ED50
omega2.E0   1.00      0.00        0.00       
omega2.Emax 0.00      1.00        0.75       
omega2.ED50 0.00      0.75        1.00       
----------------------------------------------------
---------------  Statistical criteria  -------------
----------------------------------------------------
Likelihood computed by linearisation
      -2LL= 2259.608 
      AIC = 2275.608 
      BIC = 2301.995 

Likelihood computed by importance sampling
      -2LL= 2245.168 
      AIC = 2261.168 
      BIC = 2287.555 
----------------------------------------------------
Reading data from file /home/eco/work/saemix/saemixextension/simulationSuite/cont/emaxSparseProp/data/data_pdemax5.tab 
These are the first lines of the dataset as read into R. Please check the format of the data is appropriate, if not, modify the na and/or sep items and retry:
  id dose         y
1  1    0  7.188635
2  1 1000 29.118129
3  2    0  5.242188
4  2 1000 16.552619
5  3    0  6.944676
6  3 1000 21.406933


The following SaemixData object was successfully created:

Object of class SaemixData
    longitudinal data for use with the SAEM algorithm
Dataset /home/eco/work/saemix/saemixextension/simulationSuite/cont/emaxSparseProp/data/data_pdemax5.tab 
    Structured data: y ~ dose | id 
    Predictor: dose (-) 
Nonlinear mixed-effects model fit by the SAEM algorithm
-----------------------------------
----          Data             ----
-----------------------------------
Object of class SaemixData
    longitudinal data for use with the SAEM algorithm
Dataset /home/eco/work/saemix/saemixextension/simulationSuite/cont/emaxSparseProp/data/data_pdemax5.tab 
    Structured data: y ~ dose | id 
    Predictor: dose (-) 
Dataset characteristics:
    number of subjects:     200 
    number of observations: 400 
    average/min/max nb obs: 2.00  /  2  /  2 
First 10 lines of data:
   id dose         y mdv cens occ ytype
1   1    0  7.188635   0    0   1     1
2   1 1000 29.118129   0    0   1     1
3   2    0  5.242188   0    0   1     1
4   2 1000 16.552619   0    0   1     1
5   3    0  6.944676   0    0   1     1
6   3 1000 21.406933   0    0   1     1
7   4    0  5.738614   0    0   1     1
8   4 1000 23.913219   0    0   1     1
9   5    0  4.617205   0    0   1     1
10  5 1000 29.742139   0    0   1     1
-----------------------------------
----          Model            ----
-----------------------------------
Nonlinear mixed-effects model
  Model function:  PD Emax model
  Model type:  structural
function (psi, id, xidep) 
{
    dose <- xidep[, 1]
    e0 <- psi[id, 1]
    emax <- psi[id, 2]
    e50 <- psi[id, 3]
    f <- e0 + emax * dose/(e50 + dose)
    return(f)
}
<bytecode: 0x5624f519ee00>
  Nb of parameters: 3 
      parameter names:  E0 Emax ED50 
      distribution:
     Parameter Distribution Estimated
[1,] E0        log-normal   Estimated
[2,] Emax      log-normal   Estimated
[3,] ED50      log-normal   Estimated
  Variance-covariance matrix:
     E0 Emax ED50
E0    1    0    0
Emax  0    1    1
ED50  0    1    1
  Error model: proportional , initial values: b.1=0.1 
    No covariate in the model.
    Initial values
             E0 Emax ED50
Pop.CondInit  5   30  500
-----------------------------------
----    Key algorithm options  ----
-----------------------------------
    Estimation of individual parameters (MAP)
    Estimation of standard errors and linearised log-likelihood
    Estimation of log-likelihood by importance sampling
    Number of iterations:  K1=300, K2=100 
    Number of chains:  1 
    Seed:  4838928 
    Number of MCMC iterations for IS:  5000 
    Simulations:
        nb of simulated datasets used for npde:  1000 
        nb of simulated datasets used for VPC:  100 
    Input/output
        save the results to a file:  FALSE 
        save the graphs to files:  TRUE 
        directory where results should be saved:  newdir 
----------------------------------------------------
----                  Results                   ----
----------------------------------------------------
-----------------  Fixed effects  ------------------
----------------------------------------------------
     Parameter Estimate SE    CV(%)
[1,] E0          5.18    0.15  3.0 
[2,] Emax       26.32    1.74  6.6 
[3,] ED50      421.03   48.15 11.4 
[4,] b.1         0.11    0.02 18.7 
----------------------------------------------------
-----------  Variance of random effects  -----------
----------------------------------------------------
      Parameter     Estimate SE    CV(%)
E0    omega2.E0     0.087    0.015 17   
Emax  omega2.Emax   0.415    0.086 21   
ED50  omega2.ED50   0.306    0.195 63   
covar cov.Emax.ED50 0.161    0.115 71   
----------------------------------------------------
------  Correlation matrix of random effects  ------
----------------------------------------------------
            omega2.E0 omega2.Emax omega2.ED50
omega2.E0   1         0.00        0.00       
omega2.Emax 0         1.00        0.45       
omega2.ED50 0         0.45        1.00       
----------------------------------------------------
---------------  Statistical criteria  -------------
----------------------------------------------------
Likelihood computed by linearisation
      -2LL= 2237.393 
      AIC = 2253.393 
      BIC = 2279.779 

Likelihood computed by importance sampling
      -2LL= 2236.477 
      AIC = 2252.477 
      BIC = 2278.863 
----------------------------------------------------
----------------------------------------------------
-----------------  Fixed effects  ------------------
----------------------------------------------------
  Parameter Estimate    SE CV(%)
1        E0     5.18  0.15  2.99
2      Emax    26.32  1.74  6.60
3      ED50   421.03 48.15 11.44
4       b.1     0.11  0.02 18.73
----------------------------------------------------
-----------  Variance of random effects  -----------
----------------------------------------------------
         Parameter Estimate    SE CV(%)
E0       omega2.E0    0.087 0.015 16.79
Emax   omega2.Emax    0.415 0.086 20.66
ED50   omega2.ED50    0.306 0.195 63.49
1    cov.Emax.ED50    0.161 0.115 71.25
----------------------------------------------------
------  Correlation matrix of random effects  ------
----------------------------------------------------
            omega2.E0 omega2.Emax omega2.ED50
omega2.E0   1.00      0.00        0.00       
omega2.Emax 0.00      1.00        0.45       
omega2.ED50 0.00      0.45        1.00       
----------------------------------------------------
---------------  Statistical criteria  -------------
----------------------------------------------------
Likelihood computed by linearisation
      -2LL= 2237.393 
      AIC = 2253.393 
      BIC = 2279.779 

Likelihood computed by importance sampling
      -2LL= 2236.477 
      AIC = 2252.477 
      BIC = 2278.863 
----------------------------------------------------
Reading data from file /home/eco/work/saemix/saemixextension/simulationSuite/cont/emaxSparseProp/data/data_pdemax6.tab 
These are the first lines of the dataset as read into R. Please check the format of the data is appropriate, if not, modify the na and/or sep items and retry:
  id dose         y
1  1    0  3.430010
2  1 1000 28.816115
3  2    0  3.480602
4  2 1000 24.617106
5  3    0  3.851983
6  3 1000 15.095222


The following SaemixData object was successfully created:

Object of class SaemixData
    longitudinal data for use with the SAEM algorithm
Dataset /home/eco/work/saemix/saemixextension/simulationSuite/cont/emaxSparseProp/data/data_pdemax6.tab 
    Structured data: y ~ dose | id 
    Predictor: dose (-) 
Nonlinear mixed-effects model fit by the SAEM algorithm
-----------------------------------
----          Data             ----
-----------------------------------
Object of class SaemixData
    longitudinal data for use with the SAEM algorithm
Dataset /home/eco/work/saemix/saemixextension/simulationSuite/cont/emaxSparseProp/data/data_pdemax6.tab 
    Structured data: y ~ dose | id 
    Predictor: dose (-) 
Dataset characteristics:
    number of subjects:     200 
    number of observations: 400 
    average/min/max nb obs: 2.00  /  2  /  2 
First 10 lines of data:
   id dose         y mdv cens occ ytype
1   1    0  3.430010   0    0   1     1
2   1 1000 28.816115   0    0   1     1
3   2    0  3.480602   0    0   1     1
4   2 1000 24.617106   0    0   1     1
5   3    0  3.851983   0    0   1     1
6   3 1000 15.095222   0    0   1     1
7   4    0  3.691892   0    0   1     1
8   4 1000 20.971975   0    0   1     1
9   5    0  5.202355   0    0   1     1
10  5 1000 45.140529   0    0   1     1
-----------------------------------
----          Model            ----
-----------------------------------
Nonlinear mixed-effects model
  Model function:  PD Emax model
  Model type:  structural
function (psi, id, xidep) 
{
    dose <- xidep[, 1]
    e0 <- psi[id, 1]
    emax <- psi[id, 2]
    e50 <- psi[id, 3]
    f <- e0 + emax * dose/(e50 + dose)
    return(f)
}
<bytecode: 0x5624f519ee00>
  Nb of parameters: 3 
      parameter names:  E0 Emax ED50 
      distribution:
     Parameter Distribution Estimated
[1,] E0        log-normal   Estimated
[2,] Emax      log-normal   Estimated
[3,] ED50      log-normal   Estimated
  Variance-covariance matrix:
     E0 Emax ED50
E0    1    0    0
Emax  0    1    1
ED50  0    1    1
  Error model: proportional , initial values: b.1=0.1 
    No covariate in the model.
    Initial values
             E0 Emax ED50
Pop.CondInit  5   30  500
-----------------------------------
----    Key algorithm options  ----
-----------------------------------
    Estimation of individual parameters (MAP)
    Estimation of standard errors and linearised log-likelihood
    Estimation of log-likelihood by importance sampling
    Number of iterations:  K1=300, K2=100 
    Number of chains:  1 
    Seed:  4838928 
    Number of MCMC iterations for IS:  5000 
    Simulations:
        nb of simulated datasets used for npde:  1000 
        nb of simulated datasets used for VPC:  100 
    Input/output
        save the results to a file:  FALSE 
        save the graphs to files:  TRUE 
        directory where results should be saved:  newdir 
----------------------------------------------------
----                  Results                   ----
----------------------------------------------------
-----------------  Fixed effects  ------------------
----------------------------------------------------
     Parameter Estimate SE     CV(%)
[1,] E0          5.42    0.170  3.1 
[2,] Emax       32.85    2.676  8.1 
[3,] ED50      682.65   89.278 13.1 
[4,] b.1         0.11    0.019 17.7 
----------------------------------------------------
-----------  Variance of random effects  -----------
----------------------------------------------------
      Parameter     Estimate SE    CV(%)
E0    omega2.E0     0.11     0.016  16  
Emax  omega2.Emax   0.38     0.104  27  
ED50  omega2.ED50   0.10     0.202 201  
covar cov.Emax.ED50 0.12     0.131 106  
----------------------------------------------------
------  Correlation matrix of random effects  ------
----------------------------------------------------
            omega2.E0 omega2.Emax omega2.ED50
omega2.E0   1         0.00        0.00       
omega2.Emax 0         1.00        0.63       
omega2.ED50 0         0.63        1.00       
----------------------------------------------------
---------------  Statistical criteria  -------------
----------------------------------------------------
Likelihood computed by linearisation
      -2LL= 2198.372 
      AIC = 2214.372 
      BIC = 2240.759 

Likelihood computed by importance sampling
      -2LL= 2198.073 
      AIC = 2214.073 
      BIC = 2240.459 
----------------------------------------------------
----------------------------------------------------
-----------------  Fixed effects  ------------------
----------------------------------------------------
  Parameter Estimate     SE CV(%)
1        E0     5.42  0.170  3.14
2      Emax    32.85  2.676  8.14
3      ED50   682.65 89.278 13.08
4       b.1     0.11  0.019 17.72
----------------------------------------------------
-----------  Variance of random effects  -----------
----------------------------------------------------
         Parameter Estimate    SE  CV(%)
E0       omega2.E0     0.11 0.016  15.55
Emax   omega2.Emax     0.38 0.104  27.14
ED50   omega2.ED50     0.10 0.202 201.47
1    cov.Emax.ED50     0.12 0.131 106.14
----------------------------------------------------
------  Correlation matrix of random effects  ------
----------------------------------------------------
            omega2.E0 omega2.Emax omega2.ED50
omega2.E0   1.00      0.00        0.00       
omega2.Emax 0.00      1.00        0.63       
omega2.ED50 0.00      0.63        1.00       
----------------------------------------------------
---------------  Statistical criteria  -------------
----------------------------------------------------
Likelihood computed by linearisation
      -2LL= 2198.372 
      AIC = 2214.372 
      BIC = 2240.759 

Likelihood computed by importance sampling
      -2LL= 2198.073 
      AIC = 2214.073 
      BIC = 2240.459 
----------------------------------------------------
Reading data from file /home/eco/work/saemix/saemixextension/simulationSuite/cont/emaxSparseProp/data/data_pdemax7.tab 
These are the first lines of the dataset as read into R. Please check the format of the data is appropriate, if not, modify the na and/or sep items and retry:
  id dose         y
1  1    0  4.441092
2  1 1000 21.953208
3  2    0  6.274436
4  2 1000 81.819118
5  3    0  5.430040
6  3 1000 22.727111


The following SaemixData object was successfully created:

Object of class SaemixData
    longitudinal data for use with the SAEM algorithm
Dataset /home/eco/work/saemix/saemixextension/simulationSuite/cont/emaxSparseProp/data/data_pdemax7.tab 
    Structured data: y ~ dose | id 
    Predictor: dose (-) 
Nonlinear mixed-effects model fit by the SAEM algorithm
-----------------------------------
----          Data             ----
-----------------------------------
Object of class SaemixData
    longitudinal data for use with the SAEM algorithm
Dataset /home/eco/work/saemix/saemixextension/simulationSuite/cont/emaxSparseProp/data/data_pdemax7.tab 
    Structured data: y ~ dose | id 
    Predictor: dose (-) 
Dataset characteristics:
    number of subjects:     200 
    number of observations: 400 
    average/min/max nb obs: 2.00  /  2  /  2 
First 10 lines of data:
   id dose         y mdv cens occ ytype
1   1    0  4.441092   0    0   1     1
2   1 1000 21.953208   0    0   1     1
3   2    0  6.274436   0    0   1     1
4   2 1000 81.819118   0    0   1     1
5   3    0  5.430040   0    0   1     1
6   3 1000 22.727111   0    0   1     1
7   4    0  8.036985   0    0   1     1
8   4 1000 71.018413   0    0   1     1
9   5    0  4.778180   0    0   1     1
10  5 1000 11.747612   0    0   1     1
-----------------------------------
----          Model            ----
-----------------------------------
Nonlinear mixed-effects model
  Model function:  PD Emax model
  Model type:  structural
function (psi, id, xidep) 
{
    dose <- xidep[, 1]
    e0 <- psi[id, 1]
    emax <- psi[id, 2]
    e50 <- psi[id, 3]
    f <- e0 + emax * dose/(e50 + dose)
    return(f)
}
<bytecode: 0x5624f519ee00>
  Nb of parameters: 3 
      parameter names:  E0 Emax ED50 
      distribution:
     Parameter Distribution Estimated
[1,] E0        log-normal   Estimated
[2,] Emax      log-normal   Estimated
[3,] ED50      log-normal   Estimated
  Variance-covariance matrix:
     E0 Emax ED50
E0    1    0    0
Emax  0    1    1
ED50  0    1    1
  Error model: proportional , initial values: b.1=0.1 
    No covariate in the model.
    Initial values
             E0 Emax ED50
Pop.CondInit  5   30  500
-----------------------------------
----    Key algorithm options  ----
-----------------------------------
    Estimation of individual parameters (MAP)
    Estimation of standard errors and linearised log-likelihood
    Estimation of log-likelihood by importance sampling
    Number of iterations:  K1=300, K2=100 
    Number of chains:  1 
    Seed:  4838928 
    Number of MCMC iterations for IS:  5000 
    Simulations:
        nb of simulated datasets used for npde:  1000 
        nb of simulated datasets used for VPC:  100 
    Input/output
        save the results to a file:  FALSE 
        save the graphs to files:  TRUE 
        directory where results should be saved:  newdir 
----------------------------------------------------
----                  Results                   ----
----------------------------------------------------
-----------------  Fixed effects  ------------------
----------------------------------------------------
     Parameter Estimate SE     CV(%)
[1,] E0          5.01    0.152  3   
[2,] Emax       25.52    1.779  7   
[3,] ED50      434.17   48.850 11   
[4,] b.1         0.08    0.022 28   
----------------------------------------------------
-----------  Variance of random effects  -----------
----------------------------------------------------
      Parameter     Estimate SE    CV(%)
E0    omega2.E0     0.096    0.015 15   
Emax  omega2.Emax   0.562    0.099 18   
ED50  omega2.ED50   0.485    0.191 39   
covar cov.Emax.ED50 0.287    0.124 43   
----------------------------------------------------
------  Correlation matrix of random effects  ------
----------------------------------------------------
            omega2.E0 omega2.Emax omega2.ED50
omega2.E0   1         0.00        0.00       
omega2.Emax 0         1.00        0.55       
omega2.ED50 0         0.55        1.00       
----------------------------------------------------
---------------  Statistical criteria  -------------
----------------------------------------------------
Likelihood computed by linearisation
      -2LL= 2241.446 
      AIC = 2257.446 
      BIC = 2283.832 

Likelihood computed by importance sampling
      -2LL= 2230.196 
      AIC = 2246.196 
      BIC = 2272.583 
----------------------------------------------------
----------------------------------------------------
-----------------  Fixed effects  ------------------
----------------------------------------------------
  Parameter Estimate     SE CV(%)
1        E0     5.01  0.152  3.04
2      Emax    25.52  1.779  6.97
3      ED50   434.17 48.850 11.25
4       b.1     0.08  0.022 28.06
----------------------------------------------------
-----------  Variance of random effects  -----------
----------------------------------------------------
         Parameter Estimate    SE CV(%)
E0       omega2.E0    0.096 0.015 15.48
Emax   omega2.Emax    0.562 0.099 17.55
ED50   omega2.ED50    0.485 0.191 39.39
1    cov.Emax.ED50    0.287 0.124 43.25
----------------------------------------------------
------  Correlation matrix of random effects  ------
----------------------------------------------------
            omega2.E0 omega2.Emax omega2.ED50
omega2.E0   1.00      0.00        0.00       
omega2.Emax 0.00      1.00        0.55       
omega2.ED50 0.00      0.55        1.00       
----------------------------------------------------
---------------  Statistical criteria  -------------
----------------------------------------------------
Likelihood computed by linearisation
      -2LL= 2241.446 
      AIC = 2257.446 
      BIC = 2283.832 

Likelihood computed by importance sampling
      -2LL= 2230.196 
      AIC = 2246.196 
      BIC = 2272.583 
----------------------------------------------------
Reading data from file /home/eco/work/saemix/saemixextension/simulationSuite/cont/emaxSparseProp/data/data_pdemax8.tab 
These are the first lines of the dataset as read into R. Please check the format of the data is appropriate, if not, modify the na and/or sep items and retry:
  id dose          y
1  1    0   4.122115
2  1 1000   9.181530
3  2    0   3.820505
4  2 1000 132.207645
5  3    0   4.027826
6  3 1000  30.912273


The following SaemixData object was successfully created:

Object of class SaemixData
    longitudinal data for use with the SAEM algorithm
Dataset /home/eco/work/saemix/saemixextension/simulationSuite/cont/emaxSparseProp/data/data_pdemax8.tab 
    Structured data: y ~ dose | id 
    Predictor: dose (-) 
Nonlinear mixed-effects model fit by the SAEM algorithm
-----------------------------------
----          Data             ----
-----------------------------------
Object of class SaemixData
    longitudinal data for use with the SAEM algorithm
Dataset /home/eco/work/saemix/saemixextension/simulationSuite/cont/emaxSparseProp/data/data_pdemax8.tab 
    Structured data: y ~ dose | id 
    Predictor: dose (-) 
Dataset characteristics:
    number of subjects:     200 
    number of observations: 400 
    average/min/max nb obs: 2.00  /  2  /  2 
First 10 lines of data:
   id dose          y mdv cens occ ytype
1   1    0   4.122115   0    0   1     1
2   1 1000   9.181530   0    0   1     1
3   2    0   3.820505   0    0   1     1
4   2 1000 132.207645   0    0   1     1
5   3    0   4.027826   0    0   1     1
6   3 1000  30.912273   0    0   1     1
7   4    0   4.927836   0    0   1     1
8   4 1000  11.671704   0    0   1     1
9   5    0   5.497143   0    0   1     1
10  5 1000  54.659321   0    0   1     1
-----------------------------------
----          Model            ----
-----------------------------------
Nonlinear mixed-effects model
  Model function:  PD Emax model
  Model type:  structural
function (psi, id, xidep) 
{
    dose <- xidep[, 1]
    e0 <- psi[id, 1]
    emax <- psi[id, 2]
    e50 <- psi[id, 3]
    f <- e0 + emax * dose/(e50 + dose)
    return(f)
}
<bytecode: 0x5624f519ee00>
  Nb of parameters: 3 
      parameter names:  E0 Emax ED50 
      distribution:
     Parameter Distribution Estimated
[1,] E0        log-normal   Estimated
[2,] Emax      log-normal   Estimated
[3,] ED50      log-normal   Estimated
  Variance-covariance matrix:
     E0 Emax ED50
E0    1    0    0
Emax  0    1    1
ED50  0    1    1
  Error model: proportional , initial values: b.1=0.1 
    No covariate in the model.
    Initial values
             E0 Emax ED50
Pop.CondInit  5   30  500
-----------------------------------
----    Key algorithm options  ----
-----------------------------------
    Estimation of individual parameters (MAP)
    Estimation of standard errors and linearised log-likelihood
    Estimation of log-likelihood by importance sampling
    Number of iterations:  K1=300, K2=100 
    Number of chains:  1 
    Seed:  4838928 
    Number of MCMC iterations for IS:  5000 
    Simulations:
        nb of simulated datasets used for npde:  1000 
        nb of simulated datasets used for VPC:  100 
    Input/output
        save the results to a file:  FALSE 
        save the graphs to files:  TRUE 
        directory where results should be saved:  newdir 
----------------------------------------------------
----                  Results                   ----
----------------------------------------------------
-----------------  Fixed effects  ------------------
----------------------------------------------------
     Parameter Estimate SE     CV(%)
[1,] E0          5.12    0.150  2.9 
[2,] Emax       32.60    2.475  7.6 
[3,] ED50      578.49   66.301 11.5 
[4,] b.1         0.12    0.019 15.6 
----------------------------------------------------
-----------  Variance of random effects  -----------
----------------------------------------------------
      Parameter     Estimate SE    CV(%)
E0    omega2.E0     0.082    0.015  18  
Emax  omega2.Emax   0.488    0.103  21  
ED50  omega2.ED50   0.176    0.165  94  
covar cov.Emax.ED50 0.085    0.114 134  
----------------------------------------------------
------  Correlation matrix of random effects  ------
----------------------------------------------------
            omega2.E0 omega2.Emax omega2.ED50
omega2.E0   1         0.00        0.00       
omega2.Emax 0         1.00        0.29       
omega2.ED50 0         0.29        1.00       
----------------------------------------------------
---------------  Statistical criteria  -------------
----------------------------------------------------
Likelihood computed by linearisation
      -2LL= 2322.62 
      AIC = 2338.62 
      BIC = 2365.007 

Likelihood computed by importance sampling
      -2LL= 2318.369 
      AIC = 2334.369 
      BIC = 2360.756 
----------------------------------------------------
----------------------------------------------------
-----------------  Fixed effects  ------------------
----------------------------------------------------
  Parameter Estimate     SE CV(%)
1        E0     5.12  0.150  2.93
2      Emax    32.60  2.475  7.59
3      ED50   578.49 66.301 11.46
4       b.1     0.12  0.019 15.56
----------------------------------------------------
-----------  Variance of random effects  -----------
----------------------------------------------------
         Parameter Estimate    SE  CV(%)
E0       omega2.E0    0.082 0.015  17.73
Emax   omega2.Emax    0.488 0.103  21.21
ED50   omega2.ED50    0.176 0.165  94.11
1    cov.Emax.ED50    0.085 0.114 133.86
----------------------------------------------------
------  Correlation matrix of random effects  ------
----------------------------------------------------
            omega2.E0 omega2.Emax omega2.ED50
omega2.E0   1.00      0.00        0.00       
omega2.Emax 0.00      1.00        0.29       
omega2.ED50 0.00      0.29        1.00       
----------------------------------------------------
---------------  Statistical criteria  -------------
----------------------------------------------------
Likelihood computed by linearisation
      -2LL= 2322.62 
      AIC = 2338.62 
      BIC = 2365.007 

Likelihood computed by importance sampling
      -2LL= 2318.369 
      AIC = 2334.369 
      BIC = 2360.756 
----------------------------------------------------
Reading data from file /home/eco/work/saemix/saemixextension/simulationSuite/cont/emaxSparseProp/data/data_pdemax9.tab 
These are the first lines of the dataset as read into R. Please check the format of the data is appropriate, if not, modify the na and/or sep items and retry:
  id dose         y
1  1    0  3.896265
2  1 1000  9.606498
3  2    0  6.353565
4  2 1000 24.216959
5  3    0  4.503397
6  3 1000 28.622867


The following SaemixData object was successfully created:

Object of class SaemixData
    longitudinal data for use with the SAEM algorithm
Dataset /home/eco/work/saemix/saemixextension/simulationSuite/cont/emaxSparseProp/data/data_pdemax9.tab 
    Structured data: y ~ dose | id 
    Predictor: dose (-) 
Nonlinear mixed-effects model fit by the SAEM algorithm
-----------------------------------
----          Data             ----
-----------------------------------
Object of class SaemixData
    longitudinal data for use with the SAEM algorithm
Dataset /home/eco/work/saemix/saemixextension/simulationSuite/cont/emaxSparseProp/data/data_pdemax9.tab 
    Structured data: y ~ dose | id 
    Predictor: dose (-) 
Dataset characteristics:
    number of subjects:     200 
    number of observations: 400 
    average/min/max nb obs: 2.00  /  2  /  2 
First 10 lines of data:
   id dose         y mdv cens occ ytype
1   1    0  3.896265   0    0   1     1
2   1 1000  9.606498   0    0   1     1
3   2    0  6.353565   0    0   1     1
4   2 1000 24.216959   0    0   1     1
5   3    0  4.503397   0    0   1     1
6   3 1000 28.622867   0    0   1     1
7   4    0  3.303697   0    0   1     1
8   4 1000 16.682642   0    0   1     1
9   5    0  5.091784   0    0   1     1
10  5 1000 21.650515   0    0   1     1
-----------------------------------
----          Model            ----
-----------------------------------
Nonlinear mixed-effects model
  Model function:  PD Emax model
  Model type:  structural
function (psi, id, xidep) 
{
    dose <- xidep[, 1]
    e0 <- psi[id, 1]
    emax <- psi[id, 2]
    e50 <- psi[id, 3]
    f <- e0 + emax * dose/(e50 + dose)
    return(f)
}
<bytecode: 0x5624f519ee00>
  Nb of parameters: 3 
      parameter names:  E0 Emax ED50 
      distribution:
     Parameter Distribution Estimated
[1,] E0        log-normal   Estimated
[2,] Emax      log-normal   Estimated
[3,] ED50      log-normal   Estimated
  Variance-covariance matrix:
     E0 Emax ED50
E0    1    0    0
Emax  0    1    1
ED50  0    1    1
  Error model: proportional , initial values: b.1=0.1 
    No covariate in the model.
    Initial values
             E0 Emax ED50
Pop.CondInit  5   30  500
-----------------------------------
----    Key algorithm options  ----
-----------------------------------
    Estimation of individual parameters (MAP)
    Estimation of standard errors and linearised log-likelihood
    Estimation of log-likelihood by importance sampling
    Number of iterations:  K1=300, K2=100 
    Number of chains:  1 
    Seed:  4838928 
    Number of MCMC iterations for IS:  5000 
    Simulations:
        nb of simulated datasets used for npde:  1000 
        nb of simulated datasets used for VPC:  100 
    Input/output
        save the results to a file:  FALSE 
        save the graphs to files:  TRUE 
        directory where results should be saved:  newdir 
----------------------------------------------------
----                  Results                   ----
----------------------------------------------------
-----------------  Fixed effects  ------------------
----------------------------------------------------
     Parameter Estimate SE     CV(%)
[1,] E0          4.869   0.138  2.8 
[2,] Emax       33.027   2.653  8.0 
[3,] ED50      593.971  81.618 13.7 
[4,] b.1         0.065   0.023 36.0 
----------------------------------------------------
-----------  Variance of random effects  -----------
----------------------------------------------------
      Parameter     Estimate SE    CV(%)
E0    omega2.E0     0.09     0.013 15   
Emax  omega2.Emax   0.55     0.112 21   
ED50  omega2.ED50   0.99     0.275 28   
covar cov.Emax.ED50 0.42     0.158 38   
----------------------------------------------------
------  Correlation matrix of random effects  ------
----------------------------------------------------
            omega2.E0 omega2.Emax omega2.ED50
omega2.E0   1         0.00        0.00       
omega2.Emax 0         1.00        0.57       
omega2.ED50 0         0.57        1.00       
----------------------------------------------------
---------------  Statistical criteria  -------------
----------------------------------------------------
Likelihood computed by linearisation
      -2LL= 2248.448 
      AIC = 2264.448 
      BIC = 2290.834 

Likelihood computed by importance sampling
      -2LL= 2230.974 
      AIC = 2246.974 
      BIC = 2273.36 
----------------------------------------------------
----------------------------------------------------
-----------------  Fixed effects  ------------------
----------------------------------------------------
  Parameter Estimate     SE CV(%)
1        E0    4.869  0.138  2.83
2      Emax   33.027  2.653  8.03
3      ED50  593.971 81.618 13.74
4       b.1    0.065  0.023 36.04
----------------------------------------------------
-----------  Variance of random effects  -----------
----------------------------------------------------
         Parameter Estimate    SE CV(%)
E0       omega2.E0     0.09 0.013 15.03
Emax   omega2.Emax     0.55 0.112 20.55
ED50   omega2.ED50     0.99 0.275 27.94
1    cov.Emax.ED50     0.42 0.158 37.79
----------------------------------------------------
------  Correlation matrix of random effects  ------
----------------------------------------------------
            omega2.E0 omega2.Emax omega2.ED50
omega2.E0   1.00      0.00        0.00       
omega2.Emax 0.00      1.00        0.57       
omega2.ED50 0.00      0.57        1.00       
----------------------------------------------------
---------------  Statistical criteria  -------------
----------------------------------------------------
Likelihood computed by linearisation
      -2LL= 2248.448 
      AIC = 2264.448 
      BIC = 2290.834 

Likelihood computed by importance sampling
      -2LL= 2230.974 
      AIC = 2246.974 
      BIC = 2273.36 
----------------------------------------------------
Reading data from file /home/eco/work/saemix/saemixextension/simulationSuite/cont/emaxSparseProp/data/data_pdemax10.tab 
These are the first lines of the dataset as read into R. Please check the format of the data is appropriate, if not, modify the na and/or sep items and retry:
  id dose         y
1  1    0  5.879267
2  1 1000 31.137625
3  2    0  4.750668
4  2 1000 25.201702
5  3    0  2.764037
6  3 1000 17.808502


The following SaemixData object was successfully created:

Object of class SaemixData
    longitudinal data for use with the SAEM algorithm
Dataset /home/eco/work/saemix/saemixextension/simulationSuite/cont/emaxSparseProp/data/data_pdemax10.tab 
    Structured data: y ~ dose | id 
    Predictor: dose (-) 
Nonlinear mixed-effects model fit by the SAEM algorithm
-----------------------------------
----          Data             ----
-----------------------------------
Object of class SaemixData
    longitudinal data for use with the SAEM algorithm
Dataset /home/eco/work/saemix/saemixextension/simulationSuite/cont/emaxSparseProp/data/data_pdemax10.tab 
    Structured data: y ~ dose | id 
    Predictor: dose (-) 
Dataset characteristics:
    number of subjects:     200 
    number of observations: 400 
    average/min/max nb obs: 2.00  /  2  /  2 
First 10 lines of data:
   id dose         y mdv cens occ ytype
1   1    0  5.879267   0    0   1     1
2   1 1000 31.137625   0    0   1     1
3   2    0  4.750668   0    0   1     1
4   2 1000 25.201702   0    0   1     1
5   3    0  2.764037   0    0   1     1
6   3 1000 17.808502   0    0   1     1
7   4    0  5.701606   0    0   1     1
8   4 1000 15.834332   0    0   1     1
9   5    0  5.715779   0    0   1     1
10  5 1000 11.352302   0    0   1     1
-----------------------------------
----          Model            ----
-----------------------------------
Nonlinear mixed-effects model
  Model function:  PD Emax model
  Model type:  structural
function (psi, id, xidep) 
{
    dose <- xidep[, 1]
    e0 <- psi[id, 1]
    emax <- psi[id, 2]
    e50 <- psi[id, 3]
    f <- e0 + emax * dose/(e50 + dose)
    return(f)
}
<bytecode: 0x5624f519ee00>
  Nb of parameters: 3 
      parameter names:  E0 Emax ED50 
      distribution:
     Parameter Distribution Estimated
[1,] E0        log-normal   Estimated
[2,] Emax      log-normal   Estimated
[3,] ED50      log-normal   Estimated
  Variance-covariance matrix:
     E0 Emax ED50
E0    1    0    0
Emax  0    1    1
ED50  0    1    1
  Error model: proportional , initial values: b.1=0.1 
    No covariate in the model.
    Initial values
             E0 Emax ED50
Pop.CondInit  5   30  500
-----------------------------------
----    Key algorithm options  ----
-----------------------------------
    Estimation of individual parameters (MAP)
    Estimation of standard errors and linearised log-likelihood
    Estimation of log-likelihood by importance sampling
    Number of iterations:  K1=300, K2=100 
    Number of chains:  1 
    Seed:  4838928 
    Number of MCMC iterations for IS:  5000 
    Simulations:
        nb of simulated datasets used for npde:  1000 
        nb of simulated datasets used for VPC:  100 
    Input/output
        save the results to a file:  FALSE 
        save the graphs to files:  TRUE 
        directory where results should be saved:  newdir 
----------------------------------------------------
----                  Results                   ----
----------------------------------------------------
-----------------  Fixed effects  ------------------
----------------------------------------------------
     Parameter Estimate SE    CV(%)
[1,] E0          4.929   0.14  2.7 
[2,] Emax       29.278   2.20  7.5 
[3,] ED50      492.742  62.21 12.6 
[4,] b.1         0.087   0.02 22.8 
----------------------------------------------------
-----------  Variance of random effects  -----------
----------------------------------------------------
      Parameter     Estimate SE    CV(%)
E0    omega2.E0     0.078    0.013 16   
Emax  omega2.Emax   0.529    0.102 19   
ED50  omega2.ED50   0.717    0.223 31   
covar cov.Emax.ED50 0.337    0.135 40   
----------------------------------------------------
------  Correlation matrix of random effects  ------
----------------------------------------------------
            omega2.E0 omega2.Emax omega2.ED50
omega2.E0   1         0.00        0.00       
omega2.Emax 0         1.00        0.55       
omega2.ED50 0         0.55        1.00       
----------------------------------------------------
---------------  Statistical criteria  -------------
----------------------------------------------------
Likelihood computed by linearisation
      -2LL= 2251.519 
      AIC = 2267.519 
      BIC = 2293.905 

Likelihood computed by importance sampling
      -2LL= 2239.75 
      AIC = 2255.75 
      BIC = 2282.137 
----------------------------------------------------
----------------------------------------------------
-----------------  Fixed effects  ------------------
----------------------------------------------------
  Parameter Estimate    SE CV(%)
1        E0    4.929  0.14  2.75
2      Emax   29.278  2.20  7.52
3      ED50  492.742 62.21 12.62
4       b.1    0.087  0.02 22.76
----------------------------------------------------
-----------  Variance of random effects  -----------
----------------------------------------------------
         Parameter Estimate    SE CV(%)
E0       omega2.E0    0.078 0.013 16.18
Emax   omega2.Emax    0.529 0.102 19.21
ED50   omega2.ED50    0.717 0.223 31.13
1    cov.Emax.ED50    0.337 0.135 39.97
----------------------------------------------------
------  Correlation matrix of random effects  ------
----------------------------------------------------
            omega2.E0 omega2.Emax omega2.ED50
omega2.E0   1.00      0.00        0.00       
omega2.Emax 0.00      1.00        0.55       
omega2.ED50 0.00      0.55        1.00       
----------------------------------------------------
---------------  Statistical criteria  -------------
----------------------------------------------------
Likelihood computed by linearisation
      -2LL= 2251.519 
      AIC = 2267.519 
      BIC = 2293.905 

Likelihood computed by importance sampling
      -2LL= 2239.75 
      AIC = 2255.75 
      BIC = 2282.137 
----------------------------------------------------
Reading data from file /home/eco/work/saemix/saemixextension/simulationSuite/cont/emaxSparseProp/data/data_pdemax11.tab 
These are the first lines of the dataset as read into R. Please check the format of the data is appropriate, if not, modify the na and/or sep items and retry:
  id dose         y
1  1    0  4.564993
2  1 1000 62.467228
3  2    0  6.754215
4  2 1000 46.383717
5  3    0  3.578013
6  3 1000 35.840262


The following SaemixData object was successfully created:

Object of class SaemixData
    longitudinal data for use with the SAEM algorithm
Dataset /home/eco/work/saemix/saemixextension/simulationSuite/cont/emaxSparseProp/data/data_pdemax11.tab 
    Structured data: y ~ dose | id 
    Predictor: dose (-) 
Nonlinear mixed-effects model fit by the SAEM algorithm
-----------------------------------
----          Data             ----
-----------------------------------
Object of class SaemixData
    longitudinal data for use with the SAEM algorithm
Dataset /home/eco/work/saemix/saemixextension/simulationSuite/cont/emaxSparseProp/data/data_pdemax11.tab 
    Structured data: y ~ dose | id 
    Predictor: dose (-) 
Dataset characteristics:
    number of subjects:     200 
    number of observations: 400 
    average/min/max nb obs: 2.00  /  2  /  2 
First 10 lines of data:
   id dose         y mdv cens occ ytype
1   1    0  4.564993   0    0   1     1
2   1 1000 62.467228   0    0   1     1
3   2    0  6.754215   0    0   1     1
4   2 1000 46.383717   0    0   1     1
5   3    0  3.578013   0    0   1     1
6   3 1000 35.840262   0    0   1     1
7   4    0  6.213643   0    0   1     1
8   4 1000 28.459046   0    0   1     1
9   5    0  5.415548   0    0   1     1
10  5 1000 25.058370   0    0   1     1
-----------------------------------
----          Model            ----
-----------------------------------
Nonlinear mixed-effects model
  Model function:  PD Emax model
  Model type:  structural
function (psi, id, xidep) 
{
    dose <- xidep[, 1]
    e0 <- psi[id, 1]
    emax <- psi[id, 2]
    e50 <- psi[id, 3]
    f <- e0 + emax * dose/(e50 + dose)
    return(f)
}
<bytecode: 0x5624f519ee00>
  Nb of parameters: 3 
      parameter names:  E0 Emax ED50 
      distribution:
     Parameter Distribution Estimated
[1,] E0        log-normal   Estimated
[2,] Emax      log-normal   Estimated
[3,] ED50      log-normal   Estimated
  Variance-covariance matrix:
     E0 Emax ED50
E0    1    0    0
Emax  0    1    1
ED50  0    1    1
  Error model: proportional , initial values: b.1=0.1 
    No covariate in the model.
    Initial values
             E0 Emax ED50
Pop.CondInit  5   30  500
-----------------------------------
----    Key algorithm options  ----
-----------------------------------
    Estimation of individual parameters (MAP)
    Estimation of standard errors and linearised log-likelihood
    Estimation of log-likelihood by importance sampling
    Number of iterations:  K1=300, K2=100 
    Number of chains:  1 
    Seed:  4838928 
    Number of MCMC iterations for IS:  5000 
    Simulations:
        nb of simulated datasets used for npde:  1000 
        nb of simulated datasets used for VPC:  100 
    Input/output
        save the results to a file:  FALSE 
        save the graphs to files:  TRUE 
        directory where results should be saved:  newdir 
----------------------------------------------------
----                  Results                   ----
----------------------------------------------------
-----------------  Fixed effects  ------------------
----------------------------------------------------
     Parameter Estimate SE     CV(%)
[1,] E0          5.040   0.130  2.6 
[2,] Emax       34.551   2.785  8.1 
[3,] ED50      584.788  79.380 13.6 
[4,] b.1         0.089   0.021 23.7 
----------------------------------------------------
-----------  Variance of random effects  -----------
----------------------------------------------------
      Parameter     Estimate SE    CV(%)
E0    omega2.E0     0.069    0.012 17   
Emax  omega2.Emax   0.531    0.112 21   
ED50  omega2.ED50   0.941    0.271 29   
covar cov.Emax.ED50 0.370    0.155 42   
----------------------------------------------------
------  Correlation matrix of random effects  ------
----------------------------------------------------
            omega2.E0 omega2.Emax omega2.ED50
omega2.E0   1         0.00        0.00       
omega2.Emax 0         1.00        0.52       
omega2.ED50 0         0.52        1.00       
----------------------------------------------------
---------------  Statistical criteria  -------------
----------------------------------------------------
Likelihood computed by linearisation
      -2LL= 2287.174 
      AIC = 2303.174 
      BIC = 2329.56 

Likelihood computed by importance sampling
      -2LL= 2264.648 
      AIC = 2280.648 
      BIC = 2307.034 
----------------------------------------------------
----------------------------------------------------
-----------------  Fixed effects  ------------------
----------------------------------------------------
  Parameter Estimate     SE CV(%)
1        E0    5.040  0.130  2.59
2      Emax   34.551  2.785  8.06
3      ED50  584.788 79.380 13.57
4       b.1    0.089  0.021 23.73
----------------------------------------------------
-----------  Variance of random effects  -----------
----------------------------------------------------
         Parameter Estimate    SE CV(%)
E0       omega2.E0    0.069 0.012 16.70
Emax   omega2.Emax    0.531 0.112 21.05
ED50   omega2.ED50    0.941 0.271 28.78
1    cov.Emax.ED50    0.370 0.155 41.98
----------------------------------------------------
------  Correlation matrix of random effects  ------
----------------------------------------------------
            omega2.E0 omega2.Emax omega2.ED50
omega2.E0   1.00      0.00        0.00       
omega2.Emax 0.00      1.00        0.52       
omega2.ED50 0.00      0.52        1.00       
----------------------------------------------------
---------------  Statistical criteria  -------------
----------------------------------------------------
Likelihood computed by linearisation
      -2LL= 2287.174 
      AIC = 2303.174 
      BIC = 2329.56 

Likelihood computed by importance sampling
      -2LL= 2264.648 
      AIC = 2280.648 
      BIC = 2307.034 
----------------------------------------------------
Reading data from file /home/eco/work/saemix/saemixextension/simulationSuite/cont/emaxSparseProp/data/data_pdemax12.tab 
These are the first lines of the dataset as read into R. Please check the format of the data is appropriate, if not, modify the na and/or sep items and retry:
  id dose         y
1  1    0  4.402296
2  1 1000 15.253048
3  2    0  4.264539
4  2 1000 29.939152
5  3    0  4.421551
6  3 1000 36.028455


The following SaemixData object was successfully created:

Object of class SaemixData
    longitudinal data for use with the SAEM algorithm
Dataset /home/eco/work/saemix/saemixextension/simulationSuite/cont/emaxSparseProp/data/data_pdemax12.tab 
    Structured data: y ~ dose | id 
    Predictor: dose (-) 
Nonlinear mixed-effects model fit by the SAEM algorithm
-----------------------------------
----          Data             ----
-----------------------------------
Object of class SaemixData
    longitudinal data for use with the SAEM algorithm
Dataset /home/eco/work/saemix/saemixextension/simulationSuite/cont/emaxSparseProp/data/data_pdemax12.tab 
    Structured data: y ~ dose | id 
    Predictor: dose (-) 
Dataset characteristics:
    number of subjects:     200 
    number of observations: 400 
    average/min/max nb obs: 2.00  /  2  /  2 
First 10 lines of data:
   id dose         y mdv cens occ ytype
1   1    0  4.402296   0    0   1     1
2   1 1000 15.253048   0    0   1     1
3   2    0  4.264539   0    0   1     1
4   2 1000 29.939152   0    0   1     1
5   3    0  4.421551   0    0   1     1
6   3 1000 36.028455   0    0   1     1
7   4    0  6.192402   0    0   1     1
8   4 1000  8.518889   0    0   1     1
9   5    0  3.640400   0    0   1     1
10  5 1000 19.335297   0    0   1     1
-----------------------------------
----          Model            ----
-----------------------------------
Nonlinear mixed-effects model
  Model function:  PD Emax model
  Model type:  structural
function (psi, id, xidep) 
{
    dose <- xidep[, 1]
    e0 <- psi[id, 1]
    emax <- psi[id, 2]
    e50 <- psi[id, 3]
    f <- e0 + emax * dose/(e50 + dose)
    return(f)
}
<bytecode: 0x5624f519ee00>
  Nb of parameters: 3 
      parameter names:  E0 Emax ED50 
      distribution:
     Parameter Distribution Estimated
[1,] E0        log-normal   Estimated
[2,] Emax      log-normal   Estimated
[3,] ED50      log-normal   Estimated
  Variance-covariance matrix:
     E0 Emax ED50
E0    1    0    0
Emax  0    1    1
ED50  0    1    1
  Error model: proportional , initial values: b.1=0.1 
    No covariate in the model.
    Initial values
             E0 Emax ED50
Pop.CondInit  5   30  500
-----------------------------------
----    Key algorithm options  ----
-----------------------------------
    Estimation of individual parameters (MAP)
    Estimation of standard errors and linearised log-likelihood
    Estimation of log-likelihood by importance sampling
    Number of iterations:  K1=300, K2=100 
    Number of chains:  1 
    Seed:  4838928 
    Number of MCMC iterations for IS:  5000 
    Simulations:
        nb of simulated datasets used for npde:  1000 
        nb of simulated datasets used for VPC:  100 
    Input/output
        save the results to a file:  FALSE 
        save the graphs to files:  TRUE 
        directory where results should be saved:  newdir 
----------------------------------------------------
----                  Results                   ----
----------------------------------------------------
-----------------  Fixed effects  ------------------
----------------------------------------------------
     Parameter Estimate SE    CV(%)
[1,] E0          4.93    0.16  3.2 
[2,] Emax       26.57    1.99  7.5 
[3,] ED50      464.23   58.34 12.6 
[4,] b.1         0.11    0.02 18.5 
----------------------------------------------------
-----------  Variance of random effects  -----------
----------------------------------------------------
      Parameter     Estimate SE    CV(%)
E0    omega2.E0     0.10     0.017 16   
Emax  omega2.Emax   0.52     0.103 20   
ED50  omega2.ED50   0.39     0.202 52   
covar cov.Emax.ED50 0.19     0.127 65   
----------------------------------------------------
------  Correlation matrix of random effects  ------
----------------------------------------------------
            omega2.E0 omega2.Emax omega2.ED50
omega2.E0   1         0.00        0.00       
omega2.Emax 0         1.00        0.43       
omega2.ED50 0         0.43        1.00       
----------------------------------------------------
---------------  Statistical criteria  -------------
----------------------------------------------------
Likelihood computed by linearisation
      -2LL= 2261.557 
      AIC = 2277.557 
      BIC = 2303.944 

Likelihood computed by importance sampling
      -2LL= 2259.282 
      AIC = 2275.282 
      BIC = 2301.668 
----------------------------------------------------
----------------------------------------------------
-----------------  Fixed effects  ------------------
----------------------------------------------------
  Parameter Estimate    SE CV(%)
1        E0     4.93  0.16  3.18
2      Emax    26.57  1.99  7.48
3      ED50   464.23 58.34 12.57
4       b.1     0.11  0.02 18.51
----------------------------------------------------
-----------  Variance of random effects  -----------
----------------------------------------------------
         Parameter Estimate    SE CV(%)
E0       omega2.E0     0.10 0.017 16.31
Emax   omega2.Emax     0.52 0.103 19.67
ED50   omega2.ED50     0.39 0.202 52.39
1    cov.Emax.ED50     0.19 0.127 65.25
----------------------------------------------------
------  Correlation matrix of random effects  ------
----------------------------------------------------
            omega2.E0 omega2.Emax omega2.ED50
omega2.E0   1.00      0.00        0.00       
omega2.Emax 0.00      1.00        0.43       
omega2.ED50 0.00      0.43        1.00       
----------------------------------------------------
---------------  Statistical criteria  -------------
----------------------------------------------------
Likelihood computed by linearisation
      -2LL= 2261.557 
      AIC = 2277.557 
      BIC = 2303.944 

Likelihood computed by importance sampling
      -2LL= 2259.282 
      AIC = 2275.282 
      BIC = 2301.668 
----------------------------------------------------
Reading data from file /home/eco/work/saemix/saemixextension/simulationSuite/cont/emaxSparseProp/data/data_pdemax13.tab 
These are the first lines of the dataset as read into R. Please check the format of the data is appropriate, if not, modify the na and/or sep items and retry:
  id dose         y
1  1    0  6.124518
2  1 1000 25.210852
3  2    0  7.356988
4  2 1000 18.531809
5  3    0  4.820332
6  3 1000 33.240935


The following SaemixData object was successfully created:

Object of class SaemixData
    longitudinal data for use with the SAEM algorithm
Dataset /home/eco/work/saemix/saemixextension/simulationSuite/cont/emaxSparseProp/data/data_pdemax13.tab 
    Structured data: y ~ dose | id 
    Predictor: dose (-) 
Nonlinear mixed-effects model fit by the SAEM algorithm
-----------------------------------
----          Data             ----
-----------------------------------
Object of class SaemixData
    longitudinal data for use with the SAEM algorithm
Dataset /home/eco/work/saemix/saemixextension/simulationSuite/cont/emaxSparseProp/data/data_pdemax13.tab 
    Structured data: y ~ dose | id 
    Predictor: dose (-) 
Dataset characteristics:
    number of subjects:     200 
    number of observations: 400 
    average/min/max nb obs: 2.00  /  2  /  2 
First 10 lines of data:
   id dose         y mdv cens occ ytype
1   1    0  6.124518   0    0   1     1
2   1 1000 25.210852   0    0   1     1
3   2    0  7.356988   0    0   1     1
4   2 1000 18.531809   0    0   1     1
5   3    0  4.820332   0    0   1     1
6   3 1000 33.240935   0    0   1     1
7   4    0  3.592079   0    0   1     1
8   4 1000 15.059479   0    0   1     1
9   5    0  5.480220   0    0   1     1
10  5 1000 41.239165   0    0   1     1
-----------------------------------
----          Model            ----
-----------------------------------
Nonlinear mixed-effects model
  Model function:  PD Emax model
  Model type:  structural
function (psi, id, xidep) 
{
    dose <- xidep[, 1]
    e0 <- psi[id, 1]
    emax <- psi[id, 2]
    e50 <- psi[id, 3]
    f <- e0 + emax * dose/(e50 + dose)
    return(f)
}
<bytecode: 0x5624f519ee00>
  Nb of parameters: 3 
      parameter names:  E0 Emax ED50 
      distribution:
     Parameter Distribution Estimated
[1,] E0        log-normal   Estimated
[2,] Emax      log-normal   Estimated
[3,] ED50      log-normal   Estimated
  Variance-covariance matrix:
     E0 Emax ED50
E0    1    0    0
Emax  0    1    1
ED50  0    1    1
  Error model: proportional , initial values: b.1=0.1 
    No covariate in the model.
    Initial values
             E0 Emax ED50
Pop.CondInit  5   30  500
-----------------------------------
----    Key algorithm options  ----
-----------------------------------
    Estimation of individual parameters (MAP)
    Estimation of standard errors and linearised log-likelihood
    Estimation of log-likelihood by importance sampling
    Number of iterations:  K1=300, K2=100 
    Number of chains:  1 
    Seed:  4838928 
    Number of MCMC iterations for IS:  5000 
    Simulations:
        nb of simulated datasets used for npde:  1000 
        nb of simulated datasets used for VPC:  100 
    Input/output
        save the results to a file:  FALSE 
        save the graphs to files:  TRUE 
        directory where results should be saved:  newdir 
----------------------------------------------------
----                  Results                   ----
----------------------------------------------------
-----------------  Fixed effects  ------------------
----------------------------------------------------
     Parameter Estimate SE     CV(%)
[1,] E0          5.038   0.150  3.0 
[2,] Emax       29.821   2.034  6.8 
[3,] ED50      489.696  55.916 11.4 
[4,] b.1         0.036   0.033 92.0 
----------------------------------------------------
-----------  Variance of random effects  -----------
----------------------------------------------------
      Parameter     Estimate SE    CV(%)
E0    omega2.E0     0.11     0.015 14   
Emax  omega2.Emax   0.53     0.089 17   
ED50  omega2.ED50   0.62     0.181 29   
covar cov.Emax.ED50 0.26     0.111 42   
----------------------------------------------------
------  Correlation matrix of random effects  ------
----------------------------------------------------
            omega2.E0 omega2.Emax omega2.ED50
omega2.E0   1         0.00        0.00       
omega2.Emax 0         1.00        0.46       
omega2.ED50 0         0.46        1.00       
----------------------------------------------------
---------------  Statistical criteria  -------------
----------------------------------------------------
Likelihood computed by linearisation
      -2LL= 2276.589 
      AIC = 2292.589 
      BIC = 2318.975 

Likelihood computed by importance sampling
      -2LL= 2269.163 
      AIC = 2285.163 
      BIC = 2311.55 
----------------------------------------------------
----------------------------------------------------
-----------------  Fixed effects  ------------------
----------------------------------------------------
  Parameter Estimate     SE CV(%)
1        E0    5.038  0.150  2.97
2      Emax   29.821  2.034  6.82
3      ED50  489.696 55.916 11.42
4       b.1    0.036  0.033 92.02
----------------------------------------------------
-----------  Variance of random effects  -----------
----------------------------------------------------
         Parameter Estimate    SE CV(%)
E0       omega2.E0     0.11 0.015 13.97
Emax   omega2.Emax     0.53 0.089 16.84
ED50   omega2.ED50     0.62 0.181 29.16
1    cov.Emax.ED50     0.26 0.111 42.25
----------------------------------------------------
------  Correlation matrix of random effects  ------
----------------------------------------------------
            omega2.E0 omega2.Emax omega2.ED50
omega2.E0   1.00      0.00        0.00       
omega2.Emax 0.00      1.00        0.46       
omega2.ED50 0.00      0.46        1.00       
----------------------------------------------------
---------------  Statistical criteria  -------------
----------------------------------------------------
Likelihood computed by linearisation
      -2LL= 2276.589 
      AIC = 2292.589 
      BIC = 2318.975 

Likelihood computed by importance sampling
      -2LL= 2269.163 
      AIC = 2285.163 
      BIC = 2311.55 
----------------------------------------------------
Reading data from file /home/eco/work/saemix/saemixextension/simulationSuite/cont/emaxSparseProp/data/data_pdemax14.tab 
These are the first lines of the dataset as read into R. Please check the format of the data is appropriate, if not, modify the na and/or sep items and retry:
  id dose         y
1  1    0  5.611047
2  1 1000 28.180443
3  2    0  5.328465
4  2 1000 26.199757
5  3    0  5.654500
6  3 1000 15.533247


The following SaemixData object was successfully created:

Object of class SaemixData
    longitudinal data for use with the SAEM algorithm
Dataset /home/eco/work/saemix/saemixextension/simulationSuite/cont/emaxSparseProp/data/data_pdemax14.tab 
    Structured data: y ~ dose | id 
    Predictor: dose (-) 
Nonlinear mixed-effects model fit by the SAEM algorithm
-----------------------------------
----          Data             ----
-----------------------------------
Object of class SaemixData
    longitudinal data for use with the SAEM algorithm
Dataset /home/eco/work/saemix/saemixextension/simulationSuite/cont/emaxSparseProp/data/data_pdemax14.tab 
    Structured data: y ~ dose | id 
    Predictor: dose (-) 
Dataset characteristics:
    number of subjects:     200 
    number of observations: 400 
    average/min/max nb obs: 2.00  /  2  /  2 
First 10 lines of data:
   id dose         y mdv cens occ ytype
1   1    0  5.611047   0    0   1     1
2   1 1000 28.180443   0    0   1     1
3   2    0  5.328465   0    0   1     1
4   2 1000 26.199757   0    0   1     1
5   3    0  5.654500   0    0   1     1
6   3 1000 15.533247   0    0   1     1
7   4    0  4.403891   0    0   1     1
8   4 1000 18.339023   0    0   1     1
9   5    0  3.291282   0    0   1     1
10  5 1000 31.932835   0    0   1     1
-----------------------------------
----          Model            ----
-----------------------------------
Nonlinear mixed-effects model
  Model function:  PD Emax model
  Model type:  structural
function (psi, id, xidep) 
{
    dose <- xidep[, 1]
    e0 <- psi[id, 1]
    emax <- psi[id, 2]
    e50 <- psi[id, 3]
    f <- e0 + emax * dose/(e50 + dose)
    return(f)
}
<bytecode: 0x5624f519ee00>
  Nb of parameters: 3 
      parameter names:  E0 Emax ED50 
      distribution:
     Parameter Distribution Estimated
[1,] E0        log-normal   Estimated
[2,] Emax      log-normal   Estimated
[3,] ED50      log-normal   Estimated
  Variance-covariance matrix:
     E0 Emax ED50
E0    1    0    0
Emax  0    1    1
ED50  0    1    1
  Error model: proportional , initial values: b.1=0.1 
    No covariate in the model.
    Initial values
             E0 Emax ED50
Pop.CondInit  5   30  500
-----------------------------------
----    Key algorithm options  ----
-----------------------------------
    Estimation of individual parameters (MAP)
    Estimation of standard errors and linearised log-likelihood
    Estimation of log-likelihood by importance sampling
    Number of iterations:  K1=300, K2=100 
    Number of chains:  1 
    Seed:  4838928 
    Number of MCMC iterations for IS:  5000 
    Simulations:
        nb of simulated datasets used for npde:  1000 
        nb of simulated datasets used for VPC:  100 
    Input/output
        save the results to a file:  FALSE 
        save the graphs to files:  TRUE 
        directory where results should be saved:  newdir 
----------------------------------------------------
----                  Results                   ----
----------------------------------------------------
-----------------  Fixed effects  ------------------
----------------------------------------------------
     Parameter Estimate SE     CV(%)
[1,] E0          5.206   0.153  2.9 
[2,] Emax       34.757   2.494  7.2 
[3,] ED50      702.434  84.100 12.0 
[4,] b.1         0.098   0.019 19.0 
----------------------------------------------------
-----------  Variance of random effects  -----------
----------------------------------------------------
      Parameter     Estimate SE    CV(%)
E0    omega2.E0     0.097    0.015   15 
Emax  omega2.Emax   0.306    0.080   26 
ED50  omega2.ED50   0.381    0.179   47 
covar cov.Emax.ED50 0.003    0.096 3160 
----------------------------------------------------
------  Correlation matrix of random effects  ------
----------------------------------------------------
            omega2.E0 omega2.Emax omega2.ED50
omega2.E0   1         0.0000      0.0000     
omega2.Emax 0         1.0000      0.0089     
omega2.ED50 0         0.0089      1.0000     
----------------------------------------------------
---------------  Statistical criteria  -------------
----------------------------------------------------
Likelihood computed by linearisation
      -2LL= 2286.432 
      AIC = 2302.432 
      BIC = 2328.818 

Likelihood computed by importance sampling
      -2LL= 2280.093 
      AIC = 2296.093 
      BIC = 2322.48 
----------------------------------------------------
----------------------------------------------------
-----------------  Fixed effects  ------------------
----------------------------------------------------
  Parameter Estimate     SE CV(%)
1        E0    5.206  0.153  2.95
2      Emax   34.757  2.494  7.18
3      ED50  702.434 84.100 11.97
4       b.1    0.098  0.019 18.99
----------------------------------------------------
-----------  Variance of random effects  -----------
----------------------------------------------------
         Parameter Estimate    SE   CV(%)
E0       omega2.E0    0.097 0.015   15.42
Emax   omega2.Emax    0.306 0.080   26.14
ED50   omega2.ED50    0.381 0.179   46.97
1    cov.Emax.ED50    0.003 0.096 3160.39
----------------------------------------------------
------  Correlation matrix of random effects  ------
----------------------------------------------------
            omega2.E0 omega2.Emax omega2.ED50
omega2.E0   1.00      0.0000      0.0000     
omega2.Emax 0.00      1.0000      0.0089     
omega2.ED50 0.00      0.0089      1.0000     
----------------------------------------------------
---------------  Statistical criteria  -------------
----------------------------------------------------
Likelihood computed by linearisation
      -2LL= 2286.432 
      AIC = 2302.432 
      BIC = 2328.818 

Likelihood computed by importance sampling
      -2LL= 2280.093 
      AIC = 2296.093 
      BIC = 2322.48 
----------------------------------------------------
Reading data from file /home/eco/work/saemix/saemixextension/simulationSuite/cont/emaxSparseProp/data/data_pdemax15.tab 
These are the first lines of the dataset as read into R. Please check the format of the data is appropriate, if not, modify the na and/or sep items and retry:
  id dose         y
1  1    0  5.390137
2  1 1000  9.798521
3  2    0  6.336618
4  2 1000 18.667563
5  3    0  4.464729
6  3 1000 36.328446


The following SaemixData object was successfully created:

Object of class SaemixData
    longitudinal data for use with the SAEM algorithm
Dataset /home/eco/work/saemix/saemixextension/simulationSuite/cont/emaxSparseProp/data/data_pdemax15.tab 
    Structured data: y ~ dose | id 
    Predictor: dose (-) 
Nonlinear mixed-effects model fit by the SAEM algorithm
-----------------------------------
----          Data             ----
-----------------------------------
Object of class SaemixData
    longitudinal data for use with the SAEM algorithm
Dataset /home/eco/work/saemix/saemixextension/simulationSuite/cont/emaxSparseProp/data/data_pdemax15.tab 
    Structured data: y ~ dose | id 
    Predictor: dose (-) 
Dataset characteristics:
    number of subjects:     200 
    number of observations: 400 
    average/min/max nb obs: 2.00  /  2  /  2 
First 10 lines of data:
   id dose         y mdv cens occ ytype
1   1    0  5.390137   0    0   1     1
2   1 1000  9.798521   0    0   1     1
3   2    0  6.336618   0    0   1     1
4   2 1000 18.667563   0    0   1     1
5   3    0  4.464729   0    0   1     1
6   3 1000 36.328446   0    0   1     1
7   4    0  4.945104   0    0   1     1
8   4 1000 41.548149   0    0   1     1
9   5    0  2.943195   0    0   1     1
10  5 1000 19.572769   0    0   1     1
-----------------------------------
----          Model            ----
-----------------------------------
Nonlinear mixed-effects model
  Model function:  PD Emax model
  Model type:  structural
function (psi, id, xidep) 
{
    dose <- xidep[, 1]
    e0 <- psi[id, 1]
    emax <- psi[id, 2]
    e50 <- psi[id, 3]
    f <- e0 + emax * dose/(e50 + dose)
    return(f)
}
<bytecode: 0x5624f519ee00>
  Nb of parameters: 3 
      parameter names:  E0 Emax ED50 
      distribution:
     Parameter Distribution Estimated
[1,] E0        log-normal   Estimated
[2,] Emax      log-normal   Estimated
[3,] ED50      log-normal   Estimated
  Variance-covariance matrix:
     E0 Emax ED50
E0    1    0    0
Emax  0    1    1
ED50  0    1    1
  Error model: proportional , initial values: b.1=0.1 
    No covariate in the model.
    Initial values
             E0 Emax ED50
Pop.CondInit  5   30  500
-----------------------------------
----    Key algorithm options  ----
-----------------------------------
    Estimation of individual parameters (MAP)
    Estimation of standard errors and linearised log-likelihood
    Estimation of log-likelihood by importance sampling
    Number of iterations:  K1=300, K2=100 
    Number of chains:  1 
    Seed:  4838928 
    Number of MCMC iterations for IS:  5000 
    Simulations:
        nb of simulated datasets used for npde:  1000 
        nb of simulated datasets used for VPC:  100 
    Input/output
        save the results to a file:  FALSE 
        save the graphs to files:  TRUE 
        directory where results should be saved:  newdir 
----------------------------------------------------
----                  Results                   ----
----------------------------------------------------
-----------------  Fixed effects  ------------------
----------------------------------------------------
     Parameter Estimate SE     CV(%)
[1,] E0          5.15    0.144  2.8 
[2,] Emax       35.16    3.417  9.7 
[3,] ED50      655.56   96.154 14.7 
[4,] b.1         0.08    0.023 28.3 
----------------------------------------------------
-----------  Variance of random effects  -----------
----------------------------------------------------
      Parameter     Estimate SE    CV(%)
E0    omega2.E0     0.084    0.013 16   
Emax  omega2.Emax   0.859    0.167 19   
ED50  omega2.ED50   1.054    0.323 31   
covar cov.Emax.ED50 0.731    0.217 30   
----------------------------------------------------
------  Correlation matrix of random effects  ------
----------------------------------------------------
            omega2.E0 omega2.Emax omega2.ED50
omega2.E0   1         0.00        0.00       
omega2.Emax 0         1.00        0.77       
omega2.ED50 0         0.77        1.00       
----------------------------------------------------
---------------  Statistical criteria  -------------
----------------------------------------------------
Likelihood computed by linearisation
      -2LL= 2268.209 
      AIC = 2284.209 
      BIC = 2310.595 

Likelihood computed by importance sampling
      -2LL= 2249.039 
      AIC = 2265.039 
      BIC = 2291.426 
----------------------------------------------------
----------------------------------------------------
-----------------  Fixed effects  ------------------
----------------------------------------------------
  Parameter Estimate     SE CV(%)
1        E0     5.15  0.144  2.80
2      Emax    35.16  3.417  9.72
3      ED50   655.56 96.154 14.67
4       b.1     0.08  0.023 28.33
----------------------------------------------------
-----------  Variance of random effects  -----------
----------------------------------------------------
         Parameter Estimate    SE CV(%)
E0       omega2.E0    0.084 0.013 15.83
Emax   omega2.Emax    0.859 0.167 19.38
ED50   omega2.ED50    1.054 0.323 30.65
1    cov.Emax.ED50    0.731 0.217 29.68
----------------------------------------------------
------  Correlation matrix of random effects  ------
----------------------------------------------------
            omega2.E0 omega2.Emax omega2.ED50
omega2.E0   1.00      0.00        0.00       
omega2.Emax 0.00      1.00        0.77       
omega2.ED50 0.00      0.77        1.00       
----------------------------------------------------
---------------  Statistical criteria  -------------
----------------------------------------------------
Likelihood computed by linearisation
      -2LL= 2268.209 
      AIC = 2284.209 
      BIC = 2310.595 

Likelihood computed by importance sampling
      -2LL= 2249.039 
      AIC = 2265.039 
      BIC = 2291.426 
----------------------------------------------------
Reading data from file /home/eco/work/saemix/saemixextension/simulationSuite/cont/emaxSparseProp/data/data_pdemax16.tab 
These are the first lines of the dataset as read into R. Please check the format of the data is appropriate, if not, modify the na and/or sep items and retry:
  id dose         y
1  1    0  4.466132
2  1 1000 19.433778
3  2    0  6.344524
4  2 1000 23.172313
5  3    0  4.730229
6  3 1000 53.461030


The following SaemixData object was successfully created:

Object of class SaemixData
    longitudinal data for use with the SAEM algorithm
Dataset /home/eco/work/saemix/saemixextension/simulationSuite/cont/emaxSparseProp/data/data_pdemax16.tab 
    Structured data: y ~ dose | id 
    Predictor: dose (-) 
Nonlinear mixed-effects model fit by the SAEM algorithm
-----------------------------------
----          Data             ----
-----------------------------------
Object of class SaemixData
    longitudinal data for use with the SAEM algorithm
Dataset /home/eco/work/saemix/saemixextension/simulationSuite/cont/emaxSparseProp/data/data_pdemax16.tab 
    Structured data: y ~ dose | id 
    Predictor: dose (-) 
Dataset characteristics:
    number of subjects:     200 
    number of observations: 400 
    average/min/max nb obs: 2.00  /  2  /  2 
First 10 lines of data:
   id dose         y mdv cens occ ytype
1   1    0  4.466132   0    0   1     1
2   1 1000 19.433778   0    0   1     1
3   2    0  6.344524   0    0   1     1
4   2 1000 23.172313   0    0   1     1
5   3    0  4.730229   0    0   1     1
6   3 1000 53.461030   0    0   1     1
7   4    0  5.357328   0    0   1     1
8   4 1000 25.555053   0    0   1     1
9   5    0  4.985836   0    0   1     1
10  5 1000 27.979691   0    0   1     1
-----------------------------------
----          Model            ----
-----------------------------------
Nonlinear mixed-effects model
  Model function:  PD Emax model
  Model type:  structural
function (psi, id, xidep) 
{
    dose <- xidep[, 1]
    e0 <- psi[id, 1]
    emax <- psi[id, 2]
    e50 <- psi[id, 3]
    f <- e0 + emax * dose/(e50 + dose)
    return(f)
}
<bytecode: 0x5624f519ee00>
  Nb of parameters: 3 
      parameter names:  E0 Emax ED50 
      distribution:
     Parameter Distribution Estimated
[1,] E0        log-normal   Estimated
[2,] Emax      log-normal   Estimated
[3,] ED50      log-normal   Estimated
  Variance-covariance matrix:
     E0 Emax ED50
E0    1    0    0
Emax  0    1    1
ED50  0    1    1
  Error model: proportional , initial values: b.1=0.1 
    No covariate in the model.
    Initial values
             E0 Emax ED50
Pop.CondInit  5   30  500
-----------------------------------
----    Key algorithm options  ----
-----------------------------------
    Estimation of individual parameters (MAP)
    Estimation of standard errors and linearised log-likelihood
    Estimation of log-likelihood by importance sampling
    Number of iterations:  K1=300, K2=100 
    Number of chains:  1 
    Seed:  4838928 
    Number of MCMC iterations for IS:  5000 
    Simulations:
        nb of simulated datasets used for npde:  1000 
        nb of simulated datasets used for VPC:  100 
    Input/output
        save the results to a file:  FALSE 
        save the graphs to files:  TRUE 
        directory where results should be saved:  newdir 
----------------------------------------------------
----                  Results                   ----
----------------------------------------------------
-----------------  Fixed effects  ------------------
----------------------------------------------------
     Parameter Estimate SE     CV(%)
[1,] E0          5.080   0.147  2.9 
[2,] Emax       30.967   2.362  7.6 
[3,] ED50      494.538  58.242 11.8 
[4,] b.1         0.059   0.026 43.1 
----------------------------------------------------
-----------  Variance of random effects  -----------
----------------------------------------------------
      Parameter     Estimate SE    CV(%)
E0    omega2.E0     0.093    0.014 15   
Emax  omega2.Emax   0.687    0.115 17   
ED50  omega2.ED50   0.618    0.210 34   
covar cov.Emax.ED50 0.459    0.144 31   
----------------------------------------------------
------  Correlation matrix of random effects  ------
----------------------------------------------------
            omega2.E0 omega2.Emax omega2.ED50
omega2.E0   1         0.0         0.0        
omega2.Emax 0         1.0         0.7        
omega2.ED50 0         0.7         1.0        
----------------------------------------------------
---------------  Statistical criteria  -------------
----------------------------------------------------
Likelihood computed by linearisation
      -2LL= 2264.167 
      AIC = 2280.167 
      BIC = 2306.553 

Likelihood computed by importance sampling
      -2LL= 2262.221 
      AIC = 2278.221 
      BIC = 2304.607 
----------------------------------------------------
----------------------------------------------------
-----------------  Fixed effects  ------------------
----------------------------------------------------
  Parameter Estimate     SE CV(%)
1        E0    5.080  0.147  2.89
2      Emax   30.967  2.362  7.63
3      ED50  494.538 58.242 11.78
4       b.1    0.059  0.026 43.07
----------------------------------------------------
-----------  Variance of random effects  -----------
----------------------------------------------------
         Parameter Estimate    SE CV(%)
E0       omega2.E0    0.093 0.014 14.83
Emax   omega2.Emax    0.687 0.115 16.79
ED50   omega2.ED50    0.618 0.210 33.97
1    cov.Emax.ED50    0.459 0.144 31.38
----------------------------------------------------
------  Correlation matrix of random effects  ------
----------------------------------------------------
            omega2.E0 omega2.Emax omega2.ED50
omega2.E0   1.00      0.00        0.00       
omega2.Emax 0.00      1.00        0.70       
omega2.ED50 0.00      0.70        1.00       
----------------------------------------------------
---------------  Statistical criteria  -------------
----------------------------------------------------
Likelihood computed by linearisation
      -2LL= 2264.167 
      AIC = 2280.167 
      BIC = 2306.553 

Likelihood computed by importance sampling
      -2LL= 2262.221 
      AIC = 2278.221 
      BIC = 2304.607 
----------------------------------------------------
Reading data from file /home/eco/work/saemix/saemixextension/simulationSuite/cont/emaxSparseProp/data/data_pdemax17.tab 
These are the first lines of the dataset as read into R. Please check the format of the data is appropriate, if not, modify the na and/or sep items and retry:
  id dose         y
1  1    0  6.322570
2  1 1000 41.668646
3  2    0  5.842108
4  2 1000 25.111671
5  3    0  5.279807
6  3 1000 18.303941


The following SaemixData object was successfully created:

Object of class SaemixData
    longitudinal data for use with the SAEM algorithm
Dataset /home/eco/work/saemix/saemixextension/simulationSuite/cont/emaxSparseProp/data/data_pdemax17.tab 
    Structured data: y ~ dose | id 
    Predictor: dose (-) 
Nonlinear mixed-effects model fit by the SAEM algorithm
-----------------------------------
----          Data             ----
-----------------------------------
Object of class SaemixData
    longitudinal data for use with the SAEM algorithm
Dataset /home/eco/work/saemix/saemixextension/simulationSuite/cont/emaxSparseProp/data/data_pdemax17.tab 
    Structured data: y ~ dose | id 
    Predictor: dose (-) 
Dataset characteristics:
    number of subjects:     200 
    number of observations: 400 
    average/min/max nb obs: 2.00  /  2  /  2 
First 10 lines of data:
   id dose         y mdv cens occ ytype
1   1    0  6.322570   0    0   1     1
2   1 1000 41.668646   0    0   1     1
3   2    0  5.842108   0    0   1     1
4   2 1000 25.111671   0    0   1     1
5   3    0  5.279807   0    0   1     1
6   3 1000 18.303941   0    0   1     1
7   4    0  4.649225   0    0   1     1
8   4 1000 18.438772   0    0   1     1
9   5    0  4.329700   0    0   1     1
10  5 1000 18.546538   0    0   1     1
-----------------------------------
----          Model            ----
-----------------------------------
Nonlinear mixed-effects model
  Model function:  PD Emax model
  Model type:  structural
function (psi, id, xidep) 
{
    dose <- xidep[, 1]
    e0 <- psi[id, 1]
    emax <- psi[id, 2]
    e50 <- psi[id, 3]
    f <- e0 + emax * dose/(e50 + dose)
    return(f)
}
<bytecode: 0x5624f519ee00>
  Nb of parameters: 3 
      parameter names:  E0 Emax ED50 
      distribution:
     Parameter Distribution Estimated
[1,] E0        log-normal   Estimated
[2,] Emax      log-normal   Estimated
[3,] ED50      log-normal   Estimated
  Variance-covariance matrix:
     E0 Emax ED50
E0    1    0    0
Emax  0    1    1
ED50  0    1    1
  Error model: proportional , initial values: b.1=0.1 
    No covariate in the model.
    Initial values
             E0 Emax ED50
Pop.CondInit  5   30  500
-----------------------------------
----    Key algorithm options  ----
-----------------------------------
    Estimation of individual parameters (MAP)
    Estimation of standard errors and linearised log-likelihood
    Estimation of log-likelihood by importance sampling
    Number of iterations:  K1=300, K2=100 
    Number of chains:  1 
    Seed:  4838928 
    Number of MCMC iterations for IS:  5000 
    Simulations:
        nb of simulated datasets used for npde:  1000 
        nb of simulated datasets used for VPC:  100 
    Input/output
        save the results to a file:  FALSE 
        save the graphs to files:  TRUE 
        directory where results should be saved:  newdir 
----------------------------------------------------
----                  Results                   ----
----------------------------------------------------
-----------------  Fixed effects  ------------------
----------------------------------------------------
     Parameter Estimate SE     CV(%)
[1,] E0          4.920   0.151  3.1 
[2,] Emax       27.897   1.919  6.9 
[3,] ED50      468.489  59.062 12.6 
[4,] b.1         0.095   0.022 22.7 
----------------------------------------------------
-----------  Variance of random effects  -----------
----------------------------------------------------
      Parameter     Estimate SE    CV(%)
E0    omega2.E0     0.098    0.015 16   
Emax  omega2.Emax   0.405    0.087 22   
ED50  omega2.ED50   0.665    0.229 34   
covar cov.Emax.ED50 0.214    0.124 58   
----------------------------------------------------
------  Correlation matrix of random effects  ------
----------------------------------------------------
            omega2.E0 omega2.Emax omega2.ED50
omega2.E0   1         0.00        0.00       
omega2.Emax 0         1.00        0.41       
omega2.ED50 0         0.41        1.00       
----------------------------------------------------
---------------  Statistical criteria  -------------
----------------------------------------------------
Likelihood computed by linearisation
      -2LL= 2246.633 
      AIC = 2262.633 
      BIC = 2289.02 

Likelihood computed by importance sampling
      -2LL= 2227.019 
      AIC = 2243.019 
      BIC = 2269.405 
----------------------------------------------------
----------------------------------------------------
-----------------  Fixed effects  ------------------
----------------------------------------------------
  Parameter Estimate     SE CV(%)
1        E0    4.920  0.151  3.07
2      Emax   27.897  1.919  6.88
3      ED50  468.489 59.062 12.61
4       b.1    0.095  0.022 22.72
----------------------------------------------------
-----------  Variance of random effects  -----------
----------------------------------------------------
         Parameter Estimate    SE CV(%)
E0       omega2.E0    0.098 0.015 15.86
Emax   omega2.Emax    0.405 0.087 21.55
ED50   omega2.ED50    0.665 0.229 34.40
1    cov.Emax.ED50    0.214 0.124 57.75
----------------------------------------------------
------  Correlation matrix of random effects  ------
----------------------------------------------------
            omega2.E0 omega2.Emax omega2.ED50
omega2.E0   1.00      0.00        0.00       
omega2.Emax 0.00      1.00        0.41       
omega2.ED50 0.00      0.41        1.00       
----------------------------------------------------
---------------  Statistical criteria  -------------
----------------------------------------------------
Likelihood computed by linearisation
      -2LL= 2246.633 
      AIC = 2262.633 
      BIC = 2289.02 

Likelihood computed by importance sampling
      -2LL= 2227.019 
      AIC = 2243.019 
      BIC = 2269.405 
----------------------------------------------------
Reading data from file /home/eco/work/saemix/saemixextension/simulationSuite/cont/emaxSparseProp/data/data_pdemax18.tab 
These are the first lines of the dataset as read into R. Please check the format of the data is appropriate, if not, modify the na and/or sep items and retry:
  id dose         y
1  1    0  3.212961
2  1 1000 29.126511
3  2    0  2.664907
4  2 1000 28.007432
5  3    0  4.515936
6  3 1000 10.192639


The following SaemixData object was successfully created:

Object of class SaemixData
    longitudinal data for use with the SAEM algorithm
Dataset /home/eco/work/saemix/saemixextension/simulationSuite/cont/emaxSparseProp/data/data_pdemax18.tab 
    Structured data: y ~ dose | id 
    Predictor: dose (-) 
Nonlinear mixed-effects model fit by the SAEM algorithm
-----------------------------------
----          Data             ----
-----------------------------------
Object of class SaemixData
    longitudinal data for use with the SAEM algorithm
Dataset /home/eco/work/saemix/saemixextension/simulationSuite/cont/emaxSparseProp/data/data_pdemax18.tab 
    Structured data: y ~ dose | id 
    Predictor: dose (-) 
Dataset characteristics:
    number of subjects:     200 
    number of observations: 400 
    average/min/max nb obs: 2.00  /  2  /  2 
First 10 lines of data:
   id dose         y mdv cens occ ytype
1   1    0  3.212961   0    0   1     1
2   1 1000 29.126511   0    0   1     1
3   2    0  2.664907   0    0   1     1
4   2 1000 28.007432   0    0   1     1
5   3    0  4.515936   0    0   1     1
6   3 1000 10.192639   0    0   1     1
7   4    0  3.485169   0    0   1     1
8   4 1000 21.248200   0    0   1     1
9   5    0  3.209279   0    0   1     1
10  5 1000 36.472374   0    0   1     1
-----------------------------------
----          Model            ----
-----------------------------------
Nonlinear mixed-effects model
  Model function:  PD Emax model
  Model type:  structural
function (psi, id, xidep) 
{
    dose <- xidep[, 1]
    e0 <- psi[id, 1]
    emax <- psi[id, 2]
    e50 <- psi[id, 3]
    f <- e0 + emax * dose/(e50 + dose)
    return(f)
}
<bytecode: 0x5624f519ee00>
  Nb of parameters: 3 
      parameter names:  E0 Emax ED50 
      distribution:
     Parameter Distribution Estimated
[1,] E0        log-normal   Estimated
[2,] Emax      log-normal   Estimated
[3,] ED50      log-normal   Estimated
  Variance-covariance matrix:
     E0 Emax ED50
E0    1    0    0
Emax  0    1    1
ED50  0    1    1
  Error model: proportional , initial values: b.1=0.1 
    No covariate in the model.
    Initial values
             E0 Emax ED50
Pop.CondInit  5   30  500
-----------------------------------
----    Key algorithm options  ----
-----------------------------------
    Estimation of individual parameters (MAP)
    Estimation of standard errors and linearised log-likelihood
    Estimation of log-likelihood by importance sampling
    Number of iterations:  K1=300, K2=100 
    Number of chains:  1 
    Seed:  4838928 
    Number of MCMC iterations for IS:  5000 
    Simulations:
        nb of simulated datasets used for npde:  1000 
        nb of simulated datasets used for VPC:  100 
    Input/output
        save the results to a file:  FALSE 
        save the graphs to files:  TRUE 
        directory where results should be saved:  newdir 
----------------------------------------------------
----                  Results                   ----
----------------------------------------------------
-----------------  Fixed effects  ------------------
----------------------------------------------------
     Parameter Estimate SE     CV(%)
[1,] E0          5.13    0.157  3.1 
[2,] Emax       29.75    2.214  7.4 
[3,] ED50      468.97   59.841 12.8 
[4,] b.1         0.12    0.021 18.5 
----------------------------------------------------
-----------  Variance of random effects  -----------
----------------------------------------------------
      Parameter     Estimate SE    CV(%)
E0    omega2.E0     0.09     0.015 17   
Emax  omega2.Emax   0.48     0.104 22   
ED50  omega2.ED50   0.47     0.242 52   
covar cov.Emax.ED50 0.25     0.143 57   
----------------------------------------------------
------  Correlation matrix of random effects  ------
----------------------------------------------------
            omega2.E0 omega2.Emax omega2.ED50
omega2.E0   1         0.00        0.00       
omega2.Emax 0         1.00        0.53       
omega2.ED50 0         0.53        1.00       
----------------------------------------------------
---------------  Statistical criteria  -------------
----------------------------------------------------
Likelihood computed by linearisation
      -2LL= 2278.742 
      AIC = 2294.742 
      BIC = 2321.128 

Likelihood computed by importance sampling
      -2LL= 2272.9 
      AIC = 2288.9 
      BIC = 2315.286 
----------------------------------------------------
----------------------------------------------------
-----------------  Fixed effects  ------------------
----------------------------------------------------
  Parameter Estimate     SE CV(%)
1        E0     5.13  0.157  3.05
2      Emax    29.75  2.214  7.44
3      ED50   468.97 59.841 12.76
4       b.1     0.12  0.021 18.53
----------------------------------------------------
-----------  Variance of random effects  -----------
----------------------------------------------------
         Parameter Estimate    SE CV(%)
E0       omega2.E0     0.09 0.015 17.12
Emax   omega2.Emax     0.48 0.104 21.72
ED50   omega2.ED50     0.47 0.242 51.82
1    cov.Emax.ED50     0.25 0.143 56.73
----------------------------------------------------
------  Correlation matrix of random effects  ------
----------------------------------------------------
            omega2.E0 omega2.Emax omega2.ED50
omega2.E0   1.00      0.00        0.00       
omega2.Emax 0.00      1.00        0.53       
omega2.ED50 0.00      0.53        1.00       
----------------------------------------------------
---------------  Statistical criteria  -------------
----------------------------------------------------
Likelihood computed by linearisation
      -2LL= 2278.742 
      AIC = 2294.742 
      BIC = 2321.128 

Likelihood computed by importance sampling
      -2LL= 2272.9 
      AIC = 2288.9 
      BIC = 2315.286 
----------------------------------------------------
Reading data from file /home/eco/work/saemix/saemixextension/simulationSuite/cont/emaxSparseProp/data/data_pdemax19.tab 
These are the first lines of the dataset as read into R. Please check the format of the data is appropriate, if not, modify the na and/or sep items and retry:
  id dose         y
1  1    0  3.066314
2  1 1000 16.519124
3  2    0  7.567454
4  2 1000 27.023391
5  3    0  3.249972
6  3 1000 10.874152


The following SaemixData object was successfully created:

Object of class SaemixData
    longitudinal data for use with the SAEM algorithm
Dataset /home/eco/work/saemix/saemixextension/simulationSuite/cont/emaxSparseProp/data/data_pdemax19.tab 
    Structured data: y ~ dose | id 
    Predictor: dose (-) 
Nonlinear mixed-effects model fit by the SAEM algorithm
-----------------------------------
----          Data             ----
-----------------------------------
Object of class SaemixData
    longitudinal data for use with the SAEM algorithm
Dataset /home/eco/work/saemix/saemixextension/simulationSuite/cont/emaxSparseProp/data/data_pdemax19.tab 
    Structured data: y ~ dose | id 
    Predictor: dose (-) 
Dataset characteristics:
    number of subjects:     200 
    number of observations: 400 
    average/min/max nb obs: 2.00  /  2  /  2 
First 10 lines of data:
   id dose         y mdv cens occ ytype
1   1    0  3.066314   0    0   1     1
2   1 1000 16.519124   0    0   1     1
3   2    0  7.567454   0    0   1     1
4   2 1000 27.023391   0    0   1     1
5   3    0  3.249972   0    0   1     1
6   3 1000 10.874152   0    0   1     1
7   4    0  8.616117   0    0   1     1
8   4 1000 12.156632   0    0   1     1
9   5    0  6.313177   0    0   1     1
10  5 1000 31.950117   0    0   1     1
-----------------------------------
----          Model            ----
-----------------------------------
Nonlinear mixed-effects model
  Model function:  PD Emax model
  Model type:  structural
function (psi, id, xidep) 
{
    dose <- xidep[, 1]
    e0 <- psi[id, 1]
    emax <- psi[id, 2]
    e50 <- psi[id, 3]
    f <- e0 + emax * dose/(e50 + dose)
    return(f)
}
<bytecode: 0x5624f519ee00>
  Nb of parameters: 3 
      parameter names:  E0 Emax ED50 
      distribution:
     Parameter Distribution Estimated
[1,] E0        log-normal   Estimated
[2,] Emax      log-normal   Estimated
[3,] ED50      log-normal   Estimated
  Variance-covariance matrix:
     E0 Emax ED50
E0    1    0    0
Emax  0    1    1
ED50  0    1    1
  Error model: proportional , initial values: b.1=0.1 
    No covariate in the model.
    Initial values
             E0 Emax ED50
Pop.CondInit  5   30  500
-----------------------------------
----    Key algorithm options  ----
-----------------------------------
    Estimation of individual parameters (MAP)
    Estimation of standard errors and linearised log-likelihood
    Estimation of log-likelihood by importance sampling
    Number of iterations:  K1=300, K2=100 
    Number of chains:  1 
    Seed:  4838928 
    Number of MCMC iterations for IS:  5000 
    Simulations:
        nb of simulated datasets used for npde:  1000 
        nb of simulated datasets used for VPC:  100 
    Input/output
        save the results to a file:  FALSE 
        save the graphs to files:  TRUE 
        directory where results should be saved:  newdir 
----------------------------------------------------
----                  Results                   ----
----------------------------------------------------
-----------------  Fixed effects  ------------------
----------------------------------------------------
     Parameter Estimate SE     CV(%)
[1,] E0          5.15    0.148  2.9 
[2,] Emax       27.88    1.862  6.7 
[3,] ED50      521.81   58.691 11.2 
[4,] b.1         0.13    0.019 13.8 
----------------------------------------------------
-----------  Variance of random effects  -----------
----------------------------------------------------
      Parameter     Estimate SE    CV(%)
E0    omega2.E0      0.076   0.014   19 
Emax  omega2.Emax    0.306   0.077   25 
ED50  omega2.ED50    0.143   0.156  109 
covar cov.Emax.ED50 -0.014   0.091 -658 
----------------------------------------------------
------  Correlation matrix of random effects  ------
----------------------------------------------------
            omega2.E0 omega2.Emax omega2.ED50
omega2.E0   1          0.000       0.000     
omega2.Emax 0          1.000      -0.066     
omega2.ED50 0         -0.066       1.000     
----------------------------------------------------
---------------  Statistical criteria  -------------
----------------------------------------------------
Likelihood computed by linearisation
      -2LL= 2224.893 
      AIC = 2240.893 
      BIC = 2267.28 

Likelihood computed by importance sampling
      -2LL= 2224.44 
      AIC = 2240.44 
      BIC = 2266.826 
----------------------------------------------------
----------------------------------------------------
-----------------  Fixed effects  ------------------
----------------------------------------------------
  Parameter Estimate     SE CV(%)
1        E0     5.15  0.148  2.88
2      Emax    27.88  1.862  6.68
3      ED50   521.81 58.691 11.25
4       b.1     0.13  0.019 13.79
----------------------------------------------------
-----------  Variance of random effects  -----------
----------------------------------------------------
         Parameter Estimate    SE   CV(%)
E0       omega2.E0    0.076 0.014   18.65
Emax   omega2.Emax    0.306 0.077   25.26
ED50   omega2.ED50    0.143 0.156  109.12
1    cov.Emax.ED50   -0.014 0.091 -658.42
----------------------------------------------------
------  Correlation matrix of random effects  ------
----------------------------------------------------
            omega2.E0 omega2.Emax omega2.ED50
omega2.E0   1.00       0.000       0.000     
omega2.Emax 0.00       1.000      -0.066     
omega2.ED50 0.00      -0.066       1.000     
----------------------------------------------------
---------------  Statistical criteria  -------------
----------------------------------------------------
Likelihood computed by linearisation
      -2LL= 2224.893 
      AIC = 2240.893 
      BIC = 2267.28 

Likelihood computed by importance sampling
      -2LL= 2224.44 
      AIC = 2240.44 
      BIC = 2266.826 
----------------------------------------------------
Reading data from file /home/eco/work/saemix/saemixextension/simulationSuite/cont/emaxSparseProp/data/data_pdemax20.tab 
These are the first lines of the dataset as read into R. Please check the format of the data is appropriate, if not, modify the na and/or sep items and retry:
  id dose         y
1  1    0  2.808627
2  1 1000 21.324436
3  2    0  3.187489
4  2 1000  7.971310
5  3    0  5.009691
6  3 1000 25.238476


The following SaemixData object was successfully created:

Object of class SaemixData
    longitudinal data for use with the SAEM algorithm
Dataset /home/eco/work/saemix/saemixextension/simulationSuite/cont/emaxSparseProp/data/data_pdemax20.tab 
    Structured data: y ~ dose | id 
    Predictor: dose (-) 
Nonlinear mixed-effects model fit by the SAEM algorithm
-----------------------------------
----          Data             ----
-----------------------------------
Object of class SaemixData
    longitudinal data for use with the SAEM algorithm
Dataset /home/eco/work/saemix/saemixextension/simulationSuite/cont/emaxSparseProp/data/data_pdemax20.tab 
    Structured data: y ~ dose | id 
    Predictor: dose (-) 
Dataset characteristics:
    number of subjects:     200 
    number of observations: 400 
    average/min/max nb obs: 2.00  /  2  /  2 
First 10 lines of data:
   id dose         y mdv cens occ ytype
1   1    0  2.808627   0    0   1     1
2   1 1000 21.324436   0    0   1     1
3   2    0  3.187489   0    0   1     1
4   2 1000  7.971310   0    0   1     1
5   3    0  5.009691   0    0   1     1
6   3 1000 25.238476   0    0   1     1
7   4    0  5.389375   0    0   1     1
8   4 1000 43.848559   0    0   1     1
9   5    0  7.142919   0    0   1     1
10  5 1000 17.979276   0    0   1     1
-----------------------------------
----          Model            ----
-----------------------------------
Nonlinear mixed-effects model
  Model function:  PD Emax model
  Model type:  structural
function (psi, id, xidep) 
{
    dose <- xidep[, 1]
    e0 <- psi[id, 1]
    emax <- psi[id, 2]
    e50 <- psi[id, 3]
    f <- e0 + emax * dose/(e50 + dose)
    return(f)
}
<bytecode: 0x5624f519ee00>
  Nb of parameters: 3 
      parameter names:  E0 Emax ED50 
      distribution:
     Parameter Distribution Estimated
[1,] E0        log-normal   Estimated
[2,] Emax      log-normal   Estimated
[3,] ED50      log-normal   Estimated
  Variance-covariance matrix:
     E0 Emax ED50
E0    1    0    0
Emax  0    1    1
ED50  0    1    1
  Error model: proportional , initial values: b.1=0.1 
    No covariate in the model.
    Initial values
             E0 Emax ED50
Pop.CondInit  5   30  500
-----------------------------------
----    Key algorithm options  ----
-----------------------------------
    Estimation of individual parameters (MAP)
    Estimation of standard errors and linearised log-likelihood
    Estimation of log-likelihood by importance sampling
    Number of iterations:  K1=300, K2=100 
    Number of chains:  1 
    Seed:  4838928 
    Number of MCMC iterations for IS:  5000 
    Simulations:
        nb of simulated datasets used for npde:  1000 
        nb of simulated datasets used for VPC:  100 
    Input/output
        save the results to a file:  FALSE 
        save the graphs to files:  TRUE 
        directory where results should be saved:  newdir 
----------------------------------------------------
----                  Results                   ----
----------------------------------------------------
-----------------  Fixed effects  ------------------
----------------------------------------------------
     Parameter Estimate SE     CV(%)
[1,] E0          5.10    0.132  2.6 
[2,] Emax       31.00    2.050  6.6 
[3,] ED50      556.80   67.322 12.1 
[4,] b.1         0.11    0.019 17.1 
----------------------------------------------------
-----------  Variance of random effects  -----------
----------------------------------------------------
      Parameter     Estimate SE    CV(%)
E0    omega2.E0     0.063    0.011  18  
Emax  omega2.Emax   0.281    0.076  27  
ED50  omega2.ED50   0.569    0.213  37  
covar cov.Emax.ED50 0.052    0.107 208  
----------------------------------------------------
------  Correlation matrix of random effects  ------
----------------------------------------------------
            omega2.E0 omega2.Emax omega2.ED50
omega2.E0   1         0.00        0.00       
omega2.Emax 0         1.00        0.13       
omega2.ED50 0         0.13        1.00       
----------------------------------------------------
---------------  Statistical criteria  -------------
----------------------------------------------------
Likelihood computed by linearisation
      -2LL= 2241.449 
      AIC = 2257.449 
      BIC = 2283.835 

Likelihood computed by importance sampling
      -2LL= 2233.476 
      AIC = 2249.476 
      BIC = 2275.863 
----------------------------------------------------
----------------------------------------------------
-----------------  Fixed effects  ------------------
----------------------------------------------------
  Parameter Estimate     SE CV(%)
1        E0     5.10  0.132  2.58
2      Emax    31.00  2.050  6.61
3      ED50   556.80 67.322 12.09
4       b.1     0.11  0.019 17.09
----------------------------------------------------
-----------  Variance of random effects  -----------
----------------------------------------------------
         Parameter Estimate    SE  CV(%)
E0       omega2.E0    0.063 0.011  18.03
Emax   omega2.Emax    0.281 0.076  26.85
ED50   omega2.ED50    0.569 0.213  37.49
1    cov.Emax.ED50    0.052 0.107 207.57
----------------------------------------------------
------  Correlation matrix of random effects  ------
----------------------------------------------------
            omega2.E0 omega2.Emax omega2.ED50
omega2.E0   1.00      0.00        0.00       
omega2.Emax 0.00      1.00        0.13       
omega2.ED50 0.00      0.13        1.00       
----------------------------------------------------
---------------  Statistical criteria  -------------
----------------------------------------------------
Likelihood computed by linearisation
      -2LL= 2241.449 
      AIC = 2257.449 
      BIC = 2283.835 

Likelihood computed by importance sampling
      -2LL= 2233.476 
      AIC = 2249.476 
      BIC = 2275.863 
----------------------------------------------------
Reading data from file /home/eco/work/saemix/saemixextension/simulationSuite/cont/emaxSparseProp/data/data_pdemax21.tab 
These are the first lines of the dataset as read into R. Please check the format of the data is appropriate, if not, modify the na and/or sep items and retry:
  id dose         y
1  1    0  6.152612
2  1 1000 31.569123
3  2    0  4.606525
4  2 1000 67.386521
5  3    0  5.883409
6  3 1000 12.377068


The following SaemixData object was successfully created:

Object of class SaemixData
    longitudinal data for use with the SAEM algorithm
Dataset /home/eco/work/saemix/saemixextension/simulationSuite/cont/emaxSparseProp/data/data_pdemax21.tab 
    Structured data: y ~ dose | id 
    Predictor: dose (-) 
Nonlinear mixed-effects model fit by the SAEM algorithm
-----------------------------------
----          Data             ----
-----------------------------------
Object of class SaemixData
    longitudinal data for use with the SAEM algorithm
Dataset /home/eco/work/saemix/saemixextension/simulationSuite/cont/emaxSparseProp/data/data_pdemax21.tab 
    Structured data: y ~ dose | id 
    Predictor: dose (-) 
Dataset characteristics:
    number of subjects:     200 
    number of observations: 400 
    average/min/max nb obs: 2.00  /  2  /  2 
First 10 lines of data:
   id dose         y mdv cens occ ytype
1   1    0  6.152612   0    0   1     1
2   1 1000 31.569123   0    0   1     1
3   2    0  4.606525   0    0   1     1
4   2 1000 67.386521   0    0   1     1
5   3    0  5.883409   0    0   1     1
6   3 1000 12.377068   0    0   1     1
7   4    0  6.335699   0    0   1     1
8   4 1000 15.342687   0    0   1     1
9   5    0  2.585853   0    0   1     1
10  5 1000 47.385270   0    0   1     1
-----------------------------------
----          Model            ----
-----------------------------------
Nonlinear mixed-effects model
  Model function:  PD Emax model
  Model type:  structural
function (psi, id, xidep) 
{
    dose <- xidep[, 1]
    e0 <- psi[id, 1]
    emax <- psi[id, 2]
    e50 <- psi[id, 3]
    f <- e0 + emax * dose/(e50 + dose)
    return(f)
}
<bytecode: 0x5624f519ee00>
  Nb of parameters: 3 
      parameter names:  E0 Emax ED50 
      distribution:
     Parameter Distribution Estimated
[1,] E0        log-normal   Estimated
[2,] Emax      log-normal   Estimated
[3,] ED50      log-normal   Estimated
  Variance-covariance matrix:
     E0 Emax ED50
E0    1    0    0
Emax  0    1    1
ED50  0    1    1
  Error model: proportional , initial values: b.1=0.1 
    No covariate in the model.
    Initial values
             E0 Emax ED50
Pop.CondInit  5   30  500
-----------------------------------
----    Key algorithm options  ----
-----------------------------------
    Estimation of individual parameters (MAP)
    Estimation of standard errors and linearised log-likelihood
    Estimation of log-likelihood by importance sampling
    Number of iterations:  K1=300, K2=100 
    Number of chains:  1 
    Seed:  4838928 
    Number of MCMC iterations for IS:  5000 
    Simulations:
        nb of simulated datasets used for npde:  1000 
        nb of simulated datasets used for VPC:  100 
    Input/output
        save the results to a file:  FALSE 
        save the graphs to files:  TRUE 
        directory where results should be saved:  newdir 
----------------------------------------------------
----                  Results                   ----
----------------------------------------------------
-----------------  Fixed effects  ------------------
----------------------------------------------------
     Parameter Estimate SE     CV(%)
[1,] E0          4.911   0.150  3.1 
[2,] Emax       32.160   2.902  9.0 
[3,] ED50      587.659  84.612 14.4 
[4,] b.1         0.087   0.023 27.1 
----------------------------------------------------
-----------  Variance of random effects  -----------
----------------------------------------------------
      Parameter     Estimate SE    CV(%)
E0    omega2.E0     0.10     0.016 16   
Emax  omega2.Emax   0.72     0.147 20   
ED50  omega2.ED50   0.93     0.315 34   
covar cov.Emax.ED50 0.62     0.202 33   
----------------------------------------------------
------  Correlation matrix of random effects  ------
----------------------------------------------------
            omega2.E0 omega2.Emax omega2.ED50
omega2.E0   1         0.00        0.00       
omega2.Emax 0         1.00        0.75       
omega2.ED50 0         0.75        1.00       
----------------------------------------------------
---------------  Statistical criteria  -------------
----------------------------------------------------
Likelihood computed by linearisation
      -2LL= 2227.055 
      AIC = 2243.055 
      BIC = 2269.442 

Likelihood computed by importance sampling
      -2LL= 2210.146 
      AIC = 2226.146 
      BIC = 2252.532 
----------------------------------------------------
----------------------------------------------------
-----------------  Fixed effects  ------------------
----------------------------------------------------
  Parameter Estimate     SE CV(%)
1        E0    4.911  0.150  3.05
2      Emax   32.160  2.902  9.02
3      ED50  587.659 84.612 14.40
4       b.1    0.087  0.023 27.08
----------------------------------------------------
-----------  Variance of random effects  -----------
----------------------------------------------------
         Parameter Estimate    SE CV(%)
E0       omega2.E0     0.10 0.016 15.60
Emax   omega2.Emax     0.72 0.147 20.36
ED50   omega2.ED50     0.93 0.315 33.92
1    cov.Emax.ED50     0.62 0.202 32.63
----------------------------------------------------
------  Correlation matrix of random effects  ------
----------------------------------------------------
            omega2.E0 omega2.Emax omega2.ED50
omega2.E0   1.00      0.00        0.00       
omega2.Emax 0.00      1.00        0.75       
omega2.ED50 0.00      0.75        1.00       
----------------------------------------------------
---------------  Statistical criteria  -------------
----------------------------------------------------
Likelihood computed by linearisation
      -2LL= 2227.055 
      AIC = 2243.055 
      BIC = 2269.442 

Likelihood computed by importance sampling
      -2LL= 2210.146 
      AIC = 2226.146 
      BIC = 2252.532 
----------------------------------------------------
Reading data from file /home/eco/work/saemix/saemixextension/simulationSuite/cont/emaxSparseProp/data/data_pdemax22.tab 
These are the first lines of the dataset as read into R. Please check the format of the data is appropriate, if not, modify the na and/or sep items and retry:
  id dose         y
1  1    0  5.906326
2  1 1000 17.843193
3  2    0  7.841210
4  2 1000 18.552676
5  3    0  3.550252
6  3 1000 44.709261


The following SaemixData object was successfully created:

Object of class SaemixData
    longitudinal data for use with the SAEM algorithm
Dataset /home/eco/work/saemix/saemixextension/simulationSuite/cont/emaxSparseProp/data/data_pdemax22.tab 
    Structured data: y ~ dose | id 
    Predictor: dose (-) 
Nonlinear mixed-effects model fit by the SAEM algorithm
-----------------------------------
----          Data             ----
-----------------------------------
Object of class SaemixData
    longitudinal data for use with the SAEM algorithm
Dataset /home/eco/work/saemix/saemixextension/simulationSuite/cont/emaxSparseProp/data/data_pdemax22.tab 
    Structured data: y ~ dose | id 
    Predictor: dose (-) 
Dataset characteristics:
    number of subjects:     200 
    number of observations: 400 
    average/min/max nb obs: 2.00  /  2  /  2 
First 10 lines of data:
   id dose         y mdv cens occ ytype
1   1    0  5.906326   0    0   1     1
2   1 1000 17.843193   0    0   1     1
3   2    0  7.841210   0    0   1     1
4   2 1000 18.552676   0    0   1     1
5   3    0  3.550252   0    0   1     1
6   3 1000 44.709261   0    0   1     1
7   4    0  6.178981   0    0   1     1
8   4 1000  9.421219   0    0   1     1
9   5    0  4.669057   0    0   1     1
10  5 1000 21.812281   0    0   1     1
-----------------------------------
----          Model            ----
-----------------------------------
Nonlinear mixed-effects model
  Model function:  PD Emax model
  Model type:  structural
function (psi, id, xidep) 
{
    dose <- xidep[, 1]
    e0 <- psi[id, 1]
    emax <- psi[id, 2]
    e50 <- psi[id, 3]
    f <- e0 + emax * dose/(e50 + dose)
    return(f)
}
<bytecode: 0x5624f519ee00>
  Nb of parameters: 3 
      parameter names:  E0 Emax ED50 
      distribution:
     Parameter Distribution Estimated
[1,] E0        log-normal   Estimated
[2,] Emax      log-normal   Estimated
[3,] ED50      log-normal   Estimated
  Variance-covariance matrix:
     E0 Emax ED50
E0    1    0    0
Emax  0    1    1
ED50  0    1    1
  Error model: proportional , initial values: b.1=0.1 
    No covariate in the model.
    Initial values
             E0 Emax ED50
Pop.CondInit  5   30  500
-----------------------------------
----    Key algorithm options  ----
-----------------------------------
    Estimation of individual parameters (MAP)
    Estimation of standard errors and linearised log-likelihood
    Estimation of log-likelihood by importance sampling
    Number of iterations:  K1=300, K2=100 
    Number of chains:  1 
    Seed:  4838928 
    Number of MCMC iterations for IS:  5000 
    Simulations:
        nb of simulated datasets used for npde:  1000 
        nb of simulated datasets used for VPC:  100 
    Input/output
        save the results to a file:  FALSE 
        save the graphs to files:  TRUE 
        directory where results should be saved:  newdir 
----------------------------------------------------
----                  Results                   ----
----------------------------------------------------
-----------------  Fixed effects  ------------------
----------------------------------------------------
     Parameter Estimate SE     CV(%)
[1,] E0          4.919   0.148  3.0 
[2,] Emax       35.140   3.304  9.4 
[3,] ED50      535.796  78.814 14.7 
[4,] b.1         0.073   0.025 33.6 
----------------------------------------------------
-----------  Variance of random effects  -----------
----------------------------------------------------
      Parameter     Estimate SE    CV(%)
E0    omega2.E0     0.10     0.015 15   
Emax  omega2.Emax   0.92     0.162 18   
ED50  omega2.ED50   1.22     0.331 27   
covar cov.Emax.ED50 0.81     0.217 27   
----------------------------------------------------
------  Correlation matrix of random effects  ------
----------------------------------------------------
            omega2.E0 omega2.Emax omega2.ED50
omega2.E0   1         0.00        0.00       
omega2.Emax 0         1.00        0.77       
omega2.ED50 0         0.77        1.00       
----------------------------------------------------
---------------  Statistical criteria  -------------
----------------------------------------------------
Likelihood computed by linearisation
      -2LL= 2325.842 
      AIC = 2341.842 
      BIC = 2368.229 

Likelihood computed by importance sampling
      -2LL= 2313.812 
      AIC = 2329.812 
      BIC = 2356.198 
----------------------------------------------------
----------------------------------------------------
-----------------  Fixed effects  ------------------
----------------------------------------------------
  Parameter Estimate     SE CV(%)
1        E0    4.919  0.148  3.01
2      Emax   35.140  3.304  9.40
3      ED50  535.796 78.814 14.71
4       b.1    0.073  0.025 33.61
----------------------------------------------------
-----------  Variance of random effects  -----------
----------------------------------------------------
         Parameter Estimate    SE CV(%)
E0       omega2.E0     0.10 0.015 15.30
Emax   omega2.Emax     0.92 0.162 17.72
ED50   omega2.ED50     1.22 0.331 27.06
1    cov.Emax.ED50     0.81 0.217 26.80
----------------------------------------------------
------  Correlation matrix of random effects  ------
----------------------------------------------------
            omega2.E0 omega2.Emax omega2.ED50
omega2.E0   1.00      0.00        0.00       
omega2.Emax 0.00      1.00        0.77       
omega2.ED50 0.00      0.77        1.00       
----------------------------------------------------
---------------  Statistical criteria  -------------
----------------------------------------------------
Likelihood computed by linearisation
      -2LL= 2325.842 
      AIC = 2341.842 
      BIC = 2368.229 

Likelihood computed by importance sampling
      -2LL= 2313.812 
      AIC = 2329.812 
      BIC = 2356.198 
----------------------------------------------------
Reading data from file /home/eco/work/saemix/saemixextension/simulationSuite/cont/emaxSparseProp/data/data_pdemax23.tab 
These are the first lines of the dataset as read into R. Please check the format of the data is appropriate, if not, modify the na and/or sep items and retry:
  id dose         y
1  1    0  5.920863
2  1 1000 44.373775
3  2    0  2.790664
4  2 1000 45.406010
5  3    0  4.876782
6  3 1000 21.174424


The following SaemixData object was successfully created:

Object of class SaemixData
    longitudinal data for use with the SAEM algorithm
Dataset /home/eco/work/saemix/saemixextension/simulationSuite/cont/emaxSparseProp/data/data_pdemax23.tab 
    Structured data: y ~ dose | id 
    Predictor: dose (-) 
Nonlinear mixed-effects model fit by the SAEM algorithm
-----------------------------------
----          Data             ----
-----------------------------------
Object of class SaemixData
    longitudinal data for use with the SAEM algorithm
Dataset /home/eco/work/saemix/saemixextension/simulationSuite/cont/emaxSparseProp/data/data_pdemax23.tab 
    Structured data: y ~ dose | id 
    Predictor: dose (-) 
Dataset characteristics:
    number of subjects:     200 
    number of observations: 400 
    average/min/max nb obs: 2.00  /  2  /  2 
First 10 lines of data:
   id dose         y mdv cens occ ytype
1   1    0  5.920863   0    0   1     1
2   1 1000 44.373775   0    0   1     1
3   2    0  2.790664   0    0   1     1
4   2 1000 45.406010   0    0   1     1
5   3    0  4.876782   0    0   1     1
6   3 1000 21.174424   0    0   1     1
7   4    0  6.728138   0    0   1     1
8   4 1000 50.264611   0    0   1     1
9   5    0  5.165492   0    0   1     1
10  5 1000 19.765242   0    0   1     1
-----------------------------------
----          Model            ----
-----------------------------------
Nonlinear mixed-effects model
  Model function:  PD Emax model
  Model type:  structural
function (psi, id, xidep) 
{
    dose <- xidep[, 1]
    e0 <- psi[id, 1]
    emax <- psi[id, 2]
    e50 <- psi[id, 3]
    f <- e0 + emax * dose/(e50 + dose)
    return(f)
}
<bytecode: 0x5624f519ee00>
  Nb of parameters: 3 
      parameter names:  E0 Emax ED50 
      distribution:
     Parameter Distribution Estimated
[1,] E0        log-normal   Estimated
[2,] Emax      log-normal   Estimated
[3,] ED50      log-normal   Estimated
  Variance-covariance matrix:
     E0 Emax ED50
E0    1    0    0
Emax  0    1    1
ED50  0    1    1
  Error model: proportional , initial values: b.1=0.1 
    No covariate in the model.
    Initial values
             E0 Emax ED50
Pop.CondInit  5   30  500
-----------------------------------
----    Key algorithm options  ----
-----------------------------------
    Estimation of individual parameters (MAP)
    Estimation of standard errors and linearised log-likelihood
    Estimation of log-likelihood by importance sampling
    Number of iterations:  K1=300, K2=100 
    Number of chains:  1 
    Seed:  4838928 
    Number of MCMC iterations for IS:  5000 
    Simulations:
        nb of simulated datasets used for npde:  1000 
        nb of simulated datasets used for VPC:  100 
    Input/output
        save the results to a file:  FALSE 
        save the graphs to files:  TRUE 
        directory where results should be saved:  newdir 
----------------------------------------------------
----                  Results                   ----
----------------------------------------------------
-----------------  Fixed effects  ------------------
----------------------------------------------------
     Parameter Estimate SE     CV(%)
[1,] E0          4.897   0.151  3.1 
[2,] Emax       30.239   2.197  7.3 
[3,] ED50      517.313  66.900 12.9 
[4,] b.1         0.059   0.025 43.4 
----------------------------------------------------
-----------  Variance of random effects  -----------
----------------------------------------------------
      Parameter     Estimate SE    CV(%)
E0    omega2.E0     0.11     0.016 15   
Emax  omega2.Emax   0.50     0.095 19   
ED50  omega2.ED50   1.04     0.257 25   
covar cov.Emax.ED50 0.45     0.141 31   
----------------------------------------------------
------  Correlation matrix of random effects  ------
----------------------------------------------------
            omega2.E0 omega2.Emax omega2.ED50
omega2.E0   1         0.00        0.00       
omega2.Emax 0         1.00        0.62       
omega2.ED50 0         0.62        1.00       
----------------------------------------------------
---------------  Statistical criteria  -------------
----------------------------------------------------
Likelihood computed by linearisation
      -2LL= 2236.936 
      AIC = 2252.936 
      BIC = 2279.322 

Likelihood computed by importance sampling
      -2LL= 2212.103 
      AIC = 2228.103 
      BIC = 2254.49 
----------------------------------------------------
----------------------------------------------------
-----------------  Fixed effects  ------------------
----------------------------------------------------
  Parameter Estimate     SE CV(%)
1        E0    4.897  0.151  3.09
2      Emax   30.239  2.197  7.27
3      ED50  517.313 66.900 12.93
4       b.1    0.059  0.025 43.36
----------------------------------------------------
-----------  Variance of random effects  -----------
----------------------------------------------------
         Parameter Estimate    SE CV(%)
E0       omega2.E0     0.11 0.016 14.59
Emax   omega2.Emax     0.50 0.095 19.06
ED50   omega2.ED50     1.04 0.257 24.78
1    cov.Emax.ED50     0.45 0.141 31.48
----------------------------------------------------
------  Correlation matrix of random effects  ------
----------------------------------------------------
            omega2.E0 omega2.Emax omega2.ED50
omega2.E0   1.00      0.00        0.00       
omega2.Emax 0.00      1.00        0.62       
omega2.ED50 0.00      0.62        1.00       
----------------------------------------------------
---------------  Statistical criteria  -------------
----------------------------------------------------
Likelihood computed by linearisation
      -2LL= 2236.936 
      AIC = 2252.936 
      BIC = 2279.322 

Likelihood computed by importance sampling
      -2LL= 2212.103 
      AIC = 2228.103 
      BIC = 2254.49 
----------------------------------------------------
Reading data from file /home/eco/work/saemix/saemixextension/simulationSuite/cont/emaxSparseProp/data/data_pdemax24.tab 
These are the first lines of the dataset as read into R. Please check the format of the data is appropriate, if not, modify the na and/or sep items and retry:
  id dose         y
1  1    0  4.305759
2  1 1000 27.467601
3  2    0  4.511040
4  2 1000 21.985160
5  3    0  4.905915
6  3 1000 12.216423


The following SaemixData object was successfully created:

Object of class SaemixData
    longitudinal data for use with the SAEM algorithm
Dataset /home/eco/work/saemix/saemixextension/simulationSuite/cont/emaxSparseProp/data/data_pdemax24.tab 
    Structured data: y ~ dose | id 
    Predictor: dose (-) 
Nonlinear mixed-effects model fit by the SAEM algorithm
-----------------------------------
----          Data             ----
-----------------------------------
Object of class SaemixData
    longitudinal data for use with the SAEM algorithm
Dataset /home/eco/work/saemix/saemixextension/simulationSuite/cont/emaxSparseProp/data/data_pdemax24.tab 
    Structured data: y ~ dose | id 
    Predictor: dose (-) 
Dataset characteristics:
    number of subjects:     200 
    number of observations: 400 
    average/min/max nb obs: 2.00  /  2  /  2 
First 10 lines of data:
   id dose         y mdv cens occ ytype
1   1    0  4.305759   0    0   1     1
2   1 1000 27.467601   0    0   1     1
3   2    0  4.511040   0    0   1     1
4   2 1000 21.985160   0    0   1     1
5   3    0  4.905915   0    0   1     1
6   3 1000 12.216423   0    0   1     1
7   4    0  3.514177   0    0   1     1
8   4 1000 41.096649   0    0   1     1
9   5    0  4.836860   0    0   1     1
10  5 1000  8.711060   0    0   1     1
-----------------------------------
----          Model            ----
-----------------------------------
Nonlinear mixed-effects model
  Model function:  PD Emax model
  Model type:  structural
function (psi, id, xidep) 
{
    dose <- xidep[, 1]
    e0 <- psi[id, 1]
    emax <- psi[id, 2]
    e50 <- psi[id, 3]
    f <- e0 + emax * dose/(e50 + dose)
    return(f)
}
<bytecode: 0x5624f519ee00>
  Nb of parameters: 3 
      parameter names:  E0 Emax ED50 
      distribution:
     Parameter Distribution Estimated
[1,] E0        log-normal   Estimated
[2,] Emax      log-normal   Estimated
[3,] ED50      log-normal   Estimated
  Variance-covariance matrix:
     E0 Emax ED50
E0    1    0    0
Emax  0    1    1
ED50  0    1    1
  Error model: proportional , initial values: b.1=0.1 
    No covariate in the model.
    Initial values
             E0 Emax ED50
Pop.CondInit  5   30  500
-----------------------------------
----    Key algorithm options  ----
-----------------------------------
    Estimation of individual parameters (MAP)
    Estimation of standard errors and linearised log-likelihood
    Estimation of log-likelihood by importance sampling
    Number of iterations:  K1=300, K2=100 
    Number of chains:  1 
    Seed:  4838928 
    Number of MCMC iterations for IS:  5000 
    Simulations:
        nb of simulated datasets used for npde:  1000 
        nb of simulated datasets used for VPC:  100 
    Input/output
        save the results to a file:  FALSE 
        save the graphs to files:  TRUE 
        directory where results should be saved:  newdir 
----------------------------------------------------
----                  Results                   ----
----------------------------------------------------
-----------------  Fixed effects  ------------------
----------------------------------------------------
     Parameter Estimate SE     CV(%)
[1,] E0          4.92    0.147  3.0 
[2,] Emax       29.00    2.233  7.7 
[3,] ED50      496.59   62.666 12.6 
[4,] b.1         0.15    0.022 14.8 
----------------------------------------------------
-----------  Variance of random effects  -----------
----------------------------------------------------
      Parameter     Estimate SE    CV(%)
E0    omega2.E0     0.076    0.015 20   
Emax  omega2.Emax   0.468    0.109 23   
ED50  omega2.ED50   0.407    0.231 57   
covar cov.Emax.ED50 0.221    0.142 64   
----------------------------------------------------
------  Correlation matrix of random effects  ------
----------------------------------------------------
            omega2.E0 omega2.Emax omega2.ED50
omega2.E0   1         0.00        0.00       
omega2.Emax 0         1.00        0.51       
omega2.ED50 0         0.51        1.00       
----------------------------------------------------
---------------  Statistical criteria  -------------
----------------------------------------------------
Likelihood computed by linearisation
      -2LL= 2272.221 
      AIC = 2288.221 
      BIC = 2314.608 

Likelihood computed by importance sampling
      -2LL= 2262.566 
      AIC = 2278.566 
      BIC = 2304.953 
----------------------------------------------------
----------------------------------------------------
-----------------  Fixed effects  ------------------
----------------------------------------------------
  Parameter Estimate     SE CV(%)
1        E0     4.92  0.147  2.98
2      Emax    29.00  2.233  7.70
3      ED50   496.59 62.666 12.62
4       b.1     0.15  0.022 14.79
----------------------------------------------------
-----------  Variance of random effects  -----------
----------------------------------------------------
         Parameter Estimate    SE CV(%)
E0       omega2.E0    0.076 0.015 20.04
Emax   omega2.Emax    0.468 0.109 23.26
ED50   omega2.ED50    0.407 0.231 56.92
1    cov.Emax.ED50    0.221 0.142 64.28
----------------------------------------------------
------  Correlation matrix of random effects  ------
----------------------------------------------------
            omega2.E0 omega2.Emax omega2.ED50
omega2.E0   1.00      0.00        0.00       
omega2.Emax 0.00      1.00        0.51       
omega2.ED50 0.00      0.51        1.00       
----------------------------------------------------
---------------  Statistical criteria  -------------
----------------------------------------------------
Likelihood computed by linearisation
      -2LL= 2272.221 
      AIC = 2288.221 
      BIC = 2314.608 

Likelihood computed by importance sampling
      -2LL= 2262.566 
      AIC = 2278.566 
      BIC = 2304.953 
----------------------------------------------------
Reading data from file /home/eco/work/saemix/saemixextension/simulationSuite/cont/emaxSparseProp/data/data_pdemax25.tab 
These are the first lines of the dataset as read into R. Please check the format of the data is appropriate, if not, modify the na and/or sep items and retry:
  id dose         y
1  1    0  3.486341
2  1 1000 18.324607
3  2    0  5.874373
4  2 1000 31.372826
5  3    0  4.788460
6  3 1000  7.503478


The following SaemixData object was successfully created:

Object of class SaemixData
    longitudinal data for use with the SAEM algorithm
Dataset /home/eco/work/saemix/saemixextension/simulationSuite/cont/emaxSparseProp/data/data_pdemax25.tab 
    Structured data: y ~ dose | id 
    Predictor: dose (-) 
Nonlinear mixed-effects model fit by the SAEM algorithm
-----------------------------------
----          Data             ----
-----------------------------------
Object of class SaemixData
    longitudinal data for use with the SAEM algorithm
Dataset /home/eco/work/saemix/saemixextension/simulationSuite/cont/emaxSparseProp/data/data_pdemax25.tab 
    Structured data: y ~ dose | id 
    Predictor: dose (-) 
Dataset characteristics:
    number of subjects:     200 
    number of observations: 400 
    average/min/max nb obs: 2.00  /  2  /  2 
First 10 lines of data:
   id dose         y mdv cens occ ytype
1   1    0  3.486341   0    0   1     1
2   1 1000 18.324607   0    0   1     1
3   2    0  5.874373   0    0   1     1
4   2 1000 31.372826   0    0   1     1
5   3    0  4.788460   0    0   1     1
6   3 1000  7.503478   0    0   1     1
7   4    0  7.505036   0    0   1     1
8   4 1000 31.284406   0    0   1     1
9   5    0  4.490510   0    0   1     1
10  5 1000 19.045935   0    0   1     1
-----------------------------------
----          Model            ----
-----------------------------------
Nonlinear mixed-effects model
  Model function:  PD Emax model
  Model type:  structural
function (psi, id, xidep) 
{
    dose <- xidep[, 1]
    e0 <- psi[id, 1]
    emax <- psi[id, 2]
    e50 <- psi[id, 3]
    f <- e0 + emax * dose/(e50 + dose)
    return(f)
}
<bytecode: 0x5624f519ee00>
  Nb of parameters: 3 
      parameter names:  E0 Emax ED50 
      distribution:
     Parameter Distribution Estimated
[1,] E0        log-normal   Estimated
[2,] Emax      log-normal   Estimated
[3,] ED50      log-normal   Estimated
  Variance-covariance matrix:
     E0 Emax ED50
E0    1    0    0
Emax  0    1    1
ED50  0    1    1
  Error model: proportional , initial values: b.1=0.1 
    No covariate in the model.
    Initial values
             E0 Emax ED50
Pop.CondInit  5   30  500
-----------------------------------
----    Key algorithm options  ----
-----------------------------------
    Estimation of individual parameters (MAP)
    Estimation of standard errors and linearised log-likelihood
    Estimation of log-likelihood by importance sampling
    Number of iterations:  K1=300, K2=100 
    Number of chains:  1 
    Seed:  4838928 
    Number of MCMC iterations for IS:  5000 
    Simulations:
        nb of simulated datasets used for npde:  1000 
        nb of simulated datasets used for VPC:  100 
    Input/output
        save the results to a file:  FALSE 
        save the graphs to files:  TRUE 
        directory where results should be saved:  newdir 
----------------------------------------------------
----                  Results                   ----
----------------------------------------------------
-----------------  Fixed effects  ------------------
----------------------------------------------------
     Parameter Estimate SE     CV(%)
[1,] E0          5.01    0.143  2.9 
[2,] Emax       31.28    2.519  8.1 
[3,] ED50      487.46   61.990 12.7 
[4,] b.1         0.11    0.022 19.4 
----------------------------------------------------
-----------  Variance of random effects  -----------
----------------------------------------------------
      Parameter     Estimate SE    CV(%)
E0    omega2.E0     0.076    0.014 18   
Emax  omega2.Emax   0.640    0.126 20   
ED50  omega2.ED50   0.612    0.254 42   
covar cov.Emax.ED50 0.403    0.164 41   
----------------------------------------------------
------  Correlation matrix of random effects  ------
----------------------------------------------------
            omega2.E0 omega2.Emax omega2.ED50
omega2.E0   1         0.00        0.00       
omega2.Emax 0         1.00        0.64       
omega2.ED50 0         0.64        1.00       
----------------------------------------------------
---------------  Statistical criteria  -------------
----------------------------------------------------
Likelihood computed by linearisation
      -2LL= 2308.038 
      AIC = 2324.038 
      BIC = 2350.424 

Likelihood computed by importance sampling
      -2LL= 2296.458 
      AIC = 2312.458 
      BIC = 2338.845 
----------------------------------------------------
----------------------------------------------------
-----------------  Fixed effects  ------------------
----------------------------------------------------
  Parameter Estimate     SE CV(%)
1        E0     5.01  0.143  2.86
2      Emax    31.28  2.519  8.05
3      ED50   487.46 61.990 12.72
4       b.1     0.11  0.022 19.44
----------------------------------------------------
-----------  Variance of random effects  -----------
----------------------------------------------------
         Parameter Estimate    SE CV(%)
E0       omega2.E0    0.076 0.014 18.06
Emax   omega2.Emax    0.640 0.126 19.68
ED50   omega2.ED50    0.612 0.254 41.50
1    cov.Emax.ED50    0.403 0.164 40.86
----------------------------------------------------
------  Correlation matrix of random effects  ------
----------------------------------------------------
            omega2.E0 omega2.Emax omega2.ED50
omega2.E0   1.00      0.00        0.00       
omega2.Emax 0.00      1.00        0.64       
omega2.ED50 0.00      0.64        1.00       
----------------------------------------------------
---------------  Statistical criteria  -------------
----------------------------------------------------
Likelihood computed by linearisation
      -2LL= 2308.038 
      AIC = 2324.038 
      BIC = 2350.424 

Likelihood computed by importance sampling
      -2LL= 2296.458 
      AIC = 2312.458 
      BIC = 2338.845 
----------------------------------------------------
Reading data from file /home/eco/work/saemix/saemixextension/simulationSuite/cont/emaxSparseProp/data/data_pdemax26.tab 
These are the first lines of the dataset as read into R. Please check the format of the data is appropriate, if not, modify the na and/or sep items and retry:
  id dose         y
1  1    0  7.379927
2  1 1000 16.698233
3  2    0  4.834222
4  2 1000  5.626818
5  3    0  5.156300
6  3 1000 37.197458


The following SaemixData object was successfully created:

Object of class SaemixData
    longitudinal data for use with the SAEM algorithm
Dataset /home/eco/work/saemix/saemixextension/simulationSuite/cont/emaxSparseProp/data/data_pdemax26.tab 
    Structured data: y ~ dose | id 
    Predictor: dose (-) 
Nonlinear mixed-effects model fit by the SAEM algorithm
-----------------------------------
----          Data             ----
-----------------------------------
Object of class SaemixData
    longitudinal data for use with the SAEM algorithm
Dataset /home/eco/work/saemix/saemixextension/simulationSuite/cont/emaxSparseProp/data/data_pdemax26.tab 
    Structured data: y ~ dose | id 
    Predictor: dose (-) 
Dataset characteristics:
    number of subjects:     200 
    number of observations: 400 
    average/min/max nb obs: 2.00  /  2  /  2 
First 10 lines of data:
   id dose         y mdv cens occ ytype
1   1    0  7.379927   0    0   1     1
2   1 1000 16.698233   0    0   1     1
3   2    0  4.834222   0    0   1     1
4   2 1000  5.626818   0    0   1     1
5   3    0  5.156300   0    0   1     1
6   3 1000 37.197458   0    0   1     1
7   4    0  5.294482   0    0   1     1
8   4 1000 12.059894   0    0   1     1
9   5    0  4.452768   0    0   1     1
10  5 1000 34.190884   0    0   1     1
-----------------------------------
----          Model            ----
-----------------------------------
Nonlinear mixed-effects model
  Model function:  PD Emax model
  Model type:  structural
function (psi, id, xidep) 
{
    dose <- xidep[, 1]
    e0 <- psi[id, 1]
    emax <- psi[id, 2]
    e50 <- psi[id, 3]
    f <- e0 + emax * dose/(e50 + dose)
    return(f)
}
<bytecode: 0x5624f519ee00>
  Nb of parameters: 3 
      parameter names:  E0 Emax ED50 
      distribution:
     Parameter Distribution Estimated
[1,] E0        log-normal   Estimated
[2,] Emax      log-normal   Estimated
[3,] ED50      log-normal   Estimated
  Variance-covariance matrix:
     E0 Emax ED50
E0    1    0    0
Emax  0    1    1
ED50  0    1    1
  Error model: proportional , initial values: b.1=0.1 
    No covariate in the model.
    Initial values
             E0 Emax ED50
Pop.CondInit  5   30  500
-----------------------------------
----    Key algorithm options  ----
-----------------------------------
    Estimation of individual parameters (MAP)
    Estimation of standard errors and linearised log-likelihood
    Estimation of log-likelihood by importance sampling
    Number of iterations:  K1=300, K2=100 
    Number of chains:  1 
    Seed:  4838928 
    Number of MCMC iterations for IS:  5000 
    Simulations:
        nb of simulated datasets used for npde:  1000 
        nb of simulated datasets used for VPC:  100 
    Input/output
        save the results to a file:  FALSE 
        save the graphs to files:  TRUE 
        directory where results should be saved:  newdir 
----------------------------------------------------
----                  Results                   ----
----------------------------------------------------
-----------------  Fixed effects  ------------------
----------------------------------------------------
     Parameter Estimate SE     CV(%)
[1,] E0          5.24    0.129  2.5 
[2,] Emax       28.00    2.203  7.9 
[3,] ED50      469.53   58.185 12.4 
[4,] b.1         0.11    0.021 18.8 
----------------------------------------------------
-----------  Variance of random effects  -----------
----------------------------------------------------
      Parameter     Estimate SE    CV(%)
E0    omega2.E0     0.053    0.011 20   
Emax  omega2.Emax   0.614    0.120 20   
ED50  omega2.ED50   0.566    0.246 44   
covar cov.Emax.ED50 0.406    0.158 39   
----------------------------------------------------
------  Correlation matrix of random effects  ------
----------------------------------------------------
            omega2.E0 omega2.Emax omega2.ED50
omega2.E0   1         0.00        0.00       
omega2.Emax 0         1.00        0.69       
omega2.ED50 0         0.69        1.00       
----------------------------------------------------
---------------  Statistical criteria  -------------
----------------------------------------------------
Likelihood computed by linearisation
      -2LL= 2206.484 
      AIC = 2222.484 
      BIC = 2248.871 

Likelihood computed by importance sampling
      -2LL= 2197.838 
      AIC = 2213.838 
      BIC = 2240.225 
----------------------------------------------------
----------------------------------------------------
-----------------  Fixed effects  ------------------
----------------------------------------------------
  Parameter Estimate     SE CV(%)
1        E0     5.24  0.129  2.46
2      Emax    28.00  2.203  7.87
3      ED50   469.53 58.185 12.39
4       b.1     0.11  0.021 18.80
----------------------------------------------------
-----------  Variance of random effects  -----------
----------------------------------------------------
         Parameter Estimate    SE CV(%)
E0       omega2.E0    0.053 0.011 19.78
Emax   omega2.Emax    0.614 0.120 19.57
ED50   omega2.ED50    0.566 0.246 43.50
1    cov.Emax.ED50    0.406 0.158 38.99
----------------------------------------------------
------  Correlation matrix of random effects  ------
----------------------------------------------------
            omega2.E0 omega2.Emax omega2.ED50
omega2.E0   1.00      0.00        0.00       
omega2.Emax 0.00      1.00        0.69       
omega2.ED50 0.00      0.69        1.00       
----------------------------------------------------
---------------  Statistical criteria  -------------
----------------------------------------------------
Likelihood computed by linearisation
      -2LL= 2206.484 
      AIC = 2222.484 
      BIC = 2248.871 

Likelihood computed by importance sampling
      -2LL= 2197.838 
      AIC = 2213.838 
      BIC = 2240.225 
----------------------------------------------------
Reading data from file /home/eco/work/saemix/saemixextension/simulationSuite/cont/emaxSparseProp/data/data_pdemax27.tab 
These are the first lines of the dataset as read into R. Please check the format of the data is appropriate, if not, modify the na and/or sep items and retry:
  id dose         y
1  1    0  3.994053
2  1 1000 24.988986
3  2    0  4.295164
4  2 1000 27.671523
5  3    0  7.431078
6  3 1000 30.189359


The following SaemixData object was successfully created:

Object of class SaemixData
    longitudinal data for use with the SAEM algorithm
Dataset /home/eco/work/saemix/saemixextension/simulationSuite/cont/emaxSparseProp/data/data_pdemax27.tab 
    Structured data: y ~ dose | id 
    Predictor: dose (-) 
Nonlinear mixed-effects model fit by the SAEM algorithm
-----------------------------------
----          Data             ----
-----------------------------------
Object of class SaemixData
    longitudinal data for use with the SAEM algorithm
Dataset /home/eco/work/saemix/saemixextension/simulationSuite/cont/emaxSparseProp/data/data_pdemax27.tab 
    Structured data: y ~ dose | id 
    Predictor: dose (-) 
Dataset characteristics:
    number of subjects:     200 
    number of observations: 400 
    average/min/max nb obs: 2.00  /  2  /  2 
First 10 lines of data:
   id dose         y mdv cens occ ytype
1   1    0  3.994053   0    0   1     1
2   1 1000 24.988986   0    0   1     1
3   2    0  4.295164   0    0   1     1
4   2 1000 27.671523   0    0   1     1
5   3    0  7.431078   0    0   1     1
6   3 1000 30.189359   0    0   1     1
7   4    0  7.730854   0    0   1     1
8   4 1000 22.526992   0    0   1     1
9   5    0  2.493847   0    0   1     1
10  5 1000 23.468738   0    0   1     1
-----------------------------------
----          Model            ----
-----------------------------------
Nonlinear mixed-effects model
  Model function:  PD Emax model
  Model type:  structural
function (psi, id, xidep) 
{
    dose <- xidep[, 1]
    e0 <- psi[id, 1]
    emax <- psi[id, 2]
    e50 <- psi[id, 3]
    f <- e0 + emax * dose/(e50 + dose)
    return(f)
}
<bytecode: 0x5624f519ee00>
  Nb of parameters: 3 
      parameter names:  E0 Emax ED50 
      distribution:
     Parameter Distribution Estimated
[1,] E0        log-normal   Estimated
[2,] Emax      log-normal   Estimated
[3,] ED50      log-normal   Estimated
  Variance-covariance matrix:
     E0 Emax ED50
E0    1    0    0
Emax  0    1    1
ED50  0    1    1
  Error model: proportional , initial values: b.1=0.1 
    No covariate in the model.
    Initial values
             E0 Emax ED50
Pop.CondInit  5   30  500
-----------------------------------
----    Key algorithm options  ----
-----------------------------------
    Estimation of individual parameters (MAP)
    Estimation of standard errors and linearised log-likelihood
    Estimation of log-likelihood by importance sampling
    Number of iterations:  K1=300, K2=100 
    Number of chains:  1 
    Seed:  4838928 
    Number of MCMC iterations for IS:  5000 
    Simulations:
        nb of simulated datasets used for npde:  1000 
        nb of simulated datasets used for VPC:  100 
    Input/output
        save the results to a file:  FALSE 
        save the graphs to files:  TRUE 
        directory where results should be saved:  newdir 
----------------------------------------------------
----                  Results                   ----
----------------------------------------------------
-----------------  Fixed effects  ------------------
----------------------------------------------------
     Parameter Estimate SE     CV(%)
[1,] E0          5.32    0.158  3.0 
[2,] Emax       29.03    2.015  6.9 
[3,] ED50      528.85   67.836 12.8 
[4,] b.1         0.11    0.019 17.6 
----------------------------------------------------
-----------  Variance of random effects  -----------
----------------------------------------------------
      Parameter     Estimate SE    CV(%)
E0    omega2.E0     0.09     0.015 16   
Emax  omega2.Emax   0.31     0.080 26   
ED50  omega2.ED50   0.49     0.222 45   
covar cov.Emax.ED50 0.15     0.117 79   
----------------------------------------------------
------  Correlation matrix of random effects  ------
----------------------------------------------------
            omega2.E0 omega2.Emax omega2.ED50
omega2.E0   1         0.00        0.00       
omega2.Emax 0         1.00        0.38       
omega2.ED50 0         0.38        1.00       
----------------------------------------------------
---------------  Statistical criteria  -------------
----------------------------------------------------
Likelihood computed by linearisation
      -2LL= 2202.956 
      AIC = 2218.956 
      BIC = 2245.343 

Likelihood computed by importance sampling
      -2LL= 2196.29 
      AIC = 2212.29 
      BIC = 2238.676 
----------------------------------------------------
----------------------------------------------------
-----------------  Fixed effects  ------------------
----------------------------------------------------
  Parameter Estimate     SE CV(%)
1        E0     5.32  0.158  2.98
2      Emax    29.03  2.015  6.94
3      ED50   528.85 67.836 12.83
4       b.1     0.11  0.019 17.62
----------------------------------------------------
-----------  Variance of random effects  -----------
----------------------------------------------------
         Parameter Estimate    SE CV(%)
E0       omega2.E0     0.09 0.015 16.36
Emax   omega2.Emax     0.31 0.080 26.26
ED50   omega2.ED50     0.49 0.222 45.13
1    cov.Emax.ED50     0.15 0.117 78.69
----------------------------------------------------
------  Correlation matrix of random effects  ------
----------------------------------------------------
            omega2.E0 omega2.Emax omega2.ED50
omega2.E0   1.00      0.00        0.00       
omega2.Emax 0.00      1.00        0.38       
omega2.ED50 0.00      0.38        1.00       
----------------------------------------------------
---------------  Statistical criteria  -------------
----------------------------------------------------
Likelihood computed by linearisation
      -2LL= 2202.956 
      AIC = 2218.956 
      BIC = 2245.343 

Likelihood computed by importance sampling
      -2LL= 2196.29 
      AIC = 2212.29 
      BIC = 2238.676 
----------------------------------------------------
Reading data from file /home/eco/work/saemix/saemixextension/simulationSuite/cont/emaxSparseProp/data/data_pdemax28.tab 
These are the first lines of the dataset as read into R. Please check the format of the data is appropriate, if not, modify the na and/or sep items and retry:
  id dose         y
1  1    0  5.533958
2  1 1000 26.412625
3  2    0  5.866421
4  2 1000 13.272796
5  3    0  3.558062
6  3 1000 42.610663


The following SaemixData object was successfully created:

Object of class SaemixData
    longitudinal data for use with the SAEM algorithm
Dataset /home/eco/work/saemix/saemixextension/simulationSuite/cont/emaxSparseProp/data/data_pdemax28.tab 
    Structured data: y ~ dose | id 
    Predictor: dose (-) 
Nonlinear mixed-effects model fit by the SAEM algorithm
-----------------------------------
----          Data             ----
-----------------------------------
Object of class SaemixData
    longitudinal data for use with the SAEM algorithm
Dataset /home/eco/work/saemix/saemixextension/simulationSuite/cont/emaxSparseProp/data/data_pdemax28.tab 
    Structured data: y ~ dose | id 
    Predictor: dose (-) 
Dataset characteristics:
    number of subjects:     200 
    number of observations: 400 
    average/min/max nb obs: 2.00  /  2  /  2 
First 10 lines of data:
   id dose         y mdv cens occ ytype
1   1    0  5.533958   0    0   1     1
2   1 1000 26.412625   0    0   1     1
3   2    0  5.866421   0    0   1     1
4   2 1000 13.272796   0    0   1     1
5   3    0  3.558062   0    0   1     1
6   3 1000 42.610663   0    0   1     1
7   4    0  6.224613   0    0   1     1
8   4 1000 15.488473   0    0   1     1
9   5    0  5.710771   0    0   1     1
10  5 1000 26.538229   0    0   1     1
-----------------------------------
----          Model            ----
-----------------------------------
Nonlinear mixed-effects model
  Model function:  PD Emax model
  Model type:  structural
function (psi, id, xidep) 
{
    dose <- xidep[, 1]
    e0 <- psi[id, 1]
    emax <- psi[id, 2]
    e50 <- psi[id, 3]
    f <- e0 + emax * dose/(e50 + dose)
    return(f)
}
<bytecode: 0x5624f519ee00>
  Nb of parameters: 3 
      parameter names:  E0 Emax ED50 
      distribution:
     Parameter Distribution Estimated
[1,] E0        log-normal   Estimated
[2,] Emax      log-normal   Estimated
[3,] ED50      log-normal   Estimated
  Variance-covariance matrix:
     E0 Emax ED50
E0    1    0    0
Emax  0    1    1
ED50  0    1    1
  Error model: proportional , initial values: b.1=0.1 
    No covariate in the model.
    Initial values
             E0 Emax ED50
Pop.CondInit  5   30  500
-----------------------------------
----    Key algorithm options  ----
-----------------------------------
    Estimation of individual parameters (MAP)
    Estimation of standard errors and linearised log-likelihood
    Estimation of log-likelihood by importance sampling
    Number of iterations:  K1=300, K2=100 
    Number of chains:  1 
    Seed:  4838928 
    Number of MCMC iterations for IS:  5000 
    Simulations:
        nb of simulated datasets used for npde:  1000 
        nb of simulated datasets used for VPC:  100 
    Input/output
        save the results to a file:  FALSE 
        save the graphs to files:  TRUE 
        directory where results should be saved:  newdir 
----------------------------------------------------
----                  Results                   ----
----------------------------------------------------
-----------------  Fixed effects  ------------------
----------------------------------------------------
     Parameter Estimate SE     CV(%)
[1,] E0          4.92    0.126  2.6 
[2,] Emax       26.43    1.666  6.3 
[3,] ED50      389.19   38.998 10.0 
[4,] b.1         0.12    0.019 16.8 
----------------------------------------------------
-----------  Variance of random effects  -----------
----------------------------------------------------
      Parameter     Estimate SE    CV(%)
E0    omega2.E0     0.057    0.011 19   
Emax  omega2.Emax   0.430    0.081 19   
ED50  omega2.ED50   0.299    0.162 54   
covar cov.Emax.ED50 0.206    0.103 50   
----------------------------------------------------
------  Correlation matrix of random effects  ------
----------------------------------------------------
            omega2.E0 omega2.Emax omega2.ED50
omega2.E0   1         0.00        0.00       
omega2.Emax 0         1.00        0.58       
omega2.ED50 0         0.58        1.00       
----------------------------------------------------
---------------  Statistical criteria  -------------
----------------------------------------------------
Likelihood computed by linearisation
      -2LL= 2194.311 
      AIC = 2210.311 
      BIC = 2236.698 

Likelihood computed by importance sampling
      -2LL= 2188.113 
      AIC = 2204.113 
      BIC = 2230.5 
----------------------------------------------------
----------------------------------------------------
-----------------  Fixed effects  ------------------
----------------------------------------------------
  Parameter Estimate     SE CV(%)
1        E0     4.92  0.126  2.57
2      Emax    26.43  1.666  6.30
3      ED50   389.19 38.998 10.02
4       b.1     0.12  0.019 16.83
----------------------------------------------------
-----------  Variance of random effects  -----------
----------------------------------------------------
         Parameter Estimate    SE CV(%)
E0       omega2.E0    0.057 0.011 19.40
Emax   omega2.Emax    0.430 0.081 18.75
ED50   omega2.ED50    0.299 0.162 54.04
1    cov.Emax.ED50    0.206 0.103 49.91
----------------------------------------------------
------  Correlation matrix of random effects  ------
----------------------------------------------------
            omega2.E0 omega2.Emax omega2.ED50
omega2.E0   1.00      0.00        0.00       
omega2.Emax 0.00      1.00        0.58       
omega2.ED50 0.00      0.58        1.00       
----------------------------------------------------
---------------  Statistical criteria  -------------
----------------------------------------------------
Likelihood computed by linearisation
      -2LL= 2194.311 
      AIC = 2210.311 
      BIC = 2236.698 

Likelihood computed by importance sampling
      -2LL= 2188.113 
      AIC = 2204.113 
      BIC = 2230.5 
----------------------------------------------------
Reading data from file /home/eco/work/saemix/saemixextension/simulationSuite/cont/emaxSparseProp/data/data_pdemax29.tab 
These are the first lines of the dataset as read into R. Please check the format of the data is appropriate, if not, modify the na and/or sep items and retry:
  id dose         y
1  1    0  3.744701
2  1 1000 23.079955
3  2    0  3.884033
4  2 1000 13.986314
5  3    0  2.705619
6  3 1000 40.273883


The following SaemixData object was successfully created:

Object of class SaemixData
    longitudinal data for use with the SAEM algorithm
Dataset /home/eco/work/saemix/saemixextension/simulationSuite/cont/emaxSparseProp/data/data_pdemax29.tab 
    Structured data: y ~ dose | id 
    Predictor: dose (-) 
Nonlinear mixed-effects model fit by the SAEM algorithm
-----------------------------------
----          Data             ----
-----------------------------------
Object of class SaemixData
    longitudinal data for use with the SAEM algorithm
Dataset /home/eco/work/saemix/saemixextension/simulationSuite/cont/emaxSparseProp/data/data_pdemax29.tab 
    Structured data: y ~ dose | id 
    Predictor: dose (-) 
Dataset characteristics:
    number of subjects:     200 
    number of observations: 400 
    average/min/max nb obs: 2.00  /  2  /  2 
First 10 lines of data:
   id dose         y mdv cens occ ytype
1   1    0  3.744701   0    0   1     1
2   1 1000 23.079955   0    0   1     1
3   2    0  3.884033   0    0   1     1
4   2 1000 13.986314   0    0   1     1
5   3    0  2.705619   0    0   1     1
6   3 1000 40.273883   0    0   1     1
7   4    0  3.520360   0    0   1     1
8   4 1000 50.601288   0    0   1     1
9   5    0  3.953077   0    0   1     1
10  5 1000 18.221623   0    0   1     1
-----------------------------------
----          Model            ----
-----------------------------------
Nonlinear mixed-effects model
  Model function:  PD Emax model
  Model type:  structural
function (psi, id, xidep) 
{
    dose <- xidep[, 1]
    e0 <- psi[id, 1]
    emax <- psi[id, 2]
    e50 <- psi[id, 3]
    f <- e0 + emax * dose/(e50 + dose)
    return(f)
}
<bytecode: 0x5624f519ee00>
  Nb of parameters: 3 
      parameter names:  E0 Emax ED50 
      distribution:
     Parameter Distribution Estimated
[1,] E0        log-normal   Estimated
[2,] Emax      log-normal   Estimated
[3,] ED50      log-normal   Estimated
  Variance-covariance matrix:
     E0 Emax ED50
E0    1    0    0
Emax  0    1    1
ED50  0    1    1
  Error model: proportional , initial values: b.1=0.1 
    No covariate in the model.
    Initial values
             E0 Emax ED50
Pop.CondInit  5   30  500
-----------------------------------
----    Key algorithm options  ----
-----------------------------------
    Estimation of individual parameters (MAP)
    Estimation of standard errors and linearised log-likelihood
    Estimation of log-likelihood by importance sampling
    Number of iterations:  K1=300, K2=100 
    Number of chains:  1 
    Seed:  4838928 
    Number of MCMC iterations for IS:  5000 
    Simulations:
        nb of simulated datasets used for npde:  1000 
        nb of simulated datasets used for VPC:  100 
    Input/output
        save the results to a file:  FALSE 
        save the graphs to files:  TRUE 
        directory where results should be saved:  newdir 
----------------------------------------------------
----                  Results                   ----
----------------------------------------------------
-----------------  Fixed effects  ------------------
----------------------------------------------------
     Parameter Estimate SE     CV(%)
[1,] E0          4.95    0.150  3.0 
[2,] Emax       24.90    1.487  6.0 
[3,] ED50      392.33   35.087  8.9 
[4,] b.1         0.11    0.017 15.4 
----------------------------------------------------
-----------  Variance of random effects  -----------
----------------------------------------------------
      Parameter     Estimate SE    CV(%)
E0    omega2.E0     0.091    0.015  17  
Emax  omega2.Emax   0.419    0.070  17  
ED50  omega2.ED50   0.049    0.101 207  
covar cov.Emax.ED50 0.012    0.072 600  
----------------------------------------------------
------  Correlation matrix of random effects  ------
----------------------------------------------------
            omega2.E0 omega2.Emax omega2.ED50
omega2.E0   1         0.000       0.000      
omega2.Emax 0         1.000       0.084      
omega2.ED50 0         0.084       1.000      
----------------------------------------------------
---------------  Statistical criteria  -------------
----------------------------------------------------
Likelihood computed by linearisation
      -2LL= 2247.128 
      AIC = 2263.128 
      BIC = 2289.515 

Likelihood computed by importance sampling
      -2LL= 2250.88 
      AIC = 2266.88 
      BIC = 2293.266 
----------------------------------------------------
----------------------------------------------------
-----------------  Fixed effects  ------------------
----------------------------------------------------
  Parameter Estimate     SE CV(%)
1        E0     4.95  0.150  3.03
2      Emax    24.90  1.487  5.97
3      ED50   392.33 35.087  8.94
4       b.1     0.11  0.017 15.42
----------------------------------------------------
-----------  Variance of random effects  -----------
----------------------------------------------------
         Parameter Estimate    SE  CV(%)
E0       omega2.E0    0.091 0.015  16.54
Emax   omega2.Emax    0.419 0.070  16.81
ED50   omega2.ED50    0.049 0.101 207.23
1    cov.Emax.ED50    0.012 0.072 600.09
----------------------------------------------------
------  Correlation matrix of random effects  ------
----------------------------------------------------
            omega2.E0 omega2.Emax omega2.ED50
omega2.E0   1.00      0.000       0.000      
omega2.Emax 0.00      1.000       0.084      
omega2.ED50 0.00      0.084       1.000      
----------------------------------------------------
---------------  Statistical criteria  -------------
----------------------------------------------------
Likelihood computed by linearisation
      -2LL= 2247.128 
      AIC = 2263.128 
      BIC = 2289.515 

Likelihood computed by importance sampling
      -2LL= 2250.88 
      AIC = 2266.88 
      BIC = 2293.266 
----------------------------------------------------
Reading data from file /home/eco/work/saemix/saemixextension/simulationSuite/cont/emaxSparseProp/data/data_pdemax30.tab 
These are the first lines of the dataset as read into R. Please check the format of the data is appropriate, if not, modify the na and/or sep items and retry:
  id dose         y
1  1    0  5.520449
2  1 1000 21.609167
3  2    0  6.579219
4  2 1000 19.042489
5  3    0 11.220103
6  3 1000 23.538102


The following SaemixData object was successfully created:

Object of class SaemixData
    longitudinal data for use with the SAEM algorithm
Dataset /home/eco/work/saemix/saemixextension/simulationSuite/cont/emaxSparseProp/data/data_pdemax30.tab 
    Structured data: y ~ dose | id 
    Predictor: dose (-) 
Nonlinear mixed-effects model fit by the SAEM algorithm
-----------------------------------
----          Data             ----
-----------------------------------
Object of class SaemixData
    longitudinal data for use with the SAEM algorithm
Dataset /home/eco/work/saemix/saemixextension/simulationSuite/cont/emaxSparseProp/data/data_pdemax30.tab 
    Structured data: y ~ dose | id 
    Predictor: dose (-) 
Dataset characteristics:
    number of subjects:     200 
    number of observations: 400 
    average/min/max nb obs: 2.00  /  2  /  2 
First 10 lines of data:
   id dose         y mdv cens occ ytype
1   1    0  5.520449   0    0   1     1
2   1 1000 21.609167   0    0   1     1
3   2    0  6.579219   0    0   1     1
4   2 1000 19.042489   0    0   1     1
5   3    0 11.220103   0    0   1     1
6   3 1000 23.538102   0    0   1     1
7   4    0  6.487112   0    0   1     1
8   4 1000 19.432051   0    0   1     1
9   5    0  4.115220   0    0   1     1
10  5 1000 28.773911   0    0   1     1
-----------------------------------
----          Model            ----
-----------------------------------
Nonlinear mixed-effects model
  Model function:  PD Emax model
  Model type:  structural
function (psi, id, xidep) 
{
    dose <- xidep[, 1]
    e0 <- psi[id, 1]
    emax <- psi[id, 2]
    e50 <- psi[id, 3]
    f <- e0 + emax * dose/(e50 + dose)
    return(f)
}
<bytecode: 0x5624f519ee00>
  Nb of parameters: 3 
      parameter names:  E0 Emax ED50 
      distribution:
     Parameter Distribution Estimated
[1,] E0        log-normal   Estimated
[2,] Emax      log-normal   Estimated
[3,] ED50      log-normal   Estimated
  Variance-covariance matrix:
     E0 Emax ED50
E0    1    0    0
Emax  0    1    1
ED50  0    1    1
  Error model: proportional , initial values: b.1=0.1 
    No covariate in the model.
    Initial values
             E0 Emax ED50
Pop.CondInit  5   30  500
-----------------------------------
----    Key algorithm options  ----
-----------------------------------
    Estimation of individual parameters (MAP)
    Estimation of standard errors and linearised log-likelihood
    Estimation of log-likelihood by importance sampling
    Number of iterations:  K1=300, K2=100 
    Number of chains:  1 
    Seed:  4838928 
    Number of MCMC iterations for IS:  5000 
    Simulations:
        nb of simulated datasets used for npde:  1000 
        nb of simulated datasets used for VPC:  100 
    Input/output
        save the results to a file:  FALSE 
        save the graphs to files:  TRUE 
        directory where results should be saved:  newdir 
----------------------------------------------------
----                  Results                   ----
----------------------------------------------------
-----------------  Fixed effects  ------------------
----------------------------------------------------
     Parameter Estimate SE      CV(%)
[1,] E0          5.441    0.148  2.7 
[2,] Emax       38.502    3.091  8.0 
[3,] ED50      899.424  124.009 13.8 
[4,] b.1         0.091    0.019 20.6 
----------------------------------------------------
-----------  Variance of random effects  -----------
----------------------------------------------------
      Parameter     Estimate SE    CV(%)
E0    omega2.E0     0.088    0.013  15  
Emax  omega2.Emax   0.254    0.083  33  
ED50  omega2.ED50   0.791    0.251  32  
covar cov.Emax.ED50 0.070    0.119 169  
----------------------------------------------------
------  Correlation matrix of random effects  ------
----------------------------------------------------
            omega2.E0 omega2.Emax omega2.ED50
omega2.E0   1         0.00        0.00       
omega2.Emax 0         1.00        0.16       
omega2.ED50 0         0.16        1.00       
----------------------------------------------------
---------------  Statistical criteria  -------------
----------------------------------------------------
Likelihood computed by linearisation
      -2LL= 2278.338 
      AIC = 2294.338 
      BIC = 2320.724 

Likelihood computed by importance sampling
      -2LL= 2269.318 
      AIC = 2285.318 
      BIC = 2311.705 
----------------------------------------------------
----------------------------------------------------
-----------------  Fixed effects  ------------------
----------------------------------------------------
  Parameter Estimate      SE CV(%)
1        E0    5.441   0.148  2.72
2      Emax   38.502   3.091  8.03
3      ED50  899.424 124.009 13.79
4       b.1    0.091   0.019 20.59
----------------------------------------------------
-----------  Variance of random effects  -----------
----------------------------------------------------
         Parameter Estimate    SE  CV(%)
E0       omega2.E0    0.088 0.013  15.36
Emax   omega2.Emax    0.254 0.083  32.78
ED50   omega2.ED50    0.791 0.251  31.76
1    cov.Emax.ED50    0.070 0.119 168.94
----------------------------------------------------
------  Correlation matrix of random effects  ------
----------------------------------------------------
            omega2.E0 omega2.Emax omega2.ED50
omega2.E0   1.00      0.00        0.00       
omega2.Emax 0.00      1.00        0.16       
omega2.ED50 0.00      0.16        1.00       
----------------------------------------------------
---------------  Statistical criteria  -------------
----------------------------------------------------
Likelihood computed by linearisation
      -2LL= 2278.338 
      AIC = 2294.338 
      BIC = 2320.724 

Likelihood computed by importance sampling
      -2LL= 2269.318 
      AIC = 2285.318 
      BIC = 2311.705 
----------------------------------------------------
Reading data from file /home/eco/work/saemix/saemixextension/simulationSuite/cont/emaxSparseProp/data/data_pdemax31.tab 
These are the first lines of the dataset as read into R. Please check the format of the data is appropriate, if not, modify the na and/or sep items and retry:
  id dose         y
1  1    0  5.451820
2  1 1000 21.261383
3  2    0  5.154621
4  2 1000 20.207428
5  3    0  6.610654
6  3 1000 34.529031


The following SaemixData object was successfully created:

Object of class SaemixData
    longitudinal data for use with the SAEM algorithm
Dataset /home/eco/work/saemix/saemixextension/simulationSuite/cont/emaxSparseProp/data/data_pdemax31.tab 
    Structured data: y ~ dose | id 
    Predictor: dose (-) 
Nonlinear mixed-effects model fit by the SAEM algorithm
-----------------------------------
----          Data             ----
-----------------------------------
Object of class SaemixData
    longitudinal data for use with the SAEM algorithm
Dataset /home/eco/work/saemix/saemixextension/simulationSuite/cont/emaxSparseProp/data/data_pdemax31.tab 
    Structured data: y ~ dose | id 
    Predictor: dose (-) 
Dataset characteristics:
    number of subjects:     200 
    number of observations: 400 
    average/min/max nb obs: 2.00  /  2  /  2 
First 10 lines of data:
   id dose         y mdv cens occ ytype
1   1    0  5.451820   0    0   1     1
2   1 1000 21.261383   0    0   1     1
3   2    0  5.154621   0    0   1     1
4   2 1000 20.207428   0    0   1     1
5   3    0  6.610654   0    0   1     1
6   3 1000 34.529031   0    0   1     1
7   4    0  3.564885   0    0   1     1
8   4 1000 19.560145   0    0   1     1
9   5    0  3.417849   0    0   1     1
10  5 1000 14.584246   0    0   1     1
-----------------------------------
----          Model            ----
-----------------------------------
Nonlinear mixed-effects model
  Model function:  PD Emax model
  Model type:  structural
function (psi, id, xidep) 
{
    dose <- xidep[, 1]
    e0 <- psi[id, 1]
    emax <- psi[id, 2]
    e50 <- psi[id, 3]
    f <- e0 + emax * dose/(e50 + dose)
    return(f)
}
<bytecode: 0x5624f519ee00>
  Nb of parameters: 3 
      parameter names:  E0 Emax ED50 
      distribution:
     Parameter Distribution Estimated
[1,] E0        log-normal   Estimated
[2,] Emax      log-normal   Estimated
[3,] ED50      log-normal   Estimated
  Variance-covariance matrix:
     E0 Emax ED50
E0    1    0    0
Emax  0    1    1
ED50  0    1    1
  Error model: proportional , initial values: b.1=0.1 
    No covariate in the model.
    Initial values
             E0 Emax ED50
Pop.CondInit  5   30  500
-----------------------------------
----    Key algorithm options  ----
-----------------------------------
    Estimation of individual parameters (MAP)
    Estimation of standard errors and linearised log-likelihood
    Estimation of log-likelihood by importance sampling
    Number of iterations:  K1=300, K2=100 
    Number of chains:  1 
    Seed:  4838928 
    Number of MCMC iterations for IS:  5000 
    Simulations:
        nb of simulated datasets used for npde:  1000 
        nb of simulated datasets used for VPC:  100 
    Input/output
        save the results to a file:  FALSE 
        save the graphs to files:  TRUE 
        directory where results should be saved:  newdir 
----------------------------------------------------
----                  Results                   ----
----------------------------------------------------
-----------------  Fixed effects  ------------------
----------------------------------------------------
     Parameter Estimate SE     CV(%)
[1,] E0          5.104   0.149  2.9 
[2,] Emax       27.594   1.931  7.0 
[3,] ED50      404.769  49.655 12.3 
[4,] b.1         0.086   0.023 26.6 
----------------------------------------------------
-----------  Variance of random effects  -----------
----------------------------------------------------
      Parameter     Estimate SE    CV(%)
E0    omega2.E0     0.087    0.014 16   
Emax  omega2.Emax   0.526    0.098 19   
ED50  omega2.ED50   0.719    0.238 33   
covar cov.Emax.ED50 0.403    0.140 35   
----------------------------------------------------
------  Correlation matrix of random effects  ------
----------------------------------------------------
            omega2.E0 omega2.Emax omega2.ED50
omega2.E0   1         0.00        0.00       
omega2.Emax 0         1.00        0.66       
omega2.ED50 0         0.66        1.00       
----------------------------------------------------
---------------  Statistical criteria  -------------
----------------------------------------------------
Likelihood computed by linearisation
      -2LL= 2237.337 
      AIC = 2253.337 
      BIC = 2279.724 

Likelihood computed by importance sampling
      -2LL= 2221.432 
      AIC = 2237.432 
      BIC = 2263.819 
----------------------------------------------------
----------------------------------------------------
-----------------  Fixed effects  ------------------
----------------------------------------------------
  Parameter Estimate     SE CV(%)
1        E0    5.104  0.149  2.92
2      Emax   27.594  1.931  7.00
3      ED50  404.769 49.655 12.27
4       b.1    0.086  0.023 26.55
----------------------------------------------------
-----------  Variance of random effects  -----------
----------------------------------------------------
         Parameter Estimate    SE CV(%)
E0       omega2.E0    0.087 0.014 16.03
Emax   omega2.Emax    0.526 0.098 18.69
ED50   omega2.ED50    0.719 0.238 33.17
1    cov.Emax.ED50    0.403 0.140 34.79
----------------------------------------------------
------  Correlation matrix of random effects  ------
----------------------------------------------------
            omega2.E0 omega2.Emax omega2.ED50
omega2.E0   1.00      0.00        0.00       
omega2.Emax 0.00      1.00        0.66       
omega2.ED50 0.00      0.66        1.00       
----------------------------------------------------
---------------  Statistical criteria  -------------
----------------------------------------------------
Likelihood computed by linearisation
      -2LL= 2237.337 
      AIC = 2253.337 
      BIC = 2279.724 

Likelihood computed by importance sampling
      -2LL= 2221.432 
      AIC = 2237.432 
      BIC = 2263.819 
----------------------------------------------------
Reading data from file /home/eco/work/saemix/saemixextension/simulationSuite/cont/emaxSparseProp/data/data_pdemax32.tab 
These are the first lines of the dataset as read into R. Please check the format of the data is appropriate, if not, modify the na and/or sep items and retry:
  id dose         y
1  1    0  5.188804
2  1 1000 51.743060
3  2    0  4.424254
4  2 1000 20.693116
5  3    0  5.147266
6  3 1000 13.308698


The following SaemixData object was successfully created:

Object of class SaemixData
    longitudinal data for use with the SAEM algorithm
Dataset /home/eco/work/saemix/saemixextension/simulationSuite/cont/emaxSparseProp/data/data_pdemax32.tab 
    Structured data: y ~ dose | id 
    Predictor: dose (-) 
Nonlinear mixed-effects model fit by the SAEM algorithm
-----------------------------------
----          Data             ----
-----------------------------------
Object of class SaemixData
    longitudinal data for use with the SAEM algorithm
Dataset /home/eco/work/saemix/saemixextension/simulationSuite/cont/emaxSparseProp/data/data_pdemax32.tab 
    Structured data: y ~ dose | id 
    Predictor: dose (-) 
Dataset characteristics:
    number of subjects:     200 
    number of observations: 400 
    average/min/max nb obs: 2.00  /  2  /  2 
First 10 lines of data:
   id dose         y mdv cens occ ytype
1   1    0  5.188804   0    0   1     1
2   1 1000 51.743060   0    0   1     1
3   2    0  4.424254   0    0   1     1
4   2 1000 20.693116   0    0   1     1
5   3    0  5.147266   0    0   1     1
6   3 1000 13.308698   0    0   1     1
7   4    0  6.679950   0    0   1     1
8   4 1000 23.941618   0    0   1     1
9   5    0  5.743733   0    0   1     1
10  5 1000 32.043626   0    0   1     1
-----------------------------------
----          Model            ----
-----------------------------------
Nonlinear mixed-effects model
  Model function:  PD Emax model
  Model type:  structural
function (psi, id, xidep) 
{
    dose <- xidep[, 1]
    e0 <- psi[id, 1]
    emax <- psi[id, 2]
    e50 <- psi[id, 3]
    f <- e0 + emax * dose/(e50 + dose)
    return(f)
}
<bytecode: 0x5624f519ee00>
  Nb of parameters: 3 
      parameter names:  E0 Emax ED50 
      distribution:
     Parameter Distribution Estimated
[1,] E0        log-normal   Estimated
[2,] Emax      log-normal   Estimated
[3,] ED50      log-normal   Estimated
  Variance-covariance matrix:
     E0 Emax ED50
E0    1    0    0
Emax  0    1    1
ED50  0    1    1
  Error model: proportional , initial values: b.1=0.1 
    No covariate in the model.
    Initial values
             E0 Emax ED50
Pop.CondInit  5   30  500
-----------------------------------
----    Key algorithm options  ----
-----------------------------------
    Estimation of individual parameters (MAP)
    Estimation of standard errors and linearised log-likelihood
    Estimation of log-likelihood by importance sampling
    Number of iterations:  K1=300, K2=100 
    Number of chains:  1 
    Seed:  4838928 
    Number of MCMC iterations for IS:  5000 
    Simulations:
        nb of simulated datasets used for npde:  1000 
        nb of simulated datasets used for VPC:  100 
    Input/output
        save the results to a file:  FALSE 
        save the graphs to files:  TRUE 
        directory where results should be saved:  newdir 
----------------------------------------------------
----                  Results                   ----
----------------------------------------------------
-----------------  Fixed effects  ------------------
----------------------------------------------------
     Parameter Estimate SE     CV(%)
[1,] E0          4.95    0.138  2.8 
[2,] Emax       29.89    2.133  7.1 
[3,] ED50      492.84   54.060 11.0 
[4,] b.1         0.14    0.019 14.2 
----------------------------------------------------
-----------  Variance of random effects  -----------
----------------------------------------------------
      Parameter     Estimate SE    CV(%)
E0    omega2.E0     0.067    0.013  20  
Emax  omega2.Emax   0.453    0.095  21  
ED50  omega2.ED50   0.135    0.162 120  
covar cov.Emax.ED50 0.105    0.110 104  
----------------------------------------------------
------  Correlation matrix of random effects  ------
----------------------------------------------------
            omega2.E0 omega2.Emax omega2.ED50
omega2.E0   1         0.00        0.00       
omega2.Emax 0         1.00        0.43       
omega2.ED50 0         0.43        1.00       
----------------------------------------------------
---------------  Statistical criteria  -------------
----------------------------------------------------
Likelihood computed by linearisation
      -2LL= 2255.483 
      AIC = 2271.483 
      BIC = 2297.869 

Likelihood computed by importance sampling
      -2LL= 2254.856 
      AIC = 2270.856 
      BIC = 2297.242 
----------------------------------------------------
----------------------------------------------------
-----------------  Fixed effects  ------------------
----------------------------------------------------
  Parameter Estimate     SE CV(%)
1        E0     4.95  0.138  2.79
2      Emax    29.89  2.133  7.14
3      ED50   492.84 54.060 10.97
4       b.1     0.14  0.019 14.16
----------------------------------------------------
-----------  Variance of random effects  -----------
----------------------------------------------------
         Parameter Estimate    SE  CV(%)
E0       omega2.E0    0.067 0.013  19.76
Emax   omega2.Emax    0.453 0.095  21.01
ED50   omega2.ED50    0.135 0.162 120.34
1    cov.Emax.ED50    0.105 0.110 104.38
----------------------------------------------------
------  Correlation matrix of random effects  ------
----------------------------------------------------
            omega2.E0 omega2.Emax omega2.ED50
omega2.E0   1.00      0.00        0.00       
omega2.Emax 0.00      1.00        0.43       
omega2.ED50 0.00      0.43        1.00       
----------------------------------------------------
---------------  Statistical criteria  -------------
----------------------------------------------------
Likelihood computed by linearisation
      -2LL= 2255.483 
      AIC = 2271.483 
      BIC = 2297.869 

Likelihood computed by importance sampling
      -2LL= 2254.856 
      AIC = 2270.856 
      BIC = 2297.242 
----------------------------------------------------
Reading data from file /home/eco/work/saemix/saemixextension/simulationSuite/cont/emaxSparseProp/data/data_pdemax33.tab 
These are the first lines of the dataset as read into R. Please check the format of the data is appropriate, if not, modify the na and/or sep items and retry:
  id dose         y
1  1    0  6.365892
2  1 1000 28.239301
3  2    0  2.983049
4  2 1000 14.606305
5  3    0  4.740060
6  3 1000 14.189866


The following SaemixData object was successfully created:

Object of class SaemixData
    longitudinal data for use with the SAEM algorithm
Dataset /home/eco/work/saemix/saemixextension/simulationSuite/cont/emaxSparseProp/data/data_pdemax33.tab 
    Structured data: y ~ dose | id 
    Predictor: dose (-) 
Nonlinear mixed-effects model fit by the SAEM algorithm
-----------------------------------
----          Data             ----
-----------------------------------
Object of class SaemixData
    longitudinal data for use with the SAEM algorithm
Dataset /home/eco/work/saemix/saemixextension/simulationSuite/cont/emaxSparseProp/data/data_pdemax33.tab 
    Structured data: y ~ dose | id 
    Predictor: dose (-) 
Dataset characteristics:
    number of subjects:     200 
    number of observations: 400 
    average/min/max nb obs: 2.00  /  2  /  2 
First 10 lines of data:
   id dose          y mdv cens occ ytype
1   1    0   6.365892   0    0   1     1
2   1 1000  28.239301   0    0   1     1
3   2    0   2.983049   0    0   1     1
4   2 1000  14.606305   0    0   1     1
5   3    0   4.740060   0    0   1     1
6   3 1000  14.189866   0    0   1     1
7   4    0   4.957785   0    0   1     1
8   4 1000  11.680410   0    0   1     1
9   5    0   4.514635   0    0   1     1
10  5 1000 106.135431   0    0   1     1
-----------------------------------
----          Model            ----
-----------------------------------
Nonlinear mixed-effects model
  Model function:  PD Emax model
  Model type:  structural
function (psi, id, xidep) 
{
    dose <- xidep[, 1]
    e0 <- psi[id, 1]
    emax <- psi[id, 2]
    e50 <- psi[id, 3]
    f <- e0 + emax * dose/(e50 + dose)
    return(f)
}
<bytecode: 0x5624f519ee00>
  Nb of parameters: 3 
      parameter names:  E0 Emax ED50 
      distribution:
     Parameter Distribution Estimated
[1,] E0        log-normal   Estimated
[2,] Emax      log-normal   Estimated
[3,] ED50      log-normal   Estimated
  Variance-covariance matrix:
     E0 Emax ED50
E0    1    0    0
Emax  0    1    1
ED50  0    1    1
  Error model: proportional , initial values: b.1=0.1 
    No covariate in the model.
    Initial values
             E0 Emax ED50
Pop.CondInit  5   30  500
-----------------------------------
----    Key algorithm options  ----
-----------------------------------
    Estimation of individual parameters (MAP)
    Estimation of standard errors and linearised log-likelihood
    Estimation of log-likelihood by importance sampling
    Number of iterations:  K1=300, K2=100 
    Number of chains:  1 
    Seed:  4838928 
    Number of MCMC iterations for IS:  5000 
    Simulations:
        nb of simulated datasets used for npde:  1000 
        nb of simulated datasets used for VPC:  100 
    Input/output
        save the results to a file:  FALSE 
        save the graphs to files:  TRUE 
        directory where results should be saved:  newdir 
----------------------------------------------------
----                  Results                   ----
----------------------------------------------------
-----------------  Fixed effects  ------------------
----------------------------------------------------
     Parameter Estimate SE     CV(%)
[1,] E0          4.86    0.146  3.0 
[2,] Emax       27.66    1.997  7.2 
[3,] ED50      478.10   55.177 11.5 
[4,] b.1         0.14    0.021 14.2 
----------------------------------------------------
-----------  Variance of random effects  -----------
----------------------------------------------------
      Parameter     Estimate SE    CV(%)
E0    omega2.E0     0.077    0.015  20  
Emax  omega2.Emax   0.425    0.098  23  
ED50  omega2.ED50   0.134    0.196 146  
covar cov.Emax.ED50 0.147    0.125  85  
----------------------------------------------------
------  Correlation matrix of random effects  ------
----------------------------------------------------
            omega2.E0 omega2.Emax omega2.ED50
omega2.E0   1         0.00        0.00       
omega2.Emax 0         1.00        0.62       
omega2.ED50 0         0.62        1.00       
----------------------------------------------------
---------------  Statistical criteria  -------------
----------------------------------------------------
Likelihood computed by linearisation
      -2LL= 2213.321 
      AIC = 2229.321 
      BIC = 2255.707 

Likelihood computed by importance sampling
      -2LL= 2213.631 
      AIC = 2229.631 
      BIC = 2256.017 
----------------------------------------------------
----------------------------------------------------
-----------------  Fixed effects  ------------------
----------------------------------------------------
  Parameter Estimate     SE CV(%)
1        E0     4.86  0.146  3.00
2      Emax    27.66  1.997  7.22
3      ED50   478.10 55.177 11.54
4       b.1     0.14  0.021 14.23
----------------------------------------------------
-----------  Variance of random effects  -----------
----------------------------------------------------
         Parameter Estimate    SE  CV(%)
E0       omega2.E0    0.077 0.015  19.61
Emax   omega2.Emax    0.425 0.098  23.19
ED50   omega2.ED50    0.134 0.196 146.38
1    cov.Emax.ED50    0.147 0.125  84.93
----------------------------------------------------
------  Correlation matrix of random effects  ------
----------------------------------------------------
            omega2.E0 omega2.Emax omega2.ED50
omega2.E0   1.00      0.00        0.00       
omega2.Emax 0.00      1.00        0.62       
omega2.ED50 0.00      0.62        1.00       
----------------------------------------------------
---------------  Statistical criteria  -------------
----------------------------------------------------
Likelihood computed by linearisation
      -2LL= 2213.321 
      AIC = 2229.321 
      BIC = 2255.707 

Likelihood computed by importance sampling
      -2LL= 2213.631 
      AIC = 2229.631 
      BIC = 2256.017 
----------------------------------------------------
Reading data from file /home/eco/work/saemix/saemixextension/simulationSuite/cont/emaxSparseProp/data/data_pdemax34.tab 
These are the first lines of the dataset as read into R. Please check the format of the data is appropriate, if not, modify the na and/or sep items and retry:
  id dose         y
1  1    0  6.304476
2  1 1000 15.854572
3  2    0  2.700093
4  2 1000 28.898896
5  3    0  5.908753
6  3 1000 29.055221


The following SaemixData object was successfully created:

Object of class SaemixData
    longitudinal data for use with the SAEM algorithm
Dataset /home/eco/work/saemix/saemixextension/simulationSuite/cont/emaxSparseProp/data/data_pdemax34.tab 
    Structured data: y ~ dose | id 
    Predictor: dose (-) 
Nonlinear mixed-effects model fit by the SAEM algorithm
-----------------------------------
----          Data             ----
-----------------------------------
Object of class SaemixData
    longitudinal data for use with the SAEM algorithm
Dataset /home/eco/work/saemix/saemixextension/simulationSuite/cont/emaxSparseProp/data/data_pdemax34.tab 
    Structured data: y ~ dose | id 
    Predictor: dose (-) 
Dataset characteristics:
    number of subjects:     200 
    number of observations: 400 
    average/min/max nb obs: 2.00  /  2  /  2 
First 10 lines of data:
   id dose         y mdv cens occ ytype
1   1    0  6.304476   0    0   1     1
2   1 1000 15.854572   0    0   1     1
3   2    0  2.700093   0    0   1     1
4   2 1000 28.898896   0    0   1     1
5   3    0  5.908753   0    0   1     1
6   3 1000 29.055221   0    0   1     1
7   4    0  6.536034   0    0   1     1
8   4 1000 31.238721   0    0   1     1
9   5    0  4.118214   0    0   1     1
10  5 1000 22.413049   0    0   1     1
-----------------------------------
----          Model            ----
-----------------------------------
Nonlinear mixed-effects model
  Model function:  PD Emax model
  Model type:  structural
function (psi, id, xidep) 
{
    dose <- xidep[, 1]
    e0 <- psi[id, 1]
    emax <- psi[id, 2]
    e50 <- psi[id, 3]
    f <- e0 + emax * dose/(e50 + dose)
    return(f)
}
<bytecode: 0x5624f519ee00>
  Nb of parameters: 3 
      parameter names:  E0 Emax ED50 
      distribution:
     Parameter Distribution Estimated
[1,] E0        log-normal   Estimated
[2,] Emax      log-normal   Estimated
[3,] ED50      log-normal   Estimated
  Variance-covariance matrix:
     E0 Emax ED50
E0    1    0    0
Emax  0    1    1
ED50  0    1    1
  Error model: proportional , initial values: b.1=0.1 
    No covariate in the model.
    Initial values
             E0 Emax ED50
Pop.CondInit  5   30  500
-----------------------------------
----    Key algorithm options  ----
-----------------------------------
    Estimation of individual parameters (MAP)
    Estimation of standard errors and linearised log-likelihood
    Estimation of log-likelihood by importance sampling
    Number of iterations:  K1=300, K2=100 
    Number of chains:  1 
    Seed:  4838928 
    Number of MCMC iterations for IS:  5000 
    Simulations:
        nb of simulated datasets used for npde:  1000 
        nb of simulated datasets used for VPC:  100 
    Input/output
        save the results to a file:  FALSE 
        save the graphs to files:  TRUE 
        directory where results should be saved:  newdir 
----------------------------------------------------
----                  Results                   ----
----------------------------------------------------
-----------------  Fixed effects  ------------------
----------------------------------------------------
     Parameter Estimate SE    CV(%)
[1,] E0          4.95    0.14  2.9 
[2,] Emax       31.66    2.31  7.3 
[3,] ED50      503.21   59.82 11.9 
[4,] b.1         0.12    0.02 16.0 
----------------------------------------------------
-----------  Variance of random effects  -----------
----------------------------------------------------
      Parameter     Estimate SE    CV(%)
E0    omega2.E0     0.079    0.014  18  
Emax  omega2.Emax   0.455    0.097  21  
ED50  omega2.ED50   0.363    0.192  53  
covar cov.Emax.ED50 0.104    0.117 113  
----------------------------------------------------
------  Correlation matrix of random effects  ------
----------------------------------------------------
            omega2.E0 omega2.Emax omega2.ED50
omega2.E0   1         0.00        0.00       
omega2.Emax 0         1.00        0.26       
omega2.ED50 0         0.26        1.00       
----------------------------------------------------
---------------  Statistical criteria  -------------
----------------------------------------------------
Likelihood computed by linearisation
      -2LL= 2330.572 
      AIC = 2346.572 
      BIC = 2372.959 

Likelihood computed by importance sampling
      -2LL= 2324.145 
      AIC = 2340.145 
      BIC = 2366.531 
----------------------------------------------------
----------------------------------------------------
-----------------  Fixed effects  ------------------
----------------------------------------------------
  Parameter Estimate    SE CV(%)
1        E0     4.95  0.14  2.92
2      Emax    31.66  2.31  7.30
3      ED50   503.21 59.82 11.89
4       b.1     0.12  0.02 16.00
----------------------------------------------------
-----------  Variance of random effects  -----------
----------------------------------------------------
         Parameter Estimate    SE  CV(%)
E0       omega2.E0    0.079 0.014  18.09
Emax   omega2.Emax    0.455 0.097  21.27
ED50   omega2.ED50    0.363 0.192  53.00
1    cov.Emax.ED50    0.104 0.117 113.24
----------------------------------------------------
------  Correlation matrix of random effects  ------
----------------------------------------------------
            omega2.E0 omega2.Emax omega2.ED50
omega2.E0   1.00      0.00        0.00       
omega2.Emax 0.00      1.00        0.26       
omega2.ED50 0.00      0.26        1.00       
----------------------------------------------------
---------------  Statistical criteria  -------------
----------------------------------------------------
Likelihood computed by linearisation
      -2LL= 2330.572 
      AIC = 2346.572 
      BIC = 2372.959 

Likelihood computed by importance sampling
      -2LL= 2324.145 
      AIC = 2340.145 
      BIC = 2366.531 
----------------------------------------------------
Reading data from file /home/eco/work/saemix/saemixextension/simulationSuite/cont/emaxSparseProp/data/data_pdemax35.tab 
These are the first lines of the dataset as read into R. Please check the format of the data is appropriate, if not, modify the na and/or sep items and retry:
  id dose         y
1  1    0  6.620200
2  1 1000 18.669360
3  2    0  4.615934
4  2 1000 40.534117
5  3    0  3.987555
6  3 1000  7.448469


The following SaemixData object was successfully created:

Object of class SaemixData
    longitudinal data for use with the SAEM algorithm
Dataset /home/eco/work/saemix/saemixextension/simulationSuite/cont/emaxSparseProp/data/data_pdemax35.tab 
    Structured data: y ~ dose | id 
    Predictor: dose (-) 
Nonlinear mixed-effects model fit by the SAEM algorithm
-----------------------------------
----          Data             ----
-----------------------------------
Object of class SaemixData
    longitudinal data for use with the SAEM algorithm
Dataset /home/eco/work/saemix/saemixextension/simulationSuite/cont/emaxSparseProp/data/data_pdemax35.tab 
    Structured data: y ~ dose | id 
    Predictor: dose (-) 
Dataset characteristics:
    number of subjects:     200 
    number of observations: 400 
    average/min/max nb obs: 2.00  /  2  /  2 
First 10 lines of data:
   id dose         y mdv cens occ ytype
1   1    0  6.620200   0    0   1     1
2   1 1000 18.669360   0    0   1     1
3   2    0  4.615934   0    0   1     1
4   2 1000 40.534117   0    0   1     1
5   3    0  3.987555   0    0   1     1
6   3 1000  7.448469   0    0   1     1
7   4    0  4.872558   0    0   1     1
8   4 1000 31.336305   0    0   1     1
9   5    0  3.267535   0    0   1     1
10  5 1000  7.988418   0    0   1     1
-----------------------------------
----          Model            ----
-----------------------------------
Nonlinear mixed-effects model
  Model function:  PD Emax model
  Model type:  structural
function (psi, id, xidep) 
{
    dose <- xidep[, 1]
    e0 <- psi[id, 1]
    emax <- psi[id, 2]
    e50 <- psi[id, 3]
    f <- e0 + emax * dose/(e50 + dose)
    return(f)
}
<bytecode: 0x5624f519ee00>
  Nb of parameters: 3 
      parameter names:  E0 Emax ED50 
      distribution:
     Parameter Distribution Estimated
[1,] E0        log-normal   Estimated
[2,] Emax      log-normal   Estimated
[3,] ED50      log-normal   Estimated
  Variance-covariance matrix:
     E0 Emax ED50
E0    1    0    0
Emax  0    1    1
ED50  0    1    1
  Error model: proportional , initial values: b.1=0.1 
    No covariate in the model.
    Initial values
             E0 Emax ED50
Pop.CondInit  5   30  500
-----------------------------------
----    Key algorithm options  ----
-----------------------------------
    Estimation of individual parameters (MAP)
    Estimation of standard errors and linearised log-likelihood
    Estimation of log-likelihood by importance sampling
    Number of iterations:  K1=300, K2=100 
    Number of chains:  1 
    Seed:  4838928 
    Number of MCMC iterations for IS:  5000 
    Simulations:
        nb of simulated datasets used for npde:  1000 
        nb of simulated datasets used for VPC:  100 
    Input/output
        save the results to a file:  FALSE 
        save the graphs to files:  TRUE 
        directory where results should be saved:  newdir 
----------------------------------------------------
----                  Results                   ----
----------------------------------------------------
-----------------  Fixed effects  ------------------
----------------------------------------------------
     Parameter Estimate SE     CV(%)
[1,] E0          5.09    0.157  3.1 
[2,] Emax       30.20    2.074  6.9 
[3,] ED50      507.42   53.784 10.6 
[4,] b.1         0.11    0.019 17.3 
----------------------------------------------------
-----------  Variance of random effects  -----------
----------------------------------------------------
      Parameter     Estimate SE    CV(%)
E0    omega2.E0     0.096    0.016  16  
Emax  omega2.Emax   0.452    0.088  19  
ED50  omega2.ED50   0.120    0.142 118  
covar cov.Emax.ED50 0.106    0.099  94  
----------------------------------------------------
------  Correlation matrix of random effects  ------
----------------------------------------------------
            omega2.E0 omega2.Emax omega2.ED50
omega2.E0   1         0.00        0.00       
omega2.Emax 0         1.00        0.45       
omega2.ED50 0         0.45        1.00       
----------------------------------------------------
---------------  Statistical criteria  -------------
----------------------------------------------------
Likelihood computed by linearisation
      -2LL= 2265.563 
      AIC = 2281.563 
      BIC = 2307.95 

Likelihood computed by importance sampling
      -2LL= 2264.41 
      AIC = 2280.41 
      BIC = 2306.796 
----------------------------------------------------
----------------------------------------------------
-----------------  Fixed effects  ------------------
----------------------------------------------------
  Parameter Estimate     SE CV(%)
1        E0     5.09  0.157  3.09
2      Emax    30.20  2.074  6.87
3      ED50   507.42 53.784 10.60
4       b.1     0.11  0.019 17.32
----------------------------------------------------
-----------  Variance of random effects  -----------
----------------------------------------------------
         Parameter Estimate    SE  CV(%)
E0       omega2.E0    0.096 0.016  16.20
Emax   omega2.Emax    0.452 0.088  19.41
ED50   omega2.ED50    0.120 0.142 117.87
1    cov.Emax.ED50    0.106 0.099  93.59
----------------------------------------------------
------  Correlation matrix of random effects  ------
----------------------------------------------------
            omega2.E0 omega2.Emax omega2.ED50
omega2.E0   1.00      0.00        0.00       
omega2.Emax 0.00      1.00        0.45       
omega2.ED50 0.00      0.45        1.00       
----------------------------------------------------
---------------  Statistical criteria  -------------
----------------------------------------------------
Likelihood computed by linearisation
      -2LL= 2265.563 
      AIC = 2281.563 
      BIC = 2307.95 

Likelihood computed by importance sampling
      -2LL= 2264.41 
      AIC = 2280.41 
      BIC = 2306.796 
----------------------------------------------------
Reading data from file /home/eco/work/saemix/saemixextension/simulationSuite/cont/emaxSparseProp/data/data_pdemax36.tab 
These are the first lines of the dataset as read into R. Please check the format of the data is appropriate, if not, modify the na and/or sep items and retry:
  id dose         y
1  1    0  5.601154
2  1 1000 21.052610
3  2    0  6.915867
4  2 1000 25.387964
5  3    0  4.034078
6  3 1000 49.954196


The following SaemixData object was successfully created:

Object of class SaemixData
    longitudinal data for use with the SAEM algorithm
Dataset /home/eco/work/saemix/saemixextension/simulationSuite/cont/emaxSparseProp/data/data_pdemax36.tab 
    Structured data: y ~ dose | id 
    Predictor: dose (-) 
Nonlinear mixed-effects model fit by the SAEM algorithm
-----------------------------------
----          Data             ----
-----------------------------------
Object of class SaemixData
    longitudinal data for use with the SAEM algorithm
Dataset /home/eco/work/saemix/saemixextension/simulationSuite/cont/emaxSparseProp/data/data_pdemax36.tab 
    Structured data: y ~ dose | id 
    Predictor: dose (-) 
Dataset characteristics:
    number of subjects:     200 
    number of observations: 400 
    average/min/max nb obs: 2.00  /  2  /  2 
First 10 lines of data:
   id dose         y mdv cens occ ytype
1   1    0  5.601154   0    0   1     1
2   1 1000 21.052610   0    0   1     1
3   2    0  6.915867   0    0   1     1
4   2 1000 25.387964   0    0   1     1
5   3    0  4.034078   0    0   1     1
6   3 1000 49.954196   0    0   1     1
7   4    0 10.823863   0    0   1     1
8   4 1000 16.827662   0    0   1     1
9   5    0  3.573665   0    0   1     1
10  5 1000 15.508998   0    0   1     1
-----------------------------------
----          Model            ----
-----------------------------------
Nonlinear mixed-effects model
  Model function:  PD Emax model
  Model type:  structural
function (psi, id, xidep) 
{
    dose <- xidep[, 1]
    e0 <- psi[id, 1]
    emax <- psi[id, 2]
    e50 <- psi[id, 3]
    f <- e0 + emax * dose/(e50 + dose)
    return(f)
}
<bytecode: 0x5624f519ee00>
  Nb of parameters: 3 
      parameter names:  E0 Emax ED50 
      distribution:
     Parameter Distribution Estimated
[1,] E0        log-normal   Estimated
[2,] Emax      log-normal   Estimated
[3,] ED50      log-normal   Estimated
  Variance-covariance matrix:
     E0 Emax ED50
E0    1    0    0
Emax  0    1    1
ED50  0    1    1
  Error model: proportional , initial values: b.1=0.1 
    No covariate in the model.
    Initial values
             E0 Emax ED50
Pop.CondInit  5   30  500
-----------------------------------
----    Key algorithm options  ----
-----------------------------------
    Estimation of individual parameters (MAP)
    Estimation of standard errors and linearised log-likelihood
    Estimation of log-likelihood by importance sampling
    Number of iterations:  K1=300, K2=100 
    Number of chains:  1 
    Seed:  4838928 
    Number of MCMC iterations for IS:  5000 
    Simulations:
        nb of simulated datasets used for npde:  1000 
        nb of simulated datasets used for VPC:  100 
    Input/output
        save the results to a file:  FALSE 
        save the graphs to files:  TRUE 
        directory where results should be saved:  newdir 
----------------------------------------------------
----                  Results                   ----
----------------------------------------------------
-----------------  Fixed effects  ------------------
----------------------------------------------------
     Parameter Estimate SE     CV(%)
[1,] E0          5.183   0.131  2.5 
[2,] Emax       30.125   2.212  7.3 
[3,] ED50      601.014  72.982 12.1 
[4,] b.1         0.087   0.019 21.6 
----------------------------------------------------
-----------  Variance of random effects  -----------
----------------------------------------------------
      Parameter     Estimate SE    CV(%)
E0    omega2.E0     0.066    0.011 17   
Emax  omega2.Emax   0.426    0.093 22   
ED50  omega2.ED50   0.526    0.203 39   
covar cov.Emax.ED50 0.162    0.119 73   
----------------------------------------------------
------  Correlation matrix of random effects  ------
----------------------------------------------------
            omega2.E0 omega2.Emax omega2.ED50
omega2.E0   1         0.00        0.00       
omega2.Emax 0         1.00        0.34       
omega2.ED50 0         0.34        1.00       
----------------------------------------------------
---------------  Statistical criteria  -------------
----------------------------------------------------
Likelihood computed by linearisation
      -2LL= 2201.555 
      AIC = 2217.555 
      BIC = 2243.941 

Likelihood computed by importance sampling
      -2LL= 2190.55 
      AIC = 2206.55 
      BIC = 2232.936 
----------------------------------------------------
----------------------------------------------------
-----------------  Fixed effects  ------------------
----------------------------------------------------
  Parameter Estimate     SE CV(%)
1        E0    5.183  0.131  2.53
2      Emax   30.125  2.212  7.34
3      ED50  601.014 72.982 12.14
4       b.1    0.087  0.019 21.61
----------------------------------------------------
-----------  Variance of random effects  -----------
----------------------------------------------------
         Parameter Estimate    SE CV(%)
E0       omega2.E0    0.066 0.011 16.52
Emax   omega2.Emax    0.426 0.093 21.88
ED50   omega2.ED50    0.526 0.203 38.60
1    cov.Emax.ED50    0.162 0.119 73.34
----------------------------------------------------
------  Correlation matrix of random effects  ------
----------------------------------------------------
            omega2.E0 omega2.Emax omega2.ED50
omega2.E0   1.00      0.00        0.00       
omega2.Emax 0.00      1.00        0.34       
omega2.ED50 0.00      0.34        1.00       
----------------------------------------------------
---------------  Statistical criteria  -------------
----------------------------------------------------
Likelihood computed by linearisation
      -2LL= 2201.555 
      AIC = 2217.555 
      BIC = 2243.941 

Likelihood computed by importance sampling
      -2LL= 2190.55 
      AIC = 2206.55 
      BIC = 2232.936 
----------------------------------------------------
Reading data from file /home/eco/work/saemix/saemixextension/simulationSuite/cont/emaxSparseProp/data/data_pdemax37.tab 
These are the first lines of the dataset as read into R. Please check the format of the data is appropriate, if not, modify the na and/or sep items and retry:
  id dose         y
1  1    0  3.223996
2  1 1000 21.837094
3  2    0  2.957006
4  2 1000 39.001931
5  3    0  4.600763
6  3 1000 31.147817


The following SaemixData object was successfully created:

Object of class SaemixData
    longitudinal data for use with the SAEM algorithm
Dataset /home/eco/work/saemix/saemixextension/simulationSuite/cont/emaxSparseProp/data/data_pdemax37.tab 
    Structured data: y ~ dose | id 
    Predictor: dose (-) 
Nonlinear mixed-effects model fit by the SAEM algorithm
-----------------------------------
----          Data             ----
-----------------------------------
Object of class SaemixData
    longitudinal data for use with the SAEM algorithm
Dataset /home/eco/work/saemix/saemixextension/simulationSuite/cont/emaxSparseProp/data/data_pdemax37.tab 
    Structured data: y ~ dose | id 
    Predictor: dose (-) 
Dataset characteristics:
    number of subjects:     200 
    number of observations: 400 
    average/min/max nb obs: 2.00  /  2  /  2 
First 10 lines of data:
   id dose         y mdv cens occ ytype
1   1    0  3.223996   0    0   1     1
2   1 1000 21.837094   0    0   1     1
3   2    0  2.957006   0    0   1     1
4   2 1000 39.001931   0    0   1     1
5   3    0  4.600763   0    0   1     1
6   3 1000 31.147817   0    0   1     1
7   4    0  4.401162   0    0   1     1
8   4 1000 18.498759   0    0   1     1
9   5    0  4.798265   0    0   1     1
10  5 1000 17.830931   0    0   1     1
-----------------------------------
----          Model            ----
-----------------------------------
Nonlinear mixed-effects model
  Model function:  PD Emax model
  Model type:  structural
function (psi, id, xidep) 
{
    dose <- xidep[, 1]
    e0 <- psi[id, 1]
    emax <- psi[id, 2]
    e50 <- psi[id, 3]
    f <- e0 + emax * dose/(e50 + dose)
    return(f)
}
<bytecode: 0x5624f519ee00>
  Nb of parameters: 3 
      parameter names:  E0 Emax ED50 
      distribution:
     Parameter Distribution Estimated
[1,] E0        log-normal   Estimated
[2,] Emax      log-normal   Estimated
[3,] ED50      log-normal   Estimated
  Variance-covariance matrix:
     E0 Emax ED50
E0    1    0    0
Emax  0    1    1
ED50  0    1    1
  Error model: proportional , initial values: b.1=0.1 
    No covariate in the model.
    Initial values
             E0 Emax ED50
Pop.CondInit  5   30  500
-----------------------------------
----    Key algorithm options  ----
-----------------------------------
    Estimation of individual parameters (MAP)
    Estimation of standard errors and linearised log-likelihood
    Estimation of log-likelihood by importance sampling
    Number of iterations:  K1=300, K2=100 
    Number of chains:  1 
    Seed:  4838928 
    Number of MCMC iterations for IS:  5000 
    Simulations:
        nb of simulated datasets used for npde:  1000 
        nb of simulated datasets used for VPC:  100 
    Input/output
        save the results to a file:  FALSE 
        save the graphs to files:  TRUE 
        directory where results should be saved:  newdir 
----------------------------------------------------
----                  Results                   ----
----------------------------------------------------
-----------------  Fixed effects  ------------------
----------------------------------------------------
     Parameter Estimate SE     CV(%)
[1,] E0          5.278   0.141  2.7 
[2,] Emax       33.618   2.518  7.5 
[3,] ED50      570.488  70.289 12.3 
[4,] b.1         0.069   0.022 31.6 
----------------------------------------------------
-----------  Variance of random effects  -----------
----------------------------------------------------
      Parameter     Estimate SE    CV(%)
E0    omega2.E0     0.077    0.012 15   
Emax  omega2.Emax   0.518    0.102 20   
ED50  omega2.ED50   0.696    0.221 32   
covar cov.Emax.ED50 0.335    0.136 41   
----------------------------------------------------
------  Correlation matrix of random effects  ------
----------------------------------------------------
            omega2.E0 omega2.Emax omega2.ED50
omega2.E0   1         0.00        0.00       
omega2.Emax 0         1.00        0.56       
omega2.ED50 0         0.56        1.00       
----------------------------------------------------
---------------  Statistical criteria  -------------
----------------------------------------------------
Likelihood computed by linearisation
      -2LL= 2260.626 
      AIC = 2276.626 
      BIC = 2303.012 

Likelihood computed by importance sampling
      -2LL= 2246.784 
      AIC = 2262.784 
      BIC = 2289.171 
----------------------------------------------------
----------------------------------------------------
-----------------  Fixed effects  ------------------
----------------------------------------------------
  Parameter Estimate     SE CV(%)
1        E0    5.278  0.141  2.67
2      Emax   33.618  2.518  7.49
3      ED50  570.488 70.289 12.32
4       b.1    0.069  0.022 31.63
----------------------------------------------------
-----------  Variance of random effects  -----------
----------------------------------------------------
         Parameter Estimate    SE CV(%)
E0       omega2.E0    0.077 0.012 15.42
Emax   omega2.Emax    0.518 0.102 19.79
ED50   omega2.ED50    0.696 0.221 31.77
1    cov.Emax.ED50    0.335 0.136 40.50
----------------------------------------------------
------  Correlation matrix of random effects  ------
----------------------------------------------------
            omega2.E0 omega2.Emax omega2.ED50
omega2.E0   1.00      0.00        0.00       
omega2.Emax 0.00      1.00        0.56       
omega2.ED50 0.00      0.56        1.00       
----------------------------------------------------
---------------  Statistical criteria  -------------
----------------------------------------------------
Likelihood computed by linearisation
      -2LL= 2260.626 
      AIC = 2276.626 
      BIC = 2303.012 

Likelihood computed by importance sampling
      -2LL= 2246.784 
      AIC = 2262.784 
      BIC = 2289.171 
----------------------------------------------------
Reading data from file /home/eco/work/saemix/saemixextension/simulationSuite/cont/emaxSparseProp/data/data_pdemax38.tab 
These are the first lines of the dataset as read into R. Please check the format of the data is appropriate, if not, modify the na and/or sep items and retry:
  id dose         y
1  1    0  4.106731
2  1 1000  9.619323
3  2    0  6.541633
4  2 1000 51.078248
5  3    0  3.436084
6  3 1000 21.658516


The following SaemixData object was successfully created:

Object of class SaemixData
    longitudinal data for use with the SAEM algorithm
Dataset /home/eco/work/saemix/saemixextension/simulationSuite/cont/emaxSparseProp/data/data_pdemax38.tab 
    Structured data: y ~ dose | id 
    Predictor: dose (-) 
Nonlinear mixed-effects model fit by the SAEM algorithm
-----------------------------------
----          Data             ----
-----------------------------------
Object of class SaemixData
    longitudinal data for use with the SAEM algorithm
Dataset /home/eco/work/saemix/saemixextension/simulationSuite/cont/emaxSparseProp/data/data_pdemax38.tab 
    Structured data: y ~ dose | id 
    Predictor: dose (-) 
Dataset characteristics:
    number of subjects:     200 
    number of observations: 400 
    average/min/max nb obs: 2.00  /  2  /  2 
First 10 lines of data:
   id dose         y mdv cens occ ytype
1   1    0  4.106731   0    0   1     1
2   1 1000  9.619323   0    0   1     1
3   2    0  6.541633   0    0   1     1
4   2 1000 51.078248   0    0   1     1
5   3    0  3.436084   0    0   1     1
6   3 1000 21.658516   0    0   1     1
7   4    0  4.362134   0    0   1     1
8   4 1000 30.330477   0    0   1     1
9   5    0  9.379534   0    0   1     1
10  5 1000 53.659801   0    0   1     1
-----------------------------------
----          Model            ----
-----------------------------------
Nonlinear mixed-effects model
  Model function:  PD Emax model
  Model type:  structural
function (psi, id, xidep) 
{
    dose <- xidep[, 1]
    e0 <- psi[id, 1]
    emax <- psi[id, 2]
    e50 <- psi[id, 3]
    f <- e0 + emax * dose/(e50 + dose)
    return(f)
}
<bytecode: 0x5624f519ee00>
  Nb of parameters: 3 
      parameter names:  E0 Emax ED50 
      distribution:
     Parameter Distribution Estimated
[1,] E0        log-normal   Estimated
[2,] Emax      log-normal   Estimated
[3,] ED50      log-normal   Estimated
  Variance-covariance matrix:
     E0 Emax ED50
E0    1    0    0
Emax  0    1    1
ED50  0    1    1
  Error model: proportional , initial values: b.1=0.1 
    No covariate in the model.
    Initial values
             E0 Emax ED50
Pop.CondInit  5   30  500
-----------------------------------
----    Key algorithm options  ----
-----------------------------------
    Estimation of individual parameters (MAP)
    Estimation of standard errors and linearised log-likelihood
    Estimation of log-likelihood by importance sampling
    Number of iterations:  K1=300, K2=100 
    Number of chains:  1 
    Seed:  4838928 
    Number of MCMC iterations for IS:  5000 
    Simulations:
        nb of simulated datasets used for npde:  1000 
        nb of simulated datasets used for VPC:  100 
    Input/output
        save the results to a file:  FALSE 
        save the graphs to files:  TRUE 
        directory where results should be saved:  newdir 
----------------------------------------------------
----                  Results                   ----
----------------------------------------------------
-----------------  Fixed effects  ------------------
----------------------------------------------------
     Parameter Estimate SE     CV(%)
[1,] E0          5.35    0.171  3.2 
[2,] Emax       29.29    2.201  7.5 
[3,] ED50      570.38   75.284 13.2 
[4,] b.1         0.07    0.021 29.6 
----------------------------------------------------
-----------  Variance of random effects  -----------
----------------------------------------------------
      Parameter     Estimate SE    CV(%)
E0    omega2.E0     0.12     0.017 14   
Emax  omega2.Emax   0.42     0.091 21   
ED50  omega2.ED50   0.42     0.209 50   
covar cov.Emax.ED50 0.20     0.121 59   
----------------------------------------------------
------  Correlation matrix of random effects  ------
----------------------------------------------------
            omega2.E0 omega2.Emax omega2.ED50
omega2.E0   1         0.00        0.00       
omega2.Emax 0         1.00        0.49       
omega2.ED50 0         0.49        1.00       
----------------------------------------------------
---------------  Statistical criteria  -------------
----------------------------------------------------
Likelihood computed by linearisation
      -2LL= 2209.529 
      AIC = 2225.529 
      BIC = 2251.916 

Likelihood computed by importance sampling
      -2LL= 2200.935 
      AIC = 2216.935 
      BIC = 2243.321 
----------------------------------------------------
----------------------------------------------------
-----------------  Fixed effects  ------------------
----------------------------------------------------
  Parameter Estimate     SE CV(%)
1        E0     5.35  0.171  3.20
2      Emax    29.29  2.201  7.52
3      ED50   570.38 75.284 13.20
4       b.1     0.07  0.021 29.56
----------------------------------------------------
-----------  Variance of random effects  -----------
----------------------------------------------------
         Parameter Estimate    SE CV(%)
E0       omega2.E0     0.12 0.017 14.21
Emax   omega2.Emax     0.42 0.091 21.49
ED50   omega2.ED50     0.42 0.209 50.09
1    cov.Emax.ED50     0.20 0.121 58.84
----------------------------------------------------
------  Correlation matrix of random effects  ------
----------------------------------------------------
            omega2.E0 omega2.Emax omega2.ED50
omega2.E0   1.00      0.00        0.00       
omega2.Emax 0.00      1.00        0.49       
omega2.ED50 0.00      0.49        1.00       
----------------------------------------------------
---------------  Statistical criteria  -------------
----------------------------------------------------
Likelihood computed by linearisation
      -2LL= 2209.529 
      AIC = 2225.529 
      BIC = 2251.916 

Likelihood computed by importance sampling
      -2LL= 2200.935 
      AIC = 2216.935 
      BIC = 2243.321 
----------------------------------------------------
Reading data from file /home/eco/work/saemix/saemixextension/simulationSuite/cont/emaxSparseProp/data/data_pdemax39.tab 
These are the first lines of the dataset as read into R. Please check the format of the data is appropriate, if not, modify the na and/or sep items and retry:
  id dose         y
1  1    0  4.453871
2  1 1000 21.876472
3  2    0  6.528833
4  2 1000 26.350936
5  3    0  6.144527
6  3 1000 19.799694


The following SaemixData object was successfully created:

Object of class SaemixData
    longitudinal data for use with the SAEM algorithm
Dataset /home/eco/work/saemix/saemixextension/simulationSuite/cont/emaxSparseProp/data/data_pdemax39.tab 
    Structured data: y ~ dose | id 
    Predictor: dose (-) 
Nonlinear mixed-effects model fit by the SAEM algorithm
-----------------------------------
----          Data             ----
-----------------------------------
Object of class SaemixData
    longitudinal data for use with the SAEM algorithm
Dataset /home/eco/work/saemix/saemixextension/simulationSuite/cont/emaxSparseProp/data/data_pdemax39.tab 
    Structured data: y ~ dose | id 
    Predictor: dose (-) 
Dataset characteristics:
    number of subjects:     200 
    number of observations: 400 
    average/min/max nb obs: 2.00  /  2  /  2 
First 10 lines of data:
   id dose         y mdv cens occ ytype
1   1    0  4.453871   0    0   1     1
2   1 1000 21.876472   0    0   1     1
3   2    0  6.528833   0    0   1     1
4   2 1000 26.350936   0    0   1     1
5   3    0  6.144527   0    0   1     1
6   3 1000 19.799694   0    0   1     1
7   4    0  4.782128   0    0   1     1
8   4 1000 24.457622   0    0   1     1
9   5    0  5.805951   0    0   1     1
10  5 1000 19.659628   0    0   1     1
-----------------------------------
----          Model            ----
-----------------------------------
Nonlinear mixed-effects model
  Model function:  PD Emax model
  Model type:  structural
function (psi, id, xidep) 
{
    dose <- xidep[, 1]
    e0 <- psi[id, 1]
    emax <- psi[id, 2]
    e50 <- psi[id, 3]
    f <- e0 + emax * dose/(e50 + dose)
    return(f)
}
<bytecode: 0x5624f519ee00>
  Nb of parameters: 3 
      parameter names:  E0 Emax ED50 
      distribution:
     Parameter Distribution Estimated
[1,] E0        log-normal   Estimated
[2,] Emax      log-normal   Estimated
[3,] ED50      log-normal   Estimated
  Variance-covariance matrix:
     E0 Emax ED50
E0    1    0    0
Emax  0    1    1
ED50  0    1    1
  Error model: proportional , initial values: b.1=0.1 
    No covariate in the model.
    Initial values
             E0 Emax ED50
Pop.CondInit  5   30  500
-----------------------------------
----    Key algorithm options  ----
-----------------------------------
    Estimation of individual parameters (MAP)
    Estimation of standard errors and linearised log-likelihood
    Estimation of log-likelihood by importance sampling
    Number of iterations:  K1=300, K2=100 
    Number of chains:  1 
    Seed:  4838928 
    Number of MCMC iterations for IS:  5000 
    Simulations:
        nb of simulated datasets used for npde:  1000 
        nb of simulated datasets used for VPC:  100 
    Input/output
        save the results to a file:  FALSE 
        save the graphs to files:  TRUE 
        directory where results should be saved:  newdir 
----------------------------------------------------
----                  Results                   ----
----------------------------------------------------
-----------------  Fixed effects  ------------------
----------------------------------------------------
     Parameter Estimate SE     CV(%)
[1,] E0          4.91    0.146  3.0 
[2,] Emax       28.24    1.860  6.6 
[3,] ED50      401.02   45.835 11.4 
[4,] b.1         0.11    0.022 19.3 
----------------------------------------------------
-----------  Variance of random effects  -----------
----------------------------------------------------
      Parameter     Estimate SE    CV(%)
E0    omega2.E0     0.082    0.014 17   
Emax  omega2.Emax   0.425    0.088 21   
ED50  omega2.ED50   0.499    0.216 43   
covar cov.Emax.ED50 0.262    0.125 48   
----------------------------------------------------
------  Correlation matrix of random effects  ------
----------------------------------------------------
            omega2.E0 omega2.Emax omega2.ED50
omega2.E0   1         0.00        0.00       
omega2.Emax 0         1.00        0.57       
omega2.ED50 0         0.57        1.00       
----------------------------------------------------
---------------  Statistical criteria  -------------
----------------------------------------------------
Likelihood computed by linearisation
      -2LL= 2251.927 
      AIC = 2267.927 
      BIC = 2294.313 

Likelihood computed by importance sampling
      -2LL= 2242.397 
      AIC = 2258.397 
      BIC = 2284.783 
----------------------------------------------------
----------------------------------------------------
-----------------  Fixed effects  ------------------
----------------------------------------------------
  Parameter Estimate     SE CV(%)
1        E0     4.91  0.146  2.97
2      Emax    28.24  1.860  6.59
3      ED50   401.02 45.835 11.43
4       b.1     0.11  0.022 19.33
----------------------------------------------------
-----------  Variance of random effects  -----------
----------------------------------------------------
         Parameter Estimate    SE CV(%)
E0       omega2.E0    0.082 0.014 17.50
Emax   omega2.Emax    0.425 0.088 20.71
ED50   omega2.ED50    0.499 0.216 43.30
1    cov.Emax.ED50    0.262 0.125 47.70
----------------------------------------------------
------  Correlation matrix of random effects  ------
----------------------------------------------------
            omega2.E0 omega2.Emax omega2.ED50
omega2.E0   1.00      0.00        0.00       
omega2.Emax 0.00      1.00        0.57       
omega2.ED50 0.00      0.57        1.00       
----------------------------------------------------
---------------  Statistical criteria  -------------
----------------------------------------------------
Likelihood computed by linearisation
      -2LL= 2251.927 
      AIC = 2267.927 
      BIC = 2294.313 

Likelihood computed by importance sampling
      -2LL= 2242.397 
      AIC = 2258.397 
      BIC = 2284.783 
----------------------------------------------------
Reading data from file /home/eco/work/saemix/saemixextension/simulationSuite/cont/emaxSparseProp/data/data_pdemax40.tab 
These are the first lines of the dataset as read into R. Please check the format of the data is appropriate, if not, modify the na and/or sep items and retry:
  id dose         y
1  1    0  6.062616
2  1 1000 13.164430
3  2    0  2.193994
4  2 1000 22.085870
5  3    0  5.408382
6  3 1000 32.607483


The following SaemixData object was successfully created:

Object of class SaemixData
    longitudinal data for use with the SAEM algorithm
Dataset /home/eco/work/saemix/saemixextension/simulationSuite/cont/emaxSparseProp/data/data_pdemax40.tab 
    Structured data: y ~ dose | id 
    Predictor: dose (-) 
Nonlinear mixed-effects model fit by the SAEM algorithm
-----------------------------------
----          Data             ----
-----------------------------------
Object of class SaemixData
    longitudinal data for use with the SAEM algorithm
Dataset /home/eco/work/saemix/saemixextension/simulationSuite/cont/emaxSparseProp/data/data_pdemax40.tab 
    Structured data: y ~ dose | id 
    Predictor: dose (-) 
Dataset characteristics:
    number of subjects:     200 
    number of observations: 400 
    average/min/max nb obs: 2.00  /  2  /  2 
First 10 lines of data:
   id dose         y mdv cens occ ytype
1   1    0  6.062616   0    0   1     1
2   1 1000 13.164430   0    0   1     1
3   2    0  2.193994   0    0   1     1
4   2 1000 22.085870   0    0   1     1
5   3    0  5.408382   0    0   1     1
6   3 1000 32.607483   0    0   1     1
7   4    0  7.707118   0    0   1     1
8   4 1000 19.435237   0    0   1     1
9   5    0  3.856065   0    0   1     1
10  5 1000 10.486215   0    0   1     1
-----------------------------------
----          Model            ----
-----------------------------------
Nonlinear mixed-effects model
  Model function:  PD Emax model
  Model type:  structural
function (psi, id, xidep) 
{
    dose <- xidep[, 1]
    e0 <- psi[id, 1]
    emax <- psi[id, 2]
    e50 <- psi[id, 3]
    f <- e0 + emax * dose/(e50 + dose)
    return(f)
}
<bytecode: 0x5624f519ee00>
  Nb of parameters: 3 
      parameter names:  E0 Emax ED50 
      distribution:
     Parameter Distribution Estimated
[1,] E0        log-normal   Estimated
[2,] Emax      log-normal   Estimated
[3,] ED50      log-normal   Estimated
  Variance-covariance matrix:
     E0 Emax ED50
E0    1    0    0
Emax  0    1    1
ED50  0    1    1
  Error model: proportional , initial values: b.1=0.1 
    No covariate in the model.
    Initial values
             E0 Emax ED50
Pop.CondInit  5   30  500
-----------------------------------
----    Key algorithm options  ----
-----------------------------------
    Estimation of individual parameters (MAP)
    Estimation of standard errors and linearised log-likelihood
    Estimation of log-likelihood by importance sampling
    Number of iterations:  K1=300, K2=100 
    Number of chains:  1 
    Seed:  4838928 
    Number of MCMC iterations for IS:  5000 
    Simulations:
        nb of simulated datasets used for npde:  1000 
        nb of simulated datasets used for VPC:  100 
    Input/output
        save the results to a file:  FALSE 
        save the graphs to files:  TRUE 
        directory where results should be saved:  newdir 
----------------------------------------------------
----                  Results                   ----
----------------------------------------------------
-----------------  Fixed effects  ------------------
----------------------------------------------------
     Parameter Estimate SE      CV(%)
[1,] E0          5.319    0.147  2.8 
[2,] Emax       41.265    4.409 10.7 
[3,] ED50      837.876  140.795 16.8 
[4,] b.1         0.086    0.022 25.3 
----------------------------------------------------
-----------  Variance of random effects  -----------
----------------------------------------------------
      Parameter     Estimate SE    CV(%)
E0    omega2.E0     0.086    0.014 16   
Emax  omega2.Emax   0.739    0.175 24   
ED50  omega2.ED50   1.303    0.396 30   
covar cov.Emax.ED50 0.669    0.245 37   
----------------------------------------------------
------  Correlation matrix of random effects  ------
----------------------------------------------------
            omega2.E0 omega2.Emax omega2.ED50
omega2.E0   1         0.00        0.00       
omega2.Emax 0         1.00        0.68       
omega2.ED50 0         0.68        1.00       
----------------------------------------------------
---------------  Statistical criteria  -------------
----------------------------------------------------
Likelihood computed by linearisation
      -2LL= 2317.008 
      AIC = 2333.008 
      BIC = 2359.394 

Likelihood computed by importance sampling
      -2LL= 2291.177 
      AIC = 2307.177 
      BIC = 2333.564 
----------------------------------------------------
----------------------------------------------------
-----------------  Fixed effects  ------------------
----------------------------------------------------
  Parameter Estimate      SE CV(%)
1        E0    5.319   0.147  2.77
2      Emax   41.265   4.409 10.68
3      ED50  837.876 140.795 16.80
4       b.1    0.086   0.022 25.25
----------------------------------------------------
-----------  Variance of random effects  -----------
----------------------------------------------------
         Parameter Estimate    SE CV(%)
E0       omega2.E0    0.086 0.014 15.79
Emax   omega2.Emax    0.739 0.175 23.67
ED50   omega2.ED50    1.303 0.396 30.37
1    cov.Emax.ED50    0.669 0.245 36.60
----------------------------------------------------
------  Correlation matrix of random effects  ------
----------------------------------------------------
            omega2.E0 omega2.Emax omega2.ED50
omega2.E0   1.00      0.00        0.00       
omega2.Emax 0.00      1.00        0.68       
omega2.ED50 0.00      0.68        1.00       
----------------------------------------------------
---------------  Statistical criteria  -------------
----------------------------------------------------
Likelihood computed by linearisation
      -2LL= 2317.008 
      AIC = 2333.008 
      BIC = 2359.394 

Likelihood computed by importance sampling
      -2LL= 2291.177 
      AIC = 2307.177 
      BIC = 2333.564 
----------------------------------------------------
Reading data from file /home/eco/work/saemix/saemixextension/simulationSuite/cont/emaxSparseProp/data/data_pdemax41.tab 
These are the first lines of the dataset as read into R. Please check the format of the data is appropriate, if not, modify the na and/or sep items and retry:
  id dose         y
1  1    0  6.187725
2  1 1000 14.445375
3  2    0  4.704902
4  2 1000 10.285442
5  3    0  5.248714
6  3 1000 25.073176


The following SaemixData object was successfully created:

Object of class SaemixData
    longitudinal data for use with the SAEM algorithm
Dataset /home/eco/work/saemix/saemixextension/simulationSuite/cont/emaxSparseProp/data/data_pdemax41.tab 
    Structured data: y ~ dose | id 
    Predictor: dose (-) 
Nonlinear mixed-effects model fit by the SAEM algorithm
-----------------------------------
----          Data             ----
-----------------------------------
Object of class SaemixData
    longitudinal data for use with the SAEM algorithm
Dataset /home/eco/work/saemix/saemixextension/simulationSuite/cont/emaxSparseProp/data/data_pdemax41.tab 
    Structured data: y ~ dose | id 
    Predictor: dose (-) 
Dataset characteristics:
    number of subjects:     200 
    number of observations: 400 
    average/min/max nb obs: 2.00  /  2  /  2 
First 10 lines of data:
   id dose         y mdv cens occ ytype
1   1    0  6.187725   0    0   1     1
2   1 1000 14.445375   0    0   1     1
3   2    0  4.704902   0    0   1     1
4   2 1000 10.285442   0    0   1     1
5   3    0  5.248714   0    0   1     1
6   3 1000 25.073176   0    0   1     1
7   4    0  4.448283   0    0   1     1
8   4 1000 34.264173   0    0   1     1
9   5    0  4.098062   0    0   1     1
10  5 1000 24.428697   0    0   1     1
-----------------------------------
----          Model            ----
-----------------------------------
Nonlinear mixed-effects model
  Model function:  PD Emax model
  Model type:  structural
function (psi, id, xidep) 
{
    dose <- xidep[, 1]
    e0 <- psi[id, 1]
    emax <- psi[id, 2]
    e50 <- psi[id, 3]
    f <- e0 + emax * dose/(e50 + dose)
    return(f)
}
<bytecode: 0x5624f519ee00>
  Nb of parameters: 3 
      parameter names:  E0 Emax ED50 
      distribution:
     Parameter Distribution Estimated
[1,] E0        log-normal   Estimated
[2,] Emax      log-normal   Estimated
[3,] ED50      log-normal   Estimated
  Variance-covariance matrix:
     E0 Emax ED50
E0    1    0    0
Emax  0    1    1
ED50  0    1    1
  Error model: proportional , initial values: b.1=0.1 
    No covariate in the model.
    Initial values
             E0 Emax ED50
Pop.CondInit  5   30  500
-----------------------------------
----    Key algorithm options  ----
-----------------------------------
    Estimation of individual parameters (MAP)
    Estimation of standard errors and linearised log-likelihood
    Estimation of log-likelihood by importance sampling
    Number of iterations:  K1=300, K2=100 
    Number of chains:  1 
    Seed:  4838928 
    Number of MCMC iterations for IS:  5000 
    Simulations:
        nb of simulated datasets used for npde:  1000 
        nb of simulated datasets used for VPC:  100 
    Input/output
        save the results to a file:  FALSE 
        save the graphs to files:  TRUE 
        directory where results should be saved:  newdir 
----------------------------------------------------
----                  Results                   ----
----------------------------------------------------
-----------------  Fixed effects  ------------------
----------------------------------------------------
     Parameter Estimate SE     CV(%)
[1,] E0          4.9     0.137  2.8 
[2,] Emax       30.7     2.109  6.9 
[3,] ED50      478.0    59.634 12.5 
[4,] b.1         0.1     0.021 20.6 
----------------------------------------------------
-----------  Variance of random effects  -----------
----------------------------------------------------
      Parameter     Estimate SE    CV(%)
E0    omega2.E0     0.075    0.013 17   
Emax  omega2.Emax   0.402    0.086 21   
ED50  omega2.ED50   0.749    0.231 31   
covar cov.Emax.ED50 0.207    0.122 59   
----------------------------------------------------
------  Correlation matrix of random effects  ------
----------------------------------------------------
            omega2.E0 omega2.Emax omega2.ED50
omega2.E0   1         0.00        0.00       
omega2.Emax 0         1.00        0.38       
omega2.ED50 0         0.38        1.00       
----------------------------------------------------
---------------  Statistical criteria  -------------
----------------------------------------------------
Likelihood computed by linearisation
      -2LL= 2274.953 
      AIC = 2290.953 
      BIC = 2317.339 

Likelihood computed by importance sampling
      -2LL= 2259.1 
      AIC = 2275.1 
      BIC = 2301.487 
----------------------------------------------------
----------------------------------------------------
-----------------  Fixed effects  ------------------
----------------------------------------------------
  Parameter Estimate     SE CV(%)
1        E0     4.94  0.137  2.76
2      Emax    30.66  2.109  6.88
3      ED50   478.05 59.634 12.47
4       b.1     0.10  0.021 20.58
----------------------------------------------------
-----------  Variance of random effects  -----------
----------------------------------------------------
         Parameter Estimate    SE CV(%)
E0       omega2.E0    0.075 0.013 17.20
Emax   omega2.Emax    0.402 0.086 21.35
ED50   omega2.ED50    0.749 0.231 30.80
1    cov.Emax.ED50    0.207 0.122 58.99
----------------------------------------------------
------  Correlation matrix of random effects  ------
----------------------------------------------------
            omega2.E0 omega2.Emax omega2.ED50
omega2.E0   1.00      0.00        0.00       
omega2.Emax 0.00      1.00        0.38       
omega2.ED50 0.00      0.38        1.00       
----------------------------------------------------
---------------  Statistical criteria  -------------
----------------------------------------------------
Likelihood computed by linearisation
      -2LL= 2274.953 
      AIC = 2290.953 
      BIC = 2317.339 

Likelihood computed by importance sampling
      -2LL= 2259.1 
      AIC = 2275.1 
      BIC = 2301.487 
----------------------------------------------------
Reading data from file /home/eco/work/saemix/saemixextension/simulationSuite/cont/emaxSparseProp/data/data_pdemax42.tab 
These are the first lines of the dataset as read into R. Please check the format of the data is appropriate, if not, modify the na and/or sep items and retry:
  id dose         y
1  1    0  5.726674
2  1 1000 40.869325
3  2    0  4.092622
4  2 1000 17.975795
5  3    0  4.438263
6  3 1000 10.406383


The following SaemixData object was successfully created:

Object of class SaemixData
    longitudinal data for use with the SAEM algorithm
Dataset /home/eco/work/saemix/saemixextension/simulationSuite/cont/emaxSparseProp/data/data_pdemax42.tab 
    Structured data: y ~ dose | id 
    Predictor: dose (-) 
Nonlinear mixed-effects model fit by the SAEM algorithm
-----------------------------------
----          Data             ----
-----------------------------------
Object of class SaemixData
    longitudinal data for use with the SAEM algorithm
Dataset /home/eco/work/saemix/saemixextension/simulationSuite/cont/emaxSparseProp/data/data_pdemax42.tab 
    Structured data: y ~ dose | id 
    Predictor: dose (-) 
Dataset characteristics:
    number of subjects:     200 
    number of observations: 400 
    average/min/max nb obs: 2.00  /  2  /  2 
First 10 lines of data:
   id dose         y mdv cens occ ytype
1   1    0  5.726674   0    0   1     1
2   1 1000 40.869325   0    0   1     1
3   2    0  4.092622   0    0   1     1
4   2 1000 17.975795   0    0   1     1
5   3    0  4.438263   0    0   1     1
6   3 1000 10.406383   0    0   1     1
7   4    0  2.694485   0    0   1     1
8   4 1000 13.866794   0    0   1     1
9   5    0  3.820885   0    0   1     1
10  5 1000 33.699344   0    0   1     1
-----------------------------------
----          Model            ----
-----------------------------------
Nonlinear mixed-effects model
  Model function:  PD Emax model
  Model type:  structural
function (psi, id, xidep) 
{
    dose <- xidep[, 1]
    e0 <- psi[id, 1]
    emax <- psi[id, 2]
    e50 <- psi[id, 3]
    f <- e0 + emax * dose/(e50 + dose)
    return(f)
}
<bytecode: 0x5624f519ee00>
  Nb of parameters: 3 
      parameter names:  E0 Emax ED50 
      distribution:
     Parameter Distribution Estimated
[1,] E0        log-normal   Estimated
[2,] Emax      log-normal   Estimated
[3,] ED50      log-normal   Estimated
  Variance-covariance matrix:
     E0 Emax ED50
E0    1    0    0
Emax  0    1    1
ED50  0    1    1
  Error model: proportional , initial values: b.1=0.1 
    No covariate in the model.
    Initial values
             E0 Emax ED50
Pop.CondInit  5   30  500
-----------------------------------
----    Key algorithm options  ----
-----------------------------------
    Estimation of individual parameters (MAP)
    Estimation of standard errors and linearised log-likelihood
    Estimation of log-likelihood by importance sampling
    Number of iterations:  K1=300, K2=100 
    Number of chains:  1 
    Seed:  4838928 
    Number of MCMC iterations for IS:  5000 
    Simulations:
        nb of simulated datasets used for npde:  1000 
        nb of simulated datasets used for VPC:  100 
    Input/output
        save the results to a file:  FALSE 
        save the graphs to files:  TRUE 
        directory where results should be saved:  newdir 
----------------------------------------------------
----                  Results                   ----
----------------------------------------------------
-----------------  Fixed effects  ------------------
----------------------------------------------------
     Parameter Estimate SE     CV(%)
[1,] E0          4.91    0.149  3.0 
[2,] Emax       27.93    2.088  7.5 
[3,] ED50      379.55   46.401 12.2 
[4,] b.1         0.07    0.029 41.6 
----------------------------------------------------
-----------  Variance of random effects  -----------
----------------------------------------------------
      Parameter     Estimate SE    CV(%)
E0    omega2.E0     0.098    0.015 15   
Emax  omega2.Emax   0.718    0.118 16   
ED50  omega2.ED50   0.873    0.258 30   
covar cov.Emax.ED50 0.571    0.162 28   
----------------------------------------------------
------  Correlation matrix of random effects  ------
----------------------------------------------------
            omega2.E0 omega2.Emax omega2.ED50
omega2.E0   1         0.00        0.00       
omega2.Emax 0         1.00        0.72       
omega2.ED50 0         0.72        1.00       
----------------------------------------------------
---------------  Statistical criteria  -------------
----------------------------------------------------
Likelihood computed by linearisation
      -2LL= 2296.441 
      AIC = 2312.441 
      BIC = 2338.827 

Likelihood computed by importance sampling
      -2LL= 2287.482 
      AIC = 2303.482 
      BIC = 2329.869 
----------------------------------------------------
----------------------------------------------------
-----------------  Fixed effects  ------------------
----------------------------------------------------
  Parameter Estimate     SE CV(%)
1        E0     4.91  0.149  3.05
2      Emax    27.93  2.088  7.48
3      ED50   379.55 46.401 12.23
4       b.1     0.07  0.029 41.59
----------------------------------------------------
-----------  Variance of random effects  -----------
----------------------------------------------------
         Parameter Estimate    SE CV(%)
E0       omega2.E0    0.098 0.015 15.41
Emax   omega2.Emax    0.718 0.118 16.45
ED50   omega2.ED50    0.873 0.258 29.62
1    cov.Emax.ED50    0.571 0.162 28.44
----------------------------------------------------
------  Correlation matrix of random effects  ------
----------------------------------------------------
            omega2.E0 omega2.Emax omega2.ED50
omega2.E0   1.00      0.00        0.00       
omega2.Emax 0.00      1.00        0.72       
omega2.ED50 0.00      0.72        1.00       
----------------------------------------------------
---------------  Statistical criteria  -------------
----------------------------------------------------
Likelihood computed by linearisation
      -2LL= 2296.441 
      AIC = 2312.441 
      BIC = 2338.827 

Likelihood computed by importance sampling
      -2LL= 2287.482 
      AIC = 2303.482 
      BIC = 2329.869 
----------------------------------------------------
Reading data from file /home/eco/work/saemix/saemixextension/simulationSuite/cont/emaxSparseProp/data/data_pdemax43.tab 
These are the first lines of the dataset as read into R. Please check the format of the data is appropriate, if not, modify the na and/or sep items and retry:
  id dose         y
1  1    0  5.728794
2  1 1000 15.353153
3  2    0  5.608276
4  2 1000 13.865460
5  3    0  6.278866
6  3 1000 22.136507


The following SaemixData object was successfully created:

Object of class SaemixData
    longitudinal data for use with the SAEM algorithm
Dataset /home/eco/work/saemix/saemixextension/simulationSuite/cont/emaxSparseProp/data/data_pdemax43.tab 
    Structured data: y ~ dose | id 
    Predictor: dose (-) 
Nonlinear mixed-effects model fit by the SAEM algorithm
-----------------------------------
----          Data             ----
-----------------------------------
Object of class SaemixData
    longitudinal data for use with the SAEM algorithm
Dataset /home/eco/work/saemix/saemixextension/simulationSuite/cont/emaxSparseProp/data/data_pdemax43.tab 
    Structured data: y ~ dose | id 
    Predictor: dose (-) 
Dataset characteristics:
    number of subjects:     200 
    number of observations: 400 
    average/min/max nb obs: 2.00  /  2  /  2 
First 10 lines of data:
   id dose         y mdv cens occ ytype
1   1    0  5.728794   0    0   1     1
2   1 1000 15.353153   0    0   1     1
3   2    0  5.608276   0    0   1     1
4   2 1000 13.865460   0    0   1     1
5   3    0  6.278866   0    0   1     1
6   3 1000 22.136507   0    0   1     1
7   4    0  5.754936   0    0   1     1
8   4 1000 34.042385   0    0   1     1
9   5    0  5.954560   0    0   1     1
10  5 1000 44.337550   0    0   1     1
-----------------------------------
----          Model            ----
-----------------------------------
Nonlinear mixed-effects model
  Model function:  PD Emax model
  Model type:  structural
function (psi, id, xidep) 
{
    dose <- xidep[, 1]
    e0 <- psi[id, 1]
    emax <- psi[id, 2]
    e50 <- psi[id, 3]
    f <- e0 + emax * dose/(e50 + dose)
    return(f)
}
<bytecode: 0x5624f519ee00>
  Nb of parameters: 3 
      parameter names:  E0 Emax ED50 
      distribution:
     Parameter Distribution Estimated
[1,] E0        log-normal   Estimated
[2,] Emax      log-normal   Estimated
[3,] ED50      log-normal   Estimated
  Variance-covariance matrix:
     E0 Emax ED50
E0    1    0    0
Emax  0    1    1
ED50  0    1    1
  Error model: proportional , initial values: b.1=0.1 
    No covariate in the model.
    Initial values
             E0 Emax ED50
Pop.CondInit  5   30  500
-----------------------------------
----    Key algorithm options  ----
-----------------------------------
    Estimation of individual parameters (MAP)
    Estimation of standard errors and linearised log-likelihood
    Estimation of log-likelihood by importance sampling
    Number of iterations:  K1=300, K2=100 
    Number of chains:  1 
    Seed:  4838928 
    Number of MCMC iterations for IS:  5000 
    Simulations:
        nb of simulated datasets used for npde:  1000 
        nb of simulated datasets used for VPC:  100 
    Input/output
        save the results to a file:  FALSE 
        save the graphs to files:  TRUE 
        directory where results should be saved:  newdir 
----------------------------------------------------
----                  Results                   ----
----------------------------------------------------
-----------------  Fixed effects  ------------------
----------------------------------------------------
     Parameter Estimate SE    CV(%)
[1,] E0          5.23    0.16  3.1 
[2,] Emax       32.64    2.74  8.4 
[3,] ED50      601.06   78.02 13.0 
[4,] b.1         0.11    0.02 19.4 
----------------------------------------------------
-----------  Variance of random effects  -----------
----------------------------------------------------
      Parameter     Estimate SE    CV(%)
E0    omega2.E0     0.10     0.016 16   
Emax  omega2.Emax   0.59     0.124 21   
ED50  omega2.ED50   0.34     0.224 67   
covar cov.Emax.ED50 0.26     0.151 58   
----------------------------------------------------
------  Correlation matrix of random effects  ------
----------------------------------------------------
            omega2.E0 omega2.Emax omega2.ED50
omega2.E0   1         0.00        0.00       
omega2.Emax 0         1.00        0.58       
omega2.ED50 0         0.58        1.00       
----------------------------------------------------
---------------  Statistical criteria  -------------
----------------------------------------------------
Likelihood computed by linearisation
      -2LL= 2300.402 
      AIC = 2316.402 
      BIC = 2342.788 

Likelihood computed by importance sampling
      -2LL= 2297.134 
      AIC = 2313.134 
      BIC = 2339.521 
----------------------------------------------------
----------------------------------------------------
-----------------  Fixed effects  ------------------
----------------------------------------------------
  Parameter Estimate    SE CV(%)
1        E0     5.23  0.16  3.11
2      Emax    32.64  2.74  8.40
3      ED50   601.06 78.02 12.98
4       b.1     0.11  0.02 19.43
----------------------------------------------------
-----------  Variance of random effects  -----------
----------------------------------------------------
         Parameter Estimate    SE CV(%)
E0       omega2.E0     0.10 0.016 16.02
Emax   omega2.Emax     0.59 0.124 20.97
ED50   omega2.ED50     0.34 0.224 66.51
1    cov.Emax.ED50     0.26 0.151 58.16
----------------------------------------------------
------  Correlation matrix of random effects  ------
----------------------------------------------------
            omega2.E0 omega2.Emax omega2.ED50
omega2.E0   1.00      0.00        0.00       
omega2.Emax 0.00      1.00        0.58       
omega2.ED50 0.00      0.58        1.00       
----------------------------------------------------
---------------  Statistical criteria  -------------
----------------------------------------------------
Likelihood computed by linearisation
      -2LL= 2300.402 
      AIC = 2316.402 
      BIC = 2342.788 

Likelihood computed by importance sampling
      -2LL= 2297.134 
      AIC = 2313.134 
      BIC = 2339.521 
----------------------------------------------------
Reading data from file /home/eco/work/saemix/saemixextension/simulationSuite/cont/emaxSparseProp/data/data_pdemax44.tab 
These are the first lines of the dataset as read into R. Please check the format of the data is appropriate, if not, modify the na and/or sep items and retry:
  id dose         y
1  1    0  7.457526
2  1 1000 28.794752
3  2    0  9.687545
4  2 1000 26.585372
5  3    0  5.992321
6  3 1000 14.846305


The following SaemixData object was successfully created:

Object of class SaemixData
    longitudinal data for use with the SAEM algorithm
Dataset /home/eco/work/saemix/saemixextension/simulationSuite/cont/emaxSparseProp/data/data_pdemax44.tab 
    Structured data: y ~ dose | id 
    Predictor: dose (-) 
Nonlinear mixed-effects model fit by the SAEM algorithm
-----------------------------------
----          Data             ----
-----------------------------------
Object of class SaemixData
    longitudinal data for use with the SAEM algorithm
Dataset /home/eco/work/saemix/saemixextension/simulationSuite/cont/emaxSparseProp/data/data_pdemax44.tab 
    Structured data: y ~ dose | id 
    Predictor: dose (-) 
Dataset characteristics:
    number of subjects:     200 
    number of observations: 400 
    average/min/max nb obs: 2.00  /  2  /  2 
First 10 lines of data:
   id dose         y mdv cens occ ytype
1   1    0  7.457526   0    0   1     1
2   1 1000 28.794752   0    0   1     1
3   2    0  9.687545   0    0   1     1
4   2 1000 26.585372   0    0   1     1
5   3    0  5.992321   0    0   1     1
6   3 1000 14.846305   0    0   1     1
7   4    0  4.518152   0    0   1     1
8   4 1000 13.368396   0    0   1     1
9   5    0  4.570068   0    0   1     1
10  5 1000  9.193212   0    0   1     1
-----------------------------------
----          Model            ----
-----------------------------------
Nonlinear mixed-effects model
  Model function:  PD Emax model
  Model type:  structural
function (psi, id, xidep) 
{
    dose <- xidep[, 1]
    e0 <- psi[id, 1]
    emax <- psi[id, 2]
    e50 <- psi[id, 3]
    f <- e0 + emax * dose/(e50 + dose)
    return(f)
}
<bytecode: 0x5624f519ee00>
  Nb of parameters: 3 
      parameter names:  E0 Emax ED50 
      distribution:
     Parameter Distribution Estimated
[1,] E0        log-normal   Estimated
[2,] Emax      log-normal   Estimated
[3,] ED50      log-normal   Estimated
  Variance-covariance matrix:
     E0 Emax ED50
E0    1    0    0
Emax  0    1    1
ED50  0    1    1
  Error model: proportional , initial values: b.1=0.1 
    No covariate in the model.
    Initial values
             E0 Emax ED50
Pop.CondInit  5   30  500
-----------------------------------
----    Key algorithm options  ----
-----------------------------------
    Estimation of individual parameters (MAP)
    Estimation of standard errors and linearised log-likelihood
    Estimation of log-likelihood by importance sampling
    Number of iterations:  K1=300, K2=100 
    Number of chains:  1 
    Seed:  4838928 
    Number of MCMC iterations for IS:  5000 
    Simulations:
        nb of simulated datasets used for npde:  1000 
        nb of simulated datasets used for VPC:  100 
    Input/output
        save the results to a file:  FALSE 
        save the graphs to files:  TRUE 
        directory where results should be saved:  newdir 
----------------------------------------------------
----                  Results                   ----
----------------------------------------------------
-----------------  Fixed effects  ------------------
----------------------------------------------------
     Parameter Estimate SE     CV(%)
[1,] E0          4.98    0.145  2.9 
[2,] Emax       27.48    2.214  8.1 
[3,] ED50      488.68   69.672 14.3 
[4,] b.1         0.11    0.022 21.0 
----------------------------------------------------
-----------  Variance of random effects  -----------
----------------------------------------------------
      Parameter     Estimate SE    CV(%)
E0    omega2.E0     0.084    0.014 17   
Emax  omega2.Emax   0.541    0.119 22   
ED50  omega2.ED50   0.827    0.305 37   
covar cov.Emax.ED50 0.384    0.173 45   
----------------------------------------------------
------  Correlation matrix of random effects  ------
----------------------------------------------------
            omega2.E0 omega2.Emax omega2.ED50
omega2.E0   1         0.00        0.00       
omega2.Emax 0         1.00        0.57       
omega2.ED50 0         0.57        1.00       
----------------------------------------------------
---------------  Statistical criteria  -------------
----------------------------------------------------
Likelihood computed by linearisation
      -2LL= 2221.407 
      AIC = 2237.407 
      BIC = 2263.794 

Likelihood computed by importance sampling
      -2LL= 2207.941 
      AIC = 2223.941 
      BIC = 2250.328 
----------------------------------------------------
----------------------------------------------------
-----------------  Fixed effects  ------------------
----------------------------------------------------
  Parameter Estimate     SE CV(%)
1        E0     4.98  0.145  2.90
2      Emax    27.48  2.214  8.06
3      ED50   488.68 69.672 14.26
4       b.1     0.11  0.022 21.02
----------------------------------------------------
-----------  Variance of random effects  -----------
----------------------------------------------------
         Parameter Estimate    SE CV(%)
E0       omega2.E0    0.084 0.014 16.86
Emax   omega2.Emax    0.541 0.119 21.96
ED50   omega2.ED50    0.827 0.305 36.86
1    cov.Emax.ED50    0.384 0.173 45.04
----------------------------------------------------
------  Correlation matrix of random effects  ------
----------------------------------------------------
            omega2.E0 omega2.Emax omega2.ED50
omega2.E0   1.00      0.00        0.00       
omega2.Emax 0.00      1.00        0.57       
omega2.ED50 0.00      0.57        1.00       
----------------------------------------------------
---------------  Statistical criteria  -------------
----------------------------------------------------
Likelihood computed by linearisation
      -2LL= 2221.407 
      AIC = 2237.407 
      BIC = 2263.794 

Likelihood computed by importance sampling
      -2LL= 2207.941 
      AIC = 2223.941 
      BIC = 2250.328 
----------------------------------------------------
Reading data from file /home/eco/work/saemix/saemixextension/simulationSuite/cont/emaxSparseProp/data/data_pdemax45.tab 
These are the first lines of the dataset as read into R. Please check the format of the data is appropriate, if not, modify the na and/or sep items and retry:
  id dose         y
1  1    0  3.017910
2  1 1000 11.169262
3  2    0  3.762992
4  2 1000 10.724888
5  3    0  5.715978
6  3 1000 25.113467


The following SaemixData object was successfully created:

Object of class SaemixData
    longitudinal data for use with the SAEM algorithm
Dataset /home/eco/work/saemix/saemixextension/simulationSuite/cont/emaxSparseProp/data/data_pdemax45.tab 
    Structured data: y ~ dose | id 
    Predictor: dose (-) 
Nonlinear mixed-effects model fit by the SAEM algorithm
-----------------------------------
----          Data             ----
-----------------------------------
Object of class SaemixData
    longitudinal data for use with the SAEM algorithm
Dataset /home/eco/work/saemix/saemixextension/simulationSuite/cont/emaxSparseProp/data/data_pdemax45.tab 
    Structured data: y ~ dose | id 
    Predictor: dose (-) 
Dataset characteristics:
    number of subjects:     200 
    number of observations: 400 
    average/min/max nb obs: 2.00  /  2  /  2 
First 10 lines of data:
   id dose         y mdv cens occ ytype
1   1    0  3.017910   0    0   1     1
2   1 1000 11.169262   0    0   1     1
3   2    0  3.762992   0    0   1     1
4   2 1000 10.724888   0    0   1     1
5   3    0  5.715978   0    0   1     1
6   3 1000 25.113467   0    0   1     1
7   4    0  7.367118   0    0   1     1
8   4 1000 59.766159   0    0   1     1
9   5    0  4.538187   0    0   1     1
10  5 1000 39.577016   0    0   1     1
-----------------------------------
----          Model            ----
-----------------------------------
Nonlinear mixed-effects model
  Model function:  PD Emax model
  Model type:  structural
function (psi, id, xidep) 
{
    dose <- xidep[, 1]
    e0 <- psi[id, 1]
    emax <- psi[id, 2]
    e50 <- psi[id, 3]
    f <- e0 + emax * dose/(e50 + dose)
    return(f)
}
<bytecode: 0x5624f519ee00>
  Nb of parameters: 3 
      parameter names:  E0 Emax ED50 
      distribution:
     Parameter Distribution Estimated
[1,] E0        log-normal   Estimated
[2,] Emax      log-normal   Estimated
[3,] ED50      log-normal   Estimated
  Variance-covariance matrix:
     E0 Emax ED50
E0    1    0    0
Emax  0    1    1
ED50  0    1    1
  Error model: proportional , initial values: b.1=0.1 
    No covariate in the model.
    Initial values
             E0 Emax ED50
Pop.CondInit  5   30  500
-----------------------------------
----    Key algorithm options  ----
-----------------------------------
    Estimation of individual parameters (MAP)
    Estimation of standard errors and linearised log-likelihood
    Estimation of log-likelihood by importance sampling
    Number of iterations:  K1=300, K2=100 
    Number of chains:  1 
    Seed:  4838928 
    Number of MCMC iterations for IS:  5000 
    Simulations:
        nb of simulated datasets used for npde:  1000 
        nb of simulated datasets used for VPC:  100 
    Input/output
        save the results to a file:  FALSE 
        save the graphs to files:  TRUE 
        directory where results should be saved:  newdir 
----------------------------------------------------
----                  Results                   ----
----------------------------------------------------
-----------------  Fixed effects  ------------------
----------------------------------------------------
     Parameter Estimate SE     CV(%)
[1,] E0          4.951   0.162  3.3 
[2,] Emax       30.570   2.214  7.2 
[3,] ED50      468.598  61.481 13.1 
[4,] b.1         0.082   0.023 28.7 
----------------------------------------------------
-----------  Variance of random effects  -----------
----------------------------------------------------
      Parameter     Estimate SE    CV(%)
E0    omega2.E0     0.12     0.018 15   
Emax  omega2.Emax   0.49     0.098 20   
ED50  omega2.ED50   0.82     0.247 30   
covar cov.Emax.ED50 0.32     0.139 43   
----------------------------------------------------
------  Correlation matrix of random effects  ------
----------------------------------------------------
            omega2.E0 omega2.Emax omega2.ED50
omega2.E0   1         0.0         0.0        
omega2.Emax 0         1.0         0.5        
omega2.ED50 0         0.5         1.0        
----------------------------------------------------
---------------  Statistical criteria  -------------
----------------------------------------------------
Likelihood computed by linearisation
      -2LL= 2331.539 
      AIC = 2347.539 
      BIC = 2373.925 

Likelihood computed by importance sampling
      -2LL= 2317.43 
      AIC = 2333.43 
      BIC = 2359.816 
----------------------------------------------------
----------------------------------------------------
-----------------  Fixed effects  ------------------
----------------------------------------------------
  Parameter Estimate     SE CV(%)
1        E0    4.951  0.162  3.28
2      Emax   30.570  2.214  7.24
3      ED50  468.598 61.481 13.12
4       b.1    0.082  0.023 28.72
----------------------------------------------------
-----------  Variance of random effects  -----------
----------------------------------------------------
         Parameter Estimate    SE CV(%)
E0       omega2.E0     0.12 0.018 15.19
Emax   omega2.Emax     0.49 0.098 19.95
ED50   omega2.ED50     0.82 0.247 30.04
1    cov.Emax.ED50     0.32 0.139 43.20
----------------------------------------------------
------  Correlation matrix of random effects  ------
----------------------------------------------------
            omega2.E0 omega2.Emax omega2.ED50
omega2.E0   1.00      0.00        0.00       
omega2.Emax 0.00      1.00        0.50       
omega2.ED50 0.00      0.50        1.00       
----------------------------------------------------
---------------  Statistical criteria  -------------
----------------------------------------------------
Likelihood computed by linearisation
      -2LL= 2331.539 
      AIC = 2347.539 
      BIC = 2373.925 

Likelihood computed by importance sampling
      -2LL= 2317.43 
      AIC = 2333.43 
      BIC = 2359.816 
----------------------------------------------------
Reading data from file /home/eco/work/saemix/saemixextension/simulationSuite/cont/emaxSparseProp/data/data_pdemax46.tab 
These are the first lines of the dataset as read into R. Please check the format of the data is appropriate, if not, modify the na and/or sep items and retry:
  id dose         y
1  1    0  8.170882
2  1 1000 14.809161
3  2    0  4.605649
4  2 1000 34.138488
5  3    0  6.124653
6  3 1000 16.692545


The following SaemixData object was successfully created:

Object of class SaemixData
    longitudinal data for use with the SAEM algorithm
Dataset /home/eco/work/saemix/saemixextension/simulationSuite/cont/emaxSparseProp/data/data_pdemax46.tab 
    Structured data: y ~ dose | id 
    Predictor: dose (-) 
Nonlinear mixed-effects model fit by the SAEM algorithm
-----------------------------------
----          Data             ----
-----------------------------------
Object of class SaemixData
    longitudinal data for use with the SAEM algorithm
Dataset /home/eco/work/saemix/saemixextension/simulationSuite/cont/emaxSparseProp/data/data_pdemax46.tab 
    Structured data: y ~ dose | id 
    Predictor: dose (-) 
Dataset characteristics:
    number of subjects:     200 
    number of observations: 400 
    average/min/max nb obs: 2.00  /  2  /  2 
First 10 lines of data:
   id dose         y mdv cens occ ytype
1   1    0  8.170882   0    0   1     1
2   1 1000 14.809161   0    0   1     1
3   2    0  4.605649   0    0   1     1
4   2 1000 34.138488   0    0   1     1
5   3    0  6.124653   0    0   1     1
6   3 1000 16.692545   0    0   1     1
7   4    0  5.453690   0    0   1     1
8   4 1000 11.555378   0    0   1     1
9   5    0  3.224660   0    0   1     1
10  5 1000 35.647395   0    0   1     1
-----------------------------------
----          Model            ----
-----------------------------------
Nonlinear mixed-effects model
  Model function:  PD Emax model
  Model type:  structural
function (psi, id, xidep) 
{
    dose <- xidep[, 1]
    e0 <- psi[id, 1]
    emax <- psi[id, 2]
    e50 <- psi[id, 3]
    f <- e0 + emax * dose/(e50 + dose)
    return(f)
}
<bytecode: 0x5624f519ee00>
  Nb of parameters: 3 
      parameter names:  E0 Emax ED50 
      distribution:
     Parameter Distribution Estimated
[1,] E0        log-normal   Estimated
[2,] Emax      log-normal   Estimated
[3,] ED50      log-normal   Estimated
  Variance-covariance matrix:
     E0 Emax ED50
E0    1    0    0
Emax  0    1    1
ED50  0    1    1
  Error model: proportional , initial values: b.1=0.1 
    No covariate in the model.
    Initial values
             E0 Emax ED50
Pop.CondInit  5   30  500
-----------------------------------
----    Key algorithm options  ----
-----------------------------------
    Estimation of individual parameters (MAP)
    Estimation of standard errors and linearised log-likelihood
    Estimation of log-likelihood by importance sampling
    Number of iterations:  K1=300, K2=100 
    Number of chains:  1 
    Seed:  4838928 
    Number of MCMC iterations for IS:  5000 
    Simulations:
        nb of simulated datasets used for npde:  1000 
        nb of simulated datasets used for VPC:  100 
    Input/output
        save the results to a file:  FALSE 
        save the graphs to files:  TRUE 
        directory where results should be saved:  newdir 
----------------------------------------------------
----                  Results                   ----
----------------------------------------------------
-----------------  Fixed effects  ------------------
----------------------------------------------------
     Parameter Estimate SE    CV(%)
[1,] E0          4.93    0.12  2.5 
[2,] Emax       29.54    1.99  6.7 
[3,] ED50      426.50   49.53 11.6 
[4,] b.1         0.11    0.02 18.2 
----------------------------------------------------
-----------  Variance of random effects  -----------
----------------------------------------------------
      Parameter     Estimate SE    CV(%)
E0    omega2.E0     0.053    0.010 20   
Emax  omega2.Emax   0.426    0.089 21   
ED50  omega2.ED50   0.538    0.216 40   
covar cov.Emax.ED50 0.221    0.124 56   
----------------------------------------------------
------  Correlation matrix of random effects  ------
----------------------------------------------------
            omega2.E0 omega2.Emax omega2.ED50
omega2.E0   1         0.00        0.00       
omega2.Emax 0         1.00        0.46       
omega2.ED50 0         0.46        1.00       
----------------------------------------------------
---------------  Statistical criteria  -------------
----------------------------------------------------
Likelihood computed by linearisation
      -2LL= 2239.052 
      AIC = 2255.052 
      BIC = 2281.439 

Likelihood computed by importance sampling
      -2LL= 2229.279 
      AIC = 2245.279 
      BIC = 2271.666 
----------------------------------------------------
----------------------------------------------------
-----------------  Fixed effects  ------------------
----------------------------------------------------
  Parameter Estimate    SE CV(%)
1        E0     4.93  0.12  2.48
2      Emax    29.54  1.99  6.73
3      ED50   426.50 49.53 11.61
4       b.1     0.11  0.02 18.24
----------------------------------------------------
-----------  Variance of random effects  -----------
----------------------------------------------------
         Parameter Estimate    SE CV(%)
E0       omega2.E0    0.053 0.010 19.73
Emax   omega2.Emax    0.426 0.089 20.85
ED50   omega2.ED50    0.538 0.216 40.12
1    cov.Emax.ED50    0.221 0.124 56.13
----------------------------------------------------
------  Correlation matrix of random effects  ------
----------------------------------------------------
            omega2.E0 omega2.Emax omega2.ED50
omega2.E0   1.00      0.00        0.00       
omega2.Emax 0.00      1.00        0.46       
omega2.ED50 0.00      0.46        1.00       
----------------------------------------------------
---------------  Statistical criteria  -------------
----------------------------------------------------
Likelihood computed by linearisation
      -2LL= 2239.052 
      AIC = 2255.052 
      BIC = 2281.439 

Likelihood computed by importance sampling
      -2LL= 2229.279 
      AIC = 2245.279 
      BIC = 2271.666 
----------------------------------------------------
Reading data from file /home/eco/work/saemix/saemixextension/simulationSuite/cont/emaxSparseProp/data/data_pdemax47.tab 
These are the first lines of the dataset as read into R. Please check the format of the data is appropriate, if not, modify the na and/or sep items and retry:
  id dose         y
1  1    0  7.628793
2  1 1000 32.305996
3  2    0  5.534328
4  2 1000 28.684387
5  3    0  6.200940
6  3 1000 19.729204


The following SaemixData object was successfully created:

Object of class SaemixData
    longitudinal data for use with the SAEM algorithm
Dataset /home/eco/work/saemix/saemixextension/simulationSuite/cont/emaxSparseProp/data/data_pdemax47.tab 
    Structured data: y ~ dose | id 
    Predictor: dose (-) 
Nonlinear mixed-effects model fit by the SAEM algorithm
-----------------------------------
----          Data             ----
-----------------------------------
Object of class SaemixData
    longitudinal data for use with the SAEM algorithm
Dataset /home/eco/work/saemix/saemixextension/simulationSuite/cont/emaxSparseProp/data/data_pdemax47.tab 
    Structured data: y ~ dose | id 
    Predictor: dose (-) 
Dataset characteristics:
    number of subjects:     200 
    number of observations: 400 
    average/min/max nb obs: 2.00  /  2  /  2 
First 10 lines of data:
   id dose         y mdv cens occ ytype
1   1    0  7.628793   0    0   1     1
2   1 1000 32.305996   0    0   1     1
3   2    0  5.534328   0    0   1     1
4   2 1000 28.684387   0    0   1     1
5   3    0  6.200940   0    0   1     1
6   3 1000 19.729204   0    0   1     1
7   4    0  4.653659   0    0   1     1
8   4 1000 10.835858   0    0   1     1
9   5    0  4.505738   0    0   1     1
10  5 1000 34.227506   0    0   1     1
-----------------------------------
----          Model            ----
-----------------------------------
Nonlinear mixed-effects model
  Model function:  PD Emax model
  Model type:  structural
function (psi, id, xidep) 
{
    dose <- xidep[, 1]
    e0 <- psi[id, 1]
    emax <- psi[id, 2]
    e50 <- psi[id, 3]
    f <- e0 + emax * dose/(e50 + dose)
    return(f)
}
<bytecode: 0x5624f519ee00>
  Nb of parameters: 3 
      parameter names:  E0 Emax ED50 
      distribution:
     Parameter Distribution Estimated
[1,] E0        log-normal   Estimated
[2,] Emax      log-normal   Estimated
[3,] ED50      log-normal   Estimated
  Variance-covariance matrix:
     E0 Emax ED50
E0    1    0    0
Emax  0    1    1
ED50  0    1    1
  Error model: proportional , initial values: b.1=0.1 
    No covariate in the model.
    Initial values
             E0 Emax ED50
Pop.CondInit  5   30  500
-----------------------------------
----    Key algorithm options  ----
-----------------------------------
    Estimation of individual parameters (MAP)
    Estimation of standard errors and linearised log-likelihood
    Estimation of log-likelihood by importance sampling
    Number of iterations:  K1=300, K2=100 
    Number of chains:  1 
    Seed:  4838928 
    Number of MCMC iterations for IS:  5000 
    Simulations:
        nb of simulated datasets used for npde:  1000 
        nb of simulated datasets used for VPC:  100 
    Input/output
        save the results to a file:  FALSE 
        save the graphs to files:  TRUE 
        directory where results should be saved:  newdir 
----------------------------------------------------
----                  Results                   ----
----------------------------------------------------
-----------------  Fixed effects  ------------------
----------------------------------------------------
     Parameter Estimate SE     CV(%)
[1,] E0          5.07    0.154  3.0 
[2,] Emax       28.94    2.054  7.1 
[3,] ED50      523.33   58.748 11.2 
[4,] b.1         0.11    0.019 17.8 
----------------------------------------------------
-----------  Variance of random effects  -----------
----------------------------------------------------
      Parameter     Estimate SE    CV(%)
E0    omega2.E0     0.095    0.015  16  
Emax  omega2.Emax   0.460    0.091  20  
ED50  omega2.ED50   0.197    0.152  77  
covar cov.Emax.ED50 0.102    0.103 101  
----------------------------------------------------
------  Correlation matrix of random effects  ------
----------------------------------------------------
            omega2.E0 omega2.Emax omega2.ED50
omega2.E0   1         0.00        0.00       
omega2.Emax 0         1.00        0.34       
omega2.ED50 0         0.34        1.00       
----------------------------------------------------
---------------  Statistical criteria  -------------
----------------------------------------------------
Likelihood computed by linearisation
      -2LL= 2261.692 
      AIC = 2277.692 
      BIC = 2304.078 

Likelihood computed by importance sampling
      -2LL= 2259.894 
      AIC = 2275.894 
      BIC = 2302.281 
----------------------------------------------------
----------------------------------------------------
-----------------  Fixed effects  ------------------
----------------------------------------------------
  Parameter Estimate     SE CV(%)
1        E0     5.07  0.154  3.03
2      Emax    28.94  2.054  7.10
3      ED50   523.33 58.748 11.23
4       b.1     0.11  0.019 17.78
----------------------------------------------------
-----------  Variance of random effects  -----------
----------------------------------------------------
         Parameter Estimate    SE  CV(%)
E0       omega2.E0    0.095 0.015  16.04
Emax   omega2.Emax    0.460 0.091  19.79
ED50   omega2.ED50    0.197 0.152  77.29
1    cov.Emax.ED50    0.102 0.103 100.69
----------------------------------------------------
------  Correlation matrix of random effects  ------
----------------------------------------------------
            omega2.E0 omega2.Emax omega2.ED50
omega2.E0   1.00      0.00        0.00       
omega2.Emax 0.00      1.00        0.34       
omega2.ED50 0.00      0.34        1.00       
----------------------------------------------------
---------------  Statistical criteria  -------------
----------------------------------------------------
Likelihood computed by linearisation
      -2LL= 2261.692 
      AIC = 2277.692 
      BIC = 2304.078 

Likelihood computed by importance sampling
      -2LL= 2259.894 
      AIC = 2275.894 
      BIC = 2302.281 
----------------------------------------------------
Reading data from file /home/eco/work/saemix/saemixextension/simulationSuite/cont/emaxSparseProp/data/data_pdemax48.tab 
These are the first lines of the dataset as read into R. Please check the format of the data is appropriate, if not, modify the na and/or sep items and retry:
  id dose         y
1  1    0  3.277527
2  1 1000 68.075004
3  2    0  7.814590
4  2 1000 34.165130
5  3    0  7.175809
6  3 1000 40.919853


The following SaemixData object was successfully created:

Object of class SaemixData
    longitudinal data for use with the SAEM algorithm
Dataset /home/eco/work/saemix/saemixextension/simulationSuite/cont/emaxSparseProp/data/data_pdemax48.tab 
    Structured data: y ~ dose | id 
    Predictor: dose (-) 
Nonlinear mixed-effects model fit by the SAEM algorithm
-----------------------------------
----          Data             ----
-----------------------------------
Object of class SaemixData
    longitudinal data for use with the SAEM algorithm
Dataset /home/eco/work/saemix/saemixextension/simulationSuite/cont/emaxSparseProp/data/data_pdemax48.tab 
    Structured data: y ~ dose | id 
    Predictor: dose (-) 
Dataset characteristics:
    number of subjects:     200 
    number of observations: 400 
    average/min/max nb obs: 2.00  /  2  /  2 
First 10 lines of data:
   id dose         y mdv cens occ ytype
1   1    0  3.277527   0    0   1     1
2   1 1000 68.075004   0    0   1     1
3   2    0  7.814590   0    0   1     1
4   2 1000 34.165130   0    0   1     1
5   3    0  7.175809   0    0   1     1
6   3 1000 40.919853   0    0   1     1
7   4    0  3.167084   0    0   1     1
8   4 1000 20.409676   0    0   1     1
9   5    0  5.172633   0    0   1     1
10  5 1000 18.628631   0    0   1     1
-----------------------------------
----          Model            ----
-----------------------------------
Nonlinear mixed-effects model
  Model function:  PD Emax model
  Model type:  structural
function (psi, id, xidep) 
{
    dose <- xidep[, 1]
    e0 <- psi[id, 1]
    emax <- psi[id, 2]
    e50 <- psi[id, 3]
    f <- e0 + emax * dose/(e50 + dose)
    return(f)
}
<bytecode: 0x5624f519ee00>
  Nb of parameters: 3 
      parameter names:  E0 Emax ED50 
      distribution:
     Parameter Distribution Estimated
[1,] E0        log-normal   Estimated
[2,] Emax      log-normal   Estimated
[3,] ED50      log-normal   Estimated
  Variance-covariance matrix:
     E0 Emax ED50
E0    1    0    0
Emax  0    1    1
ED50  0    1    1
  Error model: proportional , initial values: b.1=0.1 
    No covariate in the model.
    Initial values
             E0 Emax ED50
Pop.CondInit  5   30  500
-----------------------------------
----    Key algorithm options  ----
-----------------------------------
    Estimation of individual parameters (MAP)
    Estimation of standard errors and linearised log-likelihood
    Estimation of log-likelihood by importance sampling
    Number of iterations:  K1=300, K2=100 
    Number of chains:  1 
    Seed:  4838928 
    Number of MCMC iterations for IS:  5000 
    Simulations:
        nb of simulated datasets used for npde:  1000 
        nb of simulated datasets used for VPC:  100 
    Input/output
        save the results to a file:  FALSE 
        save the graphs to files:  TRUE 
        directory where results should be saved:  newdir 
----------------------------------------------------
----                  Results                   ----
----------------------------------------------------
-----------------  Fixed effects  ------------------
----------------------------------------------------
     Parameter Estimate SE     CV(%)
[1,] E0          5.18    0.172  3.3 
[2,] Emax       27.16    1.739  6.4 
[3,] ED50      471.66   52.814 11.2 
[4,] b.1         0.14    0.019 13.9 
----------------------------------------------------
-----------  Variance of random effects  -----------
----------------------------------------------------
      Parameter     Estimate SE    CV(%)
E0    omega2.E0      0.1046  0.018    17
Emax  omega2.Emax    0.2820  0.074    26
ED50  omega2.ED50    0.0258  0.158   611
covar cov.Emax.ED50 -0.0072  0.093 -1282
----------------------------------------------------
------  Correlation matrix of random effects  ------
----------------------------------------------------
            omega2.E0 omega2.Emax omega2.ED50
omega2.E0   1          0.000       0.000     
omega2.Emax 0          1.000      -0.085     
omega2.ED50 0         -0.085       1.000     
----------------------------------------------------
---------------  Statistical criteria  -------------
----------------------------------------------------
Likelihood computed by linearisation
      -2LL= 2240.696 
      AIC = 2256.696 
      BIC = 2283.083 

Likelihood computed by importance sampling
      -2LL= 2244.091 
      AIC = 2260.091 
      BIC = 2286.477 
----------------------------------------------------
----------------------------------------------------
-----------------  Fixed effects  ------------------
----------------------------------------------------
  Parameter Estimate     SE CV(%)
1        E0     5.18  0.172  3.32
2      Emax    27.16  1.739  6.40
3      ED50   471.66 52.814 11.20
4       b.1     0.14  0.019 13.90
----------------------------------------------------
-----------  Variance of random effects  -----------
----------------------------------------------------
         Parameter Estimate    SE    CV(%)
E0       omega2.E0   0.1046 0.018    17.18
Emax   omega2.Emax   0.2820 0.074    26.38
ED50   omega2.ED50   0.0258 0.158   610.73
1    cov.Emax.ED50  -0.0072 0.093 -1281.69
----------------------------------------------------
------  Correlation matrix of random effects  ------
----------------------------------------------------
            omega2.E0 omega2.Emax omega2.ED50
omega2.E0   1.00       0.000       0.000     
omega2.Emax 0.00       1.000      -0.085     
omega2.ED50 0.00      -0.085       1.000     
----------------------------------------------------
---------------  Statistical criteria  -------------
----------------------------------------------------
Likelihood computed by linearisation
      -2LL= 2240.696 
      AIC = 2256.696 
      BIC = 2283.083 

Likelihood computed by importance sampling
      -2LL= 2244.091 
      AIC = 2260.091 
      BIC = 2286.477 
----------------------------------------------------
Reading data from file /home/eco/work/saemix/saemixextension/simulationSuite/cont/emaxSparseProp/data/data_pdemax49.tab 
These are the first lines of the dataset as read into R. Please check the format of the data is appropriate, if not, modify the na and/or sep items and retry:
  id dose         y
1  1    0  6.181237
2  1 1000 17.184311
3  2    0  3.819942
4  2 1000 36.942022
5  3    0  4.680708
6  3 1000 87.536036


The following SaemixData object was successfully created:

Object of class SaemixData
    longitudinal data for use with the SAEM algorithm
Dataset /home/eco/work/saemix/saemixextension/simulationSuite/cont/emaxSparseProp/data/data_pdemax49.tab 
    Structured data: y ~ dose | id 
    Predictor: dose (-) 
Nonlinear mixed-effects model fit by the SAEM algorithm
-----------------------------------
----          Data             ----
-----------------------------------
Object of class SaemixData
    longitudinal data for use with the SAEM algorithm
Dataset /home/eco/work/saemix/saemixextension/simulationSuite/cont/emaxSparseProp/data/data_pdemax49.tab 
    Structured data: y ~ dose | id 
    Predictor: dose (-) 
Dataset characteristics:
    number of subjects:     200 
    number of observations: 400 
    average/min/max nb obs: 2.00  /  2  /  2 
First 10 lines of data:
   id dose         y mdv cens occ ytype
1   1    0  6.181237   0    0   1     1
2   1 1000 17.184311   0    0   1     1
3   2    0  3.819942   0    0   1     1
4   2 1000 36.942022   0    0   1     1
5   3    0  4.680708   0    0   1     1
6   3 1000 87.536036   0    0   1     1
7   4    0  5.462456   0    0   1     1
8   4 1000 21.402906   0    0   1     1
9   5    0  4.048894   0    0   1     1
10  5 1000 18.961109   0    0   1     1
-----------------------------------
----          Model            ----
-----------------------------------
Nonlinear mixed-effects model
  Model function:  PD Emax model
  Model type:  structural
function (psi, id, xidep) 
{
    dose <- xidep[, 1]
    e0 <- psi[id, 1]
    emax <- psi[id, 2]
    e50 <- psi[id, 3]
    f <- e0 + emax * dose/(e50 + dose)
    return(f)
}
<bytecode: 0x5624f519ee00>
  Nb of parameters: 3 
      parameter names:  E0 Emax ED50 
      distribution:
     Parameter Distribution Estimated
[1,] E0        log-normal   Estimated
[2,] Emax      log-normal   Estimated
[3,] ED50      log-normal   Estimated
  Variance-covariance matrix:
     E0 Emax ED50
E0    1    0    0
Emax  0    1    1
ED50  0    1    1
  Error model: proportional , initial values: b.1=0.1 
    No covariate in the model.
    Initial values
             E0 Emax ED50
Pop.CondInit  5   30  500
-----------------------------------
----    Key algorithm options  ----
-----------------------------------
    Estimation of individual parameters (MAP)
    Estimation of standard errors and linearised log-likelihood
    Estimation of log-likelihood by importance sampling
    Number of iterations:  K1=300, K2=100 
    Number of chains:  1 
    Seed:  4838928 
    Number of MCMC iterations for IS:  5000 
    Simulations:
        nb of simulated datasets used for npde:  1000 
        nb of simulated datasets used for VPC:  100 
    Input/output
        save the results to a file:  FALSE 
        save the graphs to files:  TRUE 
        directory where results should be saved:  newdir 
----------------------------------------------------
----                  Results                   ----
----------------------------------------------------
-----------------  Fixed effects  ------------------
----------------------------------------------------
     Parameter Estimate SE     CV(%)
[1,] E0          5.24    0.146  2.8 
[2,] Emax       27.19    1.855  6.8 
[3,] ED50      505.60   56.292 11.1 
[4,] b.1         0.11    0.018 16.1 
----------------------------------------------------
-----------  Variance of random effects  -----------
----------------------------------------------------
      Parameter     Estimate SE    CV(%)
E0    omega2.E0     0.077    0.013  17  
Emax  omega2.Emax   0.401    0.085  21  
ED50  omega2.ED50   0.180    0.154  86  
covar cov.Emax.ED50 0.023    0.097 418  
----------------------------------------------------
------  Correlation matrix of random effects  ------
----------------------------------------------------
            omega2.E0 omega2.Emax omega2.ED50
omega2.E0   1         0.000       0.000      
omega2.Emax 0         1.000       0.086      
omega2.ED50 0         0.086       1.000      
----------------------------------------------------
---------------  Statistical criteria  -------------
----------------------------------------------------
Likelihood computed by linearisation
      -2LL= 2235.317 
      AIC = 2251.317 
      BIC = 2277.703 

Likelihood computed by importance sampling
      -2LL= 2233.164 
      AIC = 2249.164 
      BIC = 2275.55 
----------------------------------------------------
----------------------------------------------------
-----------------  Fixed effects  ------------------
----------------------------------------------------
  Parameter Estimate     SE CV(%)
1        E0     5.24  0.146  2.79
2      Emax    27.19  1.855  6.82
3      ED50   505.60 56.292 11.13
4       b.1     0.11  0.018 16.13
----------------------------------------------------
-----------  Variance of random effects  -----------
----------------------------------------------------
         Parameter Estimate    SE  CV(%)
E0       omega2.E0    0.077 0.013  17.13
Emax   omega2.Emax    0.401 0.085  21.11
ED50   omega2.ED50    0.180 0.154  85.72
1    cov.Emax.ED50    0.023 0.097 417.85
----------------------------------------------------
------  Correlation matrix of random effects  ------
----------------------------------------------------
            omega2.E0 omega2.Emax omega2.ED50
omega2.E0   1.00      0.000       0.000      
omega2.Emax 0.00      1.000       0.086      
omega2.ED50 0.00      0.086       1.000      
----------------------------------------------------
---------------  Statistical criteria  -------------
----------------------------------------------------
Likelihood computed by linearisation
      -2LL= 2235.317 
      AIC = 2251.317 
      BIC = 2277.703 

Likelihood computed by importance sampling
      -2LL= 2233.164 
      AIC = 2249.164 
      BIC = 2275.55 
----------------------------------------------------
Reading data from file /home/eco/work/saemix/saemixextension/simulationSuite/cont/emaxSparseProp/data/data_pdemax50.tab 
These are the first lines of the dataset as read into R. Please check the format of the data is appropriate, if not, modify the na and/or sep items and retry:
  id dose         y
1  1    0  5.174393
2  1 1000 34.671303
3  2    0  4.447424
4  2 1000 61.861504
5  3    0  5.860655
6  3 1000 24.004803


The following SaemixData object was successfully created:

Object of class SaemixData
    longitudinal data for use with the SAEM algorithm
Dataset /home/eco/work/saemix/saemixextension/simulationSuite/cont/emaxSparseProp/data/data_pdemax50.tab 
    Structured data: y ~ dose | id 
    Predictor: dose (-) 
Nonlinear mixed-effects model fit by the SAEM algorithm
-----------------------------------
----          Data             ----
-----------------------------------
Object of class SaemixData
    longitudinal data for use with the SAEM algorithm
Dataset /home/eco/work/saemix/saemixextension/simulationSuite/cont/emaxSparseProp/data/data_pdemax50.tab 
    Structured data: y ~ dose | id 
    Predictor: dose (-) 
Dataset characteristics:
    number of subjects:     200 
    number of observations: 400 
    average/min/max nb obs: 2.00  /  2  /  2 
First 10 lines of data:
   id dose         y mdv cens occ ytype
1   1    0  5.174393   0    0   1     1
2   1 1000 34.671303   0    0   1     1
3   2    0  4.447424   0    0   1     1
4   2 1000 61.861504   0    0   1     1
5   3    0  5.860655   0    0   1     1
6   3 1000 24.004803   0    0   1     1
7   4    0  6.142480   0    0   1     1
8   4 1000 13.861730   0    0   1     1
9   5    0  6.361433   0    0   1     1
10  5 1000 21.778578   0    0   1     1
-----------------------------------
----          Model            ----
-----------------------------------
Nonlinear mixed-effects model
  Model function:  PD Emax model
  Model type:  structural
function (psi, id, xidep) 
{
    dose <- xidep[, 1]
    e0 <- psi[id, 1]
    emax <- psi[id, 2]
    e50 <- psi[id, 3]
    f <- e0 + emax * dose/(e50 + dose)
    return(f)
}
<bytecode: 0x5624f519ee00>
  Nb of parameters: 3 
      parameter names:  E0 Emax ED50 
      distribution:
     Parameter Distribution Estimated
[1,] E0        log-normal   Estimated
[2,] Emax      log-normal   Estimated
[3,] ED50      log-normal   Estimated
  Variance-covariance matrix:
     E0 Emax ED50
E0    1    0    0
Emax  0    1    1
ED50  0    1    1
  Error model: proportional , initial values: b.1=0.1 
    No covariate in the model.
    Initial values
             E0 Emax ED50
Pop.CondInit  5   30  500
-----------------------------------
----    Key algorithm options  ----
-----------------------------------
    Estimation of individual parameters (MAP)
    Estimation of standard errors and linearised log-likelihood
    Estimation of log-likelihood by importance sampling
    Number of iterations:  K1=300, K2=100 
    Number of chains:  1 
    Seed:  4838928 
    Number of MCMC iterations for IS:  5000 
    Simulations:
        nb of simulated datasets used for npde:  1000 
        nb of simulated datasets used for VPC:  100 
    Input/output
        save the results to a file:  FALSE 
        save the graphs to files:  TRUE 
        directory where results should be saved:  newdir 
----------------------------------------------------
----                  Results                   ----
----------------------------------------------------
-----------------  Fixed effects  ------------------
----------------------------------------------------
     Parameter Estimate SE     CV(%)
[1,] E0          5.11    0.161  3.2 
[2,] Emax       29.59    2.025  6.8 
[3,] ED50      525.37   56.964 10.8 
[4,] b.1         0.11    0.018 16.2 
----------------------------------------------------
-----------  Variance of random effects  -----------
----------------------------------------------------
      Parameter     Estimate SE    CV(%)
E0    omega2.E0     0.101    0.016  16  
Emax  omega2.Emax   0.397    0.084  21  
ED50  omega2.ED50   0.023    0.140 610  
covar cov.Emax.ED50 0.061    0.096 158  
----------------------------------------------------
------  Correlation matrix of random effects  ------
----------------------------------------------------
            omega2.E0 omega2.Emax omega2.ED50
omega2.E0   1         0.00        0.00       
omega2.Emax 0         1.00        0.64       
omega2.ED50 0         0.64        1.00       
----------------------------------------------------
---------------  Statistical criteria  -------------
----------------------------------------------------
Likelihood computed by linearisation
      -2LL= 2233.133 
      AIC = 2249.133 
      BIC = 2275.52 

Likelihood computed by importance sampling
      -2LL= 2236.347 
      AIC = 2252.347 
      BIC = 2278.734 
----------------------------------------------------
----------------------------------------------------
-----------------  Fixed effects  ------------------
----------------------------------------------------
  Parameter Estimate     SE CV(%)
1        E0     5.11  0.161  3.15
2      Emax    29.59  2.025  6.84
3      ED50   525.37 56.964 10.84
4       b.1     0.11  0.018 16.17
----------------------------------------------------
-----------  Variance of random effects  -----------
----------------------------------------------------
         Parameter Estimate    SE  CV(%)
E0       omega2.E0    0.101 0.016  16.04
Emax   omega2.Emax    0.397 0.084  21.25
ED50   omega2.ED50    0.023 0.140 610.09
1    cov.Emax.ED50    0.061 0.096 158.12
----------------------------------------------------
------  Correlation matrix of random effects  ------
----------------------------------------------------
            omega2.E0 omega2.Emax omega2.ED50
omega2.E0   1.00      0.00        0.00       
omega2.Emax 0.00      1.00        0.64       
omega2.ED50 0.00      0.64        1.00       
----------------------------------------------------
---------------  Statistical criteria  -------------
----------------------------------------------------
Likelihood computed by linearisation
      -2LL= 2233.133 
      AIC = 2249.133 
      BIC = 2275.52 

Likelihood computed by importance sampling
      -2LL= 2236.347 
      AIC = 2252.347 
      BIC = 2278.734 
----------------------------------------------------
Reading data from file /home/eco/work/saemix/saemixextension/simulationSuite/cont/emaxSparseProp/data/data_pdemax51.tab 
These are the first lines of the dataset as read into R. Please check the format of the data is appropriate, if not, modify the na and/or sep items and retry:
  id dose         y
1  1    0  4.631240
2  1 1000 22.097665
3  2    0  3.279146
4  2 1000 16.382209
5  3    0  5.095647
6  3 1000 31.832733


The following SaemixData object was successfully created:

Object of class SaemixData
    longitudinal data for use with the SAEM algorithm
Dataset /home/eco/work/saemix/saemixextension/simulationSuite/cont/emaxSparseProp/data/data_pdemax51.tab 
    Structured data: y ~ dose | id 
    Predictor: dose (-) 
Nonlinear mixed-effects model fit by the SAEM algorithm
-----------------------------------
----          Data             ----
-----------------------------------
Object of class SaemixData
    longitudinal data for use with the SAEM algorithm
Dataset /home/eco/work/saemix/saemixextension/simulationSuite/cont/emaxSparseProp/data/data_pdemax51.tab 
    Structured data: y ~ dose | id 
    Predictor: dose (-) 
Dataset characteristics:
    number of subjects:     200 
    number of observations: 400 
    average/min/max nb obs: 2.00  /  2  /  2 
First 10 lines of data:
   id dose         y mdv cens occ ytype
1   1    0  4.631240   0    0   1     1
2   1 1000 22.097665   0    0   1     1
3   2    0  3.279146   0    0   1     1
4   2 1000 16.382209   0    0   1     1
5   3    0  5.095647   0    0   1     1
6   3 1000 31.832733   0    0   1     1
7   4    0  5.963401   0    0   1     1
8   4 1000 37.071015   0    0   1     1
9   5    0  3.885133   0    0   1     1
10  5 1000 34.557517   0    0   1     1
-----------------------------------
----          Model            ----
-----------------------------------
Nonlinear mixed-effects model
  Model function:  PD Emax model
  Model type:  structural
function (psi, id, xidep) 
{
    dose <- xidep[, 1]
    e0 <- psi[id, 1]
    emax <- psi[id, 2]
    e50 <- psi[id, 3]
    f <- e0 + emax * dose/(e50 + dose)
    return(f)
}
<bytecode: 0x5624f519ee00>
  Nb of parameters: 3 
      parameter names:  E0 Emax ED50 
      distribution:
     Parameter Distribution Estimated
[1,] E0        log-normal   Estimated
[2,] Emax      log-normal   Estimated
[3,] ED50      log-normal   Estimated
  Variance-covariance matrix:
     E0 Emax ED50
E0    1    0    0
Emax  0    1    1
ED50  0    1    1
  Error model: proportional , initial values: b.1=0.1 
    No covariate in the model.
    Initial values
             E0 Emax ED50
Pop.CondInit  5   30  500
-----------------------------------
----    Key algorithm options  ----
-----------------------------------
    Estimation of individual parameters (MAP)
    Estimation of standard errors and linearised log-likelihood
    Estimation of log-likelihood by importance sampling
    Number of iterations:  K1=300, K2=100 
    Number of chains:  1 
    Seed:  4838928 
    Number of MCMC iterations for IS:  5000 
    Simulations:
        nb of simulated datasets used for npde:  1000 
        nb of simulated datasets used for VPC:  100 
    Input/output
        save the results to a file:  FALSE 
        save the graphs to files:  TRUE 
        directory where results should be saved:  newdir 
----------------------------------------------------
----                  Results                   ----
----------------------------------------------------
-----------------  Fixed effects  ------------------
----------------------------------------------------
     Parameter Estimate SE     CV(%)
[1,] E0          4.78    0.144  3.0 
[2,] Emax       27.82    1.776  6.4 
[3,] ED50      446.01   48.553 10.9 
[4,] b.1         0.12    0.019 16.4 
----------------------------------------------------
-----------  Variance of random effects  -----------
----------------------------------------------------
      Parameter     Estimate SE    CV(%)
E0    omega2.E0     0.088    0.015  17  
Emax  omega2.Emax   0.359    0.077  21  
ED50  omega2.ED50   0.233    0.163  70  
covar cov.Emax.ED50 0.069    0.096 141  
----------------------------------------------------
------  Correlation matrix of random effects  ------
----------------------------------------------------
            omega2.E0 omega2.Emax omega2.ED50
omega2.E0   1         0.00        0.00       
omega2.Emax 0         1.00        0.24       
omega2.ED50 0         0.24        1.00       
----------------------------------------------------
---------------  Statistical criteria  -------------
----------------------------------------------------
Likelihood computed by linearisation
      -2LL= 2229.45 
      AIC = 2245.45 
      BIC = 2271.836 

Likelihood computed by importance sampling
      -2LL= 2226.725 
      AIC = 2242.725 
      BIC = 2269.112 
----------------------------------------------------
----------------------------------------------------
-----------------  Fixed effects  ------------------
----------------------------------------------------
  Parameter Estimate     SE CV(%)
1        E0     4.78  0.144  3.02
2      Emax    27.82  1.776  6.39
3      ED50   446.01 48.553 10.89
4       b.1     0.12  0.019 16.39
----------------------------------------------------
-----------  Variance of random effects  -----------
----------------------------------------------------
         Parameter Estimate    SE  CV(%)
E0       omega2.E0    0.088 0.015  17.09
Emax   omega2.Emax    0.359 0.077  21.38
ED50   omega2.ED50    0.233 0.163  69.95
1    cov.Emax.ED50    0.069 0.096 140.54
----------------------------------------------------
------  Correlation matrix of random effects  ------
----------------------------------------------------
            omega2.E0 omega2.Emax omega2.ED50
omega2.E0   1.00      0.00        0.00       
omega2.Emax 0.00      1.00        0.24       
omega2.ED50 0.00      0.24        1.00       
----------------------------------------------------
---------------  Statistical criteria  -------------
----------------------------------------------------
Likelihood computed by linearisation
      -2LL= 2229.45 
      AIC = 2245.45 
      BIC = 2271.836 

Likelihood computed by importance sampling
      -2LL= 2226.725 
      AIC = 2242.725 
      BIC = 2269.112 
----------------------------------------------------
Reading data from file /home/eco/work/saemix/saemixextension/simulationSuite/cont/emaxSparseProp/data/data_pdemax52.tab 
These are the first lines of the dataset as read into R. Please check the format of the data is appropriate, if not, modify the na and/or sep items and retry:
  id dose         y
1  1    0  6.361392
2  1 1000 50.530255
3  2    0  5.987447
4  2 1000 33.905665
5  3    0  5.750585
6  3 1000 21.017820


The following SaemixData object was successfully created:

Object of class SaemixData
    longitudinal data for use with the SAEM algorithm
Dataset /home/eco/work/saemix/saemixextension/simulationSuite/cont/emaxSparseProp/data/data_pdemax52.tab 
    Structured data: y ~ dose | id 
    Predictor: dose (-) 
Nonlinear mixed-effects model fit by the SAEM algorithm
-----------------------------------
----          Data             ----
-----------------------------------
Object of class SaemixData
    longitudinal data for use with the SAEM algorithm
Dataset /home/eco/work/saemix/saemixextension/simulationSuite/cont/emaxSparseProp/data/data_pdemax52.tab 
    Structured data: y ~ dose | id 
    Predictor: dose (-) 
Dataset characteristics:
    number of subjects:     200 
    number of observations: 400 
    average/min/max nb obs: 2.00  /  2  /  2 
First 10 lines of data:
   id dose         y mdv cens occ ytype
1   1    0  6.361392   0    0   1     1
2   1 1000 50.530255   0    0   1     1
3   2    0  5.987447   0    0   1     1
4   2 1000 33.905665   0    0   1     1
5   3    0  5.750585   0    0   1     1
6   3 1000 21.017820   0    0   1     1
7   4    0  4.686220   0    0   1     1
8   4 1000 29.993809   0    0   1     1
9   5    0  7.374855   0    0   1     1
10  5 1000 15.829744   0    0   1     1
-----------------------------------
----          Model            ----
-----------------------------------
Nonlinear mixed-effects model
  Model function:  PD Emax model
  Model type:  structural
function (psi, id, xidep) 
{
    dose <- xidep[, 1]
    e0 <- psi[id, 1]
    emax <- psi[id, 2]
    e50 <- psi[id, 3]
    f <- e0 + emax * dose/(e50 + dose)
    return(f)
}
<bytecode: 0x5624f519ee00>
  Nb of parameters: 3 
      parameter names:  E0 Emax ED50 
      distribution:
     Parameter Distribution Estimated
[1,] E0        log-normal   Estimated
[2,] Emax      log-normal   Estimated
[3,] ED50      log-normal   Estimated
  Variance-covariance matrix:
     E0 Emax ED50
E0    1    0    0
Emax  0    1    1
ED50  0    1    1
  Error model: proportional , initial values: b.1=0.1 
    No covariate in the model.
    Initial values
             E0 Emax ED50
Pop.CondInit  5   30  500
-----------------------------------
----    Key algorithm options  ----
-----------------------------------
    Estimation of individual parameters (MAP)
    Estimation of standard errors and linearised log-likelihood
    Estimation of log-likelihood by importance sampling
    Number of iterations:  K1=300, K2=100 
    Number of chains:  1 
    Seed:  4838928 
    Number of MCMC iterations for IS:  5000 
    Simulations:
        nb of simulated datasets used for npde:  1000 
        nb of simulated datasets used for VPC:  100 
    Input/output
        save the results to a file:  FALSE 
        save the graphs to files:  TRUE 
        directory where results should be saved:  newdir 
----------------------------------------------------
----                  Results                   ----
----------------------------------------------------
-----------------  Fixed effects  ------------------
----------------------------------------------------
     Parameter Estimate SE    CV(%)
[1,] E0          4.88    0.17  3.5 
[2,] Emax       24.99    1.69  6.8 
[3,] ED50      434.41   46.17 10.6 
[4,] b.1         0.09    0.02 22.7 
----------------------------------------------------
-----------  Variance of random effects  -----------
----------------------------------------------------
      Parameter     Estimate SE    CV(%)
E0    omega2.E0     0.14     0.020 14   
Emax  omega2.Emax   0.53     0.089 17   
ED50  omega2.ED50   0.14     0.142 99   
covar cov.Emax.ED50 0.20     0.102 52   
----------------------------------------------------
------  Correlation matrix of random effects  ------
----------------------------------------------------
            omega2.E0 omega2.Emax omega2.ED50
omega2.E0   1         0.00        0.00       
omega2.Emax 0         1.00        0.71       
omega2.ED50 0         0.71        1.00       
----------------------------------------------------
---------------  Statistical criteria  -------------
----------------------------------------------------
Likelihood computed by linearisation
      -2LL= 2227.361 
      AIC = 2243.361 
      BIC = 2269.748 

Likelihood computed by importance sampling
      -2LL= 2230.099 
      AIC = 2246.099 
      BIC = 2272.486 
----------------------------------------------------
----------------------------------------------------
-----------------  Fixed effects  ------------------
----------------------------------------------------
  Parameter Estimate    SE CV(%)
1        E0     4.88  0.17  3.55
2      Emax    24.99  1.69  6.77
3      ED50   434.41 46.17 10.63
4       b.1     0.09  0.02 22.69
----------------------------------------------------
-----------  Variance of random effects  -----------
----------------------------------------------------
         Parameter Estimate    SE CV(%)
E0       omega2.E0     0.14 0.020 14.45
Emax   omega2.Emax     0.53 0.089 16.96
ED50   omega2.ED50     0.14 0.142 99.12
1    cov.Emax.ED50     0.20 0.102 52.29
----------------------------------------------------
------  Correlation matrix of random effects  ------
----------------------------------------------------
            omega2.E0 omega2.Emax omega2.ED50
omega2.E0   1.00      0.00        0.00       
omega2.Emax 0.00      1.00        0.71       
omega2.ED50 0.00      0.71        1.00       
----------------------------------------------------
---------------  Statistical criteria  -------------
----------------------------------------------------
Likelihood computed by linearisation
      -2LL= 2227.361 
      AIC = 2243.361 
      BIC = 2269.748 

Likelihood computed by importance sampling
      -2LL= 2230.099 
      AIC = 2246.099 
      BIC = 2272.486 
----------------------------------------------------
Reading data from file /home/eco/work/saemix/saemixextension/simulationSuite/cont/emaxSparseProp/data/data_pdemax53.tab 
These are the first lines of the dataset as read into R. Please check the format of the data is appropriate, if not, modify the na and/or sep items and retry:
  id dose         y
1  1    0  4.850602
2  1 1000 18.319004
3  2    0  5.641430
4  2 1000 32.431458
5  3    0  5.190205
6  3 1000 17.734498


The following SaemixData object was successfully created:

Object of class SaemixData
    longitudinal data for use with the SAEM algorithm
Dataset /home/eco/work/saemix/saemixextension/simulationSuite/cont/emaxSparseProp/data/data_pdemax53.tab 
    Structured data: y ~ dose | id 
    Predictor: dose (-) 
Nonlinear mixed-effects model fit by the SAEM algorithm
-----------------------------------
----          Data             ----
-----------------------------------
Object of class SaemixData
    longitudinal data for use with the SAEM algorithm
Dataset /home/eco/work/saemix/saemixextension/simulationSuite/cont/emaxSparseProp/data/data_pdemax53.tab 
    Structured data: y ~ dose | id 
    Predictor: dose (-) 
Dataset characteristics:
    number of subjects:     200 
    number of observations: 400 
    average/min/max nb obs: 2.00  /  2  /  2 
First 10 lines of data:
   id dose         y mdv cens occ ytype
1   1    0  4.850602   0    0   1     1
2   1 1000 18.319004   0    0   1     1
3   2    0  5.641430   0    0   1     1
4   2 1000 32.431458   0    0   1     1
5   3    0  5.190205   0    0   1     1
6   3 1000 17.734498   0    0   1     1
7   4    0  4.199498   0    0   1     1
8   4 1000 22.955401   0    0   1     1
9   5    0  8.216339   0    0   1     1
10  5 1000 43.721656   0    0   1     1
-----------------------------------
----          Model            ----
-----------------------------------
Nonlinear mixed-effects model
  Model function:  PD Emax model
  Model type:  structural
function (psi, id, xidep) 
{
    dose <- xidep[, 1]
    e0 <- psi[id, 1]
    emax <- psi[id, 2]
    e50 <- psi[id, 3]
    f <- e0 + emax * dose/(e50 + dose)
    return(f)
}
<bytecode: 0x5624f519ee00>
  Nb of parameters: 3 
      parameter names:  E0 Emax ED50 
      distribution:
     Parameter Distribution Estimated
[1,] E0        log-normal   Estimated
[2,] Emax      log-normal   Estimated
[3,] ED50      log-normal   Estimated
  Variance-covariance matrix:
     E0 Emax ED50
E0    1    0    0
Emax  0    1    1
ED50  0    1    1
  Error model: proportional , initial values: b.1=0.1 
    No covariate in the model.
    Initial values
             E0 Emax ED50
Pop.CondInit  5   30  500
-----------------------------------
----    Key algorithm options  ----
-----------------------------------
    Estimation of individual parameters (MAP)
    Estimation of standard errors and linearised log-likelihood
    Estimation of log-likelihood by importance sampling
    Number of iterations:  K1=300, K2=100 
    Number of chains:  1 
    Seed:  4838928 
    Number of MCMC iterations for IS:  5000 
    Simulations:
        nb of simulated datasets used for npde:  1000 
        nb of simulated datasets used for VPC:  100 
    Input/output
        save the results to a file:  FALSE 
        save the graphs to files:  TRUE 
        directory where results should be saved:  newdir 
----------------------------------------------------
----                  Results                   ----
----------------------------------------------------
-----------------  Fixed effects  ------------------
----------------------------------------------------
     Parameter Estimate SE     CV(%)
[1,] E0          4.876   0.159  3.3 
[2,] Emax       30.278   2.419  8.0 
[3,] ED50      495.475  61.575 12.4 
[4,] b.1         0.074   0.025 33.1 
----------------------------------------------------
-----------  Variance of random effects  -----------
----------------------------------------------------
      Parameter     Estimate SE    CV(%)
E0    omega2.E0     0.12     0.017 15   
Emax  omega2.Emax   0.71     0.125 17   
ED50  omega2.ED50   0.66     0.234 36   
covar cov.Emax.ED50 0.52     0.159 31   
----------------------------------------------------
------  Correlation matrix of random effects  ------
----------------------------------------------------
            omega2.E0 omega2.Emax omega2.ED50
omega2.E0   1         0.00        0.00       
omega2.Emax 0         1.00        0.76       
omega2.ED50 0         0.76        1.00       
----------------------------------------------------
---------------  Statistical criteria  -------------
----------------------------------------------------
Likelihood computed by linearisation
      -2LL= 2267.558 
      AIC = 2283.558 
      BIC = 2309.944 

Likelihood computed by importance sampling
      -2LL= 2259.768 
      AIC = 2275.768 
      BIC = 2302.154 
----------------------------------------------------
----------------------------------------------------
-----------------  Fixed effects  ------------------
----------------------------------------------------
  Parameter Estimate     SE CV(%)
1        E0    4.876  0.159  3.26
2      Emax   30.278  2.419  7.99
3      ED50  495.475 61.575 12.43
4       b.1    0.074  0.025 33.15
----------------------------------------------------
-----------  Variance of random effects  -----------
----------------------------------------------------
         Parameter Estimate    SE CV(%)
E0       omega2.E0     0.12 0.017 14.95
Emax   omega2.Emax     0.71 0.125 17.50
ED50   omega2.ED50     0.66 0.234 35.69
1    cov.Emax.ED50     0.52 0.159 30.83
----------------------------------------------------
------  Correlation matrix of random effects  ------
----------------------------------------------------
            omega2.E0 omega2.Emax omega2.ED50
omega2.E0   1.00      0.00        0.00       
omega2.Emax 0.00      1.00        0.76       
omega2.ED50 0.00      0.76        1.00       
----------------------------------------------------
---------------  Statistical criteria  -------------
----------------------------------------------------
Likelihood computed by linearisation
      -2LL= 2267.558 
      AIC = 2283.558 
      BIC = 2309.944 

Likelihood computed by importance sampling
      -2LL= 2259.768 
      AIC = 2275.768 
      BIC = 2302.154 
----------------------------------------------------
Reading data from file /home/eco/work/saemix/saemixextension/simulationSuite/cont/emaxSparseProp/data/data_pdemax54.tab 
These are the first lines of the dataset as read into R. Please check the format of the data is appropriate, if not, modify the na and/or sep items and retry:
  id dose         y
1  1    0  4.238401
2  1 1000 29.743413
3  2    0  5.302133
4  2 1000 57.618688
5  3    0  7.285959
6  3 1000 27.252913


The following SaemixData object was successfully created:

Object of class SaemixData
    longitudinal data for use with the SAEM algorithm
Dataset /home/eco/work/saemix/saemixextension/simulationSuite/cont/emaxSparseProp/data/data_pdemax54.tab 
    Structured data: y ~ dose | id 
    Predictor: dose (-) 
Nonlinear mixed-effects model fit by the SAEM algorithm
-----------------------------------
----          Data             ----
-----------------------------------
Object of class SaemixData
    longitudinal data for use with the SAEM algorithm
Dataset /home/eco/work/saemix/saemixextension/simulationSuite/cont/emaxSparseProp/data/data_pdemax54.tab 
    Structured data: y ~ dose | id 
    Predictor: dose (-) 
Dataset characteristics:
    number of subjects:     200 
    number of observations: 400 
    average/min/max nb obs: 2.00  /  2  /  2 
First 10 lines of data:
   id dose         y mdv cens occ ytype
1   1    0  4.238401   0    0   1     1
2   1 1000 29.743413   0    0   1     1
3   2    0  5.302133   0    0   1     1
4   2 1000 57.618688   0    0   1     1
5   3    0  7.285959   0    0   1     1
6   3 1000 27.252913   0    0   1     1
7   4    0  4.841690   0    0   1     1
8   4 1000 36.002583   0    0   1     1
9   5    0  6.672117   0    0   1     1
10  5 1000 24.272034   0    0   1     1
-----------------------------------
----          Model            ----
-----------------------------------
Nonlinear mixed-effects model
  Model function:  PD Emax model
  Model type:  structural
function (psi, id, xidep) 
{
    dose <- xidep[, 1]
    e0 <- psi[id, 1]
    emax <- psi[id, 2]
    e50 <- psi[id, 3]
    f <- e0 + emax * dose/(e50 + dose)
    return(f)
}
<bytecode: 0x5624f519ee00>
  Nb of parameters: 3 
      parameter names:  E0 Emax ED50 
      distribution:
     Parameter Distribution Estimated
[1,] E0        log-normal   Estimated
[2,] Emax      log-normal   Estimated
[3,] ED50      log-normal   Estimated
  Variance-covariance matrix:
     E0 Emax ED50
E0    1    0    0
Emax  0    1    1
ED50  0    1    1
  Error model: proportional , initial values: b.1=0.1 
    No covariate in the model.
    Initial values
             E0 Emax ED50
Pop.CondInit  5   30  500
-----------------------------------
----    Key algorithm options  ----
-----------------------------------
    Estimation of individual parameters (MAP)
    Estimation of standard errors and linearised log-likelihood
    Estimation of log-likelihood by importance sampling
    Number of iterations:  K1=300, K2=100 
    Number of chains:  1 
    Seed:  4838928 
    Number of MCMC iterations for IS:  5000 
    Simulations:
        nb of simulated datasets used for npde:  1000 
        nb of simulated datasets used for VPC:  100 
    Input/output
        save the results to a file:  FALSE 
        save the graphs to files:  TRUE 
        directory where results should be saved:  newdir 
----------------------------------------------------
----                  Results                   ----
----------------------------------------------------
-----------------  Fixed effects  ------------------
----------------------------------------------------
     Parameter Estimate SE     CV(%)
[1,] E0          5.005   0.147  2.9 
[2,] Emax       31.268   2.252  7.2 
[3,] ED50      486.671  55.901 11.5 
[4,] b.1         0.058   0.025 42.7 
----------------------------------------------------
-----------  Variance of random effects  -----------
----------------------------------------------------
      Parameter     Estimate SE    CV(%)
E0    omega2.E0     0.096    0.014 15   
Emax  omega2.Emax   0.598    0.103 17   
ED50  omega2.ED50   0.545    0.189 35   
covar cov.Emax.ED50 0.300    0.126 42   
----------------------------------------------------
------  Correlation matrix of random effects  ------
----------------------------------------------------
            omega2.E0 omega2.Emax omega2.ED50
omega2.E0   1         0.00        0.00       
omega2.Emax 0         1.00        0.53       
omega2.ED50 0         0.53        1.00       
----------------------------------------------------
---------------  Statistical criteria  -------------
----------------------------------------------------
Likelihood computed by linearisation
      -2LL= 2307.527 
      AIC = 2323.527 
      BIC = 2349.914 

Likelihood computed by importance sampling
      -2LL= 2302.396 
      AIC = 2318.396 
      BIC = 2344.783 
----------------------------------------------------
----------------------------------------------------
-----------------  Fixed effects  ------------------
----------------------------------------------------
  Parameter Estimate     SE CV(%)
1        E0    5.005  0.147  2.94
2      Emax   31.268  2.252  7.20
3      ED50  486.671 55.901 11.49
4       b.1    0.058  0.025 42.67
----------------------------------------------------
-----------  Variance of random effects  -----------
----------------------------------------------------
         Parameter Estimate    SE CV(%)
E0       omega2.E0    0.096 0.014 14.63
Emax   omega2.Emax    0.598 0.103 17.24
ED50   omega2.ED50    0.545 0.189 34.63
1    cov.Emax.ED50    0.300 0.126 41.98
----------------------------------------------------
------  Correlation matrix of random effects  ------
----------------------------------------------------
            omega2.E0 omega2.Emax omega2.ED50
omega2.E0   1.00      0.00        0.00       
omega2.Emax 0.00      1.00        0.53       
omega2.ED50 0.00      0.53        1.00       
----------------------------------------------------
---------------  Statistical criteria  -------------
----------------------------------------------------
Likelihood computed by linearisation
      -2LL= 2307.527 
      AIC = 2323.527 
      BIC = 2349.914 

Likelihood computed by importance sampling
      -2LL= 2302.396 
      AIC = 2318.396 
      BIC = 2344.783 
----------------------------------------------------
Reading data from file /home/eco/work/saemix/saemixextension/simulationSuite/cont/emaxSparseProp/data/data_pdemax55.tab 
These are the first lines of the dataset as read into R. Please check the format of the data is appropriate, if not, modify the na and/or sep items and retry:
  id dose         y
1  1    0  8.513686
2  1 1000 63.456644
3  2    0  8.707228
4  2 1000 67.582321
5  3    0  5.414930
6  3 1000 16.930236


The following SaemixData object was successfully created:

Object of class SaemixData
    longitudinal data for use with the SAEM algorithm
Dataset /home/eco/work/saemix/saemixextension/simulationSuite/cont/emaxSparseProp/data/data_pdemax55.tab 
    Structured data: y ~ dose | id 
    Predictor: dose (-) 
Nonlinear mixed-effects model fit by the SAEM algorithm
-----------------------------------
----          Data             ----
-----------------------------------
Object of class SaemixData
    longitudinal data for use with the SAEM algorithm
Dataset /home/eco/work/saemix/saemixextension/simulationSuite/cont/emaxSparseProp/data/data_pdemax55.tab 
    Structured data: y ~ dose | id 
    Predictor: dose (-) 
Dataset characteristics:
    number of subjects:     200 
    number of observations: 400 
    average/min/max nb obs: 2.00  /  2  /  2 
First 10 lines of data:
   id dose         y mdv cens occ ytype
1   1    0  8.513686   0    0   1     1
2   1 1000 63.456644   0    0   1     1
3   2    0  8.707228   0    0   1     1
4   2 1000 67.582321   0    0   1     1
5   3    0  5.414930   0    0   1     1
6   3 1000 16.930236   0    0   1     1
7   4    0  8.933784   0    0   1     1
8   4 1000 16.136020   0    0   1     1
9   5    0  4.133401   0    0   1     1
10  5 1000  9.985970   0    0   1     1
-----------------------------------
----          Model            ----
-----------------------------------
Nonlinear mixed-effects model
  Model function:  PD Emax model
  Model type:  structural
function (psi, id, xidep) 
{
    dose <- xidep[, 1]
    e0 <- psi[id, 1]
    emax <- psi[id, 2]
    e50 <- psi[id, 3]
    f <- e0 + emax * dose/(e50 + dose)
    return(f)
}
<bytecode: 0x5624f519ee00>
  Nb of parameters: 3 
      parameter names:  E0 Emax ED50 
      distribution:
     Parameter Distribution Estimated
[1,] E0        log-normal   Estimated
[2,] Emax      log-normal   Estimated
[3,] ED50      log-normal   Estimated
  Variance-covariance matrix:
     E0 Emax ED50
E0    1    0    0
Emax  0    1    1
ED50  0    1    1
  Error model: proportional , initial values: b.1=0.1 
    No covariate in the model.
    Initial values
             E0 Emax ED50
Pop.CondInit  5   30  500
-----------------------------------
----    Key algorithm options  ----
-----------------------------------
    Estimation of individual parameters (MAP)
    Estimation of standard errors and linearised log-likelihood
    Estimation of log-likelihood by importance sampling
    Number of iterations:  K1=300, K2=100 
    Number of chains:  1 
    Seed:  4838928 
    Number of MCMC iterations for IS:  5000 
    Simulations:
        nb of simulated datasets used for npde:  1000 
        nb of simulated datasets used for VPC:  100 
    Input/output
        save the results to a file:  FALSE 
        save the graphs to files:  TRUE 
        directory where results should be saved:  newdir 
----------------------------------------------------
----                  Results                   ----
----------------------------------------------------
-----------------  Fixed effects  ------------------
----------------------------------------------------
     Parameter Estimate SE     CV(%)
[1,] E0          5.11    0.150  2.9 
[2,] Emax       28.94    2.103  7.3 
[3,] ED50      454.78   56.161 12.3 
[4,] b.1         0.14    0.021 15.3 
----------------------------------------------------
-----------  Variance of random effects  -----------
----------------------------------------------------
      Parameter     Estimate SE    CV(%)
E0    omega2.E0     0.075    0.015 20   
Emax  omega2.Emax   0.434    0.100 23   
ED50  omega2.ED50   0.349    0.226 65   
covar cov.Emax.ED50 0.133    0.132 99   
----------------------------------------------------
------  Correlation matrix of random effects  ------
----------------------------------------------------
            omega2.E0 omega2.Emax omega2.ED50
omega2.E0   1         0.00        0.00       
omega2.Emax 0         1.00        0.34       
omega2.ED50 0         0.34        1.00       
----------------------------------------------------
---------------  Statistical criteria  -------------
----------------------------------------------------
Likelihood computed by linearisation
      -2LL= 2313.348 
      AIC = 2329.348 
      BIC = 2355.735 

Likelihood computed by importance sampling
      -2LL= 2308.622 
      AIC = 2324.622 
      BIC = 2351.008 
----------------------------------------------------
----------------------------------------------------
-----------------  Fixed effects  ------------------
----------------------------------------------------
  Parameter Estimate     SE CV(%)
1        E0     5.11  0.150  2.94
2      Emax    28.94  2.103  7.27
3      ED50   454.78 56.161 12.35
4       b.1     0.14  0.021 15.35
----------------------------------------------------
-----------  Variance of random effects  -----------
----------------------------------------------------
         Parameter Estimate    SE CV(%)
E0       omega2.E0    0.075 0.015 19.57
Emax   omega2.Emax    0.434 0.100 23.01
ED50   omega2.ED50    0.349 0.226 64.63
1    cov.Emax.ED50    0.133 0.132 99.24
----------------------------------------------------
------  Correlation matrix of random effects  ------
----------------------------------------------------
            omega2.E0 omega2.Emax omega2.ED50
omega2.E0   1.00      0.00        0.00       
omega2.Emax 0.00      1.00        0.34       
omega2.ED50 0.00      0.34        1.00       
----------------------------------------------------
---------------  Statistical criteria  -------------
----------------------------------------------------
Likelihood computed by linearisation
      -2LL= 2313.348 
      AIC = 2329.348 
      BIC = 2355.735 

Likelihood computed by importance sampling
      -2LL= 2308.622 
      AIC = 2324.622 
      BIC = 2351.008 
----------------------------------------------------
Reading data from file /home/eco/work/saemix/saemixextension/simulationSuite/cont/emaxSparseProp/data/data_pdemax56.tab 
These are the first lines of the dataset as read into R. Please check the format of the data is appropriate, if not, modify the na and/or sep items and retry:
  id dose         y
1  1    0  5.816961
2  1 1000 46.665504
3  2    0  6.928174
4  2 1000 22.026326
5  3    0  5.780526
6  3 1000 19.791191


The following SaemixData object was successfully created:

Object of class SaemixData
    longitudinal data for use with the SAEM algorithm
Dataset /home/eco/work/saemix/saemixextension/simulationSuite/cont/emaxSparseProp/data/data_pdemax56.tab 
    Structured data: y ~ dose | id 
    Predictor: dose (-) 
Nonlinear mixed-effects model fit by the SAEM algorithm
-----------------------------------
----          Data             ----
-----------------------------------
Object of class SaemixData
    longitudinal data for use with the SAEM algorithm
Dataset /home/eco/work/saemix/saemixextension/simulationSuite/cont/emaxSparseProp/data/data_pdemax56.tab 
    Structured data: y ~ dose | id 
    Predictor: dose (-) 
Dataset characteristics:
    number of subjects:     200 
    number of observations: 400 
    average/min/max nb obs: 2.00  /  2  /  2 
First 10 lines of data:
   id dose         y mdv cens occ ytype
1   1    0  5.816961   0    0   1     1
2   1 1000 46.665504   0    0   1     1
3   2    0  6.928174   0    0   1     1
4   2 1000 22.026326   0    0   1     1
5   3    0  5.780526   0    0   1     1
6   3 1000 19.791191   0    0   1     1
7   4    0  6.910005   0    0   1     1
8   4 1000 25.137678   0    0   1     1
9   5    0  4.029517   0    0   1     1
10  5 1000 31.360513   0    0   1     1
-----------------------------------
----          Model            ----
-----------------------------------
Nonlinear mixed-effects model
  Model function:  PD Emax model
  Model type:  structural
function (psi, id, xidep) 
{
    dose <- xidep[, 1]
    e0 <- psi[id, 1]
    emax <- psi[id, 2]
    e50 <- psi[id, 3]
    f <- e0 + emax * dose/(e50 + dose)
    return(f)
}
<bytecode: 0x5624f519ee00>
  Nb of parameters: 3 
      parameter names:  E0 Emax ED50 
      distribution:
     Parameter Distribution Estimated
[1,] E0        log-normal   Estimated
[2,] Emax      log-normal   Estimated
[3,] ED50      log-normal   Estimated
  Variance-covariance matrix:
     E0 Emax ED50
E0    1    0    0
Emax  0    1    1
ED50  0    1    1
  Error model: proportional , initial values: b.1=0.1 
    No covariate in the model.
    Initial values
             E0 Emax ED50
Pop.CondInit  5   30  500
-----------------------------------
----    Key algorithm options  ----
-----------------------------------
    Estimation of individual parameters (MAP)
    Estimation of standard errors and linearised log-likelihood
    Estimation of log-likelihood by importance sampling
    Number of iterations:  K1=300, K2=100 
    Number of chains:  1 
    Seed:  4838928 
    Number of MCMC iterations for IS:  5000 
    Simulations:
        nb of simulated datasets used for npde:  1000 
        nb of simulated datasets used for VPC:  100 
    Input/output
        save the results to a file:  FALSE 
        save the graphs to files:  TRUE 
        directory where results should be saved:  newdir 
----------------------------------------------------
----                  Results                   ----
----------------------------------------------------
-----------------  Fixed effects  ------------------
----------------------------------------------------
     Parameter Estimate SE    CV(%)
[1,] E0          5.04    0.14  2.7 
[2,] Emax       31.66    2.01  6.3 
[3,] ED50      468.49   57.38 12.2 
[4,] b.1         0.14    0.02 14.1 
----------------------------------------------------
-----------  Variance of random effects  -----------
----------------------------------------------------
      Parameter     Estimate SE    CV(%)
E0    omega2.E0     0.060    0.013  21  
Emax  omega2.Emax   0.235    0.070  30  
ED50  omega2.ED50   0.581    0.227  39  
covar cov.Emax.ED50 0.084    0.110 131  
----------------------------------------------------
------  Correlation matrix of random effects  ------
----------------------------------------------------
            omega2.E0 omega2.Emax omega2.ED50
omega2.E0   1         0.00        0.00       
omega2.Emax 0         1.00        0.23       
omega2.ED50 0         0.23        1.00       
----------------------------------------------------
---------------  Statistical criteria  -------------
----------------------------------------------------
Likelihood computed by linearisation
      -2LL= 2274.604 
      AIC = 2290.604 
      BIC = 2316.99 

Likelihood computed by importance sampling
      -2LL= 2267.318 
      AIC = 2283.318 
      BIC = 2309.704 
----------------------------------------------------
----------------------------------------------------
-----------------  Fixed effects  ------------------
----------------------------------------------------
  Parameter Estimate    SE CV(%)
1        E0     5.04  0.14  2.71
2      Emax    31.66  2.01  6.35
3      ED50   468.49 57.38 12.25
4       b.1     0.14  0.02 14.09
----------------------------------------------------
-----------  Variance of random effects  -----------
----------------------------------------------------
         Parameter Estimate    SE  CV(%)
E0       omega2.E0    0.060 0.013  21.02
Emax   omega2.Emax    0.235 0.070  29.89
ED50   omega2.ED50    0.581 0.227  39.09
1    cov.Emax.ED50    0.084 0.110 130.60
----------------------------------------------------
------  Correlation matrix of random effects  ------
----------------------------------------------------
            omega2.E0 omega2.Emax omega2.ED50
omega2.E0   1.00      0.00        0.00       
omega2.Emax 0.00      1.00        0.23       
omega2.ED50 0.00      0.23        1.00       
----------------------------------------------------
---------------  Statistical criteria  -------------
----------------------------------------------------
Likelihood computed by linearisation
      -2LL= 2274.604 
      AIC = 2290.604 
      BIC = 2316.99 

Likelihood computed by importance sampling
      -2LL= 2267.318 
      AIC = 2283.318 
      BIC = 2309.704 
----------------------------------------------------
Reading data from file /home/eco/work/saemix/saemixextension/simulationSuite/cont/emaxSparseProp/data/data_pdemax57.tab 
These are the first lines of the dataset as read into R. Please check the format of the data is appropriate, if not, modify the na and/or sep items and retry:
  id dose         y
1  1    0  4.016646
2  1 1000 22.141050
3  2    0  5.097013
4  2 1000 46.500389
5  3    0  6.099791
6  3 1000 25.188842


The following SaemixData object was successfully created:

Object of class SaemixData
    longitudinal data for use with the SAEM algorithm
Dataset /home/eco/work/saemix/saemixextension/simulationSuite/cont/emaxSparseProp/data/data_pdemax57.tab 
    Structured data: y ~ dose | id 
    Predictor: dose (-) 
Nonlinear mixed-effects model fit by the SAEM algorithm
-----------------------------------
----          Data             ----
-----------------------------------
Object of class SaemixData
    longitudinal data for use with the SAEM algorithm
Dataset /home/eco/work/saemix/saemixextension/simulationSuite/cont/emaxSparseProp/data/data_pdemax57.tab 
    Structured data: y ~ dose | id 
    Predictor: dose (-) 
Dataset characteristics:
    number of subjects:     200 
    number of observations: 400 
    average/min/max nb obs: 2.00  /  2  /  2 
First 10 lines of data:
   id dose         y mdv cens occ ytype
1   1    0  4.016646   0    0   1     1
2   1 1000 22.141050   0    0   1     1
3   2    0  5.097013   0    0   1     1
4   2 1000 46.500389   0    0   1     1
5   3    0  6.099791   0    0   1     1
6   3 1000 25.188842   0    0   1     1
7   4    0  5.545318   0    0   1     1
8   4 1000 24.424435   0    0   1     1
9   5    0  4.358922   0    0   1     1
10  5 1000 21.357196   0    0   1     1
-----------------------------------
----          Model            ----
-----------------------------------
Nonlinear mixed-effects model
  Model function:  PD Emax model
  Model type:  structural
function (psi, id, xidep) 
{
    dose <- xidep[, 1]
    e0 <- psi[id, 1]
    emax <- psi[id, 2]
    e50 <- psi[id, 3]
    f <- e0 + emax * dose/(e50 + dose)
    return(f)
}
<bytecode: 0x5624f519ee00>
  Nb of parameters: 3 
      parameter names:  E0 Emax ED50 
      distribution:
     Parameter Distribution Estimated
[1,] E0        log-normal   Estimated
[2,] Emax      log-normal   Estimated
[3,] ED50      log-normal   Estimated
  Variance-covariance matrix:
     E0 Emax ED50
E0    1    0    0
Emax  0    1    1
ED50  0    1    1
  Error model: proportional , initial values: b.1=0.1 
    No covariate in the model.
    Initial values
             E0 Emax ED50
Pop.CondInit  5   30  500
-----------------------------------
----    Key algorithm options  ----
-----------------------------------
    Estimation of individual parameters (MAP)
    Estimation of standard errors and linearised log-likelihood
    Estimation of log-likelihood by importance sampling
    Number of iterations:  K1=300, K2=100 
    Number of chains:  1 
    Seed:  4838928 
    Number of MCMC iterations for IS:  5000 
    Simulations:
        nb of simulated datasets used for npde:  1000 
        nb of simulated datasets used for VPC:  100 
    Input/output
        save the results to a file:  FALSE 
        save the graphs to files:  TRUE 
        directory where results should be saved:  newdir 
----------------------------------------------------
----                  Results                   ----
----------------------------------------------------
-----------------  Fixed effects  ------------------
----------------------------------------------------
     Parameter Estimate SE     CV(%)
[1,] E0          5.130   0.151  3.0 
[2,] Emax       33.248   2.708  8.1 
[3,] ED50      585.795  80.153 13.7 
[4,] b.1         0.097   0.021 21.5 
----------------------------------------------------
-----------  Variance of random effects  -----------
----------------------------------------------------
      Parameter     Estimate SE    CV(%)
E0    omega2.E0     0.091    0.015 16   
Emax  omega2.Emax   0.502    0.114 23   
ED50  omega2.ED50   0.769    0.276 36   
covar cov.Emax.ED50 0.394    0.163 41   
----------------------------------------------------
------  Correlation matrix of random effects  ------
----------------------------------------------------
            omega2.E0 omega2.Emax omega2.ED50
omega2.E0   1         0.00        0.00       
omega2.Emax 0         1.00        0.63       
omega2.ED50 0         0.63        1.00       
----------------------------------------------------
---------------  Statistical criteria  -------------
----------------------------------------------------
Likelihood computed by linearisation
      -2LL= 2257.362 
      AIC = 2273.362 
      BIC = 2299.748 

Likelihood computed by importance sampling
      -2LL= 2239.242 
      AIC = 2255.242 
      BIC = 2281.628 
----------------------------------------------------
----------------------------------------------------
-----------------  Fixed effects  ------------------
----------------------------------------------------
  Parameter Estimate     SE CV(%)
1        E0    5.130  0.151  2.95
2      Emax   33.248  2.708  8.15
3      ED50  585.795 80.153 13.68
4       b.1    0.097  0.021 21.47
----------------------------------------------------
-----------  Variance of random effects  -----------
----------------------------------------------------
         Parameter Estimate    SE CV(%)
E0       omega2.E0    0.091 0.015 16.12
Emax   omega2.Emax    0.502 0.114 22.76
ED50   omega2.ED50    0.769 0.276 35.84
1    cov.Emax.ED50    0.394 0.163 41.32
----------------------------------------------------
------  Correlation matrix of random effects  ------
----------------------------------------------------
            omega2.E0 omega2.Emax omega2.ED50
omega2.E0   1.00      0.00        0.00       
omega2.Emax 0.00      1.00        0.63       
omega2.ED50 0.00      0.63        1.00       
----------------------------------------------------
---------------  Statistical criteria  -------------
----------------------------------------------------
Likelihood computed by linearisation
      -2LL= 2257.362 
      AIC = 2273.362 
      BIC = 2299.748 

Likelihood computed by importance sampling
      -2LL= 2239.242 
      AIC = 2255.242 
      BIC = 2281.628 
----------------------------------------------------
Reading data from file /home/eco/work/saemix/saemixextension/simulationSuite/cont/emaxSparseProp/data/data_pdemax58.tab 
These are the first lines of the dataset as read into R. Please check the format of the data is appropriate, if not, modify the na and/or sep items and retry:
  id dose         y
1  1    0  6.141528
2  1 1000 23.745301
3  2    0  5.492454
4  2 1000 31.261173
5  3    0  5.448140
6  3 1000 20.686047


The following SaemixData object was successfully created:

Object of class SaemixData
    longitudinal data for use with the SAEM algorithm
Dataset /home/eco/work/saemix/saemixextension/simulationSuite/cont/emaxSparseProp/data/data_pdemax58.tab 
    Structured data: y ~ dose | id 
    Predictor: dose (-) 
Nonlinear mixed-effects model fit by the SAEM algorithm
-----------------------------------
----          Data             ----
-----------------------------------
Object of class SaemixData
    longitudinal data for use with the SAEM algorithm
Dataset /home/eco/work/saemix/saemixextension/simulationSuite/cont/emaxSparseProp/data/data_pdemax58.tab 
    Structured data: y ~ dose | id 
    Predictor: dose (-) 
Dataset characteristics:
    number of subjects:     200 
    number of observations: 400 
    average/min/max nb obs: 2.00  /  2  /  2 
First 10 lines of data:
   id dose         y mdv cens occ ytype
1   1    0  6.141528   0    0   1     1
2   1 1000 23.745301   0    0   1     1
3   2    0  5.492454   0    0   1     1
4   2 1000 31.261173   0    0   1     1
5   3    0  5.448140   0    0   1     1
6   3 1000 20.686047   0    0   1     1
7   4    0  4.061883   0    0   1     1
8   4 1000  9.639978   0    0   1     1
9   5    0  4.474832   0    0   1     1
10  5 1000 13.405886   0    0   1     1
-----------------------------------
----          Model            ----
-----------------------------------
Nonlinear mixed-effects model
  Model function:  PD Emax model
  Model type:  structural
function (psi, id, xidep) 
{
    dose <- xidep[, 1]
    e0 <- psi[id, 1]
    emax <- psi[id, 2]
    e50 <- psi[id, 3]
    f <- e0 + emax * dose/(e50 + dose)
    return(f)
}
<bytecode: 0x5624f519ee00>
  Nb of parameters: 3 
      parameter names:  E0 Emax ED50 
      distribution:
     Parameter Distribution Estimated
[1,] E0        log-normal   Estimated
[2,] Emax      log-normal   Estimated
[3,] ED50      log-normal   Estimated
  Variance-covariance matrix:
     E0 Emax ED50
E0    1    0    0
Emax  0    1    1
ED50  0    1    1
  Error model: proportional , initial values: b.1=0.1 
    No covariate in the model.
    Initial values
             E0 Emax ED50
Pop.CondInit  5   30  500
-----------------------------------
----    Key algorithm options  ----
-----------------------------------
    Estimation of individual parameters (MAP)
    Estimation of standard errors and linearised log-likelihood
    Estimation of log-likelihood by importance sampling
    Number of iterations:  K1=300, K2=100 
    Number of chains:  1 
    Seed:  4838928 
    Number of MCMC iterations for IS:  5000 
    Simulations:
        nb of simulated datasets used for npde:  1000 
        nb of simulated datasets used for VPC:  100 
    Input/output
        save the results to a file:  FALSE 
        save the graphs to files:  TRUE 
        directory where results should be saved:  newdir 
----------------------------------------------------
----                  Results                   ----
----------------------------------------------------
-----------------  Fixed effects  ------------------
----------------------------------------------------
     Parameter Estimate SE     CV(%)
[1,] E0          5.13    0.163  3.2 
[2,] Emax       27.76    2.162  7.8 
[3,] ED50      464.81   60.941 13.1 
[4,] b.1         0.11    0.022 19.9 
----------------------------------------------------
-----------  Variance of random effects  -----------
----------------------------------------------------
      Parameter     Estimate SE    CV(%)
E0    omega2.E0     0.10     0.017 17   
Emax  omega2.Emax   0.55     0.116 21   
ED50  omega2.ED50   0.57     0.262 46   
covar cov.Emax.ED50 0.38     0.160 42   
----------------------------------------------------
------  Correlation matrix of random effects  ------
----------------------------------------------------
            omega2.E0 omega2.Emax omega2.ED50
omega2.E0   1         0.00        0.00       
omega2.Emax 0         1.00        0.68       
omega2.ED50 0         0.68        1.00       
----------------------------------------------------
---------------  Statistical criteria  -------------
----------------------------------------------------
Likelihood computed by linearisation
      -2LL= 2254.418 
      AIC = 2270.418 
      BIC = 2296.804 

Likelihood computed by importance sampling
      -2LL= 2244.834 
      AIC = 2260.834 
      BIC = 2287.22 
----------------------------------------------------
----------------------------------------------------
-----------------  Fixed effects  ------------------
----------------------------------------------------
  Parameter Estimate     SE CV(%)
1        E0     5.13  0.163  3.18
2      Emax    27.76  2.162  7.79
3      ED50   464.81 60.941 13.11
4       b.1     0.11  0.022 19.92
----------------------------------------------------
-----------  Variance of random effects  -----------
----------------------------------------------------
         Parameter Estimate    SE CV(%)
E0       omega2.E0     0.10 0.017 16.62
Emax   omega2.Emax     0.55 0.116 20.94
ED50   omega2.ED50     0.57 0.262 45.94
1    cov.Emax.ED50     0.38 0.160 41.79
----------------------------------------------------
------  Correlation matrix of random effects  ------
----------------------------------------------------
            omega2.E0 omega2.Emax omega2.ED50
omega2.E0   1.00      0.00        0.00       
omega2.Emax 0.00      1.00        0.68       
omega2.ED50 0.00      0.68        1.00       
----------------------------------------------------
---------------  Statistical criteria  -------------
----------------------------------------------------
Likelihood computed by linearisation
      -2LL= 2254.418 
      AIC = 2270.418 
      BIC = 2296.804 

Likelihood computed by importance sampling
      -2LL= 2244.834 
      AIC = 2260.834 
      BIC = 2287.22 
----------------------------------------------------
Reading data from file /home/eco/work/saemix/saemixextension/simulationSuite/cont/emaxSparseProp/data/data_pdemax59.tab 
These are the first lines of the dataset as read into R. Please check the format of the data is appropriate, if not, modify the na and/or sep items and retry:
  id dose         y
1  1    0  8.530244
2  1 1000 28.234811
3  2    0  5.520052
4  2 1000 21.261940
5  3    0  5.583829
6  3 1000 22.461911


The following SaemixData object was successfully created:

Object of class SaemixData
    longitudinal data for use with the SAEM algorithm
Dataset /home/eco/work/saemix/saemixextension/simulationSuite/cont/emaxSparseProp/data/data_pdemax59.tab 
    Structured data: y ~ dose | id 
    Predictor: dose (-) 
Nonlinear mixed-effects model fit by the SAEM algorithm
-----------------------------------
----          Data             ----
-----------------------------------
Object of class SaemixData
    longitudinal data for use with the SAEM algorithm
Dataset /home/eco/work/saemix/saemixextension/simulationSuite/cont/emaxSparseProp/data/data_pdemax59.tab 
    Structured data: y ~ dose | id 
    Predictor: dose (-) 
Dataset characteristics:
    number of subjects:     200 
    number of observations: 400 
    average/min/max nb obs: 2.00  /  2  /  2 
First 10 lines of data:
   id dose         y mdv cens occ ytype
1   1    0  8.530244   0    0   1     1
2   1 1000 28.234811   0    0   1     1
3   2    0  5.520052   0    0   1     1
4   2 1000 21.261940   0    0   1     1
5   3    0  5.583829   0    0   1     1
6   3 1000 22.461911   0    0   1     1
7   4    0  6.391457   0    0   1     1
8   4 1000 38.753685   0    0   1     1
9   5    0  7.689937   0    0   1     1
10  5 1000 37.733442   0    0   1     1
-----------------------------------
----          Model            ----
-----------------------------------
Nonlinear mixed-effects model
  Model function:  PD Emax model
  Model type:  structural
function (psi, id, xidep) 
{
    dose <- xidep[, 1]
    e0 <- psi[id, 1]
    emax <- psi[id, 2]
    e50 <- psi[id, 3]
    f <- e0 + emax * dose/(e50 + dose)
    return(f)
}
<bytecode: 0x5624f519ee00>
  Nb of parameters: 3 
      parameter names:  E0 Emax ED50 
      distribution:
     Parameter Distribution Estimated
[1,] E0        log-normal   Estimated
[2,] Emax      log-normal   Estimated
[3,] ED50      log-normal   Estimated
  Variance-covariance matrix:
     E0 Emax ED50
E0    1    0    0
Emax  0    1    1
ED50  0    1    1
  Error model: proportional , initial values: b.1=0.1 
    No covariate in the model.
    Initial values
             E0 Emax ED50
Pop.CondInit  5   30  500
-----------------------------------
----    Key algorithm options  ----
-----------------------------------
    Estimation of individual parameters (MAP)
    Estimation of standard errors and linearised log-likelihood
    Estimation of log-likelihood by importance sampling
    Number of iterations:  K1=300, K2=100 
    Number of chains:  1 
    Seed:  4838928 
    Number of MCMC iterations for IS:  5000 
    Simulations:
        nb of simulated datasets used for npde:  1000 
        nb of simulated datasets used for VPC:  100 
    Input/output
        save the results to a file:  FALSE 
        save the graphs to files:  TRUE 
        directory where results should be saved:  newdir 
----------------------------------------------------
----                  Results                   ----
----------------------------------------------------
-----------------  Fixed effects  ------------------
----------------------------------------------------
     Parameter Estimate SE     CV(%)
[1,] E0          5.0     0.155  3.1 
[2,] Emax       27.6     1.804  6.5 
[3,] ED50      546.5    58.862 10.8 
[4,] b.1         0.1     0.018 17.3 
----------------------------------------------------
-----------  Variance of random effects  -----------
----------------------------------------------------
      Parameter     Estimate SE    CV(%)
E0    omega2.E0      0.105   0.016   16 
Emax  omega2.Emax    0.341   0.074   22 
ED50  omega2.ED50    0.134   0.129   96 
covar cov.Emax.ED50 -0.017   0.081 -472 
----------------------------------------------------
------  Correlation matrix of random effects  ------
----------------------------------------------------
            omega2.E0 omega2.Emax omega2.ED50
omega2.E0   1          0.00        0.00      
omega2.Emax 0          1.00       -0.08      
omega2.ED50 0         -0.08        1.00      
----------------------------------------------------
---------------  Statistical criteria  -------------
----------------------------------------------------
Likelihood computed by linearisation
      -2LL= 2212.78 
      AIC = 2228.78 
      BIC = 2255.166 

Likelihood computed by importance sampling
      -2LL= 2213.269 
      AIC = 2229.269 
      BIC = 2255.656 
----------------------------------------------------
----------------------------------------------------
-----------------  Fixed effects  ------------------
----------------------------------------------------
  Parameter Estimate     SE CV(%)
1        E0     4.98  0.155  3.11
2      Emax    27.61  1.804  6.53
3      ED50   546.52 58.862 10.77
4       b.1     0.10  0.018 17.31
----------------------------------------------------
-----------  Variance of random effects  -----------
----------------------------------------------------
         Parameter Estimate    SE   CV(%)
E0       omega2.E0    0.105 0.016   15.58
Emax   omega2.Emax    0.341 0.074   21.80
ED50   omega2.ED50    0.134 0.129   96.48
1    cov.Emax.ED50   -0.017 0.081 -471.90
----------------------------------------------------
------  Correlation matrix of random effects  ------
----------------------------------------------------
            omega2.E0 omega2.Emax omega2.ED50
omega2.E0   1.00       0.00        0.00      
omega2.Emax 0.00       1.00       -0.08      
omega2.ED50 0.00      -0.08        1.00      
----------------------------------------------------
---------------  Statistical criteria  -------------
----------------------------------------------------
Likelihood computed by linearisation
      -2LL= 2212.78 
      AIC = 2228.78 
      BIC = 2255.166 

Likelihood computed by importance sampling
      -2LL= 2213.269 
      AIC = 2229.269 
      BIC = 2255.656 
----------------------------------------------------
Reading data from file /home/eco/work/saemix/saemixextension/simulationSuite/cont/emaxSparseProp/data/data_pdemax60.tab 
These are the first lines of the dataset as read into R. Please check the format of the data is appropriate, if not, modify the na and/or sep items and retry:
  id dose         y
1  1    0  3.448882
2  1 1000  9.623817
3  2    0  3.444488
4  2 1000 38.811751
5  3    0  7.676019
6  3 1000 35.937879


The following SaemixData object was successfully created:

Object of class SaemixData
    longitudinal data for use with the SAEM algorithm
Dataset /home/eco/work/saemix/saemixextension/simulationSuite/cont/emaxSparseProp/data/data_pdemax60.tab 
    Structured data: y ~ dose | id 
    Predictor: dose (-) 
Nonlinear mixed-effects model fit by the SAEM algorithm
-----------------------------------
----          Data             ----
-----------------------------------
Object of class SaemixData
    longitudinal data for use with the SAEM algorithm
Dataset /home/eco/work/saemix/saemixextension/simulationSuite/cont/emaxSparseProp/data/data_pdemax60.tab 
    Structured data: y ~ dose | id 
    Predictor: dose (-) 
Dataset characteristics:
    number of subjects:     200 
    number of observations: 400 
    average/min/max nb obs: 2.00  /  2  /  2 
First 10 lines of data:
   id dose         y mdv cens occ ytype
1   1    0  3.448882   0    0   1     1
2   1 1000  9.623817   0    0   1     1
3   2    0  3.444488   0    0   1     1
4   2 1000 38.811751   0    0   1     1
5   3    0  7.676019   0    0   1     1
6   3 1000 35.937879   0    0   1     1
7   4    0  5.487599   0    0   1     1
8   4 1000 23.738343   0    0   1     1
9   5    0  4.273085   0    0   1     1
10  5 1000  8.939321   0    0   1     1
-----------------------------------
----          Model            ----
-----------------------------------
Nonlinear mixed-effects model
  Model function:  PD Emax model
  Model type:  structural
function (psi, id, xidep) 
{
    dose <- xidep[, 1]
    e0 <- psi[id, 1]
    emax <- psi[id, 2]
    e50 <- psi[id, 3]
    f <- e0 + emax * dose/(e50 + dose)
    return(f)
}
<bytecode: 0x5624f519ee00>
  Nb of parameters: 3 
      parameter names:  E0 Emax ED50 
      distribution:
     Parameter Distribution Estimated
[1,] E0        log-normal   Estimated
[2,] Emax      log-normal   Estimated
[3,] ED50      log-normal   Estimated
  Variance-covariance matrix:
     E0 Emax ED50
E0    1    0    0
Emax  0    1    1
ED50  0    1    1
  Error model: proportional , initial values: b.1=0.1 
    No covariate in the model.
    Initial values
             E0 Emax ED50
Pop.CondInit  5   30  500
-----------------------------------
----    Key algorithm options  ----
-----------------------------------
    Estimation of individual parameters (MAP)
    Estimation of standard errors and linearised log-likelihood
    Estimation of log-likelihood by importance sampling
    Number of iterations:  K1=300, K2=100 
    Number of chains:  1 
    Seed:  4838928 
    Number of MCMC iterations for IS:  5000 
    Simulations:
        nb of simulated datasets used for npde:  1000 
        nb of simulated datasets used for VPC:  100 
    Input/output
        save the results to a file:  FALSE 
        save the graphs to files:  TRUE 
        directory where results should be saved:  newdir 
----------------------------------------------------
----                  Results                   ----
----------------------------------------------------
-----------------  Fixed effects  ------------------
----------------------------------------------------
     Parameter Estimate SE     CV(%)
[1,] E0          4.785   0.151  3.2 
[2,] Emax       26.812   1.742  6.5 
[3,] ED50      390.517  43.027 11.0 
[4,] b.1         0.062   0.027 43.5 
----------------------------------------------------
-----------  Variance of random effects  -----------
----------------------------------------------------
      Parameter     Estimate SE    CV(%)
E0    omega2.E0     0.11     0.016 15   
Emax  omega2.Emax   0.52     0.087 17   
ED50  omega2.ED50   0.61     0.194 32   
covar cov.Emax.ED50 0.33     0.117 36   
----------------------------------------------------
------  Correlation matrix of random effects  ------
----------------------------------------------------
            omega2.E0 omega2.Emax omega2.ED50
omega2.E0   1         0.00        0.00       
omega2.Emax 0         1.00        0.58       
omega2.ED50 0         0.58        1.00       
----------------------------------------------------
---------------  Statistical criteria  -------------
----------------------------------------------------
Likelihood computed by linearisation
      -2LL= 2251.303 
      AIC = 2267.303 
      BIC = 2293.69 

Likelihood computed by importance sampling
      -2LL= 2238.847 
      AIC = 2254.847 
      BIC = 2281.233 
----------------------------------------------------
----------------------------------------------------
-----------------  Fixed effects  ------------------
----------------------------------------------------
  Parameter Estimate     SE CV(%)
1        E0    4.785  0.151  3.17
2      Emax   26.812  1.742  6.50
3      ED50  390.517 43.027 11.02
4       b.1    0.062  0.027 43.46
----------------------------------------------------
-----------  Variance of random effects  -----------
----------------------------------------------------
         Parameter Estimate    SE CV(%)
E0       omega2.E0     0.11 0.016 14.82
Emax   omega2.Emax     0.52 0.087 16.62
ED50   omega2.ED50     0.61 0.194 31.96
1    cov.Emax.ED50     0.33 0.117 35.86
----------------------------------------------------
------  Correlation matrix of random effects  ------
----------------------------------------------------
            omega2.E0 omega2.Emax omega2.ED50
omega2.E0   1.00      0.00        0.00       
omega2.Emax 0.00      1.00        0.58       
omega2.ED50 0.00      0.58        1.00       
----------------------------------------------------
---------------  Statistical criteria  -------------
----------------------------------------------------
Likelihood computed by linearisation
      -2LL= 2251.303 
      AIC = 2267.303 
      BIC = 2293.69 

Likelihood computed by importance sampling
      -2LL= 2238.847 
      AIC = 2254.847 
      BIC = 2281.233 
----------------------------------------------------
Reading data from file /home/eco/work/saemix/saemixextension/simulationSuite/cont/emaxSparseProp/data/data_pdemax61.tab 
These are the first lines of the dataset as read into R. Please check the format of the data is appropriate, if not, modify the na and/or sep items and retry:
  id dose         y
1  1    0  3.629945
2  1 1000 49.079081
3  2    0  2.434592
4  2 1000 48.088615
5  3    0  7.046645
6  3 1000 18.098669


The following SaemixData object was successfully created:

Object of class SaemixData
    longitudinal data for use with the SAEM algorithm
Dataset /home/eco/work/saemix/saemixextension/simulationSuite/cont/emaxSparseProp/data/data_pdemax61.tab 
    Structured data: y ~ dose | id 
    Predictor: dose (-) 
Nonlinear mixed-effects model fit by the SAEM algorithm
-----------------------------------
----          Data             ----
-----------------------------------
Object of class SaemixData
    longitudinal data for use with the SAEM algorithm
Dataset /home/eco/work/saemix/saemixextension/simulationSuite/cont/emaxSparseProp/data/data_pdemax61.tab 
    Structured data: y ~ dose | id 
    Predictor: dose (-) 
Dataset characteristics:
    number of subjects:     200 
    number of observations: 400 
    average/min/max nb obs: 2.00  /  2  /  2 
First 10 lines of data:
   id dose         y mdv cens occ ytype
1   1    0  3.629945   0    0   1     1
2   1 1000 49.079081   0    0   1     1
3   2    0  2.434592   0    0   1     1
4   2 1000 48.088615   0    0   1     1
5   3    0  7.046645   0    0   1     1
6   3 1000 18.098669   0    0   1     1
7   4    0  4.402633   0    0   1     1
8   4 1000 20.462341   0    0   1     1
9   5    0  6.129803   0    0   1     1
10  5 1000 31.270447   0    0   1     1
-----------------------------------
----          Model            ----
-----------------------------------
Nonlinear mixed-effects model
  Model function:  PD Emax model
  Model type:  structural
function (psi, id, xidep) 
{
    dose <- xidep[, 1]
    e0 <- psi[id, 1]
    emax <- psi[id, 2]
    e50 <- psi[id, 3]
    f <- e0 + emax * dose/(e50 + dose)
    return(f)
}
<bytecode: 0x5624f519ee00>
  Nb of parameters: 3 
      parameter names:  E0 Emax ED50 
      distribution:
     Parameter Distribution Estimated
[1,] E0        log-normal   Estimated
[2,] Emax      log-normal   Estimated
[3,] ED50      log-normal   Estimated
  Variance-covariance matrix:
     E0 Emax ED50
E0    1    0    0
Emax  0    1    1
ED50  0    1    1
  Error model: proportional , initial values: b.1=0.1 
    No covariate in the model.
    Initial values
             E0 Emax ED50
Pop.CondInit  5   30  500
-----------------------------------
----    Key algorithm options  ----
-----------------------------------
    Estimation of individual parameters (MAP)
    Estimation of standard errors and linearised log-likelihood
    Estimation of log-likelihood by importance sampling
    Number of iterations:  K1=300, K2=100 
    Number of chains:  1 
    Seed:  4838928 
    Number of MCMC iterations for IS:  5000 
    Simulations:
        nb of simulated datasets used for npde:  1000 
        nb of simulated datasets used for VPC:  100 
    Input/output
        save the results to a file:  FALSE 
        save the graphs to files:  TRUE 
        directory where results should be saved:  newdir 
----------------------------------------------------
----                  Results                   ----
----------------------------------------------------
-----------------  Fixed effects  ------------------
----------------------------------------------------
     Parameter Estimate SE    CV(%)
[1,] E0          4.9     0.16  3.3 
[2,] Emax       31.2     2.20  7.1 
[3,] ED50      499.7    54.64 10.9 
[4,] b.1         0.1     0.02 19.5 
----------------------------------------------------
-----------  Variance of random effects  -----------
----------------------------------------------------
      Parameter     Estimate SE    CV(%)
E0    omega2.E0     0.11     0.018 16   
Emax  omega2.Emax   0.50     0.095 19   
ED50  omega2.ED50   0.24     0.158 65   
covar cov.Emax.ED50 0.14     0.108 77   
----------------------------------------------------
------  Correlation matrix of random effects  ------
----------------------------------------------------
            omega2.E0 omega2.Emax omega2.ED50
omega2.E0   1         0.0         0.0        
omega2.Emax 0         1.0         0.4        
omega2.ED50 0         0.4         1.0        
----------------------------------------------------
---------------  Statistical criteria  -------------
----------------------------------------------------
Likelihood computed by linearisation
      -2LL= 2325.42 
      AIC = 2341.42 
      BIC = 2367.806 

Likelihood computed by importance sampling
      -2LL= 2323.116 
      AIC = 2339.116 
      BIC = 2365.502 
----------------------------------------------------
----------------------------------------------------
-----------------  Fixed effects  ------------------
----------------------------------------------------
  Parameter Estimate    SE CV(%)
1        E0     4.93  0.16  3.29
2      Emax    31.17  2.20  7.06
3      ED50   499.65 54.64 10.94
4       b.1     0.10  0.02 19.47
----------------------------------------------------
-----------  Variance of random effects  -----------
----------------------------------------------------
         Parameter Estimate    SE CV(%)
E0       omega2.E0     0.11 0.018 15.69
Emax   omega2.Emax     0.50 0.095 18.73
ED50   omega2.ED50     0.24 0.158 65.01
1    cov.Emax.ED50     0.14 0.108 77.04
----------------------------------------------------
------  Correlation matrix of random effects  ------
----------------------------------------------------
            omega2.E0 omega2.Emax omega2.ED50
omega2.E0   1.00      0.00        0.00       
omega2.Emax 0.00      1.00        0.40       
omega2.ED50 0.00      0.40        1.00       
----------------------------------------------------
---------------  Statistical criteria  -------------
----------------------------------------------------
Likelihood computed by linearisation
      -2LL= 2325.42 
      AIC = 2341.42 
      BIC = 2367.806 

Likelihood computed by importance sampling
      -2LL= 2323.116 
      AIC = 2339.116 
      BIC = 2365.502 
----------------------------------------------------
Reading data from file /home/eco/work/saemix/saemixextension/simulationSuite/cont/emaxSparseProp/data/data_pdemax62.tab 
These are the first lines of the dataset as read into R. Please check the format of the data is appropriate, if not, modify the na and/or sep items and retry:
  id dose         y
1  1    0  3.447891
2  1 1000 25.944122
3  2    0  3.334713
4  2 1000 30.614697
5  3    0  6.544416
6  3 1000 20.725620


The following SaemixData object was successfully created:

Object of class SaemixData
    longitudinal data for use with the SAEM algorithm
Dataset /home/eco/work/saemix/saemixextension/simulationSuite/cont/emaxSparseProp/data/data_pdemax62.tab 
    Structured data: y ~ dose | id 
    Predictor: dose (-) 
Nonlinear mixed-effects model fit by the SAEM algorithm
-----------------------------------
----          Data             ----
-----------------------------------
Object of class SaemixData
    longitudinal data for use with the SAEM algorithm
Dataset /home/eco/work/saemix/saemixextension/simulationSuite/cont/emaxSparseProp/data/data_pdemax62.tab 
    Structured data: y ~ dose | id 
    Predictor: dose (-) 
Dataset characteristics:
    number of subjects:     200 
    number of observations: 400 
    average/min/max nb obs: 2.00  /  2  /  2 
First 10 lines of data:
   id dose         y mdv cens occ ytype
1   1    0  3.447891   0    0   1     1
2   1 1000 25.944122   0    0   1     1
3   2    0  3.334713   0    0   1     1
4   2 1000 30.614697   0    0   1     1
5   3    0  6.544416   0    0   1     1
6   3 1000 20.725620   0    0   1     1
7   4    0  3.306032   0    0   1     1
8   4 1000 13.795712   0    0   1     1
9   5    0  6.846434   0    0   1     1
10  5 1000 35.650992   0    0   1     1
-----------------------------------
----          Model            ----
-----------------------------------
Nonlinear mixed-effects model
  Model function:  PD Emax model
  Model type:  structural
function (psi, id, xidep) 
{
    dose <- xidep[, 1]
    e0 <- psi[id, 1]
    emax <- psi[id, 2]
    e50 <- psi[id, 3]
    f <- e0 + emax * dose/(e50 + dose)
    return(f)
}
<bytecode: 0x5624f519ee00>
  Nb of parameters: 3 
      parameter names:  E0 Emax ED50 
      distribution:
     Parameter Distribution Estimated
[1,] E0        log-normal   Estimated
[2,] Emax      log-normal   Estimated
[3,] ED50      log-normal   Estimated
  Variance-covariance matrix:
     E0 Emax ED50
E0    1    0    0
Emax  0    1    1
ED50  0    1    1
  Error model: proportional , initial values: b.1=0.1 
    No covariate in the model.
    Initial values
             E0 Emax ED50
Pop.CondInit  5   30  500
-----------------------------------
----    Key algorithm options  ----
-----------------------------------
    Estimation of individual parameters (MAP)
    Estimation of standard errors and linearised log-likelihood
    Estimation of log-likelihood by importance sampling
    Number of iterations:  K1=300, K2=100 
    Number of chains:  1 
    Seed:  4838928 
    Number of MCMC iterations for IS:  5000 
    Simulations:
        nb of simulated datasets used for npde:  1000 
        nb of simulated datasets used for VPC:  100 
    Input/output
        save the results to a file:  FALSE 
        save the graphs to files:  TRUE 
        directory where results should be saved:  newdir 
----------------------------------------------------
----                  Results                   ----
----------------------------------------------------
-----------------  Fixed effects  ------------------
----------------------------------------------------
     Parameter Estimate SE     CV(%)
[1,] E0          5.031   0.155  3.1 
[2,] Emax       28.221   1.802  6.4 
[3,] ED50      455.456  48.093 10.6 
[4,] b.1         0.088   0.019 21.5 
----------------------------------------------------
-----------  Variance of random effects  -----------
----------------------------------------------------
      Parameter     Estimate SE    CV(%)
E0    omega2.E0     0.10     0.016 15   
Emax  omega2.Emax   0.42     0.077 18   
ED50  omega2.ED50   0.27     0.140 51   
covar cov.Emax.ED50 0.10     0.089 87   
----------------------------------------------------
------  Correlation matrix of random effects  ------
----------------------------------------------------
            omega2.E0 omega2.Emax omega2.ED50
omega2.E0   1         0.0         0.0        
omega2.Emax 0         1.0         0.3        
omega2.ED50 0         0.3         1.0        
----------------------------------------------------
---------------  Statistical criteria  -------------
----------------------------------------------------
Likelihood computed by linearisation
      -2LL= 2260.095 
      AIC = 2276.095 
      BIC = 2302.481 

Likelihood computed by importance sampling
      -2LL= 2257.032 
      AIC = 2273.032 
      BIC = 2299.419 
----------------------------------------------------
----------------------------------------------------
-----------------  Fixed effects  ------------------
----------------------------------------------------
  Parameter Estimate     SE CV(%)
1        E0    5.031  0.155  3.08
2      Emax   28.221  1.802  6.39
3      ED50  455.456 48.093 10.56
4       b.1    0.088  0.019 21.49
----------------------------------------------------
-----------  Variance of random effects  -----------
----------------------------------------------------
         Parameter Estimate    SE CV(%)
E0       omega2.E0     0.10 0.016 15.29
Emax   omega2.Emax     0.42 0.077 18.17
ED50   omega2.ED50     0.27 0.140 51.07
1    cov.Emax.ED50     0.10 0.089 87.42
----------------------------------------------------
------  Correlation matrix of random effects  ------
----------------------------------------------------
            omega2.E0 omega2.Emax omega2.ED50
omega2.E0   1.00      0.00        0.00       
omega2.Emax 0.00      1.00        0.30       
omega2.ED50 0.00      0.30        1.00       
----------------------------------------------------
---------------  Statistical criteria  -------------
----------------------------------------------------
Likelihood computed by linearisation
      -2LL= 2260.095 
      AIC = 2276.095 
      BIC = 2302.481 

Likelihood computed by importance sampling
      -2LL= 2257.032 
      AIC = 2273.032 
      BIC = 2299.419 
----------------------------------------------------
Reading data from file /home/eco/work/saemix/saemixextension/simulationSuite/cont/emaxSparseProp/data/data_pdemax63.tab 
These are the first lines of the dataset as read into R. Please check the format of the data is appropriate, if not, modify the na and/or sep items and retry:
  id dose         y
1  1    0  3.894966
2  1 1000 23.577567
3  2    0  5.097313
4  2 1000 20.735940
5  3    0  8.616064
6  3 1000 30.481384


The following SaemixData object was successfully created:

Object of class SaemixData
    longitudinal data for use with the SAEM algorithm
Dataset /home/eco/work/saemix/saemixextension/simulationSuite/cont/emaxSparseProp/data/data_pdemax63.tab 
    Structured data: y ~ dose | id 
    Predictor: dose (-) 
Nonlinear mixed-effects model fit by the SAEM algorithm
-----------------------------------
----          Data             ----
-----------------------------------
Object of class SaemixData
    longitudinal data for use with the SAEM algorithm
Dataset /home/eco/work/saemix/saemixextension/simulationSuite/cont/emaxSparseProp/data/data_pdemax63.tab 
    Structured data: y ~ dose | id 
    Predictor: dose (-) 
Dataset characteristics:
    number of subjects:     200 
    number of observations: 400 
    average/min/max nb obs: 2.00  /  2  /  2 
First 10 lines of data:
   id dose         y mdv cens occ ytype
1   1    0  3.894966   0    0   1     1
2   1 1000 23.577567   0    0   1     1
3   2    0  5.097313   0    0   1     1
4   2 1000 20.735940   0    0   1     1
5   3    0  8.616064   0    0   1     1
6   3 1000 30.481384   0    0   1     1
7   4    0  5.566979   0    0   1     1
8   4 1000 22.493798   0    0   1     1
9   5    0  5.468099   0    0   1     1
10  5 1000 13.789837   0    0   1     1
-----------------------------------
----          Model            ----
-----------------------------------
Nonlinear mixed-effects model
  Model function:  PD Emax model
  Model type:  structural
function (psi, id, xidep) 
{
    dose <- xidep[, 1]
    e0 <- psi[id, 1]
    emax <- psi[id, 2]
    e50 <- psi[id, 3]
    f <- e0 + emax * dose/(e50 + dose)
    return(f)
}
<bytecode: 0x5624f519ee00>
  Nb of parameters: 3 
      parameter names:  E0 Emax ED50 
      distribution:
     Parameter Distribution Estimated
[1,] E0        log-normal   Estimated
[2,] Emax      log-normal   Estimated
[3,] ED50      log-normal   Estimated
  Variance-covariance matrix:
     E0 Emax ED50
E0    1    0    0
Emax  0    1    1
ED50  0    1    1
  Error model: proportional , initial values: b.1=0.1 
    No covariate in the model.
    Initial values
             E0 Emax ED50
Pop.CondInit  5   30  500
-----------------------------------
----    Key algorithm options  ----
-----------------------------------
    Estimation of individual parameters (MAP)
    Estimation of standard errors and linearised log-likelihood
    Estimation of log-likelihood by importance sampling
    Number of iterations:  K1=300, K2=100 
    Number of chains:  1 
    Seed:  4838928 
    Number of MCMC iterations for IS:  5000 
    Simulations:
        nb of simulated datasets used for npde:  1000 
        nb of simulated datasets used for VPC:  100 
    Input/output
        save the results to a file:  FALSE 
        save the graphs to files:  TRUE 
        directory where results should be saved:  newdir 
----------------------------------------------------
----                  Results                   ----
----------------------------------------------------
-----------------  Fixed effects  ------------------
----------------------------------------------------
     Parameter Estimate SE     CV(%)
[1,] E0          4.98    0.134  2.7 
[2,] Emax       28.45    2.121  7.5 
[3,] ED50      473.02   58.437 12.4 
[4,] b.1         0.13    0.021 16.0 
----------------------------------------------------
-----------  Variance of random effects  -----------
----------------------------------------------------
      Parameter     Estimate SE    CV(%)
E0    omega2.E0     0.061    0.012 20   
Emax  omega2.Emax   0.468    0.105 22   
ED50  omega2.ED50   0.460    0.236 51   
covar cov.Emax.ED50 0.252    0.142 56   
----------------------------------------------------
------  Correlation matrix of random effects  ------
----------------------------------------------------
            omega2.E0 omega2.Emax omega2.ED50
omega2.E0   1         0.00        0.00       
omega2.Emax 0         1.00        0.54       
omega2.ED50 0         0.54        1.00       
----------------------------------------------------
---------------  Statistical criteria  -------------
----------------------------------------------------
Likelihood computed by linearisation
      -2LL= 2236.281 
      AIC = 2252.281 
      BIC = 2278.668 

Likelihood computed by importance sampling
      -2LL= 2227.614 
      AIC = 2243.614 
      BIC = 2270 
----------------------------------------------------
----------------------------------------------------
-----------------  Fixed effects  ------------------
----------------------------------------------------
  Parameter Estimate     SE CV(%)
1        E0     4.98  0.134  2.69
2      Emax    28.45  2.121  7.46
3      ED50   473.02 58.437 12.35
4       b.1     0.13  0.021 15.95
----------------------------------------------------
-----------  Variance of random effects  -----------
----------------------------------------------------
         Parameter Estimate    SE CV(%)
E0       omega2.E0    0.061 0.012 20.25
Emax   omega2.Emax    0.468 0.105 22.39
ED50   omega2.ED50    0.460 0.236 51.24
1    cov.Emax.ED50    0.252 0.142 56.35
----------------------------------------------------
------  Correlation matrix of random effects  ------
----------------------------------------------------
            omega2.E0 omega2.Emax omega2.ED50
omega2.E0   1.00      0.00        0.00       
omega2.Emax 0.00      1.00        0.54       
omega2.ED50 0.00      0.54        1.00       
----------------------------------------------------
---------------  Statistical criteria  -------------
----------------------------------------------------
Likelihood computed by linearisation
      -2LL= 2236.281 
      AIC = 2252.281 
      BIC = 2278.668 

Likelihood computed by importance sampling
      -2LL= 2227.614 
      AIC = 2243.614 
      BIC = 2270 
----------------------------------------------------
Reading data from file /home/eco/work/saemix/saemixextension/simulationSuite/cont/emaxSparseProp/data/data_pdemax64.tab 
These are the first lines of the dataset as read into R. Please check the format of the data is appropriate, if not, modify the na and/or sep items and retry:
  id dose         y
1  1    0  4.015095
2  1 1000 18.011292
3  2    0  3.082781
4  2 1000 24.639358
5  3    0  5.282615
6  3 1000 25.088936


The following SaemixData object was successfully created:

Object of class SaemixData
    longitudinal data for use with the SAEM algorithm
Dataset /home/eco/work/saemix/saemixextension/simulationSuite/cont/emaxSparseProp/data/data_pdemax64.tab 
    Structured data: y ~ dose | id 
    Predictor: dose (-) 
Nonlinear mixed-effects model fit by the SAEM algorithm
-----------------------------------
----          Data             ----
-----------------------------------
Object of class SaemixData
    longitudinal data for use with the SAEM algorithm
Dataset /home/eco/work/saemix/saemixextension/simulationSuite/cont/emaxSparseProp/data/data_pdemax64.tab 
    Structured data: y ~ dose | id 
    Predictor: dose (-) 
Dataset characteristics:
    number of subjects:     200 
    number of observations: 400 
    average/min/max nb obs: 2.00  /  2  /  2 
First 10 lines of data:
   id dose         y mdv cens occ ytype
1   1    0  4.015095   0    0   1     1
2   1 1000 18.011292   0    0   1     1
3   2    0  3.082781   0    0   1     1
4   2 1000 24.639358   0    0   1     1
5   3    0  5.282615   0    0   1     1
6   3 1000 25.088936   0    0   1     1
7   4    0  5.157792   0    0   1     1
8   4 1000 28.236533   0    0   1     1
9   5    0  4.042217   0    0   1     1
10  5 1000 22.613146   0    0   1     1
-----------------------------------
----          Model            ----
-----------------------------------
Nonlinear mixed-effects model
  Model function:  PD Emax model
  Model type:  structural
function (psi, id, xidep) 
{
    dose <- xidep[, 1]
    e0 <- psi[id, 1]
    emax <- psi[id, 2]
    e50 <- psi[id, 3]
    f <- e0 + emax * dose/(e50 + dose)
    return(f)
}
<bytecode: 0x5624f519ee00>
  Nb of parameters: 3 
      parameter names:  E0 Emax ED50 
      distribution:
     Parameter Distribution Estimated
[1,] E0        log-normal   Estimated
[2,] Emax      log-normal   Estimated
[3,] ED50      log-normal   Estimated
  Variance-covariance matrix:
     E0 Emax ED50
E0    1    0    0
Emax  0    1    1
ED50  0    1    1
  Error model: proportional , initial values: b.1=0.1 
    No covariate in the model.
    Initial values
             E0 Emax ED50
Pop.CondInit  5   30  500
-----------------------------------
----    Key algorithm options  ----
-----------------------------------
    Estimation of individual parameters (MAP)
    Estimation of standard errors and linearised log-likelihood
    Estimation of log-likelihood by importance sampling
    Number of iterations:  K1=300, K2=100 
    Number of chains:  1 
    Seed:  4838928 
    Number of MCMC iterations for IS:  5000 
    Simulations:
        nb of simulated datasets used for npde:  1000 
        nb of simulated datasets used for VPC:  100 
    Input/output
        save the results to a file:  FALSE 
        save the graphs to files:  TRUE 
        directory where results should be saved:  newdir 
----------------------------------------------------
----                  Results                   ----
----------------------------------------------------
-----------------  Fixed effects  ------------------
----------------------------------------------------
     Parameter Estimate SE    CV(%)
[1,] E0          4.82    0.14  2.9 
[2,] Emax       30.16    2.41  8.0 
[3,] ED50      539.86   64.77 12.0 
[4,] b.1         0.13    0.02 15.9 
----------------------------------------------------
-----------  Variance of random effects  -----------
----------------------------------------------------
      Parameter     Estimate SE    CV(%)
E0    omega2.E0     0.075    0.014 19   
Emax  omega2.Emax   0.581    0.120 21   
ED50  omega2.ED50   0.232    0.203 88   
covar cov.Emax.ED50 0.221    0.142 64   
----------------------------------------------------
------  Correlation matrix of random effects  ------
----------------------------------------------------
            omega2.E0 omega2.Emax omega2.ED50
omega2.E0   1         0.0         0.0        
omega2.Emax 0         1.0         0.6        
omega2.ED50 0         0.6         1.0        
----------------------------------------------------
---------------  Statistical criteria  -------------
----------------------------------------------------
Likelihood computed by linearisation
      -2LL= 2257.973 
      AIC = 2273.973 
      BIC = 2300.359 

Likelihood computed by importance sampling
      -2LL= 2254.751 
      AIC = 2270.751 
      BIC = 2297.138 
----------------------------------------------------
----------------------------------------------------
-----------------  Fixed effects  ------------------
----------------------------------------------------
  Parameter Estimate    SE CV(%)
1        E0     4.82  0.14  2.89
2      Emax    30.16  2.41  8.01
3      ED50   539.86 64.77 12.00
4       b.1     0.13  0.02 15.88
----------------------------------------------------
-----------  Variance of random effects  -----------
----------------------------------------------------
         Parameter Estimate    SE CV(%)
E0       omega2.E0    0.075 0.014 18.81
Emax   omega2.Emax    0.581 0.120 20.65
ED50   omega2.ED50    0.232 0.203 87.71
1    cov.Emax.ED50    0.221 0.142 64.07
----------------------------------------------------
------  Correlation matrix of random effects  ------
----------------------------------------------------
            omega2.E0 omega2.Emax omega2.ED50
omega2.E0   1.00      0.00        0.00       
omega2.Emax 0.00      1.00        0.60       
omega2.ED50 0.00      0.60        1.00       
----------------------------------------------------
---------------  Statistical criteria  -------------
----------------------------------------------------
Likelihood computed by linearisation
      -2LL= 2257.973 
      AIC = 2273.973 
      BIC = 2300.359 

Likelihood computed by importance sampling
      -2LL= 2254.751 
      AIC = 2270.751 
      BIC = 2297.138 
----------------------------------------------------
Reading data from file /home/eco/work/saemix/saemixextension/simulationSuite/cont/emaxSparseProp/data/data_pdemax65.tab 
These are the first lines of the dataset as read into R. Please check the format of the data is appropriate, if not, modify the na and/or sep items and retry:
  id dose         y
1  1    0  5.159986
2  1 1000 30.556942
3  2    0  5.458715
4  2 1000 30.002438
5  3    0  4.814185
6  3 1000 34.706436


The following SaemixData object was successfully created:

Object of class SaemixData
    longitudinal data for use with the SAEM algorithm
Dataset /home/eco/work/saemix/saemixextension/simulationSuite/cont/emaxSparseProp/data/data_pdemax65.tab 
    Structured data: y ~ dose | id 
    Predictor: dose (-) 
Nonlinear mixed-effects model fit by the SAEM algorithm
-----------------------------------
----          Data             ----
-----------------------------------
Object of class SaemixData
    longitudinal data for use with the SAEM algorithm
Dataset /home/eco/work/saemix/saemixextension/simulationSuite/cont/emaxSparseProp/data/data_pdemax65.tab 
    Structured data: y ~ dose | id 
    Predictor: dose (-) 
Dataset characteristics:
    number of subjects:     200 
    number of observations: 400 
    average/min/max nb obs: 2.00  /  2  /  2 
First 10 lines of data:
   id dose         y mdv cens occ ytype
1   1    0  5.159986   0    0   1     1
2   1 1000 30.556942   0    0   1     1
3   2    0  5.458715   0    0   1     1
4   2 1000 30.002438   0    0   1     1
5   3    0  4.814185   0    0   1     1
6   3 1000 34.706436   0    0   1     1
7   4    0  5.479303   0    0   1     1
8   4 1000 23.087957   0    0   1     1
9   5    0  3.502826   0    0   1     1
10  5 1000 23.958760   0    0   1     1
-----------------------------------
----          Model            ----
-----------------------------------
Nonlinear mixed-effects model
  Model function:  PD Emax model
  Model type:  structural
function (psi, id, xidep) 
{
    dose <- xidep[, 1]
    e0 <- psi[id, 1]
    emax <- psi[id, 2]
    e50 <- psi[id, 3]
    f <- e0 + emax * dose/(e50 + dose)
    return(f)
}
<bytecode: 0x5624f519ee00>
  Nb of parameters: 3 
      parameter names:  E0 Emax ED50 
      distribution:
     Parameter Distribution Estimated
[1,] E0        log-normal   Estimated
[2,] Emax      log-normal   Estimated
[3,] ED50      log-normal   Estimated
  Variance-covariance matrix:
     E0 Emax ED50
E0    1    0    0
Emax  0    1    1
ED50  0    1    1
  Error model: proportional , initial values: b.1=0.1 
    No covariate in the model.
    Initial values
             E0 Emax ED50
Pop.CondInit  5   30  500
-----------------------------------
----    Key algorithm options  ----
-----------------------------------
    Estimation of individual parameters (MAP)
    Estimation of standard errors and linearised log-likelihood
    Estimation of log-likelihood by importance sampling
    Number of iterations:  K1=300, K2=100 
    Number of chains:  1 
    Seed:  4838928 
    Number of MCMC iterations for IS:  5000 
    Simulations:
        nb of simulated datasets used for npde:  1000 
        nb of simulated datasets used for VPC:  100 
    Input/output
        save the results to a file:  FALSE 
        save the graphs to files:  TRUE 
        directory where results should be saved:  newdir 
----------------------------------------------------
----                  Results                   ----
----------------------------------------------------
-----------------  Fixed effects  ------------------
----------------------------------------------------
     Parameter Estimate SE    CV(%)
[1,] E0          4.872   0.14  2.8 
[2,] Emax       28.248   1.82  6.4 
[3,] ED50      402.157  39.19  9.7 
[4,] b.1         0.077   0.02 26.6 
----------------------------------------------------
-----------  Variance of random effects  -----------
----------------------------------------------------
      Parameter     Estimate SE    CV(%)
E0    omega2.E0     0.079    0.012 16   
Emax  omega2.Emax   0.528    0.084 16   
ED50  omega2.ED50   0.398    0.150 38   
covar cov.Emax.ED50 0.307    0.102 33   
----------------------------------------------------
------  Correlation matrix of random effects  ------
----------------------------------------------------
            omega2.E0 omega2.Emax omega2.ED50
omega2.E0   1         0.00        0.00       
omega2.Emax 0         1.00        0.67       
omega2.ED50 0         0.67        1.00       
----------------------------------------------------
---------------  Statistical criteria  -------------
----------------------------------------------------
Likelihood computed by linearisation
      -2LL= 2204.689 
      AIC = 2220.689 
      BIC = 2247.076 

Likelihood computed by importance sampling
      -2LL= 2198.11 
      AIC = 2214.11 
      BIC = 2240.496 
----------------------------------------------------
----------------------------------------------------
-----------------  Fixed effects  ------------------
----------------------------------------------------
  Parameter Estimate    SE CV(%)
1        E0    4.872  0.14  2.78
2      Emax   28.248  1.82  6.43
3      ED50  402.157 39.19  9.74
4       b.1    0.077  0.02 26.56
----------------------------------------------------
-----------  Variance of random effects  -----------
----------------------------------------------------
         Parameter Estimate    SE CV(%)
E0       omega2.E0    0.079 0.012 15.81
Emax   omega2.Emax    0.528 0.084 15.91
ED50   omega2.ED50    0.398 0.150 37.67
1    cov.Emax.ED50    0.307 0.102 33.39
----------------------------------------------------
------  Correlation matrix of random effects  ------
----------------------------------------------------
            omega2.E0 omega2.Emax omega2.ED50
omega2.E0   1.00      0.00        0.00       
omega2.Emax 0.00      1.00        0.67       
omega2.ED50 0.00      0.67        1.00       
----------------------------------------------------
---------------  Statistical criteria  -------------
----------------------------------------------------
Likelihood computed by linearisation
      -2LL= 2204.689 
      AIC = 2220.689 
      BIC = 2247.076 

Likelihood computed by importance sampling
      -2LL= 2198.11 
      AIC = 2214.11 
      BIC = 2240.496 
----------------------------------------------------
Reading data from file /home/eco/work/saemix/saemixextension/simulationSuite/cont/emaxSparseProp/data/data_pdemax66.tab 
These are the first lines of the dataset as read into R. Please check the format of the data is appropriate, if not, modify the na and/or sep items and retry:
  id dose         y
1  1    0  6.074385
2  1 1000 17.560010
3  2    0  5.113841
4  2 1000 17.689599
5  3    0  7.897216
6  3 1000 19.532646


The following SaemixData object was successfully created:

Object of class SaemixData
    longitudinal data for use with the SAEM algorithm
Dataset /home/eco/work/saemix/saemixextension/simulationSuite/cont/emaxSparseProp/data/data_pdemax66.tab 
    Structured data: y ~ dose | id 
    Predictor: dose (-) 
Nonlinear mixed-effects model fit by the SAEM algorithm
-----------------------------------
----          Data             ----
-----------------------------------
Object of class SaemixData
    longitudinal data for use with the SAEM algorithm
Dataset /home/eco/work/saemix/saemixextension/simulationSuite/cont/emaxSparseProp/data/data_pdemax66.tab 
    Structured data: y ~ dose | id 
    Predictor: dose (-) 
Dataset characteristics:
    number of subjects:     200 
    number of observations: 400 
    average/min/max nb obs: 2.00  /  2  /  2 
First 10 lines of data:
   id dose         y mdv cens occ ytype
1   1    0  6.074385   0    0   1     1
2   1 1000 17.560010   0    0   1     1
3   2    0  5.113841   0    0   1     1
4   2 1000 17.689599   0    0   1     1
5   3    0  7.897216   0    0   1     1
6   3 1000 19.532646   0    0   1     1
7   4    0  5.681211   0    0   1     1
8   4 1000 33.349201   0    0   1     1
9   5    0  5.392365   0    0   1     1
10  5 1000 12.479082   0    0   1     1
-----------------------------------
----          Model            ----
-----------------------------------
Nonlinear mixed-effects model
  Model function:  PD Emax model
  Model type:  structural
function (psi, id, xidep) 
{
    dose <- xidep[, 1]
    e0 <- psi[id, 1]
    emax <- psi[id, 2]
    e50 <- psi[id, 3]
    f <- e0 + emax * dose/(e50 + dose)
    return(f)
}
<bytecode: 0x5624f519ee00>
  Nb of parameters: 3 
      parameter names:  E0 Emax ED50 
      distribution:
     Parameter Distribution Estimated
[1,] E0        log-normal   Estimated
[2,] Emax      log-normal   Estimated
[3,] ED50      log-normal   Estimated
  Variance-covariance matrix:
     E0 Emax ED50
E0    1    0    0
Emax  0    1    1
ED50  0    1    1
  Error model: proportional , initial values: b.1=0.1 
    No covariate in the model.
    Initial values
             E0 Emax ED50
Pop.CondInit  5   30  500
-----------------------------------
----    Key algorithm options  ----
-----------------------------------
    Estimation of individual parameters (MAP)
    Estimation of standard errors and linearised log-likelihood
    Estimation of log-likelihood by importance sampling
    Number of iterations:  K1=300, K2=100 
    Number of chains:  1 
    Seed:  4838928 
    Number of MCMC iterations for IS:  5000 
    Simulations:
        nb of simulated datasets used for npde:  1000 
        nb of simulated datasets used for VPC:  100 
    Input/output
        save the results to a file:  FALSE 
        save the graphs to files:  TRUE 
        directory where results should be saved:  newdir 
----------------------------------------------------
----                  Results                   ----
----------------------------------------------------
-----------------  Fixed effects  ------------------
----------------------------------------------------
     Parameter Estimate SE     CV(%)
[1,] E0          4.77    0.135  2.8 
[2,] Emax       27.50    2.000  7.3 
[3,] ED50      517.71   62.647 12.1 
[4,] b.1         0.12    0.019 16.3 
----------------------------------------------------
-----------  Variance of random effects  -----------
----------------------------------------------------
      Parameter     Estimate SE    CV(%)
E0    omega2.E0     0.075    0.014  18  
Emax  omega2.Emax   0.425    0.095  22  
ED50  omega2.ED50   0.387    0.196  51  
covar cov.Emax.ED50 0.114    0.118 103  
----------------------------------------------------
------  Correlation matrix of random effects  ------
----------------------------------------------------
            omega2.E0 omega2.Emax omega2.ED50
omega2.E0   1         0.00        0.00       
omega2.Emax 0         1.00        0.28       
omega2.ED50 0         0.28        1.00       
----------------------------------------------------
---------------  Statistical criteria  -------------
----------------------------------------------------
Likelihood computed by linearisation
      -2LL= 2219.666 
      AIC = 2235.666 
      BIC = 2262.052 

Likelihood computed by importance sampling
      -2LL= 2213.059 
      AIC = 2229.059 
      BIC = 2255.445 
----------------------------------------------------
----------------------------------------------------
-----------------  Fixed effects  ------------------
----------------------------------------------------
  Parameter Estimate     SE CV(%)
1        E0     4.77  0.135  2.83
2      Emax    27.50  2.000  7.27
3      ED50   517.71 62.647 12.10
4       b.1     0.12  0.019 16.25
----------------------------------------------------
-----------  Variance of random effects  -----------
----------------------------------------------------
         Parameter Estimate    SE  CV(%)
E0       omega2.E0    0.075 0.014  17.98
Emax   omega2.Emax    0.425 0.095  22.27
ED50   omega2.ED50    0.387 0.196  50.70
1    cov.Emax.ED50    0.114 0.118 102.89
----------------------------------------------------
------  Correlation matrix of random effects  ------
----------------------------------------------------
            omega2.E0 omega2.Emax omega2.ED50
omega2.E0   1.00      0.00        0.00       
omega2.Emax 0.00      1.00        0.28       
omega2.ED50 0.00      0.28        1.00       
----------------------------------------------------
---------------  Statistical criteria  -------------
----------------------------------------------------
Likelihood computed by linearisation
      -2LL= 2219.666 
      AIC = 2235.666 
      BIC = 2262.052 

Likelihood computed by importance sampling
      -2LL= 2213.059 
      AIC = 2229.059 
      BIC = 2255.445 
----------------------------------------------------
Reading data from file /home/eco/work/saemix/saemixextension/simulationSuite/cont/emaxSparseProp/data/data_pdemax67.tab 
These are the first lines of the dataset as read into R. Please check the format of the data is appropriate, if not, modify the na and/or sep items and retry:
  id dose         y
1  1    0  3.566135
2  1 1000 10.427068
3  2    0  5.807207
4  2 1000 55.906119
5  3    0  5.195959
6  3 1000 33.456132


The following SaemixData object was successfully created:

Object of class SaemixData
    longitudinal data for use with the SAEM algorithm
Dataset /home/eco/work/saemix/saemixextension/simulationSuite/cont/emaxSparseProp/data/data_pdemax67.tab 
    Structured data: y ~ dose | id 
    Predictor: dose (-) 
Nonlinear mixed-effects model fit by the SAEM algorithm
-----------------------------------
----          Data             ----
-----------------------------------
Object of class SaemixData
    longitudinal data for use with the SAEM algorithm
Dataset /home/eco/work/saemix/saemixextension/simulationSuite/cont/emaxSparseProp/data/data_pdemax67.tab 
    Structured data: y ~ dose | id 
    Predictor: dose (-) 
Dataset characteristics:
    number of subjects:     200 
    number of observations: 400 
    average/min/max nb obs: 2.00  /  2  /  2 
First 10 lines of data:
   id dose         y mdv cens occ ytype
1   1    0  3.566135   0    0   1     1
2   1 1000 10.427068   0    0   1     1
3   2    0  5.807207   0    0   1     1
4   2 1000 55.906119   0    0   1     1
5   3    0  5.195959   0    0   1     1
6   3 1000 33.456132   0    0   1     1
7   4    0  5.541188   0    0   1     1
8   4 1000 28.864964   0    0   1     1
9   5    0  4.702170   0    0   1     1
10  5 1000 34.212886   0    0   1     1
-----------------------------------
----          Model            ----
-----------------------------------
Nonlinear mixed-effects model
  Model function:  PD Emax model
  Model type:  structural
function (psi, id, xidep) 
{
    dose <- xidep[, 1]
    e0 <- psi[id, 1]
    emax <- psi[id, 2]
    e50 <- psi[id, 3]
    f <- e0 + emax * dose/(e50 + dose)
    return(f)
}
<bytecode: 0x5624f519ee00>
  Nb of parameters: 3 
      parameter names:  E0 Emax ED50 
      distribution:
     Parameter Distribution Estimated
[1,] E0        log-normal   Estimated
[2,] Emax      log-normal   Estimated
[3,] ED50      log-normal   Estimated
  Variance-covariance matrix:
     E0 Emax ED50
E0    1    0    0
Emax  0    1    1
ED50  0    1    1
  Error model: proportional , initial values: b.1=0.1 
    No covariate in the model.
    Initial values
             E0 Emax ED50
Pop.CondInit  5   30  500
-----------------------------------
----    Key algorithm options  ----
-----------------------------------
    Estimation of individual parameters (MAP)
    Estimation of standard errors and linearised log-likelihood
    Estimation of log-likelihood by importance sampling
    Number of iterations:  K1=300, K2=100 
    Number of chains:  1 
    Seed:  4838928 
    Number of MCMC iterations for IS:  5000 
    Simulations:
        nb of simulated datasets used for npde:  1000 
        nb of simulated datasets used for VPC:  100 
    Input/output
        save the results to a file:  FALSE 
        save the graphs to files:  TRUE 
        directory where results should be saved:  newdir 
----------------------------------------------------
----                  Results                   ----
----------------------------------------------------
-----------------  Fixed effects  ------------------
----------------------------------------------------
     Parameter Estimate SE     CV(%)
[1,] E0          5.02    0.142  2.8 
[2,] Emax       28.56    1.989  7.0 
[3,] ED50      501.43   53.316 10.6 
[4,] b.1         0.15    0.019 12.8 
----------------------------------------------------
-----------  Variance of random effects  -----------
----------------------------------------------------
      Parameter     Estimate SE    CV(%)
E0    omega2.E0      0.066   0.014   21 
Emax  omega2.Emax    0.405   0.090   22 
ED50  omega2.ED50    0.051   0.151  295 
covar cov.Emax.ED50 -0.022   0.098 -453 
----------------------------------------------------
------  Correlation matrix of random effects  ------
----------------------------------------------------
            omega2.E0 omega2.Emax omega2.ED50
omega2.E0   1          0.00        0.00      
omega2.Emax 0          1.00       -0.15      
omega2.ED50 0         -0.15        1.00      
----------------------------------------------------
---------------  Statistical criteria  -------------
----------------------------------------------------
Likelihood computed by linearisation
      -2LL= 2290.324 
      AIC = 2306.324 
      BIC = 2332.711 

Likelihood computed by importance sampling
      -2LL= 2291.824 
      AIC = 2307.824 
      BIC = 2334.21 
----------------------------------------------------
----------------------------------------------------
-----------------  Fixed effects  ------------------
----------------------------------------------------
  Parameter Estimate     SE CV(%)
1        E0     5.02  0.142  2.83
2      Emax    28.56  1.989  6.97
3      ED50   501.43 53.316 10.63
4       b.1     0.15  0.019 12.85
----------------------------------------------------
-----------  Variance of random effects  -----------
----------------------------------------------------
         Parameter Estimate    SE   CV(%)
E0       omega2.E0    0.066 0.014   20.96
Emax   omega2.Emax    0.405 0.090   22.26
ED50   omega2.ED50    0.051 0.151  294.92
1    cov.Emax.ED50   -0.022 0.098 -452.51
----------------------------------------------------
------  Correlation matrix of random effects  ------
----------------------------------------------------
            omega2.E0 omega2.Emax omega2.ED50
omega2.E0   1.00       0.00        0.00      
omega2.Emax 0.00       1.00       -0.15      
omega2.ED50 0.00      -0.15        1.00      
----------------------------------------------------
---------------  Statistical criteria  -------------
----------------------------------------------------
Likelihood computed by linearisation
      -2LL= 2290.324 
      AIC = 2306.324 
      BIC = 2332.711 

Likelihood computed by importance sampling
      -2LL= 2291.824 
      AIC = 2307.824 
      BIC = 2334.21 
----------------------------------------------------
Reading data from file /home/eco/work/saemix/saemixextension/simulationSuite/cont/emaxSparseProp/data/data_pdemax68.tab 
These are the first lines of the dataset as read into R. Please check the format of the data is appropriate, if not, modify the na and/or sep items and retry:
  id dose         y
1  1    0  3.069385
2  1 1000 24.263352
3  2    0  8.405376
4  2 1000 38.178631
5  3    0  3.767754
6  3 1000 10.760699


The following SaemixData object was successfully created:

Object of class SaemixData
    longitudinal data for use with the SAEM algorithm
Dataset /home/eco/work/saemix/saemixextension/simulationSuite/cont/emaxSparseProp/data/data_pdemax68.tab 
    Structured data: y ~ dose | id 
    Predictor: dose (-) 
Nonlinear mixed-effects model fit by the SAEM algorithm
-----------------------------------
----          Data             ----
-----------------------------------
Object of class SaemixData
    longitudinal data for use with the SAEM algorithm
Dataset /home/eco/work/saemix/saemixextension/simulationSuite/cont/emaxSparseProp/data/data_pdemax68.tab 
    Structured data: y ~ dose | id 
    Predictor: dose (-) 
Dataset characteristics:
    number of subjects:     200 
    number of observations: 400 
    average/min/max nb obs: 2.00  /  2  /  2 
First 10 lines of data:
   id dose         y mdv cens occ ytype
1   1    0  3.069385   0    0   1     1
2   1 1000 24.263352   0    0   1     1
3   2    0  8.405376   0    0   1     1
4   2 1000 38.178631   0    0   1     1
5   3    0  3.767754   0    0   1     1
6   3 1000 10.760699   0    0   1     1
7   4    0  6.111558   0    0   1     1
8   4 1000 16.088941   0    0   1     1
9   5    0  4.798253   0    0   1     1
10  5 1000 19.279639   0    0   1     1
-----------------------------------
----          Model            ----
-----------------------------------
Nonlinear mixed-effects model
  Model function:  PD Emax model
  Model type:  structural
function (psi, id, xidep) 
{
    dose <- xidep[, 1]
    e0 <- psi[id, 1]
    emax <- psi[id, 2]
    e50 <- psi[id, 3]
    f <- e0 + emax * dose/(e50 + dose)
    return(f)
}
<bytecode: 0x5624f519ee00>
  Nb of parameters: 3 
      parameter names:  E0 Emax ED50 
      distribution:
     Parameter Distribution Estimated
[1,] E0        log-normal   Estimated
[2,] Emax      log-normal   Estimated
[3,] ED50      log-normal   Estimated
  Variance-covariance matrix:
     E0 Emax ED50
E0    1    0    0
Emax  0    1    1
ED50  0    1    1
  Error model: proportional , initial values: b.1=0.1 
    No covariate in the model.
    Initial values
             E0 Emax ED50
Pop.CondInit  5   30  500
-----------------------------------
----    Key algorithm options  ----
-----------------------------------
    Estimation of individual parameters (MAP)
    Estimation of standard errors and linearised log-likelihood
    Estimation of log-likelihood by importance sampling
    Number of iterations:  K1=300, K2=100 
    Number of chains:  1 
    Seed:  4838928 
    Number of MCMC iterations for IS:  5000 
    Simulations:
        nb of simulated datasets used for npde:  1000 
        nb of simulated datasets used for VPC:  100 
    Input/output
        save the results to a file:  FALSE 
        save the graphs to files:  TRUE 
        directory where results should be saved:  newdir 
----------------------------------------------------
----                  Results                   ----
----------------------------------------------------
-----------------  Fixed effects  ------------------
----------------------------------------------------
     Parameter Estimate SE     CV(%)
[1,] E0          4.872   0.145  3.0 
[2,] Emax       29.725   2.106  7.1 
[3,] ED50      514.218  62.884 12.2 
[4,] b.1         0.081   0.021 26.4 
----------------------------------------------------
-----------  Variance of random effects  -----------
----------------------------------------------------
      Parameter     Estimate SE    CV(%)
E0    omega2.E0     0.095    0.015 15   
Emax  omega2.Emax   0.451    0.092 20   
ED50  omega2.ED50   0.638    0.214 34   
covar cov.Emax.ED50 0.252    0.124 49   
----------------------------------------------------
------  Correlation matrix of random effects  ------
----------------------------------------------------
            omega2.E0 omega2.Emax omega2.ED50
omega2.E0   1         0.00        0.00       
omega2.Emax 0         1.00        0.47       
omega2.ED50 0         0.47        1.00       
----------------------------------------------------
---------------  Statistical criteria  -------------
----------------------------------------------------
Likelihood computed by linearisation
      -2LL= 2233.336 
      AIC = 2249.336 
      BIC = 2275.722 

Likelihood computed by importance sampling
      -2LL= 2219.064 
      AIC = 2235.064 
      BIC = 2261.451 
----------------------------------------------------
----------------------------------------------------
-----------------  Fixed effects  ------------------
----------------------------------------------------
  Parameter Estimate     SE CV(%)
1        E0    4.872  0.145  2.98
2      Emax   29.725  2.106  7.09
3      ED50  514.218 62.884 12.23
4       b.1    0.081  0.021 26.40
----------------------------------------------------
-----------  Variance of random effects  -----------
----------------------------------------------------
         Parameter Estimate    SE CV(%)
E0       omega2.E0    0.095 0.015 15.42
Emax   omega2.Emax    0.451 0.092 20.36
ED50   omega2.ED50    0.638 0.214 33.51
1    cov.Emax.ED50    0.252 0.124 49.02
----------------------------------------------------
------  Correlation matrix of random effects  ------
----------------------------------------------------
            omega2.E0 omega2.Emax omega2.ED50
omega2.E0   1.00      0.00        0.00       
omega2.Emax 0.00      1.00        0.47       
omega2.ED50 0.00      0.47        1.00       
----------------------------------------------------
---------------  Statistical criteria  -------------
----------------------------------------------------
Likelihood computed by linearisation
      -2LL= 2233.336 
      AIC = 2249.336 
      BIC = 2275.722 

Likelihood computed by importance sampling
      -2LL= 2219.064 
      AIC = 2235.064 
      BIC = 2261.451 
----------------------------------------------------
Reading data from file /home/eco/work/saemix/saemixextension/simulationSuite/cont/emaxSparseProp/data/data_pdemax69.tab 
These are the first lines of the dataset as read into R. Please check the format of the data is appropriate, if not, modify the na and/or sep items and retry:
  id dose         y
1  1    0  5.967375
2  1 1000 23.294508
3  2    0  6.839125
4  2 1000 61.575997
5  3    0  5.513798
6  3 1000 13.763991


The following SaemixData object was successfully created:

Object of class SaemixData
    longitudinal data for use with the SAEM algorithm
Dataset /home/eco/work/saemix/saemixextension/simulationSuite/cont/emaxSparseProp/data/data_pdemax69.tab 
    Structured data: y ~ dose | id 
    Predictor: dose (-) 
Nonlinear mixed-effects model fit by the SAEM algorithm
-----------------------------------
----          Data             ----
-----------------------------------
Object of class SaemixData
    longitudinal data for use with the SAEM algorithm
Dataset /home/eco/work/saemix/saemixextension/simulationSuite/cont/emaxSparseProp/data/data_pdemax69.tab 
    Structured data: y ~ dose | id 
    Predictor: dose (-) 
Dataset characteristics:
    number of subjects:     200 
    number of observations: 400 
    average/min/max nb obs: 2.00  /  2  /  2 
First 10 lines of data:
   id dose         y mdv cens occ ytype
1   1    0  5.967375   0    0   1     1
2   1 1000 23.294508   0    0   1     1
3   2    0  6.839125   0    0   1     1
4   2 1000 61.575997   0    0   1     1
5   3    0  5.513798   0    0   1     1
6   3 1000 13.763991   0    0   1     1
7   4    0  3.777455   0    0   1     1
8   4 1000 18.753097   0    0   1     1
9   5    0  4.597938   0    0   1     1
10  5 1000 48.957019   0    0   1     1
-----------------------------------
----          Model            ----
-----------------------------------
Nonlinear mixed-effects model
  Model function:  PD Emax model
  Model type:  structural
function (psi, id, xidep) 
{
    dose <- xidep[, 1]
    e0 <- psi[id, 1]
    emax <- psi[id, 2]
    e50 <- psi[id, 3]
    f <- e0 + emax * dose/(e50 + dose)
    return(f)
}
<bytecode: 0x5624f519ee00>
  Nb of parameters: 3 
      parameter names:  E0 Emax ED50 
      distribution:
     Parameter Distribution Estimated
[1,] E0        log-normal   Estimated
[2,] Emax      log-normal   Estimated
[3,] ED50      log-normal   Estimated
  Variance-covariance matrix:
     E0 Emax ED50
E0    1    0    0
Emax  0    1    1
ED50  0    1    1
  Error model: proportional , initial values: b.1=0.1 
    No covariate in the model.
    Initial values
             E0 Emax ED50
Pop.CondInit  5   30  500
-----------------------------------
----    Key algorithm options  ----
-----------------------------------
    Estimation of individual parameters (MAP)
    Estimation of standard errors and linearised log-likelihood
    Estimation of log-likelihood by importance sampling
    Number of iterations:  K1=300, K2=100 
    Number of chains:  1 
    Seed:  4838928 
    Number of MCMC iterations for IS:  5000 
    Simulations:
        nb of simulated datasets used for npde:  1000 
        nb of simulated datasets used for VPC:  100 
    Input/output
        save the results to a file:  FALSE 
        save the graphs to files:  TRUE 
        directory where results should be saved:  newdir 
----------------------------------------------------
----                  Results                   ----
----------------------------------------------------
-----------------  Fixed effects  ------------------
----------------------------------------------------
     Parameter Estimate SE     CV(%)
[1,] E0          5.09    0.153  3.0 
[2,] Emax       32.41    2.451  7.6 
[3,] ED50      479.29   60.068 12.5 
[4,] b.1         0.06    0.026 44.0 
----------------------------------------------------
-----------  Variance of random effects  -----------
----------------------------------------------------
      Parameter     Estimate SE    CV(%)
E0    omega2.E0     0.10     0.015 15   
Emax  omega2.Emax   0.63     0.110 17   
ED50  omega2.ED50   0.77     0.231 30   
covar cov.Emax.ED50 0.40     0.144 36   
----------------------------------------------------
------  Correlation matrix of random effects  ------
----------------------------------------------------
            omega2.E0 omega2.Emax omega2.ED50
omega2.E0   1         0.00        0.00       
omega2.Emax 0         1.00        0.57       
omega2.ED50 0         0.57        1.00       
----------------------------------------------------
---------------  Statistical criteria  -------------
----------------------------------------------------
Likelihood computed by linearisation
      -2LL= 2329.416 
      AIC = 2345.416 
      BIC = 2371.802 

Likelihood computed by importance sampling
      -2LL= 2324.544 
      AIC = 2340.544 
      BIC = 2366.931 
----------------------------------------------------
----------------------------------------------------
-----------------  Fixed effects  ------------------
----------------------------------------------------
  Parameter Estimate     SE CV(%)
1        E0     5.09  0.153  3.00
2      Emax    32.41  2.451  7.56
3      ED50   479.29 60.068 12.53
4       b.1     0.06  0.026 43.98
----------------------------------------------------
-----------  Variance of random effects  -----------
----------------------------------------------------
         Parameter Estimate    SE CV(%)
E0       omega2.E0     0.10 0.015 14.82
Emax   omega2.Emax     0.63 0.110 17.49
ED50   omega2.ED50     0.77 0.231 29.97
1    cov.Emax.ED50     0.40 0.144 36.06
----------------------------------------------------
------  Correlation matrix of random effects  ------
----------------------------------------------------
            omega2.E0 omega2.Emax omega2.ED50
omega2.E0   1.00      0.00        0.00       
omega2.Emax 0.00      1.00        0.57       
omega2.ED50 0.00      0.57        1.00       
----------------------------------------------------
---------------  Statistical criteria  -------------
----------------------------------------------------
Likelihood computed by linearisation
      -2LL= 2329.416 
      AIC = 2345.416 
      BIC = 2371.802 

Likelihood computed by importance sampling
      -2LL= 2324.544 
      AIC = 2340.544 
      BIC = 2366.931 
----------------------------------------------------
Reading data from file /home/eco/work/saemix/saemixextension/simulationSuite/cont/emaxSparseProp/data/data_pdemax70.tab 
These are the first lines of the dataset as read into R. Please check the format of the data is appropriate, if not, modify the na and/or sep items and retry:
  id dose          y
1  1    0   4.953570
2  1 1000 155.285330
3  2    0   5.017143
4  2 1000  18.768012
5  3    0   4.402271
6  3 1000  32.788246


The following SaemixData object was successfully created:

Object of class SaemixData
    longitudinal data for use with the SAEM algorithm
Dataset /home/eco/work/saemix/saemixextension/simulationSuite/cont/emaxSparseProp/data/data_pdemax70.tab 
    Structured data: y ~ dose | id 
    Predictor: dose (-) 
Nonlinear mixed-effects model fit by the SAEM algorithm
-----------------------------------
----          Data             ----
-----------------------------------
Object of class SaemixData
    longitudinal data for use with the SAEM algorithm
Dataset /home/eco/work/saemix/saemixextension/simulationSuite/cont/emaxSparseProp/data/data_pdemax70.tab 
    Structured data: y ~ dose | id 
    Predictor: dose (-) 
Dataset characteristics:
    number of subjects:     200 
    number of observations: 400 
    average/min/max nb obs: 2.00  /  2  /  2 
First 10 lines of data:
   id dose          y mdv cens occ ytype
1   1    0   4.953570   0    0   1     1
2   1 1000 155.285330   0    0   1     1
3   2    0   5.017143   0    0   1     1
4   2 1000  18.768012   0    0   1     1
5   3    0   4.402271   0    0   1     1
6   3 1000  32.788246   0    0   1     1
7   4    0   6.302892   0    0   1     1
8   4 1000  50.508413   0    0   1     1
9   5    0   3.170464   0    0   1     1
10  5 1000  11.382941   0    0   1     1
-----------------------------------
----          Model            ----
-----------------------------------
Nonlinear mixed-effects model
  Model function:  PD Emax model
  Model type:  structural
function (psi, id, xidep) 
{
    dose <- xidep[, 1]
    e0 <- psi[id, 1]
    emax <- psi[id, 2]
    e50 <- psi[id, 3]
    f <- e0 + emax * dose/(e50 + dose)
    return(f)
}
<bytecode: 0x5624f519ee00>
  Nb of parameters: 3 
      parameter names:  E0 Emax ED50 
      distribution:
     Parameter Distribution Estimated
[1,] E0        log-normal   Estimated
[2,] Emax      log-normal   Estimated
[3,] ED50      log-normal   Estimated
  Variance-covariance matrix:
     E0 Emax ED50
E0    1    0    0
Emax  0    1    1
ED50  0    1    1
  Error model: proportional , initial values: b.1=0.1 
    No covariate in the model.
    Initial values
             E0 Emax ED50
Pop.CondInit  5   30  500
-----------------------------------
----    Key algorithm options  ----
-----------------------------------
    Estimation of individual parameters (MAP)
    Estimation of standard errors and linearised log-likelihood
    Estimation of log-likelihood by importance sampling
    Number of iterations:  K1=300, K2=100 
    Number of chains:  1 
    Seed:  4838928 
    Number of MCMC iterations for IS:  5000 
    Simulations:
        nb of simulated datasets used for npde:  1000 
        nb of simulated datasets used for VPC:  100 
    Input/output
        save the results to a file:  FALSE 
        save the graphs to files:  TRUE 
        directory where results should be saved:  newdir 
----------------------------------------------------
----                  Results                   ----
----------------------------------------------------
-----------------  Fixed effects  ------------------
----------------------------------------------------
     Parameter Estimate SE     CV(%)
[1,] E0          4.971   0.133  2.7 
[2,] Emax       32.914   2.652  8.1 
[3,] ED50      473.810  64.036 13.5 
[4,] b.1         0.037   0.033 88.2 
----------------------------------------------------
-----------  Variance of random effects  -----------
----------------------------------------------------
      Parameter     Estimate SE    CV(%)
E0    omega2.E0     0.084    0.012 15   
Emax  omega2.Emax   0.736    0.119 16   
ED50  omega2.ED50   1.323    0.286 22   
covar cov.Emax.ED50 0.666    0.169 25   
----------------------------------------------------
------  Correlation matrix of random effects  ------
----------------------------------------------------
            omega2.E0 omega2.Emax omega2.ED50
omega2.E0   1         0.00        0.00       
omega2.Emax 0         1.00        0.68       
omega2.ED50 0         0.68        1.00       
----------------------------------------------------
---------------  Statistical criteria  -------------
----------------------------------------------------
Likelihood computed by linearisation
      -2LL= 2306.495 
      AIC = 2322.495 
      BIC = 2348.882 

Likelihood computed by importance sampling
      -2LL= 2316.429 
      AIC = 2332.429 
      BIC = 2358.815 
----------------------------------------------------
----------------------------------------------------
-----------------  Fixed effects  ------------------
----------------------------------------------------
  Parameter Estimate     SE CV(%)
1        E0    4.971  0.133  2.68
2      Emax   32.914  2.652  8.06
3      ED50  473.810 64.036 13.52
4       b.1    0.037  0.033 88.18
----------------------------------------------------
-----------  Variance of random effects  -----------
----------------------------------------------------
         Parameter Estimate    SE CV(%)
E0       omega2.E0    0.084 0.012 14.53
Emax   omega2.Emax    0.736 0.119 16.21
ED50   omega2.ED50    1.323 0.286 21.64
1    cov.Emax.ED50    0.666 0.169 25.30
----------------------------------------------------
------  Correlation matrix of random effects  ------
----------------------------------------------------
            omega2.E0 omega2.Emax omega2.ED50
omega2.E0   1.00      0.00        0.00       
omega2.Emax 0.00      1.00        0.68       
omega2.ED50 0.00      0.68        1.00       
----------------------------------------------------
---------------  Statistical criteria  -------------
----------------------------------------------------
Likelihood computed by linearisation
      -2LL= 2306.495 
      AIC = 2322.495 
      BIC = 2348.882 

Likelihood computed by importance sampling
      -2LL= 2316.429 
      AIC = 2332.429 
      BIC = 2358.815 
----------------------------------------------------
Reading data from file /home/eco/work/saemix/saemixextension/simulationSuite/cont/emaxSparseProp/data/data_pdemax71.tab 
These are the first lines of the dataset as read into R. Please check the format of the data is appropriate, if not, modify the na and/or sep items and retry:
  id dose         y
1  1    0  9.164864
2  1 1000 16.129800
3  2    0  4.068197
4  2 1000 10.334912
5  3    0  3.005989
6  3 1000 15.801421


The following SaemixData object was successfully created:

Object of class SaemixData
    longitudinal data for use with the SAEM algorithm
Dataset /home/eco/work/saemix/saemixextension/simulationSuite/cont/emaxSparseProp/data/data_pdemax71.tab 
    Structured data: y ~ dose | id 
    Predictor: dose (-) 
Nonlinear mixed-effects model fit by the SAEM algorithm
-----------------------------------
----          Data             ----
-----------------------------------
Object of class SaemixData
    longitudinal data for use with the SAEM algorithm
Dataset /home/eco/work/saemix/saemixextension/simulationSuite/cont/emaxSparseProp/data/data_pdemax71.tab 
    Structured data: y ~ dose | id 
    Predictor: dose (-) 
Dataset characteristics:
    number of subjects:     200 
    number of observations: 400 
    average/min/max nb obs: 2.00  /  2  /  2 
First 10 lines of data:
   id dose         y mdv cens occ ytype
1   1    0  9.164864   0    0   1     1
2   1 1000 16.129800   0    0   1     1
3   2    0  4.068197   0    0   1     1
4   2 1000 10.334912   0    0   1     1
5   3    0  3.005989   0    0   1     1
6   3 1000 15.801421   0    0   1     1
7   4    0  8.269578   0    0   1     1
8   4 1000 16.527599   0    0   1     1
9   5    0  2.714515   0    0   1     1
10  5 1000 28.301447   0    0   1     1
-----------------------------------
----          Model            ----
-----------------------------------
Nonlinear mixed-effects model
  Model function:  PD Emax model
  Model type:  structural
function (psi, id, xidep) 
{
    dose <- xidep[, 1]
    e0 <- psi[id, 1]
    emax <- psi[id, 2]
    e50 <- psi[id, 3]
    f <- e0 + emax * dose/(e50 + dose)
    return(f)
}
<bytecode: 0x5624f519ee00>
  Nb of parameters: 3 
      parameter names:  E0 Emax ED50 
      distribution:
     Parameter Distribution Estimated
[1,] E0        log-normal   Estimated
[2,] Emax      log-normal   Estimated
[3,] ED50      log-normal   Estimated
  Variance-covariance matrix:
     E0 Emax ED50
E0    1    0    0
Emax  0    1    1
ED50  0    1    1
  Error model: proportional , initial values: b.1=0.1 
    No covariate in the model.
    Initial values
             E0 Emax ED50
Pop.CondInit  5   30  500
-----------------------------------
----    Key algorithm options  ----
-----------------------------------
    Estimation of individual parameters (MAP)
    Estimation of standard errors and linearised log-likelihood
    Estimation of log-likelihood by importance sampling
    Number of iterations:  K1=300, K2=100 
    Number of chains:  1 
    Seed:  4838928 
    Number of MCMC iterations for IS:  5000 
    Simulations:
        nb of simulated datasets used for npde:  1000 
        nb of simulated datasets used for VPC:  100 
    Input/output
        save the results to a file:  FALSE 
        save the graphs to files:  TRUE 
        directory where results should be saved:  newdir 
----------------------------------------------------
----                  Results                   ----
----------------------------------------------------
-----------------  Fixed effects  ------------------
----------------------------------------------------
     Parameter Estimate SE     CV(%)
[1,] E0          5.12    0.153  3   
[2,] Emax       24.93    1.742  7   
[3,] ED50      382.13   47.854 13   
[4,] b.1         0.15    0.023 15   
----------------------------------------------------
-----------  Variance of random effects  -----------
----------------------------------------------------
      Parameter     Estimate SE    CV(%)
E0    omega2.E0     0.074    0.015 21   
Emax  omega2.Emax   0.411    0.098 24   
ED50  omega2.ED50   0.435    0.259 60   
covar cov.Emax.ED50 0.217    0.143 66   
----------------------------------------------------
------  Correlation matrix of random effects  ------
----------------------------------------------------
            omega2.E0 omega2.Emax omega2.ED50
omega2.E0   1         0.00        0.00       
omega2.Emax 0         1.00        0.51       
omega2.ED50 0         0.51        1.00       
----------------------------------------------------
---------------  Statistical criteria  -------------
----------------------------------------------------
Likelihood computed by linearisation
      -2LL= 2254.077 
      AIC = 2270.077 
      BIC = 2296.463 

Likelihood computed by importance sampling
      -2LL= 2247.49 
      AIC = 2263.49 
      BIC = 2289.876 
----------------------------------------------------
----------------------------------------------------
-----------------  Fixed effects  ------------------
----------------------------------------------------
  Parameter Estimate     SE CV(%)
1        E0     5.12  0.153  2.99
2      Emax    24.93  1.742  6.99
3      ED50   382.13 47.854 12.52
4       b.1     0.15  0.023 15.45
----------------------------------------------------
-----------  Variance of random effects  -----------
----------------------------------------------------
         Parameter Estimate    SE CV(%)
E0       omega2.E0    0.074 0.015 20.50
Emax   omega2.Emax    0.411 0.098 23.84
ED50   omega2.ED50    0.435 0.259 59.54
1    cov.Emax.ED50    0.217 0.143 66.09
----------------------------------------------------
------  Correlation matrix of random effects  ------
----------------------------------------------------
            omega2.E0 omega2.Emax omega2.ED50
omega2.E0   1.00      0.00        0.00       
omega2.Emax 0.00      1.00        0.51       
omega2.ED50 0.00      0.51        1.00       
----------------------------------------------------
---------------  Statistical criteria  -------------
----------------------------------------------------
Likelihood computed by linearisation
      -2LL= 2254.077 
      AIC = 2270.077 
      BIC = 2296.463 

Likelihood computed by importance sampling
      -2LL= 2247.49 
      AIC = 2263.49 
      BIC = 2289.876 
----------------------------------------------------
Reading data from file /home/eco/work/saemix/saemixextension/simulationSuite/cont/emaxSparseProp/data/data_pdemax72.tab 
These are the first lines of the dataset as read into R. Please check the format of the data is appropriate, if not, modify the na and/or sep items and retry:
  id dose         y
1  1    0  5.172511
2  1 1000 23.106243
3  2    0  5.561347
4  2 1000 29.588037
5  3    0  3.879966
6  3 1000  7.928733


The following SaemixData object was successfully created:

Object of class SaemixData
    longitudinal data for use with the SAEM algorithm
Dataset /home/eco/work/saemix/saemixextension/simulationSuite/cont/emaxSparseProp/data/data_pdemax72.tab 
    Structured data: y ~ dose | id 
    Predictor: dose (-) 
Nonlinear mixed-effects model fit by the SAEM algorithm
-----------------------------------
----          Data             ----
-----------------------------------
Object of class SaemixData
    longitudinal data for use with the SAEM algorithm
Dataset /home/eco/work/saemix/saemixextension/simulationSuite/cont/emaxSparseProp/data/data_pdemax72.tab 
    Structured data: y ~ dose | id 
    Predictor: dose (-) 
Dataset characteristics:
    number of subjects:     200 
    number of observations: 400 
    average/min/max nb obs: 2.00  /  2  /  2 
First 10 lines of data:
   id dose         y mdv cens occ ytype
1   1    0  5.172511   0    0   1     1
2   1 1000 23.106243   0    0   1     1
3   2    0  5.561347   0    0   1     1
4   2 1000 29.588037   0    0   1     1
5   3    0  3.879966   0    0   1     1
6   3 1000  7.928733   0    0   1     1
7   4    0  6.457093   0    0   1     1
8   4 1000 60.450987   0    0   1     1
9   5    0  3.657491   0    0   1     1
10  5 1000 15.616658   0    0   1     1
-----------------------------------
----          Model            ----
-----------------------------------
Nonlinear mixed-effects model
  Model function:  PD Emax model
  Model type:  structural
function (psi, id, xidep) 
{
    dose <- xidep[, 1]
    e0 <- psi[id, 1]
    emax <- psi[id, 2]
    e50 <- psi[id, 3]
    f <- e0 + emax * dose/(e50 + dose)
    return(f)
}
<bytecode: 0x5624f519ee00>
  Nb of parameters: 3 
      parameter names:  E0 Emax ED50 
      distribution:
     Parameter Distribution Estimated
[1,] E0        log-normal   Estimated
[2,] Emax      log-normal   Estimated
[3,] ED50      log-normal   Estimated
  Variance-covariance matrix:
     E0 Emax ED50
E0    1    0    0
Emax  0    1    1
ED50  0    1    1
  Error model: proportional , initial values: b.1=0.1 
    No covariate in the model.
    Initial values
             E0 Emax ED50
Pop.CondInit  5   30  500
-----------------------------------
----    Key algorithm options  ----
-----------------------------------
    Estimation of individual parameters (MAP)
    Estimation of standard errors and linearised log-likelihood
    Estimation of log-likelihood by importance sampling
    Number of iterations:  K1=300, K2=100 
    Number of chains:  1 
    Seed:  4838928 
    Number of MCMC iterations for IS:  5000 
    Simulations:
        nb of simulated datasets used for npde:  1000 
        nb of simulated datasets used for VPC:  100 
    Input/output
        save the results to a file:  FALSE 
        save the graphs to files:  TRUE 
        directory where results should be saved:  newdir 
----------------------------------------------------
----                  Results                   ----
----------------------------------------------------
-----------------  Fixed effects  ------------------
----------------------------------------------------
     Parameter Estimate SE     CV(%)
[1,] E0          5.0     0.133  2.6 
[2,] Emax       36.1     2.411  6.7 
[3,] ED50      695.2    80.456 11.6 
[4,] b.1         0.1     0.017 17.2 
----------------------------------------------------
-----------  Variance of random effects  -----------
----------------------------------------------------
      Parameter     Estimate SE    CV(%)
E0    omega2.E0     0.072    0.012  17  
Emax  omega2.Emax   0.246    0.069  28  
ED50  omega2.ED50   0.546    0.186  34  
covar cov.Emax.ED50 0.013    0.091 706  
----------------------------------------------------
------  Correlation matrix of random effects  ------
----------------------------------------------------
            omega2.E0 omega2.Emax omega2.ED50
omega2.E0   1         0.000       0.000      
omega2.Emax 0         1.000       0.035      
omega2.ED50 0         0.035       1.000      
----------------------------------------------------
---------------  Statistical criteria  -------------
----------------------------------------------------
Likelihood computed by linearisation
      -2LL= 2255.582 
      AIC = 2271.582 
      BIC = 2297.968 

Likelihood computed by importance sampling
      -2LL= 2243.592 
      AIC = 2259.592 
      BIC = 2285.978 
----------------------------------------------------
----------------------------------------------------
-----------------  Fixed effects  ------------------
----------------------------------------------------
  Parameter Estimate     SE CV(%)
1        E0     5.03  0.133  2.64
2      Emax    36.10  2.411  6.68
3      ED50   695.21 80.456 11.57
4       b.1     0.10  0.017 17.19
----------------------------------------------------
-----------  Variance of random effects  -----------
----------------------------------------------------
         Parameter Estimate    SE  CV(%)
E0       omega2.E0    0.072 0.012  16.67
Emax   omega2.Emax    0.246 0.069  28.05
ED50   omega2.ED50    0.546 0.186  33.97
1    cov.Emax.ED50    0.013 0.091 706.39
----------------------------------------------------
------  Correlation matrix of random effects  ------
----------------------------------------------------
            omega2.E0 omega2.Emax omega2.ED50
omega2.E0   1.00      0.000       0.000      
omega2.Emax 0.00      1.000       0.035      
omega2.ED50 0.00      0.035       1.000      
----------------------------------------------------
---------------  Statistical criteria  -------------
----------------------------------------------------
Likelihood computed by linearisation
      -2LL= 2255.582 
      AIC = 2271.582 
      BIC = 2297.968 

Likelihood computed by importance sampling
      -2LL= 2243.592 
      AIC = 2259.592 
      BIC = 2285.978 
----------------------------------------------------
Reading data from file /home/eco/work/saemix/saemixextension/simulationSuite/cont/emaxSparseProp/data/data_pdemax73.tab 
These are the first lines of the dataset as read into R. Please check the format of the data is appropriate, if not, modify the na and/or sep items and retry:
  id dose         y
1  1    0  7.685821
2  1 1000 17.708342
3  2    0  6.103468
4  2 1000 24.822875
5  3    0  3.835489
6  3 1000 18.828926


The following SaemixData object was successfully created:

Object of class SaemixData
    longitudinal data for use with the SAEM algorithm
Dataset /home/eco/work/saemix/saemixextension/simulationSuite/cont/emaxSparseProp/data/data_pdemax73.tab 
    Structured data: y ~ dose | id 
    Predictor: dose (-) 
Nonlinear mixed-effects model fit by the SAEM algorithm
-----------------------------------
----          Data             ----
-----------------------------------
Object of class SaemixData
    longitudinal data for use with the SAEM algorithm
Dataset /home/eco/work/saemix/saemixextension/simulationSuite/cont/emaxSparseProp/data/data_pdemax73.tab 
    Structured data: y ~ dose | id 
    Predictor: dose (-) 
Dataset characteristics:
    number of subjects:     200 
    number of observations: 400 
    average/min/max nb obs: 2.00  /  2  /  2 
First 10 lines of data:
   id dose         y mdv cens occ ytype
1   1    0  7.685821   0    0   1     1
2   1 1000 17.708342   0    0   1     1
3   2    0  6.103468   0    0   1     1
4   2 1000 24.822875   0    0   1     1
5   3    0  3.835489   0    0   1     1
6   3 1000 18.828926   0    0   1     1
7   4    0  2.955926   0    0   1     1
8   4 1000 13.002207   0    0   1     1
9   5    0  7.556732   0    0   1     1
10  5 1000 14.959690   0    0   1     1
-----------------------------------
----          Model            ----
-----------------------------------
Nonlinear mixed-effects model
  Model function:  PD Emax model
  Model type:  structural
function (psi, id, xidep) 
{
    dose <- xidep[, 1]
    e0 <- psi[id, 1]
    emax <- psi[id, 2]
    e50 <- psi[id, 3]
    f <- e0 + emax * dose/(e50 + dose)
    return(f)
}
<bytecode: 0x5624f519ee00>
  Nb of parameters: 3 
      parameter names:  E0 Emax ED50 
      distribution:
     Parameter Distribution Estimated
[1,] E0        log-normal   Estimated
[2,] Emax      log-normal   Estimated
[3,] ED50      log-normal   Estimated
  Variance-covariance matrix:
     E0 Emax ED50
E0    1    0    0
Emax  0    1    1
ED50  0    1    1
  Error model: proportional , initial values: b.1=0.1 
    No covariate in the model.
    Initial values
             E0 Emax ED50
Pop.CondInit  5   30  500
-----------------------------------
----    Key algorithm options  ----
-----------------------------------
    Estimation of individual parameters (MAP)
    Estimation of standard errors and linearised log-likelihood
    Estimation of log-likelihood by importance sampling
    Number of iterations:  K1=300, K2=100 
    Number of chains:  1 
    Seed:  4838928 
    Number of MCMC iterations for IS:  5000 
    Simulations:
        nb of simulated datasets used for npde:  1000 
        nb of simulated datasets used for VPC:  100 
    Input/output
        save the results to a file:  FALSE 
        save the graphs to files:  TRUE 
        directory where results should be saved:  newdir 
----------------------------------------------------
----                  Results                   ----
----------------------------------------------------
-----------------  Fixed effects  ------------------
----------------------------------------------------
     Parameter Estimate SE     CV(%)
[1,] E0          5.02    0.164  3.3 
[2,] Emax       28.33    1.594  5.6 
[3,] ED50      398.77   41.165 10.3 
[4,] b.1         0.13    0.019 14.7 
----------------------------------------------------
-----------  Variance of random effects  -----------
----------------------------------------------------
      Parameter     Estimate SE    CV(%)
E0    omega2.E0      0.100   0.017   17 
Emax  omega2.Emax    0.255   0.060   24 
ED50  omega2.ED50    0.211   0.154   73 
covar cov.Emax.ED50 -0.019   0.079 -420 
----------------------------------------------------
------  Correlation matrix of random effects  ------
----------------------------------------------------
            omega2.E0 omega2.Emax omega2.ED50
omega2.E0   1          0.000       0.000     
omega2.Emax 0          1.000      -0.081     
omega2.ED50 0         -0.081       1.000     
----------------------------------------------------
---------------  Statistical criteria  -------------
----------------------------------------------------
Likelihood computed by linearisation
      -2LL= 2307.57 
      AIC = 2323.57 
      BIC = 2349.957 

Likelihood computed by importance sampling
      -2LL= 2307.421 
      AIC = 2323.421 
      BIC = 2349.807 
----------------------------------------------------
----------------------------------------------------
-----------------  Fixed effects  ------------------
----------------------------------------------------
  Parameter Estimate     SE CV(%)
1        E0     5.02  0.164  3.27
2      Emax    28.33  1.594  5.63
3      ED50   398.77 41.165 10.32
4       b.1     0.13  0.019 14.70
----------------------------------------------------
-----------  Variance of random effects  -----------
----------------------------------------------------
         Parameter Estimate    SE   CV(%)
E0       omega2.E0    0.100 0.017   17.28
Emax   omega2.Emax    0.255 0.060   23.68
ED50   omega2.ED50    0.211 0.154   72.86
1    cov.Emax.ED50   -0.019 0.079 -419.87
----------------------------------------------------
------  Correlation matrix of random effects  ------
----------------------------------------------------
            omega2.E0 omega2.Emax omega2.ED50
omega2.E0   1.00       0.000       0.000     
omega2.Emax 0.00       1.000      -0.081     
omega2.ED50 0.00      -0.081       1.000     
----------------------------------------------------
---------------  Statistical criteria  -------------
----------------------------------------------------
Likelihood computed by linearisation
      -2LL= 2307.57 
      AIC = 2323.57 
      BIC = 2349.957 

Likelihood computed by importance sampling
      -2LL= 2307.421 
      AIC = 2323.421 
      BIC = 2349.807 
----------------------------------------------------
Reading data from file /home/eco/work/saemix/saemixextension/simulationSuite/cont/emaxSparseProp/data/data_pdemax74.tab 
These are the first lines of the dataset as read into R. Please check the format of the data is appropriate, if not, modify the na and/or sep items and retry:
  id dose         y
1  1    0  4.187735
2  1 1000 32.432951
3  2    0  4.064237
4  2 1000 17.572396
5  3    0  6.744885
6  3 1000 38.783678


The following SaemixData object was successfully created:

Object of class SaemixData
    longitudinal data for use with the SAEM algorithm
Dataset /home/eco/work/saemix/saemixextension/simulationSuite/cont/emaxSparseProp/data/data_pdemax74.tab 
    Structured data: y ~ dose | id 
    Predictor: dose (-) 
Nonlinear mixed-effects model fit by the SAEM algorithm
-----------------------------------
----          Data             ----
-----------------------------------
Object of class SaemixData
    longitudinal data for use with the SAEM algorithm
Dataset /home/eco/work/saemix/saemixextension/simulationSuite/cont/emaxSparseProp/data/data_pdemax74.tab 
    Structured data: y ~ dose | id 
    Predictor: dose (-) 
Dataset characteristics:
    number of subjects:     200 
    number of observations: 400 
    average/min/max nb obs: 2.00  /  2  /  2 
First 10 lines of data:
   id dose         y mdv cens occ ytype
1   1    0  4.187735   0    0   1     1
2   1 1000 32.432951   0    0   1     1
3   2    0  4.064237   0    0   1     1
4   2 1000 17.572396   0    0   1     1
5   3    0  6.744885   0    0   1     1
6   3 1000 38.783678   0    0   1     1
7   4    0  6.019029   0    0   1     1
8   4 1000 82.672062   0    0   1     1
9   5    0  5.111768   0    0   1     1
10  5 1000 24.237137   0    0   1     1
-----------------------------------
----          Model            ----
-----------------------------------
Nonlinear mixed-effects model
  Model function:  PD Emax model
  Model type:  structural
function (psi, id, xidep) 
{
    dose <- xidep[, 1]
    e0 <- psi[id, 1]
    emax <- psi[id, 2]
    e50 <- psi[id, 3]
    f <- e0 + emax * dose/(e50 + dose)
    return(f)
}
<bytecode: 0x5624f519ee00>
  Nb of parameters: 3 
      parameter names:  E0 Emax ED50 
      distribution:
     Parameter Distribution Estimated
[1,] E0        log-normal   Estimated
[2,] Emax      log-normal   Estimated
[3,] ED50      log-normal   Estimated
  Variance-covariance matrix:
     E0 Emax ED50
E0    1    0    0
Emax  0    1    1
ED50  0    1    1
  Error model: proportional , initial values: b.1=0.1 
    No covariate in the model.
    Initial values
             E0 Emax ED50
Pop.CondInit  5   30  500
-----------------------------------
----    Key algorithm options  ----
-----------------------------------
    Estimation of individual parameters (MAP)
    Estimation of standard errors and linearised log-likelihood
    Estimation of log-likelihood by importance sampling
    Number of iterations:  K1=300, K2=100 
    Number of chains:  1 
    Seed:  4838928 
    Number of MCMC iterations for IS:  5000 
    Simulations:
        nb of simulated datasets used for npde:  1000 
        nb of simulated datasets used for VPC:  100 
    Input/output
        save the results to a file:  FALSE 
        save the graphs to files:  TRUE 
        directory where results should be saved:  newdir 
----------------------------------------------------
----                  Results                   ----
----------------------------------------------------
-----------------  Fixed effects  ------------------
----------------------------------------------------
     Parameter Estimate SE    CV(%)
[1,] E0          4.9     0.14  2.8 
[2,] Emax       30.1     1.96  6.5 
[3,] ED50      481.4    58.87 12.2 
[4,] b.1         0.1     0.02 19.0 
----------------------------------------------------
-----------  Variance of random effects  -----------
----------------------------------------------------
      Parameter     Estimate SE    CV(%)
E0    omega2.E0     0.078    0.013  17  
Emax  omega2.Emax   0.312    0.076  24  
ED50  omega2.ED50   0.604    0.218  36  
covar cov.Emax.ED50 0.102    0.110 108  
----------------------------------------------------
------  Correlation matrix of random effects  ------
----------------------------------------------------
            omega2.E0 omega2.Emax omega2.ED50
omega2.E0   1         0.00        0.00       
omega2.Emax 0         1.00        0.23       
omega2.ED50 0         0.23        1.00       
----------------------------------------------------
---------------  Statistical criteria  -------------
----------------------------------------------------
Likelihood computed by linearisation
      -2LL= 2257.304 
      AIC = 2273.304 
      BIC = 2299.69 

Likelihood computed by importance sampling
      -2LL= 2246.458 
      AIC = 2262.458 
      BIC = 2288.845 
----------------------------------------------------
----------------------------------------------------
-----------------  Fixed effects  ------------------
----------------------------------------------------
  Parameter Estimate    SE CV(%)
1        E0     4.95  0.14  2.81
2      Emax    30.14  1.96  6.50
3      ED50   481.43 58.87 12.23
4       b.1     0.10  0.02 18.97
----------------------------------------------------
-----------  Variance of random effects  -----------
----------------------------------------------------
         Parameter Estimate    SE  CV(%)
E0       omega2.E0    0.078 0.013  16.95
Emax   omega2.Emax    0.312 0.076  24.44
ED50   omega2.ED50    0.604 0.218  35.99
1    cov.Emax.ED50    0.102 0.110 108.35
----------------------------------------------------
------  Correlation matrix of random effects  ------
----------------------------------------------------
            omega2.E0 omega2.Emax omega2.ED50
omega2.E0   1.00      0.00        0.00       
omega2.Emax 0.00      1.00        0.23       
omega2.ED50 0.00      0.23        1.00       
----------------------------------------------------
---------------  Statistical criteria  -------------
----------------------------------------------------
Likelihood computed by linearisation
      -2LL= 2257.304 
      AIC = 2273.304 
      BIC = 2299.69 

Likelihood computed by importance sampling
      -2LL= 2246.458 
      AIC = 2262.458 
      BIC = 2288.845 
----------------------------------------------------
Reading data from file /home/eco/work/saemix/saemixextension/simulationSuite/cont/emaxSparseProp/data/data_pdemax75.tab 
These are the first lines of the dataset as read into R. Please check the format of the data is appropriate, if not, modify the na and/or sep items and retry:
  id dose         y
1  1    0 10.010447
2  1 1000 35.766666
3  2    0  6.757601
4  2 1000 23.514410
5  3    0  1.710144
6  3 1000 22.304400


The following SaemixData object was successfully created:

Object of class SaemixData
    longitudinal data for use with the SAEM algorithm
Dataset /home/eco/work/saemix/saemixextension/simulationSuite/cont/emaxSparseProp/data/data_pdemax75.tab 
    Structured data: y ~ dose | id 
    Predictor: dose (-) 
Nonlinear mixed-effects model fit by the SAEM algorithm
-----------------------------------
----          Data             ----
-----------------------------------
Object of class SaemixData
    longitudinal data for use with the SAEM algorithm
Dataset /home/eco/work/saemix/saemixextension/simulationSuite/cont/emaxSparseProp/data/data_pdemax75.tab 
    Structured data: y ~ dose | id 
    Predictor: dose (-) 
Dataset characteristics:
    number of subjects:     200 
    number of observations: 400 
    average/min/max nb obs: 2.00  /  2  /  2 
First 10 lines of data:
   id dose         y mdv cens occ ytype
1   1    0 10.010447   0    0   1     1
2   1 1000 35.766666   0    0   1     1
3   2    0  6.757601   0    0   1     1
4   2 1000 23.514410   0    0   1     1
5   3    0  1.710144   0    0   1     1
6   3 1000 22.304400   0    0   1     1
7   4    0  4.764889   0    0   1     1
8   4 1000 45.991707   0    0   1     1
9   5    0  5.478028   0    0   1     1
10  5 1000 30.755656   0    0   1     1
-----------------------------------
----          Model            ----
-----------------------------------
Nonlinear mixed-effects model
  Model function:  PD Emax model
  Model type:  structural
function (psi, id, xidep) 
{
    dose <- xidep[, 1]
    e0 <- psi[id, 1]
    emax <- psi[id, 2]
    e50 <- psi[id, 3]
    f <- e0 + emax * dose/(e50 + dose)
    return(f)
}
<bytecode: 0x5624f519ee00>
  Nb of parameters: 3 
      parameter names:  E0 Emax ED50 
      distribution:
     Parameter Distribution Estimated
[1,] E0        log-normal   Estimated
[2,] Emax      log-normal   Estimated
[3,] ED50      log-normal   Estimated
  Variance-covariance matrix:
     E0 Emax ED50
E0    1    0    0
Emax  0    1    1
ED50  0    1    1
  Error model: proportional , initial values: b.1=0.1 
    No covariate in the model.
    Initial values
             E0 Emax ED50
Pop.CondInit  5   30  500
-----------------------------------
----    Key algorithm options  ----
-----------------------------------
    Estimation of individual parameters (MAP)
    Estimation of standard errors and linearised log-likelihood
    Estimation of log-likelihood by importance sampling
    Number of iterations:  K1=300, K2=100 
    Number of chains:  1 
    Seed:  4838928 
    Number of MCMC iterations for IS:  5000 
    Simulations:
        nb of simulated datasets used for npde:  1000 
        nb of simulated datasets used for VPC:  100 
    Input/output
        save the results to a file:  FALSE 
        save the graphs to files:  TRUE 
        directory where results should be saved:  newdir 
----------------------------------------------------
----                  Results                   ----
----------------------------------------------------
-----------------  Fixed effects  ------------------
----------------------------------------------------
     Parameter Estimate SE    CV(%)
[1,] E0          5.067   0.14  2.8 
[2,] Emax       27.296   1.95  7.1 
[3,] ED50      491.537  57.80 11.8 
[4,] b.1         0.092   0.02 22.1 
----------------------------------------------------
-----------  Variance of random effects  -----------
----------------------------------------------------
      Parameter     Estimate SE    CV(%)
E0    omega2.E0     0.077    0.013 16   
Emax  omega2.Emax   0.490    0.098 20   
ED50  omega2.ED50   0.416    0.200 48   
covar cov.Emax.ED50 0.227    0.126 55   
----------------------------------------------------
------  Correlation matrix of random effects  ------
----------------------------------------------------
            omega2.E0 omega2.Emax omega2.ED50
omega2.E0   1         0.0         0.0        
omega2.Emax 0         1.0         0.5        
omega2.ED50 0         0.5         1.0        
----------------------------------------------------
---------------  Statistical criteria  -------------
----------------------------------------------------
Likelihood computed by linearisation
      -2LL= 2204.189 
      AIC = 2220.189 
      BIC = 2246.575 

Likelihood computed by importance sampling
      -2LL= 2193.699 
      AIC = 2209.699 
      BIC = 2236.085 
----------------------------------------------------
----------------------------------------------------
-----------------  Fixed effects  ------------------
----------------------------------------------------
  Parameter Estimate    SE CV(%)
1        E0    5.067  0.14  2.77
2      Emax   27.296  1.95  7.13
3      ED50  491.537 57.80 11.76
4       b.1    0.092  0.02 22.10
----------------------------------------------------
-----------  Variance of random effects  -----------
----------------------------------------------------
         Parameter Estimate    SE CV(%)
E0       omega2.E0    0.077 0.013 16.34
Emax   omega2.Emax    0.490 0.098 19.95
ED50   omega2.ED50    0.416 0.200 48.14
1    cov.Emax.ED50    0.227 0.126 55.18
----------------------------------------------------
------  Correlation matrix of random effects  ------
----------------------------------------------------
            omega2.E0 omega2.Emax omega2.ED50
omega2.E0   1.00      0.00        0.00       
omega2.Emax 0.00      1.00        0.50       
omega2.ED50 0.00      0.50        1.00       
----------------------------------------------------
---------------  Statistical criteria  -------------
----------------------------------------------------
Likelihood computed by linearisation
      -2LL= 2204.189 
      AIC = 2220.189 
      BIC = 2246.575 

Likelihood computed by importance sampling
      -2LL= 2193.699 
      AIC = 2209.699 
      BIC = 2236.085 
----------------------------------------------------
Reading data from file /home/eco/work/saemix/saemixextension/simulationSuite/cont/emaxSparseProp/data/data_pdemax76.tab 
These are the first lines of the dataset as read into R. Please check the format of the data is appropriate, if not, modify the na and/or sep items and retry:
  id dose         y
1  1    0  4.082505
2  1 1000 20.823779
3  2    0  6.793258
4  2 1000 45.393693
5  3    0  4.097725
6  3 1000 39.154922


The following SaemixData object was successfully created:

Object of class SaemixData
    longitudinal data for use with the SAEM algorithm
Dataset /home/eco/work/saemix/saemixextension/simulationSuite/cont/emaxSparseProp/data/data_pdemax76.tab 
    Structured data: y ~ dose | id 
    Predictor: dose (-) 
Nonlinear mixed-effects model fit by the SAEM algorithm
-----------------------------------
----          Data             ----
-----------------------------------
Object of class SaemixData
    longitudinal data for use with the SAEM algorithm
Dataset /home/eco/work/saemix/saemixextension/simulationSuite/cont/emaxSparseProp/data/data_pdemax76.tab 
    Structured data: y ~ dose | id 
    Predictor: dose (-) 
Dataset characteristics:
    number of subjects:     200 
    number of observations: 400 
    average/min/max nb obs: 2.00  /  2  /  2 
First 10 lines of data:
   id dose         y mdv cens occ ytype
1   1    0  4.082505   0    0   1     1
2   1 1000 20.823779   0    0   1     1
3   2    0  6.793258   0    0   1     1
4   2 1000 45.393693   0    0   1     1
5   3    0  4.097725   0    0   1     1
6   3 1000 39.154922   0    0   1     1
7   4    0  3.429973   0    0   1     1
8   4 1000 46.587358   0    0   1     1
9   5    0  7.317233   0    0   1     1
10  5 1000 25.282711   0    0   1     1
-----------------------------------
----          Model            ----
-----------------------------------
Nonlinear mixed-effects model
  Model function:  PD Emax model
  Model type:  structural
function (psi, id, xidep) 
{
    dose <- xidep[, 1]
    e0 <- psi[id, 1]
    emax <- psi[id, 2]
    e50 <- psi[id, 3]
    f <- e0 + emax * dose/(e50 + dose)
    return(f)
}
<bytecode: 0x5624f519ee00>
  Nb of parameters: 3 
      parameter names:  E0 Emax ED50 
      distribution:
     Parameter Distribution Estimated
[1,] E0        log-normal   Estimated
[2,] Emax      log-normal   Estimated
[3,] ED50      log-normal   Estimated
  Variance-covariance matrix:
     E0 Emax ED50
E0    1    0    0
Emax  0    1    1
ED50  0    1    1
  Error model: proportional , initial values: b.1=0.1 
    No covariate in the model.
    Initial values
             E0 Emax ED50
Pop.CondInit  5   30  500
-----------------------------------
----    Key algorithm options  ----
-----------------------------------
    Estimation of individual parameters (MAP)
    Estimation of standard errors and linearised log-likelihood
    Estimation of log-likelihood by importance sampling
    Number of iterations:  K1=300, K2=100 
    Number of chains:  1 
    Seed:  4838928 
    Number of MCMC iterations for IS:  5000 
    Simulations:
        nb of simulated datasets used for npde:  1000 
        nb of simulated datasets used for VPC:  100 
    Input/output
        save the results to a file:  FALSE 
        save the graphs to files:  TRUE 
        directory where results should be saved:  newdir 
----------------------------------------------------
----                  Results                   ----
----------------------------------------------------
-----------------  Fixed effects  ------------------
----------------------------------------------------
     Parameter Estimate SE     CV(%)
[1,] E0          4.68    0.127  2.7 
[2,] Emax       27.22    1.721  6.3 
[3,] ED50      365.71   38.260 10.5 
[4,] b.1         0.13    0.021 16.4 
----------------------------------------------------
-----------  Variance of random effects  -----------
----------------------------------------------------
      Parameter     Estimate SE    CV(%)
E0    omega2.E0     0.061    0.012 20   
Emax  omega2.Emax   0.418    0.081 19   
ED50  omega2.ED50   0.335    0.181 54   
covar cov.Emax.ED50 0.148    0.106 72   
----------------------------------------------------
------  Correlation matrix of random effects  ------
----------------------------------------------------
            omega2.E0 omega2.Emax omega2.ED50
omega2.E0   1         0.00        0.00       
omega2.Emax 0         1.00        0.39       
omega2.ED50 0         0.39        1.00       
----------------------------------------------------
---------------  Statistical criteria  -------------
----------------------------------------------------
Likelihood computed by linearisation
      -2LL= 2261.387 
      AIC = 2277.387 
      BIC = 2303.774 

Likelihood computed by importance sampling
      -2LL= 2254.374 
      AIC = 2270.374 
      BIC = 2296.761 
----------------------------------------------------
----------------------------------------------------
-----------------  Fixed effects  ------------------
----------------------------------------------------
  Parameter Estimate     SE CV(%)
1        E0     4.68  0.127  2.71
2      Emax    27.22  1.721  6.32
3      ED50   365.71 38.260 10.46
4       b.1     0.13  0.021 16.40
----------------------------------------------------
-----------  Variance of random effects  -----------
----------------------------------------------------
         Parameter Estimate    SE CV(%)
E0       omega2.E0    0.061 0.012 20.11
Emax   omega2.Emax    0.418 0.081 19.34
ED50   omega2.ED50    0.335 0.181 53.95
1    cov.Emax.ED50    0.148 0.106 71.70
----------------------------------------------------
------  Correlation matrix of random effects  ------
----------------------------------------------------
            omega2.E0 omega2.Emax omega2.ED50
omega2.E0   1.00      0.00        0.00       
omega2.Emax 0.00      1.00        0.39       
omega2.ED50 0.00      0.39        1.00       
----------------------------------------------------
---------------  Statistical criteria  -------------
----------------------------------------------------
Likelihood computed by linearisation
      -2LL= 2261.387 
      AIC = 2277.387 
      BIC = 2303.774 

Likelihood computed by importance sampling
      -2LL= 2254.374 
      AIC = 2270.374 
      BIC = 2296.761 
----------------------------------------------------
Reading data from file /home/eco/work/saemix/saemixextension/simulationSuite/cont/emaxSparseProp/data/data_pdemax77.tab 
These are the first lines of the dataset as read into R. Please check the format of the data is appropriate, if not, modify the na and/or sep items and retry:
  id dose         y
1  1    0  4.714140
2  1 1000 18.885522
3  2    0  4.130810
4  2 1000 63.472767
5  3    0  2.999328
6  3 1000 32.206472


The following SaemixData object was successfully created:

Object of class SaemixData
    longitudinal data for use with the SAEM algorithm
Dataset /home/eco/work/saemix/saemixextension/simulationSuite/cont/emaxSparseProp/data/data_pdemax77.tab 
    Structured data: y ~ dose | id 
    Predictor: dose (-) 
Nonlinear mixed-effects model fit by the SAEM algorithm
-----------------------------------
----          Data             ----
-----------------------------------
Object of class SaemixData
    longitudinal data for use with the SAEM algorithm
Dataset /home/eco/work/saemix/saemixextension/simulationSuite/cont/emaxSparseProp/data/data_pdemax77.tab 
    Structured data: y ~ dose | id 
    Predictor: dose (-) 
Dataset characteristics:
    number of subjects:     200 
    number of observations: 400 
    average/min/max nb obs: 2.00  /  2  /  2 
First 10 lines of data:
   id dose         y mdv cens occ ytype
1   1    0  4.714140   0    0   1     1
2   1 1000 18.885522   0    0   1     1
3   2    0  4.130810   0    0   1     1
4   2 1000 63.472767   0    0   1     1
5   3    0  2.999328   0    0   1     1
6   3 1000 32.206472   0    0   1     1
7   4    0  4.670844   0    0   1     1
8   4 1000 15.367716   0    0   1     1
9   5    0  5.358917   0    0   1     1
10  5 1000 55.462572   0    0   1     1
-----------------------------------
----          Model            ----
-----------------------------------
Nonlinear mixed-effects model
  Model function:  PD Emax model
  Model type:  structural
function (psi, id, xidep) 
{
    dose <- xidep[, 1]
    e0 <- psi[id, 1]
    emax <- psi[id, 2]
    e50 <- psi[id, 3]
    f <- e0 + emax * dose/(e50 + dose)
    return(f)
}
<bytecode: 0x5624f519ee00>
  Nb of parameters: 3 
      parameter names:  E0 Emax ED50 
      distribution:
     Parameter Distribution Estimated
[1,] E0        log-normal   Estimated
[2,] Emax      log-normal   Estimated
[3,] ED50      log-normal   Estimated
  Variance-covariance matrix:
     E0 Emax ED50
E0    1    0    0
Emax  0    1    1
ED50  0    1    1
  Error model: proportional , initial values: b.1=0.1 
    No covariate in the model.
    Initial values
             E0 Emax ED50
Pop.CondInit  5   30  500
-----------------------------------
----    Key algorithm options  ----
-----------------------------------
    Estimation of individual parameters (MAP)
    Estimation of standard errors and linearised log-likelihood
    Estimation of log-likelihood by importance sampling
    Number of iterations:  K1=300, K2=100 
    Number of chains:  1 
    Seed:  4838928 
    Number of MCMC iterations for IS:  5000 
    Simulations:
        nb of simulated datasets used for npde:  1000 
        nb of simulated datasets used for VPC:  100 
    Input/output
        save the results to a file:  FALSE 
        save the graphs to files:  TRUE 
        directory where results should be saved:  newdir 
----------------------------------------------------
----                  Results                   ----
----------------------------------------------------
-----------------  Fixed effects  ------------------
----------------------------------------------------
     Parameter Estimate SE     CV(%)
[1,] E0          4.725   0.143  3.0 
[2,] Emax       28.884   1.932  6.7 
[3,] ED50      413.783  44.768 10.8 
[4,] b.1         0.095   0.022 23.0 
----------------------------------------------------
-----------  Variance of random effects  -----------
----------------------------------------------------
      Parameter     Estimate SE    CV(%)
E0    omega2.E0     0.09     0.015 16   
Emax  omega2.Emax   0.50     0.090 18   
ED50  omega2.ED50   0.48     0.187 39   
covar cov.Emax.ED50 0.29     0.118 40   
----------------------------------------------------
------  Correlation matrix of random effects  ------
----------------------------------------------------
            omega2.E0 omega2.Emax omega2.ED50
omega2.E0   1         0.00        0.00       
omega2.Emax 0         1.00        0.59       
omega2.ED50 0         0.59        1.00       
----------------------------------------------------
---------------  Statistical criteria  -------------
----------------------------------------------------
Likelihood computed by linearisation
      -2LL= 2258.527 
      AIC = 2274.527 
      BIC = 2300.913 

Likelihood computed by importance sampling
      -2LL= 2247.562 
      AIC = 2263.562 
      BIC = 2289.948 
----------------------------------------------------
----------------------------------------------------
-----------------  Fixed effects  ------------------
----------------------------------------------------
  Parameter Estimate     SE CV(%)
1        E0    4.725  0.143  3.03
2      Emax   28.884  1.932  6.69
3      ED50  413.783 44.768 10.82
4       b.1    0.095  0.022 23.03
----------------------------------------------------
-----------  Variance of random effects  -----------
----------------------------------------------------
         Parameter Estimate    SE CV(%)
E0       omega2.E0     0.09 0.015 16.32
Emax   omega2.Emax     0.50 0.090 17.91
ED50   omega2.ED50     0.48 0.187 38.73
1    cov.Emax.ED50     0.29 0.118 40.09
----------------------------------------------------
------  Correlation matrix of random effects  ------
----------------------------------------------------
            omega2.E0 omega2.Emax omega2.ED50
omega2.E0   1.00      0.00        0.00       
omega2.Emax 0.00      1.00        0.59       
omega2.ED50 0.00      0.59        1.00       
----------------------------------------------------
---------------  Statistical criteria  -------------
----------------------------------------------------
Likelihood computed by linearisation
      -2LL= 2258.527 
      AIC = 2274.527 
      BIC = 2300.913 

Likelihood computed by importance sampling
      -2LL= 2247.562 
      AIC = 2263.562 
      BIC = 2289.948 
----------------------------------------------------
Reading data from file /home/eco/work/saemix/saemixextension/simulationSuite/cont/emaxSparseProp/data/data_pdemax78.tab 
These are the first lines of the dataset as read into R. Please check the format of the data is appropriate, if not, modify the na and/or sep items and retry:
  id dose         y
1  1    0  3.678157
2  1 1000 15.779041
3  2    0  4.019291
4  2 1000 26.067026
5  3    0  8.737389
6  3 1000 17.306669


The following SaemixData object was successfully created:

Object of class SaemixData
    longitudinal data for use with the SAEM algorithm
Dataset /home/eco/work/saemix/saemixextension/simulationSuite/cont/emaxSparseProp/data/data_pdemax78.tab 
    Structured data: y ~ dose | id 
    Predictor: dose (-) 
Nonlinear mixed-effects model fit by the SAEM algorithm
-----------------------------------
----          Data             ----
-----------------------------------
Object of class SaemixData
    longitudinal data for use with the SAEM algorithm
Dataset /home/eco/work/saemix/saemixextension/simulationSuite/cont/emaxSparseProp/data/data_pdemax78.tab 
    Structured data: y ~ dose | id 
    Predictor: dose (-) 
Dataset characteristics:
    number of subjects:     200 
    number of observations: 400 
    average/min/max nb obs: 2.00  /  2  /  2 
First 10 lines of data:
   id dose         y mdv cens occ ytype
1   1    0  3.678157   0    0   1     1
2   1 1000 15.779041   0    0   1     1
3   2    0  4.019291   0    0   1     1
4   2 1000 26.067026   0    0   1     1
5   3    0  8.737389   0    0   1     1
6   3 1000 17.306669   0    0   1     1
7   4    0  4.426604   0    0   1     1
8   4 1000 20.575005   0    0   1     1
9   5    0  9.786102   0    0   1     1
10  5 1000 39.261438   0    0   1     1
-----------------------------------
----          Model            ----
-----------------------------------
Nonlinear mixed-effects model
  Model function:  PD Emax model
  Model type:  structural
function (psi, id, xidep) 
{
    dose <- xidep[, 1]
    e0 <- psi[id, 1]
    emax <- psi[id, 2]
    e50 <- psi[id, 3]
    f <- e0 + emax * dose/(e50 + dose)
    return(f)
}
<bytecode: 0x5624f519ee00>
  Nb of parameters: 3 
      parameter names:  E0 Emax ED50 
      distribution:
     Parameter Distribution Estimated
[1,] E0        log-normal   Estimated
[2,] Emax      log-normal   Estimated
[3,] ED50      log-normal   Estimated
  Variance-covariance matrix:
     E0 Emax ED50
E0    1    0    0
Emax  0    1    1
ED50  0    1    1
  Error model: proportional , initial values: b.1=0.1 
    No covariate in the model.
    Initial values
             E0 Emax ED50
Pop.CondInit  5   30  500
-----------------------------------
----    Key algorithm options  ----
-----------------------------------
    Estimation of individual parameters (MAP)
    Estimation of standard errors and linearised log-likelihood
    Estimation of log-likelihood by importance sampling
    Number of iterations:  K1=300, K2=100 
    Number of chains:  1 
    Seed:  4838928 
    Number of MCMC iterations for IS:  5000 
    Simulations:
        nb of simulated datasets used for npde:  1000 
        nb of simulated datasets used for VPC:  100 
    Input/output
        save the results to a file:  FALSE 
        save the graphs to files:  TRUE 
        directory where results should be saved:  newdir 
----------------------------------------------------
----                  Results                   ----
----------------------------------------------------
-----------------  Fixed effects  ------------------
----------------------------------------------------
     Parameter Estimate SE     CV(%)
[1,] E0          5.196   0.155  3.0 
[2,] Emax       30.370   2.409  7.9 
[3,] ED50      534.433  67.811 12.7 
[4,] b.1         0.087   0.022 24.8 
----------------------------------------------------
-----------  Variance of random effects  -----------
----------------------------------------------------
      Parameter     Estimate SE    CV(%)
E0    omega2.E0     0.095    0.015 16   
Emax  omega2.Emax   0.595    0.117 20   
ED50  omega2.ED50   0.581    0.235 40   
covar cov.Emax.ED50 0.415    0.154 37   
----------------------------------------------------
------  Correlation matrix of random effects  ------
----------------------------------------------------
            omega2.E0 omega2.Emax omega2.ED50
omega2.E0   1         0.0         0.0        
omega2.Emax 0         1.0         0.7        
omega2.ED50 0         0.7         1.0        
----------------------------------------------------
---------------  Statistical criteria  -------------
----------------------------------------------------
Likelihood computed by linearisation
      -2LL= 2234.888 
      AIC = 2250.888 
      BIC = 2277.275 

Likelihood computed by importance sampling
      -2LL= 2226.608 
      AIC = 2242.608 
      BIC = 2268.994 
----------------------------------------------------
----------------------------------------------------
-----------------  Fixed effects  ------------------
----------------------------------------------------
  Parameter Estimate     SE CV(%)
1        E0    5.196  0.155  2.99
2      Emax   30.370  2.409  7.93
3      ED50  534.433 67.811 12.69
4       b.1    0.087  0.022 24.84
----------------------------------------------------
-----------  Variance of random effects  -----------
----------------------------------------------------
         Parameter Estimate    SE CV(%)
E0       omega2.E0    0.095 0.015 15.65
Emax   omega2.Emax    0.595 0.117 19.73
ED50   omega2.ED50    0.581 0.235 40.43
1    cov.Emax.ED50    0.415 0.154 37.05
----------------------------------------------------
------  Correlation matrix of random effects  ------
----------------------------------------------------
            omega2.E0 omega2.Emax omega2.ED50
omega2.E0   1.00      0.00        0.00       
omega2.Emax 0.00      1.00        0.70       
omega2.ED50 0.00      0.70        1.00       
----------------------------------------------------
---------------  Statistical criteria  -------------
----------------------------------------------------
Likelihood computed by linearisation
      -2LL= 2234.888 
      AIC = 2250.888 
      BIC = 2277.275 

Likelihood computed by importance sampling
      -2LL= 2226.608 
      AIC = 2242.608 
      BIC = 2268.994 
----------------------------------------------------
Reading data from file /home/eco/work/saemix/saemixextension/simulationSuite/cont/emaxSparseProp/data/data_pdemax79.tab 
These are the first lines of the dataset as read into R. Please check the format of the data is appropriate, if not, modify the na and/or sep items and retry:
  id dose         y
1  1    0  6.470185
2  1 1000 29.647259
3  2    0  3.542402
4  2 1000 16.759487
5  3    0  3.583412
6  3 1000 19.172082


The following SaemixData object was successfully created:

Object of class SaemixData
    longitudinal data for use with the SAEM algorithm
Dataset /home/eco/work/saemix/saemixextension/simulationSuite/cont/emaxSparseProp/data/data_pdemax79.tab 
    Structured data: y ~ dose | id 
    Predictor: dose (-) 
Nonlinear mixed-effects model fit by the SAEM algorithm
-----------------------------------
----          Data             ----
-----------------------------------
Object of class SaemixData
    longitudinal data for use with the SAEM algorithm
Dataset /home/eco/work/saemix/saemixextension/simulationSuite/cont/emaxSparseProp/data/data_pdemax79.tab 
    Structured data: y ~ dose | id 
    Predictor: dose (-) 
Dataset characteristics:
    number of subjects:     200 
    number of observations: 400 
    average/min/max nb obs: 2.00  /  2  /  2 
First 10 lines of data:
   id dose         y mdv cens occ ytype
1   1    0  6.470185   0    0   1     1
2   1 1000 29.647259   0    0   1     1
3   2    0  3.542402   0    0   1     1
4   2 1000 16.759487   0    0   1     1
5   3    0  3.583412   0    0   1     1
6   3 1000 19.172082   0    0   1     1
7   4    0  7.745208   0    0   1     1
8   4 1000 20.075183   0    0   1     1
9   5    0  9.610171   0    0   1     1
10  5 1000 26.999363   0    0   1     1
-----------------------------------
----          Model            ----
-----------------------------------
Nonlinear mixed-effects model
  Model function:  PD Emax model
  Model type:  structural
function (psi, id, xidep) 
{
    dose <- xidep[, 1]
    e0 <- psi[id, 1]
    emax <- psi[id, 2]
    e50 <- psi[id, 3]
    f <- e0 + emax * dose/(e50 + dose)
    return(f)
}
<bytecode: 0x5624f519ee00>
  Nb of parameters: 3 
      parameter names:  E0 Emax ED50 
      distribution:
     Parameter Distribution Estimated
[1,] E0        log-normal   Estimated
[2,] Emax      log-normal   Estimated
[3,] ED50      log-normal   Estimated
  Variance-covariance matrix:
     E0 Emax ED50
E0    1    0    0
Emax  0    1    1
ED50  0    1    1
  Error model: proportional , initial values: b.1=0.1 
    No covariate in the model.
    Initial values
             E0 Emax ED50
Pop.CondInit  5   30  500
-----------------------------------
----    Key algorithm options  ----
-----------------------------------
    Estimation of individual parameters (MAP)
    Estimation of standard errors and linearised log-likelihood
    Estimation of log-likelihood by importance sampling
    Number of iterations:  K1=300, K2=100 
    Number of chains:  1 
    Seed:  4838928 
    Number of MCMC iterations for IS:  5000 
    Simulations:
        nb of simulated datasets used for npde:  1000 
        nb of simulated datasets used for VPC:  100 
    Input/output
        save the results to a file:  FALSE 
        save the graphs to files:  TRUE 
        directory where results should be saved:  newdir 
----------------------------------------------------
----                  Results                   ----
----------------------------------------------------
-----------------  Fixed effects  ------------------
----------------------------------------------------
     Parameter Estimate SE     CV(%)
[1,] E0          4.58    0.148  3.2 
[2,] Emax       24.27    1.518  6.3 
[3,] ED50      319.36   35.022 11.0 
[4,] b.1         0.11    0.023 20.3 
----------------------------------------------------
-----------  Variance of random effects  -----------
----------------------------------------------------
      Parameter     Estimate SE    CV(%)
E0    omega2.E0     0.099    0.017 17   
Emax  omega2.Emax   0.450    0.083 19   
ED50  omega2.ED50   0.471    0.206 44   
covar cov.Emax.ED50 0.288    0.119 41   
----------------------------------------------------
------  Correlation matrix of random effects  ------
----------------------------------------------------
            omega2.E0 omega2.Emax omega2.ED50
omega2.E0   1         0.00        0.00       
omega2.Emax 0         1.00        0.63       
omega2.ED50 0         0.63        1.00       
----------------------------------------------------
---------------  Statistical criteria  -------------
----------------------------------------------------
Likelihood computed by linearisation
      -2LL= 2225.403 
      AIC = 2241.403 
      BIC = 2267.789 

Likelihood computed by importance sampling
      -2LL= 2216.024 
      AIC = 2232.024 
      BIC = 2258.41 
----------------------------------------------------
----------------------------------------------------
-----------------  Fixed effects  ------------------
----------------------------------------------------
  Parameter Estimate     SE CV(%)
1        E0     4.58  0.148  3.22
2      Emax    24.27  1.518  6.25
3      ED50   319.36 35.022 10.97
4       b.1     0.11  0.023 20.34
----------------------------------------------------
-----------  Variance of random effects  -----------
----------------------------------------------------
         Parameter Estimate    SE CV(%)
E0       omega2.E0    0.099 0.017 16.88
Emax   omega2.Emax    0.450 0.083 18.51
ED50   omega2.ED50    0.471 0.206 43.71
1    cov.Emax.ED50    0.288 0.119 41.25
----------------------------------------------------
------  Correlation matrix of random effects  ------
----------------------------------------------------
            omega2.E0 omega2.Emax omega2.ED50
omega2.E0   1.00      0.00        0.00       
omega2.Emax 0.00      1.00        0.63       
omega2.ED50 0.00      0.63        1.00       
----------------------------------------------------
---------------  Statistical criteria  -------------
----------------------------------------------------
Likelihood computed by linearisation
      -2LL= 2225.403 
      AIC = 2241.403 
      BIC = 2267.789 

Likelihood computed by importance sampling
      -2LL= 2216.024 
      AIC = 2232.024 
      BIC = 2258.41 
----------------------------------------------------
Reading data from file /home/eco/work/saemix/saemixextension/simulationSuite/cont/emaxSparseProp/data/data_pdemax80.tab 
These are the first lines of the dataset as read into R. Please check the format of the data is appropriate, if not, modify the na and/or sep items and retry:
  id dose         y
1  1    0  6.275944
2  1 1000 14.772953
3  2    0  5.179676
4  2 1000 35.871540
5  3    0  5.819957
6  3 1000 18.309778


The following SaemixData object was successfully created:

Object of class SaemixData
    longitudinal data for use with the SAEM algorithm
Dataset /home/eco/work/saemix/saemixextension/simulationSuite/cont/emaxSparseProp/data/data_pdemax80.tab 
    Structured data: y ~ dose | id 
    Predictor: dose (-) 
Nonlinear mixed-effects model fit by the SAEM algorithm
-----------------------------------
----          Data             ----
-----------------------------------
Object of class SaemixData
    longitudinal data for use with the SAEM algorithm
Dataset /home/eco/work/saemix/saemixextension/simulationSuite/cont/emaxSparseProp/data/data_pdemax80.tab 
    Structured data: y ~ dose | id 
    Predictor: dose (-) 
Dataset characteristics:
    number of subjects:     200 
    number of observations: 400 
    average/min/max nb obs: 2.00  /  2  /  2 
First 10 lines of data:
   id dose         y mdv cens occ ytype
1   1    0  6.275944   0    0   1     1
2   1 1000 14.772953   0    0   1     1
3   2    0  5.179676   0    0   1     1
4   2 1000 35.871540   0    0   1     1
5   3    0  5.819957   0    0   1     1
6   3 1000 18.309778   0    0   1     1
7   4    0  5.666030   0    0   1     1
8   4 1000 42.168689   0    0   1     1
9   5    0  4.877469   0    0   1     1
10  5 1000 41.562652   0    0   1     1
-----------------------------------
----          Model            ----
-----------------------------------
Nonlinear mixed-effects model
  Model function:  PD Emax model
  Model type:  structural
function (psi, id, xidep) 
{
    dose <- xidep[, 1]
    e0 <- psi[id, 1]
    emax <- psi[id, 2]
    e50 <- psi[id, 3]
    f <- e0 + emax * dose/(e50 + dose)
    return(f)
}
<bytecode: 0x5624f519ee00>
  Nb of parameters: 3 
      parameter names:  E0 Emax ED50 
      distribution:
     Parameter Distribution Estimated
[1,] E0        log-normal   Estimated
[2,] Emax      log-normal   Estimated
[3,] ED50      log-normal   Estimated
  Variance-covariance matrix:
     E0 Emax ED50
E0    1    0    0
Emax  0    1    1
ED50  0    1    1
  Error model: proportional , initial values: b.1=0.1 
    No covariate in the model.
    Initial values
             E0 Emax ED50
Pop.CondInit  5   30  500
-----------------------------------
----    Key algorithm options  ----
-----------------------------------
    Estimation of individual parameters (MAP)
    Estimation of standard errors and linearised log-likelihood
    Estimation of log-likelihood by importance sampling
    Number of iterations:  K1=300, K2=100 
    Number of chains:  1 
    Seed:  4838928 
    Number of MCMC iterations for IS:  5000 
    Simulations:
        nb of simulated datasets used for npde:  1000 
        nb of simulated datasets used for VPC:  100 
    Input/output
        save the results to a file:  FALSE 
        save the graphs to files:  TRUE 
        directory where results should be saved:  newdir 
----------------------------------------------------
----                  Results                   ----
----------------------------------------------------
-----------------  Fixed effects  ------------------
----------------------------------------------------
     Parameter Estimate SE    CV(%)
[1,] E0          5.2     0.14  2.6 
[2,] Emax       30.3     2.40  7.9 
[3,] ED50      542.0    72.96 13.5 
[4,] b.1         0.1     0.02 20.0 
----------------------------------------------------
-----------  Variance of random effects  -----------
----------------------------------------------------
      Parameter     Estimate SE    CV(%)
E0    omega2.E0     0.069    0.012 17   
Emax  omega2.Emax   0.515    0.110 21   
ED50  omega2.ED50   0.723    0.253 35   
covar cov.Emax.ED50 0.256    0.146 57   
----------------------------------------------------
------  Correlation matrix of random effects  ------
----------------------------------------------------
            omega2.E0 omega2.Emax omega2.ED50
omega2.E0   1         0.00        0.00       
omega2.Emax 0         1.00        0.42       
omega2.ED50 0         0.42        1.00       
----------------------------------------------------
---------------  Statistical criteria  -------------
----------------------------------------------------
Likelihood computed by linearisation
      -2LL= 2273.955 
      AIC = 2289.955 
      BIC = 2316.342 

Likelihood computed by importance sampling
      -2LL= 2258.184 
      AIC = 2274.184 
      BIC = 2300.57 
----------------------------------------------------
----------------------------------------------------
-----------------  Fixed effects  ------------------
----------------------------------------------------
  Parameter Estimate    SE CV(%)
1        E0     5.16  0.14  2.65
2      Emax    30.32  2.40  7.93
3      ED50   542.05 72.96 13.46
4       b.1     0.10  0.02 19.96
----------------------------------------------------
-----------  Variance of random effects  -----------
----------------------------------------------------
         Parameter Estimate    SE CV(%)
E0       omega2.E0    0.069 0.012 17.40
Emax   omega2.Emax    0.515 0.110 21.42
ED50   omega2.ED50    0.723 0.253 34.99
1    cov.Emax.ED50    0.256 0.146 57.22
----------------------------------------------------
------  Correlation matrix of random effects  ------
----------------------------------------------------
            omega2.E0 omega2.Emax omega2.ED50
omega2.E0   1.00      0.00        0.00       
omega2.Emax 0.00      1.00        0.42       
omega2.ED50 0.00      0.42        1.00       
----------------------------------------------------
---------------  Statistical criteria  -------------
----------------------------------------------------
Likelihood computed by linearisation
      -2LL= 2273.955 
      AIC = 2289.955 
      BIC = 2316.342 

Likelihood computed by importance sampling
      -2LL= 2258.184 
      AIC = 2274.184 
      BIC = 2300.57 
----------------------------------------------------
Reading data from file /home/eco/work/saemix/saemixextension/simulationSuite/cont/emaxSparseProp/data/data_pdemax81.tab 
These are the first lines of the dataset as read into R. Please check the format of the data is appropriate, if not, modify the na and/or sep items and retry:
  id dose         y
1  1    0  6.926060
2  1 1000 29.342349
3  2    0  4.563918
4  2 1000 25.949231
5  3    0  5.479371
6  3 1000 15.485729


The following SaemixData object was successfully created:

Object of class SaemixData
    longitudinal data for use with the SAEM algorithm
Dataset /home/eco/work/saemix/saemixextension/simulationSuite/cont/emaxSparseProp/data/data_pdemax81.tab 
    Structured data: y ~ dose | id 
    Predictor: dose (-) 
Nonlinear mixed-effects model fit by the SAEM algorithm
-----------------------------------
----          Data             ----
-----------------------------------
Object of class SaemixData
    longitudinal data for use with the SAEM algorithm
Dataset /home/eco/work/saemix/saemixextension/simulationSuite/cont/emaxSparseProp/data/data_pdemax81.tab 
    Structured data: y ~ dose | id 
    Predictor: dose (-) 
Dataset characteristics:
    number of subjects:     200 
    number of observations: 400 
    average/min/max nb obs: 2.00  /  2  /  2 
First 10 lines of data:
   id dose         y mdv cens occ ytype
1   1    0  6.926060   0    0   1     1
2   1 1000 29.342349   0    0   1     1
3   2    0  4.563918   0    0   1     1
4   2 1000 25.949231   0    0   1     1
5   3    0  5.479371   0    0   1     1
6   3 1000 15.485729   0    0   1     1
7   4    0  3.723078   0    0   1     1
8   4 1000 23.322268   0    0   1     1
9   5    0 10.052739   0    0   1     1
10  5 1000 30.867615   0    0   1     1
-----------------------------------
----          Model            ----
-----------------------------------
Nonlinear mixed-effects model
  Model function:  PD Emax model
  Model type:  structural
function (psi, id, xidep) 
{
    dose <- xidep[, 1]
    e0 <- psi[id, 1]
    emax <- psi[id, 2]
    e50 <- psi[id, 3]
    f <- e0 + emax * dose/(e50 + dose)
    return(f)
}
<bytecode: 0x5624f519ee00>
  Nb of parameters: 3 
      parameter names:  E0 Emax ED50 
      distribution:
     Parameter Distribution Estimated
[1,] E0        log-normal   Estimated
[2,] Emax      log-normal   Estimated
[3,] ED50      log-normal   Estimated
  Variance-covariance matrix:
     E0 Emax ED50
E0    1    0    0
Emax  0    1    1
ED50  0    1    1
  Error model: proportional , initial values: b.1=0.1 
    No covariate in the model.
    Initial values
             E0 Emax ED50
Pop.CondInit  5   30  500
-----------------------------------
----    Key algorithm options  ----
-----------------------------------
    Estimation of individual parameters (MAP)
    Estimation of standard errors and linearised log-likelihood
    Estimation of log-likelihood by importance sampling
    Number of iterations:  K1=300, K2=100 
    Number of chains:  1 
    Seed:  4838928 
    Number of MCMC iterations for IS:  5000 
    Simulations:
        nb of simulated datasets used for npde:  1000 
        nb of simulated datasets used for VPC:  100 
    Input/output
        save the results to a file:  FALSE 
        save the graphs to files:  TRUE 
        directory where results should be saved:  newdir 
----------------------------------------------------
----                  Results                   ----
----------------------------------------------------
-----------------  Fixed effects  ------------------
----------------------------------------------------
     Parameter Estimate SE     CV(%)
[1,] E0          4.758   0.155  3.3 
[2,] Emax       25.806   1.352  5.2 
[3,] ED50      388.998  34.225  8.8 
[4,] b.1         0.047   0.022 48.3 
----------------------------------------------------
-----------  Variance of random effects  -----------
----------------------------------------------------
      Parameter     Estimate SE    CV(%)
E0    omega2.E0     0.120    0.017 14   
Emax  omega2.Emax   0.359    0.056 15   
ED50  omega2.ED50   0.223    0.101 45   
covar cov.Emax.ED50 0.097    0.065 67   
----------------------------------------------------
------  Correlation matrix of random effects  ------
----------------------------------------------------
            omega2.E0 omega2.Emax omega2.ED50
omega2.E0   1         0.00        0.00       
omega2.Emax 0         1.00        0.34       
omega2.ED50 0         0.34        1.00       
----------------------------------------------------
---------------  Statistical criteria  -------------
----------------------------------------------------
Likelihood computed by linearisation
      -2LL= 2180.288 
      AIC = 2196.288 
      BIC = 2222.674 

Likelihood computed by importance sampling
      -2LL= 2179.862 
      AIC = 2195.862 
      BIC = 2222.248 
----------------------------------------------------
----------------------------------------------------
-----------------  Fixed effects  ------------------
----------------------------------------------------
  Parameter Estimate     SE CV(%)
1        E0    4.758  0.155  3.27
2      Emax   25.806  1.352  5.24
3      ED50  388.998 34.225  8.80
4       b.1    0.047  0.022 48.31
----------------------------------------------------
-----------  Variance of random effects  -----------
----------------------------------------------------
         Parameter Estimate    SE CV(%)
E0       omega2.E0    0.120 0.017 13.98
Emax   omega2.Emax    0.359 0.056 15.49
ED50   omega2.ED50    0.223 0.101 45.33
1    cov.Emax.ED50    0.097 0.065 67.13
----------------------------------------------------
------  Correlation matrix of random effects  ------
----------------------------------------------------
            omega2.E0 omega2.Emax omega2.ED50
omega2.E0   1.00      0.00        0.00       
omega2.Emax 0.00      1.00        0.34       
omega2.ED50 0.00      0.34        1.00       
----------------------------------------------------
---------------  Statistical criteria  -------------
----------------------------------------------------
Likelihood computed by linearisation
      -2LL= 2180.288 
      AIC = 2196.288 
      BIC = 2222.674 

Likelihood computed by importance sampling
      -2LL= 2179.862 
      AIC = 2195.862 
      BIC = 2222.248 
----------------------------------------------------
Reading data from file /home/eco/work/saemix/saemixextension/simulationSuite/cont/emaxSparseProp/data/data_pdemax82.tab 
These are the first lines of the dataset as read into R. Please check the format of the data is appropriate, if not, modify the na and/or sep items and retry:
  id dose         y
1  1    0  4.084779
2  1 1000 16.975203
3  2    0  3.445121
4  2 1000 21.372224
5  3    0  2.799523
6  3 1000 29.863007


The following SaemixData object was successfully created:

Object of class SaemixData
    longitudinal data for use with the SAEM algorithm
Dataset /home/eco/work/saemix/saemixextension/simulationSuite/cont/emaxSparseProp/data/data_pdemax82.tab 
    Structured data: y ~ dose | id 
    Predictor: dose (-) 
Nonlinear mixed-effects model fit by the SAEM algorithm
-----------------------------------
----          Data             ----
-----------------------------------
Object of class SaemixData
    longitudinal data for use with the SAEM algorithm
Dataset /home/eco/work/saemix/saemixextension/simulationSuite/cont/emaxSparseProp/data/data_pdemax82.tab 
    Structured data: y ~ dose | id 
    Predictor: dose (-) 
Dataset characteristics:
    number of subjects:     200 
    number of observations: 400 
    average/min/max nb obs: 2.00  /  2  /  2 
First 10 lines of data:
   id dose         y mdv cens occ ytype
1   1    0  4.084779   0    0   1     1
2   1 1000 16.975203   0    0   1     1
3   2    0  3.445121   0    0   1     1
4   2 1000 21.372224   0    0   1     1
5   3    0  2.799523   0    0   1     1
6   3 1000 29.863007   0    0   1     1
7   4    0  4.597430   0    0   1     1
8   4 1000 30.397491   0    0   1     1
9   5    0  3.700277   0    0   1     1
10  5 1000 64.802034   0    0   1     1
-----------------------------------
----          Model            ----
-----------------------------------
Nonlinear mixed-effects model
  Model function:  PD Emax model
  Model type:  structural
function (psi, id, xidep) 
{
    dose <- xidep[, 1]
    e0 <- psi[id, 1]
    emax <- psi[id, 2]
    e50 <- psi[id, 3]
    f <- e0 + emax * dose/(e50 + dose)
    return(f)
}
<bytecode: 0x5624f519ee00>
  Nb of parameters: 3 
      parameter names:  E0 Emax ED50 
      distribution:
     Parameter Distribution Estimated
[1,] E0        log-normal   Estimated
[2,] Emax      log-normal   Estimated
[3,] ED50      log-normal   Estimated
  Variance-covariance matrix:
     E0 Emax ED50
E0    1    0    0
Emax  0    1    1
ED50  0    1    1
  Error model: proportional , initial values: b.1=0.1 
    No covariate in the model.
    Initial values
             E0 Emax ED50
Pop.CondInit  5   30  500
-----------------------------------
----    Key algorithm options  ----
-----------------------------------
    Estimation of individual parameters (MAP)
    Estimation of standard errors and linearised log-likelihood
    Estimation of log-likelihood by importance sampling
    Number of iterations:  K1=300, K2=100 
    Number of chains:  1 
    Seed:  4838928 
    Number of MCMC iterations for IS:  5000 
    Simulations:
        nb of simulated datasets used for npde:  1000 
        nb of simulated datasets used for VPC:  100 
    Input/output
        save the results to a file:  FALSE 
        save the graphs to files:  TRUE 
        directory where results should be saved:  newdir 
----------------------------------------------------
----                  Results                   ----
----------------------------------------------------
-----------------  Fixed effects  ------------------
----------------------------------------------------
     Parameter Estimate SE     CV(%)
[1,] E0          5.263   0.144  2.7 
[2,] Emax       35.448   2.663  7.5 
[3,] ED50      633.312  73.258 11.6 
[4,] b.1         0.098   0.018 18.7 
----------------------------------------------------
-----------  Variance of random effects  -----------
----------------------------------------------------
      Parameter     Estimate SE    CV(%)
E0    omega2.E0     0.077    0.013  17  
Emax  omega2.Emax   0.462    0.098  21  
ED50  omega2.ED50   0.328    0.170  52  
covar cov.Emax.ED50 0.086    0.110 128  
----------------------------------------------------
------  Correlation matrix of random effects  ------
----------------------------------------------------
            omega2.E0 omega2.Emax omega2.ED50
omega2.E0   1         0.00        0.00       
omega2.Emax 0         1.00        0.22       
omega2.ED50 0         0.22        1.00       
----------------------------------------------------
---------------  Statistical criteria  -------------
----------------------------------------------------
Likelihood computed by linearisation
      -2LL= 2317.551 
      AIC = 2333.551 
      BIC = 2359.937 

Likelihood computed by importance sampling
      -2LL= 2310.724 
      AIC = 2326.724 
      BIC = 2353.111 
----------------------------------------------------
----------------------------------------------------
-----------------  Fixed effects  ------------------
----------------------------------------------------
  Parameter Estimate     SE CV(%)
1        E0    5.263  0.144  2.75
2      Emax   35.448  2.663  7.51
3      ED50  633.312 73.258 11.57
4       b.1    0.098  0.018 18.70
----------------------------------------------------
-----------  Variance of random effects  -----------
----------------------------------------------------
         Parameter Estimate    SE  CV(%)
E0       omega2.E0    0.077 0.013  16.55
Emax   omega2.Emax    0.462 0.098  21.21
ED50   omega2.ED50    0.328 0.170  51.86
1    cov.Emax.ED50    0.086 0.110 128.07
----------------------------------------------------
------  Correlation matrix of random effects  ------
----------------------------------------------------
            omega2.E0 omega2.Emax omega2.ED50
omega2.E0   1.00      0.00        0.00       
omega2.Emax 0.00      1.00        0.22       
omega2.ED50 0.00      0.22        1.00       
----------------------------------------------------
---------------  Statistical criteria  -------------
----------------------------------------------------
Likelihood computed by linearisation
      -2LL= 2317.551 
      AIC = 2333.551 
      BIC = 2359.937 

Likelihood computed by importance sampling
      -2LL= 2310.724 
      AIC = 2326.724 
      BIC = 2353.111 
----------------------------------------------------
Reading data from file /home/eco/work/saemix/saemixextension/simulationSuite/cont/emaxSparseProp/data/data_pdemax83.tab 
These are the first lines of the dataset as read into R. Please check the format of the data is appropriate, if not, modify the na and/or sep items and retry:
  id dose         y
1  1    0  4.661024
2  1 1000 19.309554
3  2    0  7.299062
4  2 1000 32.762257
5  3    0  4.200286
6  3 1000 15.903614


The following SaemixData object was successfully created:

Object of class SaemixData
    longitudinal data for use with the SAEM algorithm
Dataset /home/eco/work/saemix/saemixextension/simulationSuite/cont/emaxSparseProp/data/data_pdemax83.tab 
    Structured data: y ~ dose | id 
    Predictor: dose (-) 
Nonlinear mixed-effects model fit by the SAEM algorithm
-----------------------------------
----          Data             ----
-----------------------------------
Object of class SaemixData
    longitudinal data for use with the SAEM algorithm
Dataset /home/eco/work/saemix/saemixextension/simulationSuite/cont/emaxSparseProp/data/data_pdemax83.tab 
    Structured data: y ~ dose | id 
    Predictor: dose (-) 
Dataset characteristics:
    number of subjects:     200 
    number of observations: 400 
    average/min/max nb obs: 2.00  /  2  /  2 
First 10 lines of data:
   id dose         y mdv cens occ ytype
1   1    0  4.661024   0    0   1     1
2   1 1000 19.309554   0    0   1     1
3   2    0  7.299062   0    0   1     1
4   2 1000 32.762257   0    0   1     1
5   3    0  4.200286   0    0   1     1
6   3 1000 15.903614   0    0   1     1
7   4    0  5.307223   0    0   1     1
8   4 1000 22.537136   0    0   1     1
9   5    0  4.477448   0    0   1     1
10  5 1000 32.891010   0    0   1     1
-----------------------------------
----          Model            ----
-----------------------------------
Nonlinear mixed-effects model
  Model function:  PD Emax model
  Model type:  structural
function (psi, id, xidep) 
{
    dose <- xidep[, 1]
    e0 <- psi[id, 1]
    emax <- psi[id, 2]
    e50 <- psi[id, 3]
    f <- e0 + emax * dose/(e50 + dose)
    return(f)
}
<bytecode: 0x5624f519ee00>
  Nb of parameters: 3 
      parameter names:  E0 Emax ED50 
      distribution:
     Parameter Distribution Estimated
[1,] E0        log-normal   Estimated
[2,] Emax      log-normal   Estimated
[3,] ED50      log-normal   Estimated
  Variance-covariance matrix:
     E0 Emax ED50
E0    1    0    0
Emax  0    1    1
ED50  0    1    1
  Error model: proportional , initial values: b.1=0.1 
    No covariate in the model.
    Initial values
             E0 Emax ED50
Pop.CondInit  5   30  500
-----------------------------------
----    Key algorithm options  ----
-----------------------------------
    Estimation of individual parameters (MAP)
    Estimation of standard errors and linearised log-likelihood
    Estimation of log-likelihood by importance sampling
    Number of iterations:  K1=300, K2=100 
    Number of chains:  1 
    Seed:  4838928 
    Number of MCMC iterations for IS:  5000 
    Simulations:
        nb of simulated datasets used for npde:  1000 
        nb of simulated datasets used for VPC:  100 
    Input/output
        save the results to a file:  FALSE 
        save the graphs to files:  TRUE 
        directory where results should be saved:  newdir 
----------------------------------------------------
----                  Results                   ----
----------------------------------------------------
-----------------  Fixed effects  ------------------
----------------------------------------------------
     Parameter Estimate SE     CV(%)
[1,] E0          5.116   0.135  2.6 
[2,] Emax       27.111   2.468  9.1 
[3,] ED50      430.551  61.242 14.2 
[4,] b.1         0.092   0.025 26.7 
----------------------------------------------------
-----------  Variance of random effects  -----------
----------------------------------------------------
      Parameter     Estimate SE    CV(%)
E0    omega2.E0     0.069    0.012 17   
Emax  omega2.Emax   0.969    0.164 17   
ED50  omega2.ED50   1.107    0.330 30   
covar cov.Emax.ED50 0.785    0.218 28   
----------------------------------------------------
------  Correlation matrix of random effects  ------
----------------------------------------------------
            omega2.E0 omega2.Emax omega2.ED50
omega2.E0   1         0.00        0.00       
omega2.Emax 0         1.00        0.76       
omega2.ED50 0         0.76        1.00       
----------------------------------------------------
---------------  Statistical criteria  -------------
----------------------------------------------------
Likelihood computed by linearisation
      -2LL= 2269.006 
      AIC = 2285.006 
      BIC = 2311.393 

Likelihood computed by importance sampling
      -2LL= 2253.84 
      AIC = 2269.84 
      BIC = 2296.226 
----------------------------------------------------
----------------------------------------------------
-----------------  Fixed effects  ------------------
----------------------------------------------------
  Parameter Estimate     SE CV(%)
1        E0    5.116  0.135  2.63
2      Emax   27.111  2.468  9.10
3      ED50  430.551 61.242 14.22
4       b.1    0.092  0.025 26.73
----------------------------------------------------
-----------  Variance of random effects  -----------
----------------------------------------------------
         Parameter Estimate    SE CV(%)
E0       omega2.E0    0.069 0.012 17.40
Emax   omega2.Emax    0.969 0.164 16.97
ED50   omega2.ED50    1.107 0.330 29.83
1    cov.Emax.ED50    0.785 0.218 27.74
----------------------------------------------------
------  Correlation matrix of random effects  ------
----------------------------------------------------
            omega2.E0 omega2.Emax omega2.ED50
omega2.E0   1.00      0.00        0.00       
omega2.Emax 0.00      1.00        0.76       
omega2.ED50 0.00      0.76        1.00       
----------------------------------------------------
---------------  Statistical criteria  -------------
----------------------------------------------------
Likelihood computed by linearisation
      -2LL= 2269.006 
      AIC = 2285.006 
      BIC = 2311.393 

Likelihood computed by importance sampling
      -2LL= 2253.84 
      AIC = 2269.84 
      BIC = 2296.226 
----------------------------------------------------
Reading data from file /home/eco/work/saemix/saemixextension/simulationSuite/cont/emaxSparseProp/data/data_pdemax84.tab 
These are the first lines of the dataset as read into R. Please check the format of the data is appropriate, if not, modify the na and/or sep items and retry:
  id dose         y
1  1    0  5.392646
2  1 1000 58.829238
3  2    0  3.401902
4  2 1000 32.740795
5  3    0  5.156830
6  3 1000 14.457922


The following SaemixData object was successfully created:

Object of class SaemixData
    longitudinal data for use with the SAEM algorithm
Dataset /home/eco/work/saemix/saemixextension/simulationSuite/cont/emaxSparseProp/data/data_pdemax84.tab 
    Structured data: y ~ dose | id 
    Predictor: dose (-) 
Nonlinear mixed-effects model fit by the SAEM algorithm
-----------------------------------
----          Data             ----
-----------------------------------
Object of class SaemixData
    longitudinal data for use with the SAEM algorithm
Dataset /home/eco/work/saemix/saemixextension/simulationSuite/cont/emaxSparseProp/data/data_pdemax84.tab 
    Structured data: y ~ dose | id 
    Predictor: dose (-) 
Dataset characteristics:
    number of subjects:     200 
    number of observations: 400 
    average/min/max nb obs: 2.00  /  2  /  2 
First 10 lines of data:
   id dose         y mdv cens occ ytype
1   1    0  5.392646   0    0   1     1
2   1 1000 58.829238   0    0   1     1
3   2    0  3.401902   0    0   1     1
4   2 1000 32.740795   0    0   1     1
5   3    0  5.156830   0    0   1     1
6   3 1000 14.457922   0    0   1     1
7   4    0  5.438069   0    0   1     1
8   4 1000 31.644039   0    0   1     1
9   5    0  6.141445   0    0   1     1
10  5 1000 38.830183   0    0   1     1
-----------------------------------
----          Model            ----
-----------------------------------
Nonlinear mixed-effects model
  Model function:  PD Emax model
  Model type:  structural
function (psi, id, xidep) 
{
    dose <- xidep[, 1]
    e0 <- psi[id, 1]
    emax <- psi[id, 2]
    e50 <- psi[id, 3]
    f <- e0 + emax * dose/(e50 + dose)
    return(f)
}
<bytecode: 0x5624f519ee00>
  Nb of parameters: 3 
      parameter names:  E0 Emax ED50 
      distribution:
     Parameter Distribution Estimated
[1,] E0        log-normal   Estimated
[2,] Emax      log-normal   Estimated
[3,] ED50      log-normal   Estimated
  Variance-covariance matrix:
     E0 Emax ED50
E0    1    0    0
Emax  0    1    1
ED50  0    1    1
  Error model: proportional , initial values: b.1=0.1 
    No covariate in the model.
    Initial values
             E0 Emax ED50
Pop.CondInit  5   30  500
-----------------------------------
----    Key algorithm options  ----
-----------------------------------
    Estimation of individual parameters (MAP)
    Estimation of standard errors and linearised log-likelihood
    Estimation of log-likelihood by importance sampling
    Number of iterations:  K1=300, K2=100 
    Number of chains:  1 
    Seed:  4838928 
    Number of MCMC iterations for IS:  5000 
    Simulations:
        nb of simulated datasets used for npde:  1000 
        nb of simulated datasets used for VPC:  100 
    Input/output
        save the results to a file:  FALSE 
        save the graphs to files:  TRUE 
        directory where results should be saved:  newdir 
----------------------------------------------------
----                  Results                   ----
----------------------------------------------------
-----------------  Fixed effects  ------------------
----------------------------------------------------
     Parameter Estimate SE     CV(%)
[1,] E0          4.99    0.145  2.9 
[2,] Emax       30.03    2.376  7.9 
[3,] ED50      510.52   63.134 12.4 
[4,] b.1         0.11    0.021 19.0 
----------------------------------------------------
-----------  Variance of random effects  -----------
----------------------------------------------------
      Parameter     Estimate SE    CV(%)
E0    omega2.E0     0.081    0.014 17   
Emax  omega2.Emax   0.605    0.118 19   
ED50  omega2.ED50   0.509    0.220 43   
covar cov.Emax.ED50 0.313    0.145 46   
----------------------------------------------------
------  Correlation matrix of random effects  ------
----------------------------------------------------
            omega2.E0 omega2.Emax omega2.ED50
omega2.E0   1         0.00        0.00       
omega2.Emax 0         1.00        0.56       
omega2.ED50 0         0.56        1.00       
----------------------------------------------------
---------------  Statistical criteria  -------------
----------------------------------------------------
Likelihood computed by linearisation
      -2LL= 2291.404 
      AIC = 2307.404 
      BIC = 2333.791 

Likelihood computed by importance sampling
      -2LL= 2278.809 
      AIC = 2294.809 
      BIC = 2321.195 
----------------------------------------------------
----------------------------------------------------
-----------------  Fixed effects  ------------------
----------------------------------------------------
  Parameter Estimate     SE CV(%)
1        E0     4.99  0.145  2.89
2      Emax    30.03  2.376  7.91
3      ED50   510.52 63.134 12.37
4       b.1     0.11  0.021 19.05
----------------------------------------------------
-----------  Variance of random effects  -----------
----------------------------------------------------
         Parameter Estimate    SE CV(%)
E0       omega2.E0    0.081 0.014 17.35
Emax   omega2.Emax    0.605 0.118 19.43
ED50   omega2.ED50    0.509 0.220 43.29
1    cov.Emax.ED50    0.313 0.145 46.43
----------------------------------------------------
------  Correlation matrix of random effects  ------
----------------------------------------------------
            omega2.E0 omega2.Emax omega2.ED50
omega2.E0   1.00      0.00        0.00       
omega2.Emax 0.00      1.00        0.56       
omega2.ED50 0.00      0.56        1.00       
----------------------------------------------------
---------------  Statistical criteria  -------------
----------------------------------------------------
Likelihood computed by linearisation
      -2LL= 2291.404 
      AIC = 2307.404 
      BIC = 2333.791 

Likelihood computed by importance sampling
      -2LL= 2278.809 
      AIC = 2294.809 
      BIC = 2321.195 
----------------------------------------------------
Reading data from file /home/eco/work/saemix/saemixextension/simulationSuite/cont/emaxSparseProp/data/data_pdemax85.tab 
These are the first lines of the dataset as read into R. Please check the format of the data is appropriate, if not, modify the na and/or sep items and retry:
  id dose         y
1  1    0  5.553683
2  1 1000 58.469771
3  2    0  5.164993
4  2 1000 30.020469
5  3    0  3.223426
6  3 1000 16.932615


The following SaemixData object was successfully created:

Object of class SaemixData
    longitudinal data for use with the SAEM algorithm
Dataset /home/eco/work/saemix/saemixextension/simulationSuite/cont/emaxSparseProp/data/data_pdemax85.tab 
    Structured data: y ~ dose | id 
    Predictor: dose (-) 
Nonlinear mixed-effects model fit by the SAEM algorithm
-----------------------------------
----          Data             ----
-----------------------------------
Object of class SaemixData
    longitudinal data for use with the SAEM algorithm
Dataset /home/eco/work/saemix/saemixextension/simulationSuite/cont/emaxSparseProp/data/data_pdemax85.tab 
    Structured data: y ~ dose | id 
    Predictor: dose (-) 
Dataset characteristics:
    number of subjects:     200 
    number of observations: 400 
    average/min/max nb obs: 2.00  /  2  /  2 
First 10 lines of data:
   id dose         y mdv cens occ ytype
1   1    0  5.553683   0    0   1     1
2   1 1000 58.469771   0    0   1     1
3   2    0  5.164993   0    0   1     1
4   2 1000 30.020469   0    0   1     1
5   3    0  3.223426   0    0   1     1
6   3 1000 16.932615   0    0   1     1
7   4    0  5.655171   0    0   1     1
8   4 1000 28.706288   0    0   1     1
9   5    0  5.000843   0    0   1     1
10  5 1000 14.132176   0    0   1     1
-----------------------------------
----          Model            ----
-----------------------------------
Nonlinear mixed-effects model
  Model function:  PD Emax model
  Model type:  structural
function (psi, id, xidep) 
{
    dose <- xidep[, 1]
    e0 <- psi[id, 1]
    emax <- psi[id, 2]
    e50 <- psi[id, 3]
    f <- e0 + emax * dose/(e50 + dose)
    return(f)
}
<bytecode: 0x5624f519ee00>
  Nb of parameters: 3 
      parameter names:  E0 Emax ED50 
      distribution:
     Parameter Distribution Estimated
[1,] E0        log-normal   Estimated
[2,] Emax      log-normal   Estimated
[3,] ED50      log-normal   Estimated
  Variance-covariance matrix:
     E0 Emax ED50
E0    1    0    0
Emax  0    1    1
ED50  0    1    1
  Error model: proportional , initial values: b.1=0.1 
    No covariate in the model.
    Initial values
             E0 Emax ED50
Pop.CondInit  5   30  500
-----------------------------------
----    Key algorithm options  ----
-----------------------------------
    Estimation of individual parameters (MAP)
    Estimation of standard errors and linearised log-likelihood
    Estimation of log-likelihood by importance sampling
    Number of iterations:  K1=300, K2=100 
    Number of chains:  1 
    Seed:  4838928 
    Number of MCMC iterations for IS:  5000 
    Simulations:
        nb of simulated datasets used for npde:  1000 
        nb of simulated datasets used for VPC:  100 
    Input/output
        save the results to a file:  FALSE 
        save the graphs to files:  TRUE 
        directory where results should be saved:  newdir 
----------------------------------------------------
----                  Results                   ----
----------------------------------------------------
-----------------  Fixed effects  ------------------
----------------------------------------------------
     Parameter Estimate SE    CV(%)
[1,] E0          4.877   0.14  2.9 
[2,] Emax       29.481   2.10  7.1 
[3,] ED50      504.196  58.17 11.5 
[4,] b.1         0.086   0.02 23.3 
----------------------------------------------------
-----------  Variance of random effects  -----------
----------------------------------------------------
      Parameter     Estimate SE    CV(%)
E0    omega2.E0     0.088    0.014 16   
Emax  omega2.Emax   0.498    0.094 19   
ED50  omega2.ED50   0.476    0.182 38   
covar cov.Emax.ED50 0.263    0.118 45   
----------------------------------------------------
------  Correlation matrix of random effects  ------
----------------------------------------------------
            omega2.E0 omega2.Emax omega2.ED50
omega2.E0   1         0.00        0.00       
omega2.Emax 0         1.00        0.54       
omega2.ED50 0         0.54        1.00       
----------------------------------------------------
---------------  Statistical criteria  -------------
----------------------------------------------------
Likelihood computed by linearisation
      -2LL= 2227.092 
      AIC = 2243.092 
      BIC = 2269.479 

Likelihood computed by importance sampling
      -2LL= 2215.271 
      AIC = 2231.271 
      BIC = 2257.658 
----------------------------------------------------
----------------------------------------------------
-----------------  Fixed effects  ------------------
----------------------------------------------------
  Parameter Estimate    SE CV(%)
1        E0    4.877  0.14  2.91
2      Emax   29.481  2.10  7.13
3      ED50  504.196 58.17 11.54
4       b.1    0.086  0.02 23.30
----------------------------------------------------
-----------  Variance of random effects  -----------
----------------------------------------------------
         Parameter Estimate    SE CV(%)
E0       omega2.E0    0.088 0.014 15.76
Emax   omega2.Emax    0.498 0.094 18.98
ED50   omega2.ED50    0.476 0.182 38.28
1    cov.Emax.ED50    0.263 0.118 44.68
----------------------------------------------------
------  Correlation matrix of random effects  ------
----------------------------------------------------
            omega2.E0 omega2.Emax omega2.ED50
omega2.E0   1.00      0.00        0.00       
omega2.Emax 0.00      1.00        0.54       
omega2.ED50 0.00      0.54        1.00       
----------------------------------------------------
---------------  Statistical criteria  -------------
----------------------------------------------------
Likelihood computed by linearisation
      -2LL= 2227.092 
      AIC = 2243.092 
      BIC = 2269.479 

Likelihood computed by importance sampling
      -2LL= 2215.271 
      AIC = 2231.271 
      BIC = 2257.658 
----------------------------------------------------
Reading data from file /home/eco/work/saemix/saemixextension/simulationSuite/cont/emaxSparseProp/data/data_pdemax86.tab 
These are the first lines of the dataset as read into R. Please check the format of the data is appropriate, if not, modify the na and/or sep items and retry:
  id dose         y
1  1    0  4.143176
2  1 1000 21.806235
3  2    0  3.760983
4  2 1000 25.325822
5  3    0  4.566579
6  3 1000 15.093532


The following SaemixData object was successfully created:

Object of class SaemixData
    longitudinal data for use with the SAEM algorithm
Dataset /home/eco/work/saemix/saemixextension/simulationSuite/cont/emaxSparseProp/data/data_pdemax86.tab 
    Structured data: y ~ dose | id 
    Predictor: dose (-) 
Nonlinear mixed-effects model fit by the SAEM algorithm
-----------------------------------
----          Data             ----
-----------------------------------
Object of class SaemixData
    longitudinal data for use with the SAEM algorithm
Dataset /home/eco/work/saemix/saemixextension/simulationSuite/cont/emaxSparseProp/data/data_pdemax86.tab 
    Structured data: y ~ dose | id 
    Predictor: dose (-) 
Dataset characteristics:
    number of subjects:     200 
    number of observations: 400 
    average/min/max nb obs: 2.00  /  2  /  2 
First 10 lines of data:
   id dose         y mdv cens occ ytype
1   1    0  4.143176   0    0   1     1
2   1 1000 21.806235   0    0   1     1
3   2    0  3.760983   0    0   1     1
4   2 1000 25.325822   0    0   1     1
5   3    0  4.566579   0    0   1     1
6   3 1000 15.093532   0    0   1     1
7   4    0  3.236591   0    0   1     1
8   4 1000 24.137533   0    0   1     1
9   5    0  5.326918   0    0   1     1
10  5 1000 20.145500   0    0   1     1
-----------------------------------
----          Model            ----
-----------------------------------
Nonlinear mixed-effects model
  Model function:  PD Emax model
  Model type:  structural
function (psi, id, xidep) 
{
    dose <- xidep[, 1]
    e0 <- psi[id, 1]
    emax <- psi[id, 2]
    e50 <- psi[id, 3]
    f <- e0 + emax * dose/(e50 + dose)
    return(f)
}
<bytecode: 0x5624f519ee00>
  Nb of parameters: 3 
      parameter names:  E0 Emax ED50 
      distribution:
     Parameter Distribution Estimated
[1,] E0        log-normal   Estimated
[2,] Emax      log-normal   Estimated
[3,] ED50      log-normal   Estimated
  Variance-covariance matrix:
     E0 Emax ED50
E0    1    0    0
Emax  0    1    1
ED50  0    1    1
  Error model: proportional , initial values: b.1=0.1 
    No covariate in the model.
    Initial values
             E0 Emax ED50
Pop.CondInit  5   30  500
-----------------------------------
----    Key algorithm options  ----
-----------------------------------
    Estimation of individual parameters (MAP)
    Estimation of standard errors and linearised log-likelihood
    Estimation of log-likelihood by importance sampling
    Number of iterations:  K1=300, K2=100 
    Number of chains:  1 
    Seed:  4838928 
    Number of MCMC iterations for IS:  5000 
    Simulations:
        nb of simulated datasets used for npde:  1000 
        nb of simulated datasets used for VPC:  100 
    Input/output
        save the results to a file:  FALSE 
        save the graphs to files:  TRUE 
        directory where results should be saved:  newdir 
----------------------------------------------------
----                  Results                   ----
----------------------------------------------------
-----------------  Fixed effects  ------------------
----------------------------------------------------
     Parameter Estimate SE     CV(%)
[1,] E0          4.886   0.145  3.0 
[2,] Emax       29.859   2.009  6.7 
[3,] ED50      515.021  59.211 11.5 
[4,] b.1         0.089   0.019 21.6 
----------------------------------------------------
-----------  Variance of random effects  -----------
----------------------------------------------------
      Parameter     Estimate SE    CV(%)
E0    omega2.E0     0.093    0.014 16   
Emax  omega2.Emax   0.394    0.082 21   
ED50  omega2.ED50   0.394    0.180 46   
covar cov.Emax.ED50 0.136    0.106 78   
----------------------------------------------------
------  Correlation matrix of random effects  ------
----------------------------------------------------
            omega2.E0 omega2.Emax omega2.ED50
omega2.E0   1         0.00        0.00       
omega2.Emax 0         1.00        0.34       
omega2.ED50 0         0.34        1.00       
----------------------------------------------------
---------------  Statistical criteria  -------------
----------------------------------------------------
Likelihood computed by linearisation
      -2LL= 2227.041 
      AIC = 2243.041 
      BIC = 2269.428 

Likelihood computed by importance sampling
      -2LL= 2221.49 
      AIC = 2237.49 
      BIC = 2263.877 
----------------------------------------------------
----------------------------------------------------
-----------------  Fixed effects  ------------------
----------------------------------------------------
  Parameter Estimate     SE CV(%)
1        E0    4.886  0.145  2.97
2      Emax   29.859  2.009  6.73
3      ED50  515.021 59.211 11.50
4       b.1    0.089  0.019 21.63
----------------------------------------------------
-----------  Variance of random effects  -----------
----------------------------------------------------
         Parameter Estimate    SE CV(%)
E0       omega2.E0    0.093 0.014 15.54
Emax   omega2.Emax    0.394 0.082 20.95
ED50   omega2.ED50    0.394 0.180 45.58
1    cov.Emax.ED50    0.136 0.106 78.13
----------------------------------------------------
------  Correlation matrix of random effects  ------
----------------------------------------------------
            omega2.E0 omega2.Emax omega2.ED50
omega2.E0   1.00      0.00        0.00       
omega2.Emax 0.00      1.00        0.34       
omega2.ED50 0.00      0.34        1.00       
----------------------------------------------------
---------------  Statistical criteria  -------------
----------------------------------------------------
Likelihood computed by linearisation
      -2LL= 2227.041 
      AIC = 2243.041 
      BIC = 2269.428 

Likelihood computed by importance sampling
      -2LL= 2221.49 
      AIC = 2237.49 
      BIC = 2263.877 
----------------------------------------------------
Reading data from file /home/eco/work/saemix/saemixextension/simulationSuite/cont/emaxSparseProp/data/data_pdemax87.tab 
These are the first lines of the dataset as read into R. Please check the format of the data is appropriate, if not, modify the na and/or sep items and retry:
  id dose         y
1  1    0  5.731864
2  1 1000 20.152161
3  2    0  6.241319
4  2 1000 13.382405
5  3    0  4.393629
6  3 1000 12.333606


The following SaemixData object was successfully created:

Object of class SaemixData
    longitudinal data for use with the SAEM algorithm
Dataset /home/eco/work/saemix/saemixextension/simulationSuite/cont/emaxSparseProp/data/data_pdemax87.tab 
    Structured data: y ~ dose | id 
    Predictor: dose (-) 
Nonlinear mixed-effects model fit by the SAEM algorithm
-----------------------------------
----          Data             ----
-----------------------------------
Object of class SaemixData
    longitudinal data for use with the SAEM algorithm
Dataset /home/eco/work/saemix/saemixextension/simulationSuite/cont/emaxSparseProp/data/data_pdemax87.tab 
    Structured data: y ~ dose | id 
    Predictor: dose (-) 
Dataset characteristics:
    number of subjects:     200 
    number of observations: 400 
    average/min/max nb obs: 2.00  /  2  /  2 
First 10 lines of data:
   id dose         y mdv cens occ ytype
1   1    0  5.731864   0    0   1     1
2   1 1000 20.152161   0    0   1     1
3   2    0  6.241319   0    0   1     1
4   2 1000 13.382405   0    0   1     1
5   3    0  4.393629   0    0   1     1
6   3 1000 12.333606   0    0   1     1
7   4    0  4.523208   0    0   1     1
8   4 1000 32.724301   0    0   1     1
9   5    0  4.744691   0    0   1     1
10  5 1000 18.705115   0    0   1     1
-----------------------------------
----          Model            ----
-----------------------------------
Nonlinear mixed-effects model
  Model function:  PD Emax model
  Model type:  structural
function (psi, id, xidep) 
{
    dose <- xidep[, 1]
    e0 <- psi[id, 1]
    emax <- psi[id, 2]
    e50 <- psi[id, 3]
    f <- e0 + emax * dose/(e50 + dose)
    return(f)
}
<bytecode: 0x5624f519ee00>
  Nb of parameters: 3 
      parameter names:  E0 Emax ED50 
      distribution:
     Parameter Distribution Estimated
[1,] E0        log-normal   Estimated
[2,] Emax      log-normal   Estimated
[3,] ED50      log-normal   Estimated
  Variance-covariance matrix:
     E0 Emax ED50
E0    1    0    0
Emax  0    1    1
ED50  0    1    1
  Error model: proportional , initial values: b.1=0.1 
    No covariate in the model.
    Initial values
             E0 Emax ED50
Pop.CondInit  5   30  500
-----------------------------------
----    Key algorithm options  ----
-----------------------------------
    Estimation of individual parameters (MAP)
    Estimation of standard errors and linearised log-likelihood
    Estimation of log-likelihood by importance sampling
    Number of iterations:  K1=300, K2=100 
    Number of chains:  1 
    Seed:  4838928 
    Number of MCMC iterations for IS:  5000 
    Simulations:
        nb of simulated datasets used for npde:  1000 
        nb of simulated datasets used for VPC:  100 
    Input/output
        save the results to a file:  FALSE 
        save the graphs to files:  TRUE 
        directory where results should be saved:  newdir 
----------------------------------------------------
----                  Results                   ----
----------------------------------------------------
-----------------  Fixed effects  ------------------
----------------------------------------------------
     Parameter Estimate SE    CV(%)
[1,] E0          4.986   0.15  3.0 
[2,] Emax       28.969   2.11  7.3 
[3,] ED50      503.001  58.96 11.7 
[4,] b.1         0.091   0.02 22.3 
----------------------------------------------------
-----------  Variance of random effects  -----------
----------------------------------------------------
      Parameter     Estimate SE    CV(%)
E0    omega2.E0     0.091    0.014 16   
Emax  omega2.Emax   0.523    0.100 19   
ED50  omega2.ED50   0.431    0.189 44   
covar cov.Emax.ED50 0.244    0.123 50   
----------------------------------------------------
------  Correlation matrix of random effects  ------
----------------------------------------------------
            omega2.E0 omega2.Emax omega2.ED50
omega2.E0   1         0.00        0.00       
omega2.Emax 0         1.00        0.51       
omega2.ED50 0         0.51        1.00       
----------------------------------------------------
---------------  Statistical criteria  -------------
----------------------------------------------------
Likelihood computed by linearisation
      -2LL= 2248.446 
      AIC = 2264.446 
      BIC = 2290.833 

Likelihood computed by importance sampling
      -2LL= 2240.473 
      AIC = 2256.473 
      BIC = 2282.859 
----------------------------------------------------
----------------------------------------------------
-----------------  Fixed effects  ------------------
----------------------------------------------------
  Parameter Estimate    SE CV(%)
1        E0    4.986  0.15  2.95
2      Emax   28.969  2.11  7.29
3      ED50  503.001 58.96 11.72
4       b.1    0.091  0.02 22.26
----------------------------------------------------
-----------  Variance of random effects  -----------
----------------------------------------------------
         Parameter Estimate    SE CV(%)
E0       omega2.E0    0.091 0.014 15.81
Emax   omega2.Emax    0.523 0.100 19.06
ED50   omega2.ED50    0.431 0.189 43.94
1    cov.Emax.ED50    0.244 0.123 50.34
----------------------------------------------------
------  Correlation matrix of random effects  ------
----------------------------------------------------
            omega2.E0 omega2.Emax omega2.ED50
omega2.E0   1.00      0.00        0.00       
omega2.Emax 0.00      1.00        0.51       
omega2.ED50 0.00      0.51        1.00       
----------------------------------------------------
---------------  Statistical criteria  -------------
----------------------------------------------------
Likelihood computed by linearisation
      -2LL= 2248.446 
      AIC = 2264.446 
      BIC = 2290.833 

Likelihood computed by importance sampling
      -2LL= 2240.473 
      AIC = 2256.473 
      BIC = 2282.859 
----------------------------------------------------
Reading data from file /home/eco/work/saemix/saemixextension/simulationSuite/cont/emaxSparseProp/data/data_pdemax88.tab 
These are the first lines of the dataset as read into R. Please check the format of the data is appropriate, if not, modify the na and/or sep items and retry:
  id dose         y
1  1    0  5.160677
2  1 1000 12.696320
3  2    0  5.805934
4  2 1000 18.611197
5  3    0  8.190561
6  3 1000 22.531900


The following SaemixData object was successfully created:

Object of class SaemixData
    longitudinal data for use with the SAEM algorithm
Dataset /home/eco/work/saemix/saemixextension/simulationSuite/cont/emaxSparseProp/data/data_pdemax88.tab 
    Structured data: y ~ dose | id 
    Predictor: dose (-) 
Nonlinear mixed-effects model fit by the SAEM algorithm
-----------------------------------
----          Data             ----
-----------------------------------
Object of class SaemixData
    longitudinal data for use with the SAEM algorithm
Dataset /home/eco/work/saemix/saemixextension/simulationSuite/cont/emaxSparseProp/data/data_pdemax88.tab 
    Structured data: y ~ dose | id 
    Predictor: dose (-) 
Dataset characteristics:
    number of subjects:     200 
    number of observations: 400 
    average/min/max nb obs: 2.00  /  2  /  2 
First 10 lines of data:
   id dose         y mdv cens occ ytype
1   1    0  5.160677   0    0   1     1
2   1 1000 12.696320   0    0   1     1
3   2    0  5.805934   0    0   1     1
4   2 1000 18.611197   0    0   1     1
5   3    0  8.190561   0    0   1     1
6   3 1000 22.531900   0    0   1     1
7   4    0  5.786583   0    0   1     1
8   4 1000 13.214450   0    0   1     1
9   5    0  6.730981   0    0   1     1
10  5 1000 24.489941   0    0   1     1
-----------------------------------
----          Model            ----
-----------------------------------
Nonlinear mixed-effects model
  Model function:  PD Emax model
  Model type:  structural
function (psi, id, xidep) 
{
    dose <- xidep[, 1]
    e0 <- psi[id, 1]
    emax <- psi[id, 2]
    e50 <- psi[id, 3]
    f <- e0 + emax * dose/(e50 + dose)
    return(f)
}
<bytecode: 0x5624f519ee00>
  Nb of parameters: 3 
      parameter names:  E0 Emax ED50 
      distribution:
     Parameter Distribution Estimated
[1,] E0        log-normal   Estimated
[2,] Emax      log-normal   Estimated
[3,] ED50      log-normal   Estimated
  Variance-covariance matrix:
     E0 Emax ED50
E0    1    0    0
Emax  0    1    1
ED50  0    1    1
  Error model: proportional , initial values: b.1=0.1 
    No covariate in the model.
    Initial values
             E0 Emax ED50
Pop.CondInit  5   30  500
-----------------------------------
----    Key algorithm options  ----
-----------------------------------
    Estimation of individual parameters (MAP)
    Estimation of standard errors and linearised log-likelihood
    Estimation of log-likelihood by importance sampling
    Number of iterations:  K1=300, K2=100 
    Number of chains:  1 
    Seed:  4838928 
    Number of MCMC iterations for IS:  5000 
    Simulations:
        nb of simulated datasets used for npde:  1000 
        nb of simulated datasets used for VPC:  100 
    Input/output
        save the results to a file:  FALSE 
        save the graphs to files:  TRUE 
        directory where results should be saved:  newdir 
----------------------------------------------------
----                  Results                   ----
----------------------------------------------------
-----------------  Fixed effects  ------------------
----------------------------------------------------
     Parameter Estimate SE     CV(%)
[1,] E0          4.9     0.142  2.9 
[2,] Emax       34.2     2.338  6.8 
[3,] ED50      539.5    63.589 11.8 
[4,] b.1         0.1     0.019 19.2 
----------------------------------------------------
-----------  Variance of random effects  -----------
----------------------------------------------------
      Parameter     Estimate SE    CV(%)
E0    omega2.E0     0.085    0.014 17   
Emax  omega2.Emax   0.358    0.082 23   
ED50  omega2.ED50   0.558    0.202 36   
covar cov.Emax.ED50 0.221    0.115 52   
----------------------------------------------------
------  Correlation matrix of random effects  ------
----------------------------------------------------
            omega2.E0 omega2.Emax omega2.ED50
omega2.E0   1         0.0         0.0        
omega2.Emax 0         1.0         0.5        
omega2.ED50 0         0.5         1.0        
----------------------------------------------------
---------------  Statistical criteria  -------------
----------------------------------------------------
Likelihood computed by linearisation
      -2LL= 2254.454 
      AIC = 2270.454 
      BIC = 2296.841 

Likelihood computed by importance sampling
      -2LL= 2244.989 
      AIC = 2260.989 
      BIC = 2287.375 
----------------------------------------------------
----------------------------------------------------
-----------------  Fixed effects  ------------------
----------------------------------------------------
  Parameter Estimate     SE CV(%)
1        E0     4.87  0.142  2.92
2      Emax    34.23  2.338  6.83
3      ED50   539.50 63.589 11.79
4       b.1     0.10  0.019 19.18
----------------------------------------------------
-----------  Variance of random effects  -----------
----------------------------------------------------
         Parameter Estimate    SE CV(%)
E0       omega2.E0    0.085 0.014 16.55
Emax   omega2.Emax    0.358 0.082 22.83
ED50   omega2.ED50    0.558 0.202 36.27
1    cov.Emax.ED50    0.221 0.115 51.90
----------------------------------------------------
------  Correlation matrix of random effects  ------
----------------------------------------------------
            omega2.E0 omega2.Emax omega2.ED50
omega2.E0   1.00      0.00        0.00       
omega2.Emax 0.00      1.00        0.50       
omega2.ED50 0.00      0.50        1.00       
----------------------------------------------------
---------------  Statistical criteria  -------------
----------------------------------------------------
Likelihood computed by linearisation
      -2LL= 2254.454 
      AIC = 2270.454 
      BIC = 2296.841 

Likelihood computed by importance sampling
      -2LL= 2244.989 
      AIC = 2260.989 
      BIC = 2287.375 
----------------------------------------------------
Reading data from file /home/eco/work/saemix/saemixextension/simulationSuite/cont/emaxSparseProp/data/data_pdemax89.tab 
These are the first lines of the dataset as read into R. Please check the format of the data is appropriate, if not, modify the na and/or sep items and retry:
  id dose         y
1  1    0  6.776458
2  1 1000 18.432473
3  2    0  6.011030
4  2 1000 20.687757
5  3    0  3.674683
6  3 1000 20.923395


The following SaemixData object was successfully created:

Object of class SaemixData
    longitudinal data for use with the SAEM algorithm
Dataset /home/eco/work/saemix/saemixextension/simulationSuite/cont/emaxSparseProp/data/data_pdemax89.tab 
    Structured data: y ~ dose | id 
    Predictor: dose (-) 
Nonlinear mixed-effects model fit by the SAEM algorithm
-----------------------------------
----          Data             ----
-----------------------------------
Object of class SaemixData
    longitudinal data for use with the SAEM algorithm
Dataset /home/eco/work/saemix/saemixextension/simulationSuite/cont/emaxSparseProp/data/data_pdemax89.tab 
    Structured data: y ~ dose | id 
    Predictor: dose (-) 
Dataset characteristics:
    number of subjects:     200 
    number of observations: 400 
    average/min/max nb obs: 2.00  /  2  /  2 
First 10 lines of data:
   id dose         y mdv cens occ ytype
1   1    0  6.776458   0    0   1     1
2   1 1000 18.432473   0    0   1     1
3   2    0  6.011030   0    0   1     1
4   2 1000 20.687757   0    0   1     1
5   3    0  3.674683   0    0   1     1
6   3 1000 20.923395   0    0   1     1
7   4    0  3.646441   0    0   1     1
8   4 1000 20.240562   0    0   1     1
9   5    0  4.638346   0    0   1     1
10  5 1000 34.512287   0    0   1     1
-----------------------------------
----          Model            ----
-----------------------------------
Nonlinear mixed-effects model
  Model function:  PD Emax model
  Model type:  structural
function (psi, id, xidep) 
{
    dose <- xidep[, 1]
    e0 <- psi[id, 1]
    emax <- psi[id, 2]
    e50 <- psi[id, 3]
    f <- e0 + emax * dose/(e50 + dose)
    return(f)
}
<bytecode: 0x5624f519ee00>
  Nb of parameters: 3 
      parameter names:  E0 Emax ED50 
      distribution:
     Parameter Distribution Estimated
[1,] E0        log-normal   Estimated
[2,] Emax      log-normal   Estimated
[3,] ED50      log-normal   Estimated
  Variance-covariance matrix:
     E0 Emax ED50
E0    1    0    0
Emax  0    1    1
ED50  0    1    1
  Error model: proportional , initial values: b.1=0.1 
    No covariate in the model.
    Initial values
             E0 Emax ED50
Pop.CondInit  5   30  500
-----------------------------------
----    Key algorithm options  ----
-----------------------------------
    Estimation of individual parameters (MAP)
    Estimation of standard errors and linearised log-likelihood
    Estimation of log-likelihood by importance sampling
    Number of iterations:  K1=300, K2=100 
    Number of chains:  1 
    Seed:  4838928 
    Number of MCMC iterations for IS:  5000 
    Simulations:
        nb of simulated datasets used for npde:  1000 
        nb of simulated datasets used for VPC:  100 
    Input/output
        save the results to a file:  FALSE 
        save the graphs to files:  TRUE 
        directory where results should be saved:  newdir 
----------------------------------------------------
----                  Results                   ----
----------------------------------------------------
-----------------  Fixed effects  ------------------
----------------------------------------------------
     Parameter Estimate SE     CV(%)
[1,] E0          5.37    0.156  2.9 
[2,] Emax       31.05    2.266  7.3 
[3,] ED50      551.82   62.052 11.2 
[4,] b.1         0.13    0.019 14.6 
----------------------------------------------------
-----------  Variance of random effects  -----------
----------------------------------------------------
      Parameter     Estimate SE    CV(%)
E0    omega2.E0     0.076    0.014  18  
Emax  omega2.Emax   0.429    0.097  23  
ED50  omega2.ED50   0.141    0.167 118  
covar cov.Emax.ED50 0.105    0.113 107  
----------------------------------------------------
------  Correlation matrix of random effects  ------
----------------------------------------------------
            omega2.E0 omega2.Emax omega2.ED50
omega2.E0   1         0.00        0.00       
omega2.Emax 0         1.00        0.43       
omega2.ED50 0         0.43        1.00       
----------------------------------------------------
---------------  Statistical criteria  -------------
----------------------------------------------------
Likelihood computed by linearisation
      -2LL= 2279.684 
      AIC = 2295.684 
      BIC = 2322.071 

Likelihood computed by importance sampling
      -2LL= 2277.523 
      AIC = 2293.523 
      BIC = 2319.91 
----------------------------------------------------
----------------------------------------------------
-----------------  Fixed effects  ------------------
----------------------------------------------------
  Parameter Estimate     SE CV(%)
1        E0     5.37  0.156  2.90
2      Emax    31.05  2.266  7.30
3      ED50   551.82 62.052 11.24
4       b.1     0.13  0.019 14.58
----------------------------------------------------
-----------  Variance of random effects  -----------
----------------------------------------------------
         Parameter Estimate    SE  CV(%)
E0       omega2.E0    0.076 0.014  18.45
Emax   omega2.Emax    0.429 0.097  22.52
ED50   omega2.ED50    0.141 0.167 118.42
1    cov.Emax.ED50    0.105 0.113 107.21
----------------------------------------------------
------  Correlation matrix of random effects  ------
----------------------------------------------------
            omega2.E0 omega2.Emax omega2.ED50
omega2.E0   1.00      0.00        0.00       
omega2.Emax 0.00      1.00        0.43       
omega2.ED50 0.00      0.43        1.00       
----------------------------------------------------
---------------  Statistical criteria  -------------
----------------------------------------------------
Likelihood computed by linearisation
      -2LL= 2279.684 
      AIC = 2295.684 
      BIC = 2322.071 

Likelihood computed by importance sampling
      -2LL= 2277.523 
      AIC = 2293.523 
      BIC = 2319.91 
----------------------------------------------------
Reading data from file /home/eco/work/saemix/saemixextension/simulationSuite/cont/emaxSparseProp/data/data_pdemax90.tab 
These are the first lines of the dataset as read into R. Please check the format of the data is appropriate, if not, modify the na and/or sep items and retry:
  id dose         y
1  1    0  6.796961
2  1 1000 42.184819
3  2    0  6.443854
4  2 1000 17.579897
5  3    0  4.607232
6  3 1000 26.038719


The following SaemixData object was successfully created:

Object of class SaemixData
    longitudinal data for use with the SAEM algorithm
Dataset /home/eco/work/saemix/saemixextension/simulationSuite/cont/emaxSparseProp/data/data_pdemax90.tab 
    Structured data: y ~ dose | id 
    Predictor: dose (-) 
Nonlinear mixed-effects model fit by the SAEM algorithm
-----------------------------------
----          Data             ----
-----------------------------------
Object of class SaemixData
    longitudinal data for use with the SAEM algorithm
Dataset /home/eco/work/saemix/saemixextension/simulationSuite/cont/emaxSparseProp/data/data_pdemax90.tab 
    Structured data: y ~ dose | id 
    Predictor: dose (-) 
Dataset characteristics:
    number of subjects:     200 
    number of observations: 400 
    average/min/max nb obs: 2.00  /  2  /  2 
First 10 lines of data:
   id dose         y mdv cens occ ytype
1   1    0  6.796961   0    0   1     1
2   1 1000 42.184819   0    0   1     1
3   2    0  6.443854   0    0   1     1
4   2 1000 17.579897   0    0   1     1
5   3    0  4.607232   0    0   1     1
6   3 1000 26.038719   0    0   1     1
7   4    0  5.341727   0    0   1     1
8   4 1000 22.271192   0    0   1     1
9   5    0  3.369445   0    0   1     1
10  5 1000 18.986710   0    0   1     1
-----------------------------------
----          Model            ----
-----------------------------------
Nonlinear mixed-effects model
  Model function:  PD Emax model
  Model type:  structural
function (psi, id, xidep) 
{
    dose <- xidep[, 1]
    e0 <- psi[id, 1]
    emax <- psi[id, 2]
    e50 <- psi[id, 3]
    f <- e0 + emax * dose/(e50 + dose)
    return(f)
}
<bytecode: 0x5624f519ee00>
  Nb of parameters: 3 
      parameter names:  E0 Emax ED50 
      distribution:
     Parameter Distribution Estimated
[1,] E0        log-normal   Estimated
[2,] Emax      log-normal   Estimated
[3,] ED50      log-normal   Estimated
  Variance-covariance matrix:
     E0 Emax ED50
E0    1    0    0
Emax  0    1    1
ED50  0    1    1
  Error model: proportional , initial values: b.1=0.1 
    No covariate in the model.
    Initial values
             E0 Emax ED50
Pop.CondInit  5   30  500
-----------------------------------
----    Key algorithm options  ----
-----------------------------------
    Estimation of individual parameters (MAP)
    Estimation of standard errors and linearised log-likelihood
    Estimation of log-likelihood by importance sampling
    Number of iterations:  K1=300, K2=100 
    Number of chains:  1 
    Seed:  4838928 
    Number of MCMC iterations for IS:  5000 
    Simulations:
        nb of simulated datasets used for npde:  1000 
        nb of simulated datasets used for VPC:  100 
    Input/output
        save the results to a file:  FALSE 
        save the graphs to files:  TRUE 
        directory where results should be saved:  newdir 
----------------------------------------------------
----                  Results                   ----
----------------------------------------------------
-----------------  Fixed effects  ------------------
----------------------------------------------------
     Parameter Estimate SE    CV(%)
[1,] E0          5.14    0.15  2.9 
[2,] Emax       29.61    2.01  6.8 
[3,] ED50      496.84   57.33 11.5 
[4,] b.1         0.15    0.02 13.2 
----------------------------------------------------
-----------  Variance of random effects  -----------
----------------------------------------------------
      Parameter     Estimate SE    CV(%)
E0    omega2.E0     0.066    0.014  21  
Emax  omega2.Emax   0.293    0.084  29  
ED50  omega2.ED50   0.128    0.191 149  
covar cov.Emax.ED50 0.036    0.111 307  
----------------------------------------------------
------  Correlation matrix of random effects  ------
----------------------------------------------------
            omega2.E0 omega2.Emax omega2.ED50
omega2.E0   1         0.00        0.00       
omega2.Emax 0         1.00        0.19       
omega2.ED50 0         0.19        1.00       
----------------------------------------------------
---------------  Statistical criteria  -------------
----------------------------------------------------
Likelihood computed by linearisation
      -2LL= 2233.145 
      AIC = 2249.145 
      BIC = 2275.531 

Likelihood computed by importance sampling
      -2LL= 2234.269 
      AIC = 2250.269 
      BIC = 2276.656 
----------------------------------------------------
----------------------------------------------------
-----------------  Fixed effects  ------------------
----------------------------------------------------
  Parameter Estimate    SE CV(%)
1        E0     5.14  0.15  2.85
2      Emax    29.61  2.01  6.79
3      ED50   496.84 57.33 11.54
4       b.1     0.15  0.02 13.20
----------------------------------------------------
-----------  Variance of random effects  -----------
----------------------------------------------------
         Parameter Estimate    SE  CV(%)
E0       omega2.E0    0.066 0.014  21.08
Emax   omega2.Emax    0.293 0.084  28.62
ED50   omega2.ED50    0.128 0.191 149.40
1    cov.Emax.ED50    0.036 0.111 307.44
----------------------------------------------------
------  Correlation matrix of random effects  ------
----------------------------------------------------
            omega2.E0 omega2.Emax omega2.ED50
omega2.E0   1.00      0.00        0.00       
omega2.Emax 0.00      1.00        0.19       
omega2.ED50 0.00      0.19        1.00       
----------------------------------------------------
---------------  Statistical criteria  -------------
----------------------------------------------------
Likelihood computed by linearisation
      -2LL= 2233.145 
      AIC = 2249.145 
      BIC = 2275.531 

Likelihood computed by importance sampling
      -2LL= 2234.269 
      AIC = 2250.269 
      BIC = 2276.656 
----------------------------------------------------
Reading data from file /home/eco/work/saemix/saemixextension/simulationSuite/cont/emaxSparseProp/data/data_pdemax91.tab 
These are the first lines of the dataset as read into R. Please check the format of the data is appropriate, if not, modify the na and/or sep items and retry:
  id dose         y
1  1    0  3.694783
2  1 1000 67.839046
3  2    0  3.898340
4  2 1000 20.770269
5  3    0  8.008786
6  3 1000 42.117511


The following SaemixData object was successfully created:

Object of class SaemixData
    longitudinal data for use with the SAEM algorithm
Dataset /home/eco/work/saemix/saemixextension/simulationSuite/cont/emaxSparseProp/data/data_pdemax91.tab 
    Structured data: y ~ dose | id 
    Predictor: dose (-) 
Nonlinear mixed-effects model fit by the SAEM algorithm
-----------------------------------
----          Data             ----
-----------------------------------
Object of class SaemixData
    longitudinal data for use with the SAEM algorithm
Dataset /home/eco/work/saemix/saemixextension/simulationSuite/cont/emaxSparseProp/data/data_pdemax91.tab 
    Structured data: y ~ dose | id 
    Predictor: dose (-) 
Dataset characteristics:
    number of subjects:     200 
    number of observations: 400 
    average/min/max nb obs: 2.00  /  2  /  2 
First 10 lines of data:
   id dose         y mdv cens occ ytype
1   1    0  3.694783   0    0   1     1
2   1 1000 67.839046   0    0   1     1
3   2    0  3.898340   0    0   1     1
4   2 1000 20.770269   0    0   1     1
5   3    0  8.008786   0    0   1     1
6   3 1000 42.117511   0    0   1     1
7   4    0  5.440228   0    0   1     1
8   4 1000 14.646346   0    0   1     1
9   5    0  4.567347   0    0   1     1
10  5 1000 27.545906   0    0   1     1
-----------------------------------
----          Model            ----
-----------------------------------
Nonlinear mixed-effects model
  Model function:  PD Emax model
  Model type:  structural
function (psi, id, xidep) 
{
    dose <- xidep[, 1]
    e0 <- psi[id, 1]
    emax <- psi[id, 2]
    e50 <- psi[id, 3]
    f <- e0 + emax * dose/(e50 + dose)
    return(f)
}
<bytecode: 0x5624f519ee00>
  Nb of parameters: 3 
      parameter names:  E0 Emax ED50 
      distribution:
     Parameter Distribution Estimated
[1,] E0        log-normal   Estimated
[2,] Emax      log-normal   Estimated
[3,] ED50      log-normal   Estimated
  Variance-covariance matrix:
     E0 Emax ED50
E0    1    0    0
Emax  0    1    1
ED50  0    1    1
  Error model: proportional , initial values: b.1=0.1 
    No covariate in the model.
    Initial values
             E0 Emax ED50
Pop.CondInit  5   30  500
-----------------------------------
----    Key algorithm options  ----
-----------------------------------
    Estimation of individual parameters (MAP)
    Estimation of standard errors and linearised log-likelihood
    Estimation of log-likelihood by importance sampling
    Number of iterations:  K1=300, K2=100 
    Number of chains:  1 
    Seed:  4838928 
    Number of MCMC iterations for IS:  5000 
    Simulations:
        nb of simulated datasets used for npde:  1000 
        nb of simulated datasets used for VPC:  100 
    Input/output
        save the results to a file:  FALSE 
        save the graphs to files:  TRUE 
        directory where results should be saved:  newdir 
----------------------------------------------------
----                  Results                   ----
----------------------------------------------------
-----------------  Fixed effects  ------------------
----------------------------------------------------
     Parameter Estimate SE     CV(%)
[1,] E0          5.00    0.129  2.6 
[2,] Emax       33.27    2.325  7.0 
[3,] ED50      553.60   61.133 11.0 
[4,] b.1         0.14    0.019 13.8 
----------------------------------------------------
-----------  Variance of random effects  -----------
----------------------------------------------------
      Parameter     Estimate SE    CV(%)
E0    omega2.E0     0.053    0.011  21  
Emax  omega2.Emax   0.354    0.087  25  
ED50  omega2.ED50   0.213    0.172  81  
covar cov.Emax.ED50 0.094    0.108 115  
----------------------------------------------------
------  Correlation matrix of random effects  ------
----------------------------------------------------
            omega2.E0 omega2.Emax omega2.ED50
omega2.E0   1         0.00        0.00       
omega2.Emax 0         1.00        0.34       
omega2.ED50 0         0.34        1.00       
----------------------------------------------------
---------------  Statistical criteria  -------------
----------------------------------------------------
Likelihood computed by linearisation
      -2LL= 2242.345 
      AIC = 2258.345 
      BIC = 2284.732 

Likelihood computed by importance sampling
      -2LL= 2238.56 
      AIC = 2254.56 
      BIC = 2280.947 
----------------------------------------------------
----------------------------------------------------
-----------------  Fixed effects  ------------------
----------------------------------------------------
  Parameter Estimate     SE CV(%)
1        E0     5.00  0.129  2.58
2      Emax    33.27  2.325  6.99
3      ED50   553.60 61.133 11.04
4       b.1     0.14  0.019 13.81
----------------------------------------------------
-----------  Variance of random effects  -----------
----------------------------------------------------
         Parameter Estimate    SE  CV(%)
E0       omega2.E0    0.053 0.011  21.46
Emax   omega2.Emax    0.354 0.087  24.60
ED50   omega2.ED50    0.213 0.172  80.66
1    cov.Emax.ED50    0.094 0.108 115.29
----------------------------------------------------
------  Correlation matrix of random effects  ------
----------------------------------------------------
            omega2.E0 omega2.Emax omega2.ED50
omega2.E0   1.00      0.00        0.00       
omega2.Emax 0.00      1.00        0.34       
omega2.ED50 0.00      0.34        1.00       
----------------------------------------------------
---------------  Statistical criteria  -------------
----------------------------------------------------
Likelihood computed by linearisation
      -2LL= 2242.345 
      AIC = 2258.345 
      BIC = 2284.732 

Likelihood computed by importance sampling
      -2LL= 2238.56 
      AIC = 2254.56 
      BIC = 2280.947 
----------------------------------------------------
Reading data from file /home/eco/work/saemix/saemixextension/simulationSuite/cont/emaxSparseProp/data/data_pdemax92.tab 
These are the first lines of the dataset as read into R. Please check the format of the data is appropriate, if not, modify the na and/or sep items and retry:
  id dose         y
1  1    0  4.913405
2  1 1000 15.625546
3  2    0  5.138370
4  2 1000 22.964530
5  3    0  3.753636
6  3 1000 68.418633


The following SaemixData object was successfully created:

Object of class SaemixData
    longitudinal data for use with the SAEM algorithm
Dataset /home/eco/work/saemix/saemixextension/simulationSuite/cont/emaxSparseProp/data/data_pdemax92.tab 
    Structured data: y ~ dose | id 
    Predictor: dose (-) 
Nonlinear mixed-effects model fit by the SAEM algorithm
-----------------------------------
----          Data             ----
-----------------------------------
Object of class SaemixData
    longitudinal data for use with the SAEM algorithm
Dataset /home/eco/work/saemix/saemixextension/simulationSuite/cont/emaxSparseProp/data/data_pdemax92.tab 
    Structured data: y ~ dose | id 
    Predictor: dose (-) 
Dataset characteristics:
    number of subjects:     200 
    number of observations: 400 
    average/min/max nb obs: 2.00  /  2  /  2 
First 10 lines of data:
   id dose         y mdv cens occ ytype
1   1    0  4.913405   0    0   1     1
2   1 1000 15.625546   0    0   1     1
3   2    0  5.138370   0    0   1     1
4   2 1000 22.964530   0    0   1     1
5   3    0  3.753636   0    0   1     1
6   3 1000 68.418633   0    0   1     1
7   4    0  5.126550   0    0   1     1
8   4 1000 16.689073   0    0   1     1
9   5    0  6.440592   0    0   1     1
10  5 1000  9.633462   0    0   1     1
-----------------------------------
----          Model            ----
-----------------------------------
Nonlinear mixed-effects model
  Model function:  PD Emax model
  Model type:  structural
function (psi, id, xidep) 
{
    dose <- xidep[, 1]
    e0 <- psi[id, 1]
    emax <- psi[id, 2]
    e50 <- psi[id, 3]
    f <- e0 + emax * dose/(e50 + dose)
    return(f)
}
<bytecode: 0x5624f519ee00>
  Nb of parameters: 3 
      parameter names:  E0 Emax ED50 
      distribution:
     Parameter Distribution Estimated
[1,] E0        log-normal   Estimated
[2,] Emax      log-normal   Estimated
[3,] ED50      log-normal   Estimated
  Variance-covariance matrix:
     E0 Emax ED50
E0    1    0    0
Emax  0    1    1
ED50  0    1    1
  Error model: proportional , initial values: b.1=0.1 
    No covariate in the model.
    Initial values
             E0 Emax ED50
Pop.CondInit  5   30  500
-----------------------------------
----    Key algorithm options  ----
-----------------------------------
    Estimation of individual parameters (MAP)
    Estimation of standard errors and linearised log-likelihood
    Estimation of log-likelihood by importance sampling
    Number of iterations:  K1=300, K2=100 
    Number of chains:  1 
    Seed:  4838928 
    Number of MCMC iterations for IS:  5000 
    Simulations:
        nb of simulated datasets used for npde:  1000 
        nb of simulated datasets used for VPC:  100 
    Input/output
        save the results to a file:  FALSE 
        save the graphs to files:  TRUE 
        directory where results should be saved:  newdir 
----------------------------------------------------
----                  Results                   ----
----------------------------------------------------
-----------------  Fixed effects  ------------------
----------------------------------------------------
     Parameter Estimate SE     CV(%)
[1,] E0          5.138   0.167  3.2 
[2,] Emax       28.418   2.102  7.4 
[3,] ED50      493.773  57.551 11.7 
[4,] b.1         0.087   0.021 24.1 
----------------------------------------------------
-----------  Variance of random effects  -----------
----------------------------------------------------
      Parameter     Estimate SE    CV(%)
E0    omega2.E0     0.11     0.017 15   
Emax  omega2.Emax   0.57     0.103 18   
ED50  omega2.ED50   0.30     0.176 58   
covar cov.Emax.ED50 0.26     0.122 48   
----------------------------------------------------
------  Correlation matrix of random effects  ------
----------------------------------------------------
            omega2.E0 omega2.Emax omega2.ED50
omega2.E0   1         0.00        0.00       
omega2.Emax 0         1.00        0.61       
omega2.ED50 0         0.61        1.00       
----------------------------------------------------
---------------  Statistical criteria  -------------
----------------------------------------------------
Likelihood computed by linearisation
      -2LL= 2264.581 
      AIC = 2280.581 
      BIC = 2306.968 

Likelihood computed by importance sampling
      -2LL= 2261.237 
      AIC = 2277.237 
      BIC = 2303.623 
----------------------------------------------------
----------------------------------------------------
-----------------  Fixed effects  ------------------
----------------------------------------------------
  Parameter Estimate     SE CV(%)
1        E0    5.138  0.167  3.24
2      Emax   28.418  2.102  7.40
3      ED50  493.773 57.551 11.66
4       b.1    0.087  0.021 24.15
----------------------------------------------------
-----------  Variance of random effects  -----------
----------------------------------------------------
         Parameter Estimate    SE CV(%)
E0       omega2.E0     0.11 0.017 15.10
Emax   omega2.Emax     0.57 0.103 17.98
ED50   omega2.ED50     0.30 0.176 57.77
1    cov.Emax.ED50     0.26 0.122 47.51
----------------------------------------------------
------  Correlation matrix of random effects  ------
----------------------------------------------------
            omega2.E0 omega2.Emax omega2.ED50
omega2.E0   1.00      0.00        0.00       
omega2.Emax 0.00      1.00        0.61       
omega2.ED50 0.00      0.61        1.00       
----------------------------------------------------
---------------  Statistical criteria  -------------
----------------------------------------------------
Likelihood computed by linearisation
      -2LL= 2264.581 
      AIC = 2280.581 
      BIC = 2306.968 

Likelihood computed by importance sampling
      -2LL= 2261.237 
      AIC = 2277.237 
      BIC = 2303.623 
----------------------------------------------------
Reading data from file /home/eco/work/saemix/saemixextension/simulationSuite/cont/emaxSparseProp/data/data_pdemax93.tab 
These are the first lines of the dataset as read into R. Please check the format of the data is appropriate, if not, modify the na and/or sep items and retry:
  id dose         y
1  1    0  6.089705
2  1 1000 45.032345
3  2    0  3.981988
4  2 1000 24.302978
5  3    0  5.535236
6  3 1000 53.909526


The following SaemixData object was successfully created:

Object of class SaemixData
    longitudinal data for use with the SAEM algorithm
Dataset /home/eco/work/saemix/saemixextension/simulationSuite/cont/emaxSparseProp/data/data_pdemax93.tab 
    Structured data: y ~ dose | id 
    Predictor: dose (-) 
Nonlinear mixed-effects model fit by the SAEM algorithm
-----------------------------------
----          Data             ----
-----------------------------------
Object of class SaemixData
    longitudinal data for use with the SAEM algorithm
Dataset /home/eco/work/saemix/saemixextension/simulationSuite/cont/emaxSparseProp/data/data_pdemax93.tab 
    Structured data: y ~ dose | id 
    Predictor: dose (-) 
Dataset characteristics:
    number of subjects:     200 
    number of observations: 400 
    average/min/max nb obs: 2.00  /  2  /  2 
First 10 lines of data:
   id dose         y mdv cens occ ytype
1   1    0  6.089705   0    0   1     1
2   1 1000 45.032345   0    0   1     1
3   2    0  3.981988   0    0   1     1
4   2 1000 24.302978   0    0   1     1
5   3    0  5.535236   0    0   1     1
6   3 1000 53.909526   0    0   1     1
7   4    0  7.263140   0    0   1     1
8   4 1000 67.598402   0    0   1     1
9   5    0  5.917761   0    0   1     1
10  5 1000 44.446984   0    0   1     1
-----------------------------------
----          Model            ----
-----------------------------------
Nonlinear mixed-effects model
  Model function:  PD Emax model
  Model type:  structural
function (psi, id, xidep) 
{
    dose <- xidep[, 1]
    e0 <- psi[id, 1]
    emax <- psi[id, 2]
    e50 <- psi[id, 3]
    f <- e0 + emax * dose/(e50 + dose)
    return(f)
}
<bytecode: 0x5624f519ee00>
  Nb of parameters: 3 
      parameter names:  E0 Emax ED50 
      distribution:
     Parameter Distribution Estimated
[1,] E0        log-normal   Estimated
[2,] Emax      log-normal   Estimated
[3,] ED50      log-normal   Estimated
  Variance-covariance matrix:
     E0 Emax ED50
E0    1    0    0
Emax  0    1    1
ED50  0    1    1
  Error model: proportional , initial values: b.1=0.1 
    No covariate in the model.
    Initial values
             E0 Emax ED50
Pop.CondInit  5   30  500
-----------------------------------
----    Key algorithm options  ----
-----------------------------------
    Estimation of individual parameters (MAP)
    Estimation of standard errors and linearised log-likelihood
    Estimation of log-likelihood by importance sampling
    Number of iterations:  K1=300, K2=100 
    Number of chains:  1 
    Seed:  4838928 
    Number of MCMC iterations for IS:  5000 
    Simulations:
        nb of simulated datasets used for npde:  1000 
        nb of simulated datasets used for VPC:  100 
    Input/output
        save the results to a file:  FALSE 
        save the graphs to files:  TRUE 
        directory where results should be saved:  newdir 
----------------------------------------------------
----                  Results                   ----
----------------------------------------------------
-----------------  Fixed effects  ------------------
----------------------------------------------------
     Parameter Estimate SE     CV(%)
[1,] E0          5.134   0.153  3   
[2,] Emax       32.286   2.580  8   
[3,] ED50      572.304  73.492 13   
[4,] b.1         0.087   0.022 25   
----------------------------------------------------
-----------  Variance of random effects  -----------
----------------------------------------------------
      Parameter     Estimate SE    CV(%)
E0    omega2.E0     0.094    0.015 16   
Emax  omega2.Emax   0.578    0.114 20   
ED50  omega2.ED50   0.650    0.228 35   
covar cov.Emax.ED50 0.291    0.142 49   
----------------------------------------------------
------  Correlation matrix of random effects  ------
----------------------------------------------------
            omega2.E0 omega2.Emax omega2.ED50
omega2.E0   1         0.00        0.00       
omega2.Emax 0         1.00        0.47       
omega2.ED50 0         0.47        1.00       
----------------------------------------------------
---------------  Statistical criteria  -------------
----------------------------------------------------
Likelihood computed by linearisation
      -2LL= 2318.338 
      AIC = 2334.338 
      BIC = 2360.725 

Likelihood computed by importance sampling
      -2LL= 2302.503 
      AIC = 2318.503 
      BIC = 2344.889 
----------------------------------------------------
----------------------------------------------------
-----------------  Fixed effects  ------------------
----------------------------------------------------
  Parameter Estimate     SE CV(%)
1        E0    5.134  0.153  2.97
2      Emax   32.286  2.580  7.99
3      ED50  572.304 73.492 12.84
4       b.1    0.087  0.022 24.82
----------------------------------------------------
-----------  Variance of random effects  -----------
----------------------------------------------------
         Parameter Estimate    SE CV(%)
E0       omega2.E0    0.094 0.015 15.72
Emax   omega2.Emax    0.578 0.114 19.69
ED50   omega2.ED50    0.650 0.228 35.07
1    cov.Emax.ED50    0.291 0.142 48.84
----------------------------------------------------
------  Correlation matrix of random effects  ------
----------------------------------------------------
            omega2.E0 omega2.Emax omega2.ED50
omega2.E0   1.00      0.00        0.00       
omega2.Emax 0.00      1.00        0.47       
omega2.ED50 0.00      0.47        1.00       
----------------------------------------------------
---------------  Statistical criteria  -------------
----------------------------------------------------
Likelihood computed by linearisation
      -2LL= 2318.338 
      AIC = 2334.338 
      BIC = 2360.725 

Likelihood computed by importance sampling
      -2LL= 2302.503 
      AIC = 2318.503 
      BIC = 2344.889 
----------------------------------------------------
Reading data from file /home/eco/work/saemix/saemixextension/simulationSuite/cont/emaxSparseProp/data/data_pdemax94.tab 
These are the first lines of the dataset as read into R. Please check the format of the data is appropriate, if not, modify the na and/or sep items and retry:
  id dose         y
1  1    0  5.727902
2  1 1000 22.656299
3  2    0  5.434272
4  2 1000  8.446067
5  3    0  3.350989
6  3 1000 18.010394


The following SaemixData object was successfully created:

Object of class SaemixData
    longitudinal data for use with the SAEM algorithm
Dataset /home/eco/work/saemix/saemixextension/simulationSuite/cont/emaxSparseProp/data/data_pdemax94.tab 
    Structured data: y ~ dose | id 
    Predictor: dose (-) 
Nonlinear mixed-effects model fit by the SAEM algorithm
-----------------------------------
----          Data             ----
-----------------------------------
Object of class SaemixData
    longitudinal data for use with the SAEM algorithm
Dataset /home/eco/work/saemix/saemixextension/simulationSuite/cont/emaxSparseProp/data/data_pdemax94.tab 
    Structured data: y ~ dose | id 
    Predictor: dose (-) 
Dataset characteristics:
    number of subjects:     200 
    number of observations: 400 
    average/min/max nb obs: 2.00  /  2  /  2 
First 10 lines of data:
   id dose         y mdv cens occ ytype
1   1    0  5.727902   0    0   1     1
2   1 1000 22.656299   0    0   1     1
3   2    0  5.434272   0    0   1     1
4   2 1000  8.446067   0    0   1     1
5   3    0  3.350989   0    0   1     1
6   3 1000 18.010394   0    0   1     1
7   4    0  7.230880   0    0   1     1
8   4 1000 18.166158   0    0   1     1
9   5    0  4.100021   0    0   1     1
10  5 1000 18.928054   0    0   1     1
-----------------------------------
----          Model            ----
-----------------------------------
Nonlinear mixed-effects model
  Model function:  PD Emax model
  Model type:  structural
function (psi, id, xidep) 
{
    dose <- xidep[, 1]
    e0 <- psi[id, 1]
    emax <- psi[id, 2]
    e50 <- psi[id, 3]
    f <- e0 + emax * dose/(e50 + dose)
    return(f)
}
<bytecode: 0x5624f519ee00>
  Nb of parameters: 3 
      parameter names:  E0 Emax ED50 
      distribution:
     Parameter Distribution Estimated
[1,] E0        log-normal   Estimated
[2,] Emax      log-normal   Estimated
[3,] ED50      log-normal   Estimated
  Variance-covariance matrix:
     E0 Emax ED50
E0    1    0    0
Emax  0    1    1
ED50  0    1    1
  Error model: proportional , initial values: b.1=0.1 
    No covariate in the model.
    Initial values
             E0 Emax ED50
Pop.CondInit  5   30  500
-----------------------------------
----    Key algorithm options  ----
-----------------------------------
    Estimation of individual parameters (MAP)
    Estimation of standard errors and linearised log-likelihood
    Estimation of log-likelihood by importance sampling
    Number of iterations:  K1=300, K2=100 
    Number of chains:  1 
    Seed:  4838928 
    Number of MCMC iterations for IS:  5000 
    Simulations:
        nb of simulated datasets used for npde:  1000 
        nb of simulated datasets used for VPC:  100 
    Input/output
        save the results to a file:  FALSE 
        save the graphs to files:  TRUE 
        directory where results should be saved:  newdir 
----------------------------------------------------
----                  Results                   ----
----------------------------------------------------
-----------------  Fixed effects  ------------------
----------------------------------------------------
     Parameter Estimate SE     CV(%)
[1,] E0          5.08    0.132  2.6 
[2,] Emax       34.41    2.864  8.3 
[3,] ED50      573.98   80.243 14.0 
[4,] b.1         0.08    0.021 26.3 
----------------------------------------------------
-----------  Variance of random effects  -----------
----------------------------------------------------
      Parameter     Estimate SE    CV(%)
E0    omega2.E0     0.071    0.012 16   
Emax  omega2.Emax   0.596    0.117 20   
ED50  omega2.ED50   1.109    0.285 26   
covar cov.Emax.ED50 0.523    0.166 32   
----------------------------------------------------
------  Correlation matrix of random effects  ------
----------------------------------------------------
            omega2.E0 omega2.Emax omega2.ED50
omega2.E0   1         0.00        0.00       
omega2.Emax 0         1.00        0.64       
omega2.ED50 0         0.64        1.00       
----------------------------------------------------
---------------  Statistical criteria  -------------
----------------------------------------------------
Likelihood computed by linearisation
      -2LL= 2265.571 
      AIC = 2281.571 
      BIC = 2307.957 

Likelihood computed by importance sampling
      -2LL= 2238.061 
      AIC = 2254.061 
      BIC = 2280.447 
----------------------------------------------------
----------------------------------------------------
-----------------  Fixed effects  ------------------
----------------------------------------------------
  Parameter Estimate     SE CV(%)
1        E0     5.08  0.132  2.59
2      Emax    34.41  2.864  8.32
3      ED50   573.98 80.243 13.98
4       b.1     0.08  0.021 26.31
----------------------------------------------------
-----------  Variance of random effects  -----------
----------------------------------------------------
         Parameter Estimate    SE CV(%)
E0       omega2.E0    0.071 0.012 16.22
Emax   omega2.Emax    0.596 0.117 19.63
ED50   omega2.ED50    1.109 0.285 25.71
1    cov.Emax.ED50    0.523 0.166 31.77
----------------------------------------------------
------  Correlation matrix of random effects  ------
----------------------------------------------------
            omega2.E0 omega2.Emax omega2.ED50
omega2.E0   1.00      0.00        0.00       
omega2.Emax 0.00      1.00        0.64       
omega2.ED50 0.00      0.64        1.00       
----------------------------------------------------
---------------  Statistical criteria  -------------
----------------------------------------------------
Likelihood computed by linearisation
      -2LL= 2265.571 
      AIC = 2281.571 
      BIC = 2307.957 

Likelihood computed by importance sampling
      -2LL= 2238.061 
      AIC = 2254.061 
      BIC = 2280.447 
----------------------------------------------------
Reading data from file /home/eco/work/saemix/saemixextension/simulationSuite/cont/emaxSparseProp/data/data_pdemax95.tab 
These are the first lines of the dataset as read into R. Please check the format of the data is appropriate, if not, modify the na and/or sep items and retry:
  id dose         y
1  1    0  3.315521
2  1 1000 16.108125
3  2    0  4.886020
4  2 1000 23.625792
5  3    0  8.507396
6  3 1000 28.066219


The following SaemixData object was successfully created:

Object of class SaemixData
    longitudinal data for use with the SAEM algorithm
Dataset /home/eco/work/saemix/saemixextension/simulationSuite/cont/emaxSparseProp/data/data_pdemax95.tab 
    Structured data: y ~ dose | id 
    Predictor: dose (-) 
Nonlinear mixed-effects model fit by the SAEM algorithm
-----------------------------------
----          Data             ----
-----------------------------------
Object of class SaemixData
    longitudinal data for use with the SAEM algorithm
Dataset /home/eco/work/saemix/saemixextension/simulationSuite/cont/emaxSparseProp/data/data_pdemax95.tab 
    Structured data: y ~ dose | id 
    Predictor: dose (-) 
Dataset characteristics:
    number of subjects:     200 
    number of observations: 400 
    average/min/max nb obs: 2.00  /  2  /  2 
First 10 lines of data:
   id dose         y mdv cens occ ytype
1   1    0  3.315521   0    0   1     1
2   1 1000 16.108125   0    0   1     1
3   2    0  4.886020   0    0   1     1
4   2 1000 23.625792   0    0   1     1
5   3    0  8.507396   0    0   1     1
6   3 1000 28.066219   0    0   1     1
7   4    0  5.600029   0    0   1     1
8   4 1000 12.142772   0    0   1     1
9   5    0  5.176517   0    0   1     1
10  5 1000 42.302339   0    0   1     1
-----------------------------------
----          Model            ----
-----------------------------------
Nonlinear mixed-effects model
  Model function:  PD Emax model
  Model type:  structural
function (psi, id, xidep) 
{
    dose <- xidep[, 1]
    e0 <- psi[id, 1]
    emax <- psi[id, 2]
    e50 <- psi[id, 3]
    f <- e0 + emax * dose/(e50 + dose)
    return(f)
}
<bytecode: 0x5624f519ee00>
  Nb of parameters: 3 
      parameter names:  E0 Emax ED50 
      distribution:
     Parameter Distribution Estimated
[1,] E0        log-normal   Estimated
[2,] Emax      log-normal   Estimated
[3,] ED50      log-normal   Estimated
  Variance-covariance matrix:
     E0 Emax ED50
E0    1    0    0
Emax  0    1    1
ED50  0    1    1
  Error model: proportional , initial values: b.1=0.1 
    No covariate in the model.
    Initial values
             E0 Emax ED50
Pop.CondInit  5   30  500
-----------------------------------
----    Key algorithm options  ----
-----------------------------------
    Estimation of individual parameters (MAP)
    Estimation of standard errors and linearised log-likelihood
    Estimation of log-likelihood by importance sampling
    Number of iterations:  K1=300, K2=100 
    Number of chains:  1 
    Seed:  4838928 
    Number of MCMC iterations for IS:  5000 
    Simulations:
        nb of simulated datasets used for npde:  1000 
        nb of simulated datasets used for VPC:  100 
    Input/output
        save the results to a file:  FALSE 
        save the graphs to files:  TRUE 
        directory where results should be saved:  newdir 
----------------------------------------------------
----                  Results                   ----
----------------------------------------------------
-----------------  Fixed effects  ------------------
----------------------------------------------------
     Parameter Estimate SE    CV(%)
[1,] E0          5.06    0.13  2.6 
[2,] Emax       30.50    2.11  6.9 
[3,] ED50      444.77   52.04 11.7 
[4,] b.1         0.11    0.02 17.8 
----------------------------------------------------
-----------  Variance of random effects  -----------
----------------------------------------------------
      Parameter     Estimate SE    CV(%)
E0    omega2.E0     0.059    0.011 19   
Emax  omega2.Emax   0.442    0.090 20   
ED50  omega2.ED50   0.563    0.210 37   
covar cov.Emax.ED50 0.311    0.126 40   
----------------------------------------------------
------  Correlation matrix of random effects  ------
----------------------------------------------------
            omega2.E0 omega2.Emax omega2.ED50
omega2.E0   1         0.00        0.00       
omega2.Emax 0         1.00        0.62       
omega2.ED50 0         0.62        1.00       
----------------------------------------------------
---------------  Statistical criteria  -------------
----------------------------------------------------
Likelihood computed by linearisation
      -2LL= 2209.612 
      AIC = 2225.612 
      BIC = 2251.999 

Likelihood computed by importance sampling
      -2LL= 2199.138 
      AIC = 2215.138 
      BIC = 2241.525 
----------------------------------------------------
----------------------------------------------------
-----------------  Fixed effects  ------------------
----------------------------------------------------
  Parameter Estimate    SE CV(%)
1        E0     5.06  0.13  2.56
2      Emax    30.50  2.11  6.93
3      ED50   444.77 52.04 11.70
4       b.1     0.11  0.02 17.80
----------------------------------------------------
-----------  Variance of random effects  -----------
----------------------------------------------------
         Parameter Estimate    SE CV(%)
E0       omega2.E0    0.059 0.011 18.92
Emax   omega2.Emax    0.442 0.090 20.42
ED50   omega2.ED50    0.563 0.210 37.37
1    cov.Emax.ED50    0.311 0.126 40.39
----------------------------------------------------
------  Correlation matrix of random effects  ------
----------------------------------------------------
            omega2.E0 omega2.Emax omega2.ED50
omega2.E0   1.00      0.00        0.00       
omega2.Emax 0.00      1.00        0.62       
omega2.ED50 0.00      0.62        1.00       
----------------------------------------------------
---------------  Statistical criteria  -------------
----------------------------------------------------
Likelihood computed by linearisation
      -2LL= 2209.612 
      AIC = 2225.612 
      BIC = 2251.999 

Likelihood computed by importance sampling
      -2LL= 2199.138 
      AIC = 2215.138 
      BIC = 2241.525 
----------------------------------------------------
Reading data from file /home/eco/work/saemix/saemixextension/simulationSuite/cont/emaxSparseProp/data/data_pdemax96.tab 
These are the first lines of the dataset as read into R. Please check the format of the data is appropriate, if not, modify the na and/or sep items and retry:
  id dose         y
1  1    0  3.492783
2  1 1000 12.878972
3  2    0  4.982981
4  2 1000 25.348525
5  3    0  4.776990
6  3 1000 55.044887


The following SaemixData object was successfully created:

Object of class SaemixData
    longitudinal data for use with the SAEM algorithm
Dataset /home/eco/work/saemix/saemixextension/simulationSuite/cont/emaxSparseProp/data/data_pdemax96.tab 
    Structured data: y ~ dose | id 
    Predictor: dose (-) 
Nonlinear mixed-effects model fit by the SAEM algorithm
-----------------------------------
----          Data             ----
-----------------------------------
Object of class SaemixData
    longitudinal data for use with the SAEM algorithm
Dataset /home/eco/work/saemix/saemixextension/simulationSuite/cont/emaxSparseProp/data/data_pdemax96.tab 
    Structured data: y ~ dose | id 
    Predictor: dose (-) 
Dataset characteristics:
    number of subjects:     200 
    number of observations: 400 
    average/min/max nb obs: 2.00  /  2  /  2 
First 10 lines of data:
   id dose         y mdv cens occ ytype
1   1    0  3.492783   0    0   1     1
2   1 1000 12.878972   0    0   1     1
3   2    0  4.982981   0    0   1     1
4   2 1000 25.348525   0    0   1     1
5   3    0  4.776990   0    0   1     1
6   3 1000 55.044887   0    0   1     1
7   4    0 11.436956   0    0   1     1
8   4 1000 25.099142   0    0   1     1
9   5    0  6.150238   0    0   1     1
10  5 1000 14.852059   0    0   1     1
-----------------------------------
----          Model            ----
-----------------------------------
Nonlinear mixed-effects model
  Model function:  PD Emax model
  Model type:  structural
function (psi, id, xidep) 
{
    dose <- xidep[, 1]
    e0 <- psi[id, 1]
    emax <- psi[id, 2]
    e50 <- psi[id, 3]
    f <- e0 + emax * dose/(e50 + dose)
    return(f)
}
<bytecode: 0x5624f519ee00>
  Nb of parameters: 3 
      parameter names:  E0 Emax ED50 
      distribution:
     Parameter Distribution Estimated
[1,] E0        log-normal   Estimated
[2,] Emax      log-normal   Estimated
[3,] ED50      log-normal   Estimated
  Variance-covariance matrix:
     E0 Emax ED50
E0    1    0    0
Emax  0    1    1
ED50  0    1    1
  Error model: proportional , initial values: b.1=0.1 
    No covariate in the model.
    Initial values
             E0 Emax ED50
Pop.CondInit  5   30  500
-----------------------------------
----    Key algorithm options  ----
-----------------------------------
    Estimation of individual parameters (MAP)
    Estimation of standard errors and linearised log-likelihood
    Estimation of log-likelihood by importance sampling
    Number of iterations:  K1=300, K2=100 
    Number of chains:  1 
    Seed:  4838928 
    Number of MCMC iterations for IS:  5000 
    Simulations:
        nb of simulated datasets used for npde:  1000 
        nb of simulated datasets used for VPC:  100 
    Input/output
        save the results to a file:  FALSE 
        save the graphs to files:  TRUE 
        directory where results should be saved:  newdir 
----------------------------------------------------
----                  Results                   ----
----------------------------------------------------
-----------------  Fixed effects  ------------------
----------------------------------------------------
     Parameter Estimate SE    CV(%)
[1,] E0          5.32    0.15  2.8 
[2,] Emax       28.45    1.94  6.8 
[3,] ED50      461.19   58.17 12.6 
[4,] b.1         0.14    0.02 14.3 
----------------------------------------------------
-----------  Variance of random effects  -----------
----------------------------------------------------
      Parameter     Estimate SE    CV(%)
E0    omega2.E0     0.069    0.014  20  
Emax  omega2.Emax   0.326    0.080  25  
ED50  omega2.ED50   0.490    0.218  45  
covar cov.Emax.ED50 0.038    0.110 290  
----------------------------------------------------
------  Correlation matrix of random effects  ------
----------------------------------------------------
            omega2.E0 omega2.Emax omega2.ED50
omega2.E0   1         0.000       0.000      
omega2.Emax 0         1.000       0.094      
omega2.ED50 0         0.094       1.000      
----------------------------------------------------
---------------  Statistical criteria  -------------
----------------------------------------------------
Likelihood computed by linearisation
      -2LL= 2307.813 
      AIC = 2323.813 
      BIC = 2350.2 

Likelihood computed by importance sampling
      -2LL= 2299.539 
      AIC = 2315.539 
      BIC = 2341.925 
----------------------------------------------------
----------------------------------------------------
-----------------  Fixed effects  ------------------
----------------------------------------------------
  Parameter Estimate    SE CV(%)
1        E0     5.32  0.15  2.79
2      Emax    28.45  1.94  6.83
3      ED50   461.19 58.17 12.61
4       b.1     0.14  0.02 14.34
----------------------------------------------------
-----------  Variance of random effects  -----------
----------------------------------------------------
         Parameter Estimate    SE  CV(%)
E0       omega2.E0    0.069 0.014  19.72
Emax   omega2.Emax    0.326 0.080  24.52
ED50   omega2.ED50    0.490 0.218  44.55
1    cov.Emax.ED50    0.038 0.110 289.99
----------------------------------------------------
------  Correlation matrix of random effects  ------
----------------------------------------------------
            omega2.E0 omega2.Emax omega2.ED50
omega2.E0   1.00      0.000       0.000      
omega2.Emax 0.00      1.000       0.094      
omega2.ED50 0.00      0.094       1.000      
----------------------------------------------------
---------------  Statistical criteria  -------------
----------------------------------------------------
Likelihood computed by linearisation
      -2LL= 2307.813 
      AIC = 2323.813 
      BIC = 2350.2 

Likelihood computed by importance sampling
      -2LL= 2299.539 
      AIC = 2315.539 
      BIC = 2341.925 
----------------------------------------------------
Reading data from file /home/eco/work/saemix/saemixextension/simulationSuite/cont/emaxSparseProp/data/data_pdemax97.tab 
These are the first lines of the dataset as read into R. Please check the format of the data is appropriate, if not, modify the na and/or sep items and retry:
  id dose         y
1  1    0  5.123842
2  1 1000 14.186403
3  2    0  3.842397
4  2 1000  8.489253
5  3    0  5.924460
6  3 1000 17.099991


The following SaemixData object was successfully created:

Object of class SaemixData
    longitudinal data for use with the SAEM algorithm
Dataset /home/eco/work/saemix/saemixextension/simulationSuite/cont/emaxSparseProp/data/data_pdemax97.tab 
    Structured data: y ~ dose | id 
    Predictor: dose (-) 
Nonlinear mixed-effects model fit by the SAEM algorithm
-----------------------------------
----          Data             ----
-----------------------------------
Object of class SaemixData
    longitudinal data for use with the SAEM algorithm
Dataset /home/eco/work/saemix/saemixextension/simulationSuite/cont/emaxSparseProp/data/data_pdemax97.tab 
    Structured data: y ~ dose | id 
    Predictor: dose (-) 
Dataset characteristics:
    number of subjects:     200 
    number of observations: 400 
    average/min/max nb obs: 2.00  /  2  /  2 
First 10 lines of data:
   id dose         y mdv cens occ ytype
1   1    0  5.123842   0    0   1     1
2   1 1000 14.186403   0    0   1     1
3   2    0  3.842397   0    0   1     1
4   2 1000  8.489253   0    0   1     1
5   3    0  5.924460   0    0   1     1
6   3 1000 17.099991   0    0   1     1
7   4    0  5.454257   0    0   1     1
8   4 1000 17.550286   0    0   1     1
9   5    0  4.110762   0    0   1     1
10  5 1000 42.187142   0    0   1     1
-----------------------------------
----          Model            ----
-----------------------------------
Nonlinear mixed-effects model
  Model function:  PD Emax model
  Model type:  structural
function (psi, id, xidep) 
{
    dose <- xidep[, 1]
    e0 <- psi[id, 1]
    emax <- psi[id, 2]
    e50 <- psi[id, 3]
    f <- e0 + emax * dose/(e50 + dose)
    return(f)
}
<bytecode: 0x5624f519ee00>
  Nb of parameters: 3 
      parameter names:  E0 Emax ED50 
      distribution:
     Parameter Distribution Estimated
[1,] E0        log-normal   Estimated
[2,] Emax      log-normal   Estimated
[3,] ED50      log-normal   Estimated
  Variance-covariance matrix:
     E0 Emax ED50
E0    1    0    0
Emax  0    1    1
ED50  0    1    1
  Error model: proportional , initial values: b.1=0.1 
    No covariate in the model.
    Initial values
             E0 Emax ED50
Pop.CondInit  5   30  500
-----------------------------------
----    Key algorithm options  ----
-----------------------------------
    Estimation of individual parameters (MAP)
    Estimation of standard errors and linearised log-likelihood
    Estimation of log-likelihood by importance sampling
    Number of iterations:  K1=300, K2=100 
    Number of chains:  1 
    Seed:  4838928 
    Number of MCMC iterations for IS:  5000 
    Simulations:
        nb of simulated datasets used for npde:  1000 
        nb of simulated datasets used for VPC:  100 
    Input/output
        save the results to a file:  FALSE 
        save the graphs to files:  TRUE 
        directory where results should be saved:  newdir 
----------------------------------------------------
----                  Results                   ----
----------------------------------------------------
-----------------  Fixed effects  ------------------
----------------------------------------------------
     Parameter Estimate SE     CV(%)
[1,] E0          4.82    0.141  2.9 
[2,] Emax       25.98    1.720  6.6 
[3,] ED50      367.92   38.220 10.4 
[4,] b.1         0.13    0.021 16.6 
----------------------------------------------------
-----------  Variance of random effects  -----------
----------------------------------------------------
      Parameter     Estimate SE    CV(%)
E0    omega2.E0     0.075    0.014 19   
Emax  omega2.Emax   0.485    0.091 19   
ED50  omega2.ED50   0.305    0.188 62   
covar cov.Emax.ED50 0.307    0.120 39   
----------------------------------------------------
------  Correlation matrix of random effects  ------
----------------------------------------------------
            omega2.E0 omega2.Emax omega2.ED50
omega2.E0   1         0.0         0.0        
omega2.Emax 0         1.0         0.8        
omega2.ED50 0         0.8         1.0        
----------------------------------------------------
---------------  Statistical criteria  -------------
----------------------------------------------------
Likelihood computed by linearisation
      -2LL= 2208.281 
      AIC = 2224.281 
      BIC = 2250.667 

Likelihood computed by importance sampling
      -2LL= 2206.771 
      AIC = 2222.771 
      BIC = 2249.157 
----------------------------------------------------
----------------------------------------------------
-----------------  Fixed effects  ------------------
----------------------------------------------------
  Parameter Estimate     SE CV(%)
1        E0     4.82  0.141  2.93
2      Emax    25.98  1.720  6.62
3      ED50   367.92 38.220 10.39
4       b.1     0.13  0.021 16.63
----------------------------------------------------
-----------  Variance of random effects  -----------
----------------------------------------------------
         Parameter Estimate    SE CV(%)
E0       omega2.E0    0.075 0.014 18.93
Emax   omega2.Emax    0.485 0.091 18.75
ED50   omega2.ED50    0.305 0.188 61.55
1    cov.Emax.ED50    0.307 0.120 39.20
----------------------------------------------------
------  Correlation matrix of random effects  ------
----------------------------------------------------
            omega2.E0 omega2.Emax omega2.ED50
omega2.E0   1.00      0.00        0.00       
omega2.Emax 0.00      1.00        0.80       
omega2.ED50 0.00      0.80        1.00       
----------------------------------------------------
---------------  Statistical criteria  -------------
----------------------------------------------------
Likelihood computed by linearisation
      -2LL= 2208.281 
      AIC = 2224.281 
      BIC = 2250.667 

Likelihood computed by importance sampling
      -2LL= 2206.771 
      AIC = 2222.771 
      BIC = 2249.157 
----------------------------------------------------
Reading data from file /home/eco/work/saemix/saemixextension/simulationSuite/cont/emaxSparseProp/data/data_pdemax98.tab 
These are the first lines of the dataset as read into R. Please check the format of the data is appropriate, if not, modify the na and/or sep items and retry:
  id dose         y
1  1    0  3.849223
2  1 1000 12.517085
3  2    0  6.504794
4  2 1000 16.395960
5  3    0  3.535302
6  3 1000 30.209615


The following SaemixData object was successfully created:

Object of class SaemixData
    longitudinal data for use with the SAEM algorithm
Dataset /home/eco/work/saemix/saemixextension/simulationSuite/cont/emaxSparseProp/data/data_pdemax98.tab 
    Structured data: y ~ dose | id 
    Predictor: dose (-) 
Nonlinear mixed-effects model fit by the SAEM algorithm
-----------------------------------
----          Data             ----
-----------------------------------
Object of class SaemixData
    longitudinal data for use with the SAEM algorithm
Dataset /home/eco/work/saemix/saemixextension/simulationSuite/cont/emaxSparseProp/data/data_pdemax98.tab 
    Structured data: y ~ dose | id 
    Predictor: dose (-) 
Dataset characteristics:
    number of subjects:     200 
    number of observations: 400 
    average/min/max nb obs: 2.00  /  2  /  2 
First 10 lines of data:
   id dose         y mdv cens occ ytype
1   1    0  3.849223   0    0   1     1
2   1 1000 12.517085   0    0   1     1
3   2    0  6.504794   0    0   1     1
4   2 1000 16.395960   0    0   1     1
5   3    0  3.535302   0    0   1     1
6   3 1000 30.209615   0    0   1     1
7   4    0  3.977137   0    0   1     1
8   4 1000 24.452320   0    0   1     1
9   5    0  7.015465   0    0   1     1
10  5 1000 81.826028   0    0   1     1
-----------------------------------
----          Model            ----
-----------------------------------
Nonlinear mixed-effects model
  Model function:  PD Emax model
  Model type:  structural
function (psi, id, xidep) 
{
    dose <- xidep[, 1]
    e0 <- psi[id, 1]
    emax <- psi[id, 2]
    e50 <- psi[id, 3]
    f <- e0 + emax * dose/(e50 + dose)
    return(f)
}
<bytecode: 0x5624f519ee00>
  Nb of parameters: 3 
      parameter names:  E0 Emax ED50 
      distribution:
     Parameter Distribution Estimated
[1,] E0        log-normal   Estimated
[2,] Emax      log-normal   Estimated
[3,] ED50      log-normal   Estimated
  Variance-covariance matrix:
     E0 Emax ED50
E0    1    0    0
Emax  0    1    1
ED50  0    1    1
  Error model: proportional , initial values: b.1=0.1 
    No covariate in the model.
    Initial values
             E0 Emax ED50
Pop.CondInit  5   30  500
-----------------------------------
----    Key algorithm options  ----
-----------------------------------
    Estimation of individual parameters (MAP)
    Estimation of standard errors and linearised log-likelihood
    Estimation of log-likelihood by importance sampling
    Number of iterations:  K1=300, K2=100 
    Number of chains:  1 
    Seed:  4838928 
    Number of MCMC iterations for IS:  5000 
    Simulations:
        nb of simulated datasets used for npde:  1000 
        nb of simulated datasets used for VPC:  100 
    Input/output
        save the results to a file:  FALSE 
        save the graphs to files:  TRUE 
        directory where results should be saved:  newdir 
----------------------------------------------------
----                  Results                   ----
----------------------------------------------------
-----------------  Fixed effects  ------------------
----------------------------------------------------
     Parameter Estimate SE    CV(%)
[1,] E0          4.872   0.14  2.9 
[2,] Emax       30.808   2.10  6.8 
[3,] ED50      474.460  53.09 11.2 
[4,] b.1         0.099   0.02 20.2 
----------------------------------------------------
-----------  Variance of random effects  -----------
----------------------------------------------------
      Parameter     Estimate SE    CV(%)
E0    omega2.E0     0.08     0.013 17   
Emax  omega2.Emax   0.45     0.089 20   
ED50  omega2.ED50   0.41     0.185 45   
covar cov.Emax.ED50 0.17     0.114 65   
----------------------------------------------------
------  Correlation matrix of random effects  ------
----------------------------------------------------
            omega2.E0 omega2.Emax omega2.ED50
omega2.E0   1         0.00        0.00       
omega2.Emax 0         1.00        0.41       
omega2.ED50 0         0.41        1.00       
----------------------------------------------------
---------------  Statistical criteria  -------------
----------------------------------------------------
Likelihood computed by linearisation
      -2LL= 2272.062 
      AIC = 2288.062 
      BIC = 2314.448 

Likelihood computed by importance sampling
      -2LL= 2264.569 
      AIC = 2280.569 
      BIC = 2306.956 
----------------------------------------------------
----------------------------------------------------
-----------------  Fixed effects  ------------------
----------------------------------------------------
  Parameter Estimate    SE CV(%)
1        E0    4.872  0.14  2.86
2      Emax   30.808  2.10  6.81
3      ED50  474.460 53.09 11.19
4       b.1    0.099  0.02 20.25
----------------------------------------------------
-----------  Variance of random effects  -----------
----------------------------------------------------
         Parameter Estimate    SE CV(%)
E0       omega2.E0     0.08 0.013 16.58
Emax   omega2.Emax     0.45 0.089 19.71
ED50   omega2.ED50     0.41 0.185 45.02
1    cov.Emax.ED50     0.17 0.114 64.96
----------------------------------------------------
------  Correlation matrix of random effects  ------
----------------------------------------------------
            omega2.E0 omega2.Emax omega2.ED50
omega2.E0   1.00      0.00        0.00       
omega2.Emax 0.00      1.00        0.41       
omega2.ED50 0.00      0.41        1.00       
----------------------------------------------------
---------------  Statistical criteria  -------------
----------------------------------------------------
Likelihood computed by linearisation
      -2LL= 2272.062 
      AIC = 2288.062 
      BIC = 2314.448 

Likelihood computed by importance sampling
      -2LL= 2264.569 
      AIC = 2280.569 
      BIC = 2306.956 
----------------------------------------------------
Reading data from file /home/eco/work/saemix/saemixextension/simulationSuite/cont/emaxSparseProp/data/data_pdemax99.tab 
These are the first lines of the dataset as read into R. Please check the format of the data is appropriate, if not, modify the na and/or sep items and retry:
  id dose         y
1  1    0  5.403723
2  1 1000 42.850799
3  2    0  4.524068
4  2 1000 21.340981
5  3    0  6.252508
6  3 1000 23.463655


The following SaemixData object was successfully created:

Object of class SaemixData
    longitudinal data for use with the SAEM algorithm
Dataset /home/eco/work/saemix/saemixextension/simulationSuite/cont/emaxSparseProp/data/data_pdemax99.tab 
    Structured data: y ~ dose | id 
    Predictor: dose (-) 
Nonlinear mixed-effects model fit by the SAEM algorithm
-----------------------------------
----          Data             ----
-----------------------------------
Object of class SaemixData
    longitudinal data for use with the SAEM algorithm
Dataset /home/eco/work/saemix/saemixextension/simulationSuite/cont/emaxSparseProp/data/data_pdemax99.tab 
    Structured data: y ~ dose | id 
    Predictor: dose (-) 
Dataset characteristics:
    number of subjects:     200 
    number of observations: 400 
    average/min/max nb obs: 2.00  /  2  /  2 
First 10 lines of data:
   id dose         y mdv cens occ ytype
1   1    0  5.403723   0    0   1     1
2   1 1000 42.850799   0    0   1     1
3   2    0  4.524068   0    0   1     1
4   2 1000 21.340981   0    0   1     1
5   3    0  6.252508   0    0   1     1
6   3 1000 23.463655   0    0   1     1
7   4    0  4.381674   0    0   1     1
8   4 1000  9.817604   0    0   1     1
9   5    0  6.255737   0    0   1     1
10  5 1000 13.986088   0    0   1     1
-----------------------------------
----          Model            ----
-----------------------------------
Nonlinear mixed-effects model
  Model function:  PD Emax model
  Model type:  structural
function (psi, id, xidep) 
{
    dose <- xidep[, 1]
    e0 <- psi[id, 1]
    emax <- psi[id, 2]
    e50 <- psi[id, 3]
    f <- e0 + emax * dose/(e50 + dose)
    return(f)
}
<bytecode: 0x5624f519ee00>
  Nb of parameters: 3 
      parameter names:  E0 Emax ED50 
      distribution:
     Parameter Distribution Estimated
[1,] E0        log-normal   Estimated
[2,] Emax      log-normal   Estimated
[3,] ED50      log-normal   Estimated
  Variance-covariance matrix:
     E0 Emax ED50
E0    1    0    0
Emax  0    1    1
ED50  0    1    1
  Error model: proportional , initial values: b.1=0.1 
    No covariate in the model.
    Initial values
             E0 Emax ED50
Pop.CondInit  5   30  500
-----------------------------------
----    Key algorithm options  ----
-----------------------------------
    Estimation of individual parameters (MAP)
    Estimation of standard errors and linearised log-likelihood
    Estimation of log-likelihood by importance sampling
    Number of iterations:  K1=300, K2=100 
    Number of chains:  1 
    Seed:  4838928 
    Number of MCMC iterations for IS:  5000 
    Simulations:
        nb of simulated datasets used for npde:  1000 
        nb of simulated datasets used for VPC:  100 
    Input/output
        save the results to a file:  FALSE 
        save the graphs to files:  TRUE 
        directory where results should be saved:  newdir 
----------------------------------------------------
----                  Results                   ----
----------------------------------------------------
-----------------  Fixed effects  ------------------
----------------------------------------------------
     Parameter Estimate SE    CV(%)
[1,] E0          4.68    0.14  3.0 
[2,] Emax       29.03    1.98  6.8 
[3,] ED50      504.99   60.17 11.9 
[4,] b.1         0.11    0.02 18.5 
----------------------------------------------------
-----------  Variance of random effects  -----------
----------------------------------------------------
      Parameter     Estimate SE    CV(%)
E0    omega2.E0     0.087    0.015 17   
Emax  omega2.Emax   0.369    0.084 23   
ED50  omega2.ED50   0.477    0.204 43   
covar cov.Emax.ED50 0.128    0.113 88   
----------------------------------------------------
------  Correlation matrix of random effects  ------
----------------------------------------------------
            omega2.E0 omega2.Emax omega2.ED50
omega2.E0   1         0.00        0.00       
omega2.Emax 0         1.00        0.31       
omega2.ED50 0         0.31        1.00       
----------------------------------------------------
---------------  Statistical criteria  -------------
----------------------------------------------------
Likelihood computed by linearisation
      -2LL= 2227.562 
      AIC = 2243.562 
      BIC = 2269.949 

Likelihood computed by importance sampling
      -2LL= 2213.926 
      AIC = 2229.926 
      BIC = 2256.312 
----------------------------------------------------
----------------------------------------------------
-----------------  Fixed effects  ------------------
----------------------------------------------------
  Parameter Estimate    SE CV(%)
1        E0     4.68  0.14  2.98
2      Emax    29.03  1.98  6.82
3      ED50   504.99 60.17 11.91
4       b.1     0.11  0.02 18.49
----------------------------------------------------
-----------  Variance of random effects  -----------
----------------------------------------------------
         Parameter Estimate    SE CV(%)
E0       omega2.E0    0.087 0.015 16.88
Emax   omega2.Emax    0.369 0.084 22.87
ED50   omega2.ED50    0.477 0.204 42.64
1    cov.Emax.ED50    0.128 0.113 88.26
----------------------------------------------------
------  Correlation matrix of random effects  ------
----------------------------------------------------
            omega2.E0 omega2.Emax omega2.ED50
omega2.E0   1.00      0.00        0.00       
omega2.Emax 0.00      1.00        0.31       
omega2.ED50 0.00      0.31        1.00       
----------------------------------------------------
---------------  Statistical criteria  -------------
----------------------------------------------------
Likelihood computed by linearisation
      -2LL= 2227.562 
      AIC = 2243.562 
      BIC = 2269.949 

Likelihood computed by importance sampling
      -2LL= 2213.926 
      AIC = 2229.926 
      BIC = 2256.312 
----------------------------------------------------
Reading data from file /home/eco/work/saemix/saemixextension/simulationSuite/cont/emaxSparseProp/data/data_pdemax100.tab 
These are the first lines of the dataset as read into R. Please check the format of the data is appropriate, if not, modify the na and/or sep items and retry:
  id dose         y
1  1    0  5.550522
2  1 1000 38.073791
3  2    0  5.332651
4  2 1000 21.694947
5  3    0  6.652260
6  3 1000 29.899141


The following SaemixData object was successfully created:

Object of class SaemixData
    longitudinal data for use with the SAEM algorithm
Dataset /home/eco/work/saemix/saemixextension/simulationSuite/cont/emaxSparseProp/data/data_pdemax100.tab 
    Structured data: y ~ dose | id 
    Predictor: dose (-) 
Nonlinear mixed-effects model fit by the SAEM algorithm
-----------------------------------
----          Data             ----
-----------------------------------
Object of class SaemixData
    longitudinal data for use with the SAEM algorithm
Dataset /home/eco/work/saemix/saemixextension/simulationSuite/cont/emaxSparseProp/data/data_pdemax100.tab 
    Structured data: y ~ dose | id 
    Predictor: dose (-) 
Dataset characteristics:
    number of subjects:     200 
    number of observations: 400 
    average/min/max nb obs: 2.00  /  2  /  2 
First 10 lines of data:
   id dose         y mdv cens occ ytype
1   1    0  5.550522   0    0   1     1
2   1 1000 38.073791   0    0   1     1
3   2    0  5.332651   0    0   1     1
4   2 1000 21.694947   0    0   1     1
5   3    0  6.652260   0    0   1     1
6   3 1000 29.899141   0    0   1     1
7   4    0  6.673781   0    0   1     1
8   4 1000 35.366456   0    0   1     1
9   5    0  6.387306   0    0   1     1
10  5 1000 47.997269   0    0   1     1
-----------------------------------
----          Model            ----
-----------------------------------
Nonlinear mixed-effects model
  Model function:  PD Emax model
  Model type:  structural
function (psi, id, xidep) 
{
    dose <- xidep[, 1]
    e0 <- psi[id, 1]
    emax <- psi[id, 2]
    e50 <- psi[id, 3]
    f <- e0 + emax * dose/(e50 + dose)
    return(f)
}
<bytecode: 0x5624f519ee00>
  Nb of parameters: 3 
      parameter names:  E0 Emax ED50 
      distribution:
     Parameter Distribution Estimated
[1,] E0        log-normal   Estimated
[2,] Emax      log-normal   Estimated
[3,] ED50      log-normal   Estimated
  Variance-covariance matrix:
     E0 Emax ED50
E0    1    0    0
Emax  0    1    1
ED50  0    1    1
  Error model: proportional , initial values: b.1=0.1 
    No covariate in the model.
    Initial values
             E0 Emax ED50
Pop.CondInit  5   30  500
-----------------------------------
----    Key algorithm options  ----
-----------------------------------
    Estimation of individual parameters (MAP)
    Estimation of standard errors and linearised log-likelihood
    Estimation of log-likelihood by importance sampling
    Number of iterations:  K1=300, K2=100 
    Number of chains:  1 
    Seed:  4838928 
    Number of MCMC iterations for IS:  5000 
    Simulations:
        nb of simulated datasets used for npde:  1000 
        nb of simulated datasets used for VPC:  100 
    Input/output
        save the results to a file:  FALSE 
        save the graphs to files:  TRUE 
        directory where results should be saved:  newdir 
----------------------------------------------------
----                  Results                   ----
----------------------------------------------------
-----------------  Fixed effects  ------------------
----------------------------------------------------
     Parameter Estimate SE    CV(%)
[1,] E0          4.953   0.14  2.9 
[2,] Emax       36.663   2.69  7.3 
[3,] ED50      597.553  69.51 11.6 
[4,] b.1         0.075   0.02 26.2 
----------------------------------------------------
-----------  Variance of random effects  -----------
----------------------------------------------------
      Parameter     Estimate SE    CV(%)
E0    omega2.E0     0.088    0.014 15   
Emax  omega2.Emax   0.487    0.095 19   
ED50  omega2.ED50   0.533    0.182 34   
covar cov.Emax.ED50 0.223    0.115 51   
----------------------------------------------------
------  Correlation matrix of random effects  ------
----------------------------------------------------
            omega2.E0 omega2.Emax omega2.ED50
omega2.E0   1         0.00        0.00       
omega2.Emax 0         1.00        0.44       
omega2.ED50 0         0.44        1.00       
----------------------------------------------------
---------------  Statistical criteria  -------------
----------------------------------------------------
Likelihood computed by linearisation
      -2LL= 2299.299 
      AIC = 2315.299 
      BIC = 2341.686 

Likelihood computed by importance sampling
      -2LL= 2288.225 
      AIC = 2304.225 
      BIC = 2330.612 
----------------------------------------------------
----------------------------------------------------
-----------------  Fixed effects  ------------------
----------------------------------------------------
  Parameter Estimate    SE CV(%)
1        E0    4.953  0.14  2.86
2      Emax   36.663  2.69  7.33
3      ED50  597.553 69.51 11.63
4       b.1    0.075  0.02 26.20
----------------------------------------------------
-----------  Variance of random effects  -----------
----------------------------------------------------
         Parameter Estimate    SE CV(%)
E0       omega2.E0    0.088 0.014 15.34
Emax   omega2.Emax    0.487 0.095 19.44
ED50   omega2.ED50    0.533 0.182 34.15
1    cov.Emax.ED50    0.223 0.115 51.46
----------------------------------------------------
------  Correlation matrix of random effects  ------
----------------------------------------------------
            omega2.E0 omega2.Emax omega2.ED50
omega2.E0   1.00      0.00        0.00       
omega2.Emax 0.00      1.00        0.44       
omega2.ED50 0.00      0.44        1.00       
----------------------------------------------------
---------------  Statistical criteria  -------------
----------------------------------------------------
Likelihood computed by linearisation
      -2LL= 2299.299 
      AIC = 2315.299 
      BIC = 2341.686 

Likelihood computed by importance sampling
      -2LL= 2288.225 
      AIC = 2304.225 
      BIC = 2330.612 
----------------------------------------------------
> 
> 
> proc.time()
utilisateur     système      écoulé 
    532.338       0.548     534.295 
