
R version 3.6.3 (2020-02-29) -- "Holding the Windsock"
Copyright (C) 2020 The R Foundation for Statistical Computing
Platform: x86_64-pc-linux-gnu (64-bit)

R est un logiciel libre livré sans AUCUNE GARANTIE.
Vous pouvez le redistribuer sous certaines conditions.
Tapez 'license()' ou 'licence()' pour plus de détails.

  Natural language support but running in an English locale

R is a collaborative project with many contributors.
Type 'contributors()' for more information and
'citation()' on how to cite R or R packages in publications.

Tapez 'demo()' pour des démonstrations, 'help()' pour l'aide
en ligne ou 'help.start()' pour obtenir l'aide au format HTML.
Tapez 'q()' pour quitter R.

[Sauvegarde de la session précédente restaurée]

> # Folders
> saemixDir <- "/home/eco/work/saemix/versions/saemix3.1"
> saemixVersion <- "cran31"
> simulDir <-"/home/eco/work/saemix/saemixextension"
> 
> # libraries
> library(devtools)
Le chargement a nécessité le package : usethis
> 
> # Details
> today <- '220920'
> who <- "eco"
> settings <- "defaultTrue"
> computeIndPar <- FALSE # can be set to TRUE to compute individual parameter estimates
> 
> # Scenario
> scenario <- "imaxRichAdd"
> datDir <- file.path(simulDir,"simulationSuite","cont", scenario,"data")
> resDir <- file.path(simulDir,"simulationSuite","cont", scenario,"results")
> namRes <- file.path(resDir, paste0(today,"_",who,"_",saemixVersion,"_",scenario,"_",settings,".res"))
> 
> nsim<-100
> namsimdat<-"pdimax"
> parpop<-c(100,0.7,500,2)
> parcov<-(-0.5) # ED50=500 in group 0, 300 in group 1
> nampar<-c("E0","Imax","ED50","gamma")
> omega<-diag(c(0.01,0,0.09,0)) # 10% IIV on E0 and 30% IIV on ID50, no correlation
> respar<-c(5,0.2) # additive and proportional error terms
> 
> sigma<-respar
> if(length(grep("Add", scenario))>0) sigma<-respar[1]
> if(length(grep("Prop", scenario))>0) sigma<-respar[2]
> pvrai <- c(parpop[1:3], parcov, parpop[4], omega[1,1],omega[3,3], respar)
> pfaux <-c(50,0.5,100,0,1,1,1,1,0.5)
> 
> if(settings=="defaultTrue") {
+   psi0 <- pvrai[c(1:3,5)]
+   omega0 <- omega
+   res0 <- sigma
+ }
> if(settings %in% c("defaultFalse","longFalse")) {
+   psi0 <- pfaux[c(1:3,5)]
+   omega0 <- diag(c(1,1,1))
+   res0 <- sigma*2
+ }
> 
> sigmoidImax<-function(psi,id,xidep) {
+   # input:
+   #   psi : matrix of parameters (3 columns, E0, Emax, E50)
+   #   id : vector of indices 
+   #   xidep : dependent variables (same nb of rows as length of id)
+   # returns:
+   #   a vector of predictions of length equal to length of id
+   dose<-xidep[,1]
+   e0<-psi[id,1]
+   imax<-psi[id,2]
+   ed50<-psi[id,3]
+   gamma<-psi[id,4]
+   f<-e0*(1-imax*(dose**gamma)/((ed50**gamma)+(dose**gamma)))
+   return(f)
+ }
> 
> # Random generator seed
> set.seed(220920743)
> zeseed <- trunc(runif(nsim, 0, 1)*10^7)
> 
> # Estimation
> dev_mode() # development mode
✔ Dev mode: ON
d> install.packages(pkgs=file.path(saemixDir,"saemix_3.1.tar.gz"),repos=NULL)
Installation du package dans ‘/home/eco/R-dev’
(car ‘lib’ n'est pas spécifié)
* installing *source* package ‘saemix’ ...
** using staged installation
** R
** data
*** moving datasets to lazyload DB
** inst
** byte-compile and prepare package for lazy loading
** help
*** installing help indices
** building package indices
** testing if installed package can be loaded from temporary location
** testing if installed package can be loaded from final location
** testing if installed package keeps a record of temporary installation path
* DONE (saemix)
d> library(saemix)
Le chargement a nécessité le package : npde

Attachement du package : ‘npde’

 以下のオブジェクトは ‘.GlobalEnv’ によってマスクされています: 

     kurtosis, showall, skewness 

Package saemix, version 3.1
  please direct bugs, questions and feedback to emmanuelle.comets@inserm.fr


Attachement du package : ‘saemix’

 以下のオブジェクトは ‘.GlobalEnv’ によってマスクされています: 

     advanced.gof, AIC.SaemixObject, basic.gof, BIC.covariate,
    BIC.SaemixObject, coef.SaemixObject, compute.eta.map, compute.LLy,
    compute.sres, compute.Uy, conddist.saemix,
    conditional.distribution_c, conditional.distribution_d,
    covariate.fits, createSaemixObject.empty,
    createSaemixObject.initial, cutoff, cutoff.eps, cutoff.max,
    cutoff.res, default.saemix.plots, derivphi, dtransphi, error,
    error.typ, estep, estimateIndividualParametersNewdata,
    estimateMeanParametersNewdata, eta, fim.saemix,
    fitted.SaemixObject, fitted.SaemixRes, gammarnd.mlx, gqg.mlx,
    individual.fits, initialiseMainAlgo, kurtosis, llgq.saemix,
    llis.saemix, logLik.SaemixObject, map.saemix, mydiag, normcdf,
    norminv, phi, plot.SaemixData, plot.SaemixSimData, plotnpde,
    predict.SaemixModel, psi, readSaemix, replace.data.options,
    replace.plot.options, replaceData.saemixObject, resid.SaemixObject,
    resid.SaemixRes, saemix.data.setoptions, saemix.plot.convergence,
    saemix.plot.correlations, saemix.plot.data, saemix.plot.distpsi,
    saemix.plot.distribresiduals, saemix.plot.fits, saemix.plot.llis,
    saemix.plot.mirror, saemix.plot.npde, saemix.plot.obsvspred,
    saemix.plot.parcov, saemix.plot.parcov.aux, saemix.plot.randeff,
    saemix.plot.randeffcov, saemix.plot.scatterresiduals,
    saemix.plot.select, saemix.plot.setoptions, saemix.plot.vpc,
    saemix.predict, saemixControl, saemixData, saemixModel,
    saemixPredictNewdata, simul.saemix, simulate.SaemixObject,
    simulateDiscreteSaemix, skewness, ssq, subset.SaemixData, testnpde,
    tpdf.mlx, transform.numeric, transform.SaemixData, transformCatCov,
    transformContCov, transphi, transpsi, trnd.mlx,
    validate.covariance.model, validate.names, vcov.SaemixObject,
    vcov.SaemixRes 

 以下のオブジェクトは ‘package:npde’ からマスクされています: 

     kurtosis, skewness 

d> 
d> saemix.model.add<-saemixModel(model=sigmoidImax, description="PD Imax model",
+                               psi0=matrix(psi0, ncol=4, byrow = TRUE, dimnames=list(NULL, nampar)),transform.par=c(1,1,1,1),
+                               covariance.model=diag(c(1,0,1,0)), covariate.model=c(0,0,1,0),
+                               omega.init = omega0, error.init=c(sigma,0), error.model="additive")
Invalid error model, switching to constant


The following SaemixModel object was successfully created:

Nonlinear mixed-effects model
  Model function:  PD Imax model
  Model type:  structural
function (psi, id, xidep) 
{
    dose <- xidep[, 1]
    e0 <- psi[id, 1]
    imax <- psi[id, 2]
    ed50 <- psi[id, 3]
    gamma <- psi[id, 4]
    f <- e0 * (1 - imax * (dose^gamma)/((ed50^gamma) + (dose^gamma)))
    return(f)
}
  Nb of parameters: 4 
      parameter names:  E0 Imax ED50 gamma 
      distribution:
     Parameter Distribution Estimated
[1,] E0        log-normal   Estimated
[2,] Imax      log-normal   Estimated
[3,] ED50      log-normal   Estimated
[4,] gamma     log-normal   Estimated
  Variance-covariance matrix:
      E0 Imax ED50 gamma
E0     1    0    0     0
Imax   0    0    0     0
ED50   0    0    1     0
gamma  0    0    0     0
  Error model: constant , initial values: a.1=5 
  Covariate model:
     E0 Imax ED50 gamma
[1,]  0    0    1     0
    Initial values
              E0 Imax ED50 gamma
Pop.CondInit 100  0.7  500     2
Cov.CondInit   0  0.0    0     0
d> saemix.model.prop<-saemixModel(model=sigmoidImax, description="PD Imax model",
+                                psi0=matrix(psi0, ncol=4, byrow = TRUE, dimnames=list(NULL, nampar)),transform.par=c(1,1,1,1),
+                                covariance.model=diag(c(1,0,1,0)),covariate.model=c(0,0,1,0),
+                                omega.init = omega0, error.init=c(0,sigma), error.model="proportional")


The following SaemixModel object was successfully created:

Nonlinear mixed-effects model
  Model function:  PD Imax model
  Model type:  structural
function (psi, id, xidep) 
{
    dose <- xidep[, 1]
    e0 <- psi[id, 1]
    imax <- psi[id, 2]
    ed50 <- psi[id, 3]
    gamma <- psi[id, 4]
    f <- e0 * (1 - imax * (dose^gamma)/((ed50^gamma) + (dose^gamma)))
    return(f)
}
  Nb of parameters: 4 
      parameter names:  E0 Imax ED50 gamma 
      distribution:
     Parameter Distribution Estimated
[1,] E0        log-normal   Estimated
[2,] Imax      log-normal   Estimated
[3,] ED50      log-normal   Estimated
[4,] gamma     log-normal   Estimated
  Variance-covariance matrix:
      E0 Imax ED50 gamma
E0     1    0    0     0
Imax   0    0    0     0
ED50   0    0    1     0
gamma  0    0    0     0
  Error model: proportional , initial values: b.1=5 
  Covariate model:
     E0 Imax ED50 gamma
[1,]  0    0    1     0
    Initial values
              E0 Imax ED50 gamma
Pop.CondInit 100  0.7  500     2
Cov.CondInit   0  0.0    0     0
d> saemix.model.comb<-saemixModel(model=sigmoidImax, description="PD Imax model",
+                                psi0=matrix(psi0, ncol=4, byrow = TRUE, dimnames=list(NULL, nampar)),transform.par=c(1,1,1,1),
+                                covariance.model=diag(c(1,0,1,0)),covariate.model=c(0,0,1,0),
+                                omega.init = omega0, error.init=sigma, error.model="combined")


The following SaemixModel object was successfully created:

Nonlinear mixed-effects model
  Model function:  PD Imax model
  Model type:  structural
function (psi, id, xidep) 
{
    dose <- xidep[, 1]
    e0 <- psi[id, 1]
    imax <- psi[id, 2]
    ed50 <- psi[id, 3]
    gamma <- psi[id, 4]
    f <- e0 * (1 - imax * (dose^gamma)/((ed50^gamma) + (dose^gamma)))
    return(f)
}
  Nb of parameters: 4 
      parameter names:  E0 Imax ED50 gamma 
      distribution:
     Parameter Distribution Estimated
[1,] E0        log-normal   Estimated
[2,] Imax      log-normal   Estimated
[3,] ED50      log-normal   Estimated
[4,] gamma     log-normal   Estimated
  Variance-covariance matrix:
      E0 Imax ED50 gamma
E0     1    0    0     0
Imax   0    0    0     0
ED50   0    0    1     0
gamma  0    0    0     0
  Error model: combined , initial values: a.1=1 b.1=1 
  Covariate model:
     E0 Imax ED50 gamma
[1,]  0    0    1     0
    Initial values
              E0 Imax ED50 gamma
Pop.CondInit 100  0.7  500     2
Cov.CondInit   0  0.0    0     0
d> if(length(grep("Add", scenario))>0) saemix.model<-saemix.model.add
d> if(length(grep("Prop", scenario))>0) saemix.model<-saemix.model.prop
d> if(length(grep("Comb", scenario))>0) saemix.model<-saemix.model.comb
d> 
d> saemix.options<-list(seed=zeseed[1], save=FALSE, save.graphs=FALSE, displayProgress=FALSE)
d> if(settings=="longFalse") {
+   saemix.options$nchains <- 5
+   saemix.options$nbiter.saemix <- c(800, 300)
+ }
d> 
d> # testing
d> # saemix.data<-saemixData(xdat,header=T,name.group="id",name.predictors="dose",name.response="eff", name.covariate="group",units=list(x="-",y="-"))
d> # yfit <- saemix(saemix.model, saemix.data, saemix.options)
d> 
d> isim <- 1
d> for(isim in 1:nsim) {
+   # data
+   namfich<-paste('data_',namsimdat,isim,".tab",sep="")
+   saemix.data<-saemixData(file.path(datDir,namfich),header=T,name.group="id",name.predictors="dose",name.response="eff", name.covariate='group',units=list(x="-",y="-"))
+   
+   yfit <- saemix(saemix.model, saemix.data, saemix.options)
+   if(computeIndPar)
+     yfit <- conddist.saemix(yfit)
+   # Saving population parameters
+   idx.eps<-yfit@model@indx.res
+   idx.iiv<-yfit@model@indx.omega
+   vec<-summary(yfit@results)
+   l1<-unlist(c(isim,vec$fixed.effects[,2],vec$random.effects[,2],vec$logLik[1:2,2]))
+   l2<-unlist(c(vec$fixed.effects[,3],vec$random.effects[,3]))
+   if(isim==1) {
+     headersOrig<-c("Simulation",vec$fixed.effects[,1],as.character(vec$random.effects[,1]),"LL.lin","LL.IS")
+     headersSE<-headersOrig[1:(length(headersOrig)-2)]
+     headersSE[-c(1)]<-paste("SE.", headersSE[-c(1)],sep="")
+     headersOrig <- c(headersOrig, headersSE[-c(1)])
+     write(headersOrig,namRes,ncol=length(headersOrig))
+   }
+   write(c(l1,l2),namRes,ncol=length((headersOrig)),append=T)
+ }
Reading data from file /home/eco/work/saemix/saemixextension/simulationSuite/cont/imaxRichAdd/data/data_pdimax1.tab 
These are the first lines of the dataset as read into R. Please check the format of the data is appropriate, if not, modify the na and/or sep items and retry:
  id dose       eff group
1  1    0 102.84679     0
2  1  200  98.58082     0
3  1  400  75.89658     0
4  1  500  74.94350     0
5  1  700  54.23191     0
6  1 1000  47.10711     0


The following SaemixData object was successfully created:

Object of class SaemixData
    longitudinal data for use with the SAEM algorithm
Dataset /home/eco/work/saemix/saemixextension/simulationSuite/cont/imaxRichAdd/data/data_pdimax1.tab 
    Structured data: eff ~ dose | id 
    Predictor: dose (-) 
    covariates: group (-) 
      reference class for covariate group :  0 
Nonlinear mixed-effects model fit by the SAEM algorithm
-----------------------------------
----          Data             ----
-----------------------------------
Object of class SaemixData
    longitudinal data for use with the SAEM algorithm
Dataset /home/eco/work/saemix/saemixextension/simulationSuite/cont/imaxRichAdd/data/data_pdimax1.tab 
    Structured data: eff ~ dose | id 
    Predictor: dose (-) 
    covariates: group (-) 
      reference class for covariate group :  0 
Dataset characteristics:
    number of subjects:     100 
    number of observations: 600 
    average/min/max nb obs: 6.00  /  6  /  6 
First 10 lines of data:
   id dose       eff group mdv cens occ ytype
1   1    0 102.84679     0   0    0   1     1
2   1  200  98.58082     0   0    0   1     1
3   1  400  75.89658     0   0    0   1     1
4   1  500  74.94350     0   0    0   1     1
5   1  700  54.23191     0   0    0   1     1
6   1 1000  47.10711     0   0    0   1     1
7   2    0  84.68022     0   0    0   1     1
8   2  200  89.08477     0   0    0   1     1
9   2  400  85.36819     0   0    0   1     1
10  2  500  65.86955     0   0    0   1     1
-----------------------------------
----          Model            ----
-----------------------------------
Nonlinear mixed-effects model
  Model function:  PD Imax model
  Model type:  structural
function (psi, id, xidep) 
{
    dose <- xidep[, 1]
    e0 <- psi[id, 1]
    imax <- psi[id, 2]
    ed50 <- psi[id, 3]
    gamma <- psi[id, 4]
    f <- e0 * (1 - imax * (dose^gamma)/((ed50^gamma) + (dose^gamma)))
    return(f)
}
<bytecode: 0x564c33fe6fb0>
  Nb of parameters: 4 
      parameter names:  E0 Imax ED50 gamma 
      distribution:
     Parameter Distribution Estimated
[1,] E0        log-normal   Estimated
[2,] Imax      log-normal   Estimated
[3,] ED50      log-normal   Estimated
[4,] gamma     log-normal   Estimated
  Variance-covariance matrix:
      E0 Imax ED50 gamma
E0     1    0    0     0
Imax   0    0    0     0
ED50   0    0    1     0
gamma  0    0    0     0
  Error model: constant , initial values: a.1=5 
  Covariate model:
      [,1] [,2] [,3] [,4]
group    0    0    1    0
    Initial values
              E0 Imax ED50 gamma
Pop.CondInit 100  0.7  500     2
Cov.CondInit   0  0.0    0     0
-----------------------------------
----    Key algorithm options  ----
-----------------------------------
    Estimation of individual parameters (MAP)
    Estimation of standard errors and linearised log-likelihood
    Estimation of log-likelihood by importance sampling
    Number of iterations:  K1=300, K2=100 
    Number of chains:  1 
    Seed:  7927570 
    Number of MCMC iterations for IS:  5000 
    Simulations:
        nb of simulated datasets used for npde:  1000 
        nb of simulated datasets used for VPC:  100 
    Input/output
        save the results to a file:  FALSE 
        save the graphs to files:  FALSE 
----------------------------------------------------
----                  Results                   ----
----------------------------------------------------
-----------------  Fixed effects  ------------------
----------------------------------------------------
     Parameter        Estimate SE     CV(%) p-value
[1,] E0               100.12    0.974  0.97 -      
[2,] Imax               0.68    0.010  1.46 -      
[3,] ED50             479.65   24.650  5.14 -      
[4,] beta_group(ED50)  -0.47    0.070 14.72 5.5e-12
[5,] gamma              2.07    0.071  3.43 -      
[6,] a.1                4.62    0.163  3.52 -      
----------------------------------------------------
-----------  Variance of random effects  -----------
----------------------------------------------------
     Parameter   Estimate SE     CV(%)
E0   omega2.E0   0.0075   0.0013 17   
ED50 omega2.ED50 0.1085   0.0173 16   
----------------------------------------------------
------  Correlation matrix of random effects  ------
----------------------------------------------------
            omega2.E0 omega2.ED50
omega2.E0   1         0          
omega2.ED50 0         1          
----------------------------------------------------
---------------  Statistical criteria  -------------
----------------------------------------------------
Likelihood computed by linearisation
      -2LL= 3995.013 
      AIC = 4011.013 
      BIC = 4031.854 

Likelihood computed by importance sampling
      -2LL= 3996.978 
      AIC = 4012.978 
      BIC = 4033.819 
----------------------------------------------------
----------------------------------------------------
-----------------  Fixed effects  ------------------
----------------------------------------------------
         Parameter Estimate     SE CV(%) p-value
1               E0   100.12  0.974  0.97       -
2             Imax     0.68  0.010  1.46       -
3             ED50   479.65 24.650  5.14       -
4 beta_group(ED50)    -0.47  0.070 14.72 1.1e-11
5            gamma     2.07  0.071  3.43       -
6              a.1     4.62  0.163  3.52       -
----------------------------------------------------
-----------  Variance of random effects  -----------
----------------------------------------------------
       Parameter Estimate     SE CV(%)
E0     omega2.E0   0.0075 0.0013 17.29
ED50 omega2.ED50   0.1085 0.0173 15.90
----------------------------------------------------
------  Correlation matrix of random effects  ------
----------------------------------------------------
            omega2.E0 omega2.ED50
omega2.E0   1.00      0.00       
omega2.ED50 0.00      1.00       
----------------------------------------------------
---------------  Statistical criteria  -------------
----------------------------------------------------
Likelihood computed by linearisation
      -2LL= 3995.013 
      AIC = 4011.013 
      BIC = 4031.854 

Likelihood computed by importance sampling
      -2LL= 3996.978 
      AIC = 4012.978 
      BIC = 4033.819 
----------------------------------------------------
Reading data from file /home/eco/work/saemix/saemixextension/simulationSuite/cont/imaxRichAdd/data/data_pdimax2.tab 
These are the first lines of the dataset as read into R. Please check the format of the data is appropriate, if not, modify the na and/or sep items and retry:
  id dose       eff group
1  1    0 109.91813     0
2  1  200  99.81866     0
3  1  400  85.22095     0
4  1  500  64.79863     0
5  1  700  54.63761     0
6  1 1000  49.52432     0


The following SaemixData object was successfully created:

Object of class SaemixData
    longitudinal data for use with the SAEM algorithm
Dataset /home/eco/work/saemix/saemixextension/simulationSuite/cont/imaxRichAdd/data/data_pdimax2.tab 
    Structured data: eff ~ dose | id 
    Predictor: dose (-) 
    covariates: group (-) 
      reference class for covariate group :  0 
Nonlinear mixed-effects model fit by the SAEM algorithm
-----------------------------------
----          Data             ----
-----------------------------------
Object of class SaemixData
    longitudinal data for use with the SAEM algorithm
Dataset /home/eco/work/saemix/saemixextension/simulationSuite/cont/imaxRichAdd/data/data_pdimax2.tab 
    Structured data: eff ~ dose | id 
    Predictor: dose (-) 
    covariates: group (-) 
      reference class for covariate group :  0 
Dataset characteristics:
    number of subjects:     100 
    number of observations: 600 
    average/min/max nb obs: 6.00  /  6  /  6 
First 10 lines of data:
   id dose       eff group mdv cens occ ytype
1   1    0 109.91813     0   0    0   1     1
2   1  200  99.81866     0   0    0   1     1
3   1  400  85.22095     0   0    0   1     1
4   1  500  64.79863     0   0    0   1     1
5   1  700  54.63761     0   0    0   1     1
6   1 1000  49.52432     0   0    0   1     1
7   2    0  90.36645     0   0    0   1     1
8   2  200  96.06723     0   0    0   1     1
9   2  400  68.07702     0   0    0   1     1
10  2  500  61.79570     0   0    0   1     1
-----------------------------------
----          Model            ----
-----------------------------------
Nonlinear mixed-effects model
  Model function:  PD Imax model
  Model type:  structural
function (psi, id, xidep) 
{
    dose <- xidep[, 1]
    e0 <- psi[id, 1]
    imax <- psi[id, 2]
    ed50 <- psi[id, 3]
    gamma <- psi[id, 4]
    f <- e0 * (1 - imax * (dose^gamma)/((ed50^gamma) + (dose^gamma)))
    return(f)
}
<bytecode: 0x564c33fe6fb0>
  Nb of parameters: 4 
      parameter names:  E0 Imax ED50 gamma 
      distribution:
     Parameter Distribution Estimated
[1,] E0        log-normal   Estimated
[2,] Imax      log-normal   Estimated
[3,] ED50      log-normal   Estimated
[4,] gamma     log-normal   Estimated
  Variance-covariance matrix:
      E0 Imax ED50 gamma
E0     1    0    0     0
Imax   0    0    0     0
ED50   0    0    1     0
gamma  0    0    0     0
  Error model: constant , initial values: a.1=5 
  Covariate model:
      [,1] [,2] [,3] [,4]
group    0    0    1    0
    Initial values
              E0 Imax ED50 gamma
Pop.CondInit 100  0.7  500     2
Cov.CondInit   0  0.0    0     0
-----------------------------------
----    Key algorithm options  ----
-----------------------------------
    Estimation of individual parameters (MAP)
    Estimation of standard errors and linearised log-likelihood
    Estimation of log-likelihood by importance sampling
    Number of iterations:  K1=300, K2=100 
    Number of chains:  1 
    Seed:  7927570 
    Number of MCMC iterations for IS:  5000 
    Simulations:
        nb of simulated datasets used for npde:  1000 
        nb of simulated datasets used for VPC:  100 
    Input/output
        save the results to a file:  FALSE 
        save the graphs to files:  FALSE 
----------------------------------------------------
----                  Results                   ----
----------------------------------------------------
-----------------  Fixed effects  ------------------
----------------------------------------------------
     Parameter        Estimate SE     CV(%) p-value
[1,] E0                99.54    1.050  1.1  -      
[2,] Imax               0.69    0.012  1.7  -      
[3,] ED50             492.26   21.804  4.4  -      
[4,] beta_group(ED50)  -0.42    0.058 13.9  3.7e-13
[5,] gamma              2.11    0.077  3.7  -      
[6,] a.1                4.91    0.173  3.5  -      
----------------------------------------------------
-----------  Variance of random effects  -----------
----------------------------------------------------
     Parameter   Estimate SE     CV(%)
E0   omega2.E0   0.0088   0.0015 17   
ED50 omega2.ED50 0.0714   0.0121 17   
----------------------------------------------------
------  Correlation matrix of random effects  ------
----------------------------------------------------
            omega2.E0 omega2.ED50
omega2.E0   1         0          
omega2.ED50 0         1          
----------------------------------------------------
---------------  Statistical criteria  -------------
----------------------------------------------------
Likelihood computed by linearisation
      -2LL= 4037.739 
      AIC = 4053.739 
      BIC = 4074.581 

Likelihood computed by importance sampling
      -2LL= 4038.585 
      AIC = 4054.585 
      BIC = 4075.426 
----------------------------------------------------
----------------------------------------------------
-----------------  Fixed effects  ------------------
----------------------------------------------------
         Parameter Estimate     SE CV(%) p-value
1               E0    99.54  1.050  1.06       -
2             Imax     0.69  0.012  1.69       -
3             ED50   492.26 21.804  4.43       -
4 beta_group(ED50)    -0.42  0.058 13.95 7.5e-13
5            gamma     2.11  0.077  3.65       -
6              a.1     4.91  0.173  3.52       -
----------------------------------------------------
-----------  Variance of random effects  -----------
----------------------------------------------------
       Parameter Estimate     SE CV(%)
E0     omega2.E0   0.0088 0.0015 17.03
ED50 omega2.ED50   0.0714 0.0121 16.94
----------------------------------------------------
------  Correlation matrix of random effects  ------
----------------------------------------------------
            omega2.E0 omega2.ED50
omega2.E0   1.00      0.00       
omega2.ED50 0.00      1.00       
----------------------------------------------------
---------------  Statistical criteria  -------------
----------------------------------------------------
Likelihood computed by linearisation
      -2LL= 4037.739 
      AIC = 4053.739 
      BIC = 4074.581 

Likelihood computed by importance sampling
      -2LL= 4038.585 
      AIC = 4054.585 
      BIC = 4075.426 
----------------------------------------------------
Reading data from file /home/eco/work/saemix/saemixextension/simulationSuite/cont/imaxRichAdd/data/data_pdimax3.tab 
These are the first lines of the dataset as read into R. Please check the format of the data is appropriate, if not, modify the na and/or sep items and retry:
  id dose       eff group
1  1    0  99.83471     0
2  1  200 107.82809     0
3  1  400  95.15564     0
4  1  500  92.97744     0
5  1  700  78.55551     0
6  1 1000  72.37487     0


The following SaemixData object was successfully created:

Object of class SaemixData
    longitudinal data for use with the SAEM algorithm
Dataset /home/eco/work/saemix/saemixextension/simulationSuite/cont/imaxRichAdd/data/data_pdimax3.tab 
    Structured data: eff ~ dose | id 
    Predictor: dose (-) 
    covariates: group (-) 
      reference class for covariate group :  0 
Nonlinear mixed-effects model fit by the SAEM algorithm
-----------------------------------
----          Data             ----
-----------------------------------
Object of class SaemixData
    longitudinal data for use with the SAEM algorithm
Dataset /home/eco/work/saemix/saemixextension/simulationSuite/cont/imaxRichAdd/data/data_pdimax3.tab 
    Structured data: eff ~ dose | id 
    Predictor: dose (-) 
    covariates: group (-) 
      reference class for covariate group :  0 
Dataset characteristics:
    number of subjects:     100 
    number of observations: 600 
    average/min/max nb obs: 6.00  /  6  /  6 
First 10 lines of data:
   id dose       eff group mdv cens occ ytype
1   1    0  99.83471     0   0    0   1     1
2   1  200 107.82809     0   0    0   1     1
3   1  400  95.15564     0   0    0   1     1
4   1  500  92.97744     0   0    0   1     1
5   1  700  78.55551     0   0    0   1     1
6   1 1000  72.37487     0   0    0   1     1
7   2    0 112.33711     0   0    0   1     1
8   2  200 105.28403     0   0    0   1     1
9   2  400  84.76035     0   0    0   1     1
10  2  500  85.27362     0   0    0   1     1
-----------------------------------
----          Model            ----
-----------------------------------
Nonlinear mixed-effects model
  Model function:  PD Imax model
  Model type:  structural
function (psi, id, xidep) 
{
    dose <- xidep[, 1]
    e0 <- psi[id, 1]
    imax <- psi[id, 2]
    ed50 <- psi[id, 3]
    gamma <- psi[id, 4]
    f <- e0 * (1 - imax * (dose^gamma)/((ed50^gamma) + (dose^gamma)))
    return(f)
}
<bytecode: 0x564c33fe6fb0>
  Nb of parameters: 4 
      parameter names:  E0 Imax ED50 gamma 
      distribution:
     Parameter Distribution Estimated
[1,] E0        log-normal   Estimated
[2,] Imax      log-normal   Estimated
[3,] ED50      log-normal   Estimated
[4,] gamma     log-normal   Estimated
  Variance-covariance matrix:
      E0 Imax ED50 gamma
E0     1    0    0     0
Imax   0    0    0     0
ED50   0    0    1     0
gamma  0    0    0     0
  Error model: constant , initial values: a.1=5 
  Covariate model:
      [,1] [,2] [,3] [,4]
group    0    0    1    0
    Initial values
              E0 Imax ED50 gamma
Pop.CondInit 100  0.7  500     2
Cov.CondInit   0  0.0    0     0
-----------------------------------
----    Key algorithm options  ----
-----------------------------------
    Estimation of individual parameters (MAP)
    Estimation of standard errors and linearised log-likelihood
    Estimation of log-likelihood by importance sampling
    Number of iterations:  K1=300, K2=100 
    Number of chains:  1 
    Seed:  7927570 
    Number of MCMC iterations for IS:  5000 
    Simulations:
        nb of simulated datasets used for npde:  1000 
        nb of simulated datasets used for VPC:  100 
    Input/output
        save the results to a file:  FALSE 
        save the graphs to files:  FALSE 
----------------------------------------------------
----                  Results                   ----
----------------------------------------------------
-----------------  Fixed effects  ------------------
----------------------------------------------------
     Parameter        Estimate SE     CV(%) p-value
[1,] E0                98.77    1.046  1.1  -      
[2,] Imax               0.68    0.010  1.5  -      
[3,] ED50             482.45   25.682  5.3  -      
[4,] beta_group(ED50)  -0.59    0.073 12.4  3.3e-16
[5,] gamma              2.05    0.075  3.6  -      
[6,] a.1                4.94    0.174  3.5  -      
----------------------------------------------------
-----------  Variance of random effects  -----------
----------------------------------------------------
     Parameter   Estimate SE     CV(%)
E0   omega2.E0   0.0088   0.0015 17   
ED50 omega2.ED50 0.1160   0.0187 16   
----------------------------------------------------
------  Correlation matrix of random effects  ------
----------------------------------------------------
            omega2.E0 omega2.ED50
omega2.E0   1         0          
omega2.ED50 0         1          
----------------------------------------------------
---------------  Statistical criteria  -------------
----------------------------------------------------
Likelihood computed by linearisation
      -2LL= 4065.059 
      AIC = 4081.059 
      BIC = 4101.9 

Likelihood computed by importance sampling
      -2LL= 4067.722 
      AIC = 4083.722 
      BIC = 4104.564 
----------------------------------------------------
----------------------------------------------------
-----------------  Fixed effects  ------------------
----------------------------------------------------
         Parameter Estimate     SE CV(%) p-value
1               E0    98.77  1.046  1.06       -
2             Imax     0.68  0.010  1.47       -
3             ED50   482.45 25.682  5.32       -
4 beta_group(ED50)    -0.59  0.073 12.40 6.7e-16
5            gamma     2.05  0.075  3.65       -
6              a.1     4.94  0.174  3.51       -
----------------------------------------------------
-----------  Variance of random effects  -----------
----------------------------------------------------
       Parameter Estimate     SE CV(%)
E0     omega2.E0   0.0088 0.0015 17.27
ED50 omega2.ED50   0.1160 0.0187 16.16
----------------------------------------------------
------  Correlation matrix of random effects  ------
----------------------------------------------------
            omega2.E0 omega2.ED50
omega2.E0   1.00      0.00       
omega2.ED50 0.00      1.00       
----------------------------------------------------
---------------  Statistical criteria  -------------
----------------------------------------------------
Likelihood computed by linearisation
      -2LL= 4065.059 
      AIC = 4081.059 
      BIC = 4101.9 

Likelihood computed by importance sampling
      -2LL= 4067.722 
      AIC = 4083.722 
      BIC = 4104.564 
----------------------------------------------------
Reading data from file /home/eco/work/saemix/saemixextension/simulationSuite/cont/imaxRichAdd/data/data_pdimax4.tab 
These are the first lines of the dataset as read into R. Please check the format of the data is appropriate, if not, modify the na and/or sep items and retry:
  id dose       eff group
1  1    0 112.56973     0
2  1  200  96.74181     0
3  1  400  82.38892     0
4  1  500  82.30287     0
5  1  700  71.06609     0
6  1 1000  52.90035     0


The following SaemixData object was successfully created:

Object of class SaemixData
    longitudinal data for use with the SAEM algorithm
Dataset /home/eco/work/saemix/saemixextension/simulationSuite/cont/imaxRichAdd/data/data_pdimax4.tab 
    Structured data: eff ~ dose | id 
    Predictor: dose (-) 
    covariates: group (-) 
      reference class for covariate group :  0 
Nonlinear mixed-effects model fit by the SAEM algorithm
-----------------------------------
----          Data             ----
-----------------------------------
Object of class SaemixData
    longitudinal data for use with the SAEM algorithm
Dataset /home/eco/work/saemix/saemixextension/simulationSuite/cont/imaxRichAdd/data/data_pdimax4.tab 
    Structured data: eff ~ dose | id 
    Predictor: dose (-) 
    covariates: group (-) 
      reference class for covariate group :  0 
Dataset characteristics:
    number of subjects:     100 
    number of observations: 600 
    average/min/max nb obs: 6.00  /  6  /  6 
First 10 lines of data:
   id dose       eff group mdv cens occ ytype
1   1    0 112.56973     0   0    0   1     1
2   1  200  96.74181     0   0    0   1     1
3   1  400  82.38892     0   0    0   1     1
4   1  500  82.30287     0   0    0   1     1
5   1  700  71.06609     0   0    0   1     1
6   1 1000  52.90035     0   0    0   1     1
7   2    0 103.73336     0   0    0   1     1
8   2  200  91.57196     0   0    0   1     1
9   2  400  71.38332     0   0    0   1     1
10  2  500  69.72103     0   0    0   1     1
-----------------------------------
----          Model            ----
-----------------------------------
Nonlinear mixed-effects model
  Model function:  PD Imax model
  Model type:  structural
function (psi, id, xidep) 
{
    dose <- xidep[, 1]
    e0 <- psi[id, 1]
    imax <- psi[id, 2]
    ed50 <- psi[id, 3]
    gamma <- psi[id, 4]
    f <- e0 * (1 - imax * (dose^gamma)/((ed50^gamma) + (dose^gamma)))
    return(f)
}
<bytecode: 0x564c33fe6fb0>
  Nb of parameters: 4 
      parameter names:  E0 Imax ED50 gamma 
      distribution:
     Parameter Distribution Estimated
[1,] E0        log-normal   Estimated
[2,] Imax      log-normal   Estimated
[3,] ED50      log-normal   Estimated
[4,] gamma     log-normal   Estimated
  Variance-covariance matrix:
      E0 Imax ED50 gamma
E0     1    0    0     0
Imax   0    0    0     0
ED50   0    0    1     0
gamma  0    0    0     0
  Error model: constant , initial values: a.1=5 
  Covariate model:
      [,1] [,2] [,3] [,4]
group    0    0    1    0
    Initial values
              E0 Imax ED50 gamma
Pop.CondInit 100  0.7  500     2
Cov.CondInit   0  0.0    0     0
-----------------------------------
----    Key algorithm options  ----
-----------------------------------
    Estimation of individual parameters (MAP)
    Estimation of standard errors and linearised log-likelihood
    Estimation of log-likelihood by importance sampling
    Number of iterations:  K1=300, K2=100 
    Number of chains:  1 
    Seed:  7927570 
    Number of MCMC iterations for IS:  5000 
    Simulations:
        nb of simulated datasets used for npde:  1000 
        nb of simulated datasets used for VPC:  100 
    Input/output
        save the results to a file:  FALSE 
        save the graphs to files:  FALSE 
----------------------------------------------------
----                  Results                   ----
----------------------------------------------------
-----------------  Fixed effects  ------------------
----------------------------------------------------
     Parameter        Estimate SE     CV(%) p-value
[1,] E0                99.95    1.067  1.1  -      
[2,] Imax               0.69    0.011  1.6  -      
[3,] ED50             476.70   20.796  4.4  -      
[4,] beta_group(ED50)  -0.50    0.058 11.6  0      
[5,] gamma              2.09    0.079  3.8  -      
[6,] a.1                5.14    0.181  3.5  -      
----------------------------------------------------
-----------  Variance of random effects  -----------
----------------------------------------------------
     Parameter   Estimate SE     CV(%)
E0   omega2.E0   0.0089   0.0015 17   
ED50 omega2.ED50 0.0678   0.0118 17   
----------------------------------------------------
------  Correlation matrix of random effects  ------
----------------------------------------------------
            omega2.E0 omega2.ED50
omega2.E0   1         0          
omega2.ED50 0         1          
----------------------------------------------------
---------------  Statistical criteria  -------------
----------------------------------------------------
Likelihood computed by linearisation
      -2LL= 4069.376 
      AIC = 4085.376 
      BIC = 4106.217 

Likelihood computed by importance sampling
      -2LL= 4070.186 
      AIC = 4086.186 
      BIC = 4107.028 
----------------------------------------------------
----------------------------------------------------
-----------------  Fixed effects  ------------------
----------------------------------------------------
         Parameter Estimate     SE CV(%) p-value
1               E0    99.95  1.067  1.07       -
2             Imax     0.69  0.011  1.63       -
3             ED50   476.70 20.796  4.36       -
4 beta_group(ED50)    -0.50  0.058 11.63    0.00
5            gamma     2.09  0.079  3.77       -
6              a.1     5.14  0.181  3.51       -
----------------------------------------------------
-----------  Variance of random effects  -----------
----------------------------------------------------
       Parameter Estimate     SE CV(%)
E0     omega2.E0   0.0089 0.0015 17.31
ED50 omega2.ED50   0.0678 0.0118 17.43
----------------------------------------------------
------  Correlation matrix of random effects  ------
----------------------------------------------------
            omega2.E0 omega2.ED50
omega2.E0   1.00      0.00       
omega2.ED50 0.00      1.00       
----------------------------------------------------
---------------  Statistical criteria  -------------
----------------------------------------------------
Likelihood computed by linearisation
      -2LL= 4069.376 
      AIC = 4085.376 
      BIC = 4106.217 

Likelihood computed by importance sampling
      -2LL= 4070.186 
      AIC = 4086.186 
      BIC = 4107.028 
----------------------------------------------------
Reading data from file /home/eco/work/saemix/saemixextension/simulationSuite/cont/imaxRichAdd/data/data_pdimax5.tab 
These are the first lines of the dataset as read into R. Please check the format of the data is appropriate, if not, modify the na and/or sep items and retry:
  id dose      eff group
1  1    0 97.54945     0
2  1  200 78.40143     0
3  1  400 66.03685     0
4  1  500 52.88207     0
5  1  700 45.35762     0
6  1 1000 35.49987     0


The following SaemixData object was successfully created:

Object of class SaemixData
    longitudinal data for use with the SAEM algorithm
Dataset /home/eco/work/saemix/saemixextension/simulationSuite/cont/imaxRichAdd/data/data_pdimax5.tab 
    Structured data: eff ~ dose | id 
    Predictor: dose (-) 
    covariates: group (-) 
      reference class for covariate group :  0 
Nonlinear mixed-effects model fit by the SAEM algorithm
-----------------------------------
----          Data             ----
-----------------------------------
Object of class SaemixData
    longitudinal data for use with the SAEM algorithm
Dataset /home/eco/work/saemix/saemixextension/simulationSuite/cont/imaxRichAdd/data/data_pdimax5.tab 
    Structured data: eff ~ dose | id 
    Predictor: dose (-) 
    covariates: group (-) 
      reference class for covariate group :  0 
Dataset characteristics:
    number of subjects:     100 
    number of observations: 600 
    average/min/max nb obs: 6.00  /  6  /  6 
First 10 lines of data:
   id dose      eff group mdv cens occ ytype
1   1    0 97.54945     0   0    0   1     1
2   1  200 78.40143     0   0    0   1     1
3   1  400 66.03685     0   0    0   1     1
4   1  500 52.88207     0   0    0   1     1
5   1  700 45.35762     0   0    0   1     1
6   1 1000 35.49987     0   0    0   1     1
7   2    0 96.18915     0   0    0   1     1
8   2  200 74.91337     0   0    0   1     1
9   2  400 77.81226     0   0    0   1     1
10  2  500 61.92320     0   0    0   1     1
-----------------------------------
----          Model            ----
-----------------------------------
Nonlinear mixed-effects model
  Model function:  PD Imax model
  Model type:  structural
function (psi, id, xidep) 
{
    dose <- xidep[, 1]
    e0 <- psi[id, 1]
    imax <- psi[id, 2]
    ed50 <- psi[id, 3]
    gamma <- psi[id, 4]
    f <- e0 * (1 - imax * (dose^gamma)/((ed50^gamma) + (dose^gamma)))
    return(f)
}
<bytecode: 0x564c33fe6fb0>
  Nb of parameters: 4 
      parameter names:  E0 Imax ED50 gamma 
      distribution:
     Parameter Distribution Estimated
[1,] E0        log-normal   Estimated
[2,] Imax      log-normal   Estimated
[3,] ED50      log-normal   Estimated
[4,] gamma     log-normal   Estimated
  Variance-covariance matrix:
      E0 Imax ED50 gamma
E0     1    0    0     0
Imax   0    0    0     0
ED50   0    0    1     0
gamma  0    0    0     0
  Error model: constant , initial values: a.1=5 
  Covariate model:
      [,1] [,2] [,3] [,4]
group    0    0    1    0
    Initial values
              E0 Imax ED50 gamma
Pop.CondInit 100  0.7  500     2
Cov.CondInit   0  0.0    0     0
-----------------------------------
----    Key algorithm options  ----
-----------------------------------
    Estimation of individual parameters (MAP)
    Estimation of standard errors and linearised log-likelihood
    Estimation of log-likelihood by importance sampling
    Number of iterations:  K1=300, K2=100 
    Number of chains:  1 
    Seed:  7927570 
    Number of MCMC iterations for IS:  5000 
    Simulations:
        nb of simulated datasets used for npde:  1000 
        nb of simulated datasets used for VPC:  100 
    Input/output
        save the results to a file:  FALSE 
        save the graphs to files:  FALSE 
----------------------------------------------------
----                  Results                   ----
----------------------------------------------------
-----------------  Fixed effects  ------------------
----------------------------------------------------
     Parameter        Estimate SE     CV(%) p-value
[1,] E0                99.02    1.092  1.1  -      
[2,] Imax               0.71    0.013  1.8  -      
[3,] ED50             525.53   24.962  4.7  -      
[4,] beta_group(ED50)  -0.50    0.062 12.3  2.2e-16
[5,] gamma              1.99    0.075  3.8  -      
[6,] a.1                5.03    0.177  3.5  -      
----------------------------------------------------
-----------  Variance of random effects  -----------
----------------------------------------------------
     Parameter   Estimate SE     CV(%)
E0   omega2.E0   0.0097   0.0016 17   
ED50 omega2.ED50 0.0796   0.0134 17   
----------------------------------------------------
------  Correlation matrix of random effects  ------
----------------------------------------------------
            omega2.E0 omega2.ED50
omega2.E0   1         0          
omega2.ED50 0         1          
----------------------------------------------------
---------------  Statistical criteria  -------------
----------------------------------------------------
Likelihood computed by linearisation
      -2LL= 4064.843 
      AIC = 4080.843 
      BIC = 4101.685 

Likelihood computed by importance sampling
      -2LL= 4065.054 
      AIC = 4081.054 
      BIC = 4101.895 
----------------------------------------------------
----------------------------------------------------
-----------------  Fixed effects  ------------------
----------------------------------------------------
         Parameter Estimate     SE CV(%) p-value
1               E0    99.02  1.092  1.10       -
2             Imax     0.71  0.013  1.85       -
3             ED50   525.53 24.962  4.75       -
4 beta_group(ED50)    -0.50  0.062 12.34 4.4e-16
5            gamma     1.99  0.075  3.79       -
6              a.1     5.03  0.177  3.52       -
----------------------------------------------------
-----------  Variance of random effects  -----------
----------------------------------------------------
       Parameter Estimate     SE CV(%)
E0     omega2.E0   0.0097 0.0016 16.96
ED50 omega2.ED50   0.0796 0.0134 16.89
----------------------------------------------------
------  Correlation matrix of random effects  ------
----------------------------------------------------
            omega2.E0 omega2.ED50
omega2.E0   1.00      0.00       
omega2.ED50 0.00      1.00       
----------------------------------------------------
---------------  Statistical criteria  -------------
----------------------------------------------------
Likelihood computed by linearisation
      -2LL= 4064.843 
      AIC = 4080.843 
      BIC = 4101.685 

Likelihood computed by importance sampling
      -2LL= 4065.054 
      AIC = 4081.054 
      BIC = 4101.895 
----------------------------------------------------
Reading data from file /home/eco/work/saemix/saemixextension/simulationSuite/cont/imaxRichAdd/data/data_pdimax6.tab 
These are the first lines of the dataset as read into R. Please check the format of the data is appropriate, if not, modify the na and/or sep items and retry:
  id dose      eff group
1  1    0 85.91359     0
2  1  200 83.61406     0
3  1  400 64.67931     0
4  1  500 62.33498     0
5  1  700 57.79484     0
6  1 1000 46.22957     0


The following SaemixData object was successfully created:

Object of class SaemixData
    longitudinal data for use with the SAEM algorithm
Dataset /home/eco/work/saemix/saemixextension/simulationSuite/cont/imaxRichAdd/data/data_pdimax6.tab 
    Structured data: eff ~ dose | id 
    Predictor: dose (-) 
    covariates: group (-) 
      reference class for covariate group :  0 
Nonlinear mixed-effects model fit by the SAEM algorithm
-----------------------------------
----          Data             ----
-----------------------------------
Object of class SaemixData
    longitudinal data for use with the SAEM algorithm
Dataset /home/eco/work/saemix/saemixextension/simulationSuite/cont/imaxRichAdd/data/data_pdimax6.tab 
    Structured data: eff ~ dose | id 
    Predictor: dose (-) 
    covariates: group (-) 
      reference class for covariate group :  0 
Dataset characteristics:
    number of subjects:     100 
    number of observations: 600 
    average/min/max nb obs: 6.00  /  6  /  6 
First 10 lines of data:
   id dose       eff group mdv cens occ ytype
1   1    0  85.91359     0   0    0   1     1
2   1  200  83.61406     0   0    0   1     1
3   1  400  64.67931     0   0    0   1     1
4   1  500  62.33498     0   0    0   1     1
5   1  700  57.79484     0   0    0   1     1
6   1 1000  46.22957     0   0    0   1     1
7   2    0 107.55689     0   0    0   1     1
8   2  200  98.00408     0   0    0   1     1
9   2  400  90.48105     0   0    0   1     1
10  2  500  72.73894     0   0    0   1     1
-----------------------------------
----          Model            ----
-----------------------------------
Nonlinear mixed-effects model
  Model function:  PD Imax model
  Model type:  structural
function (psi, id, xidep) 
{
    dose <- xidep[, 1]
    e0 <- psi[id, 1]
    imax <- psi[id, 2]
    ed50 <- psi[id, 3]
    gamma <- psi[id, 4]
    f <- e0 * (1 - imax * (dose^gamma)/((ed50^gamma) + (dose^gamma)))
    return(f)
}
<bytecode: 0x564c33fe6fb0>
  Nb of parameters: 4 
      parameter names:  E0 Imax ED50 gamma 
      distribution:
     Parameter Distribution Estimated
[1,] E0        log-normal   Estimated
[2,] Imax      log-normal   Estimated
[3,] ED50      log-normal   Estimated
[4,] gamma     log-normal   Estimated
  Variance-covariance matrix:
      E0 Imax ED50 gamma
E0     1    0    0     0
Imax   0    0    0     0
ED50   0    0    1     0
gamma  0    0    0     0
  Error model: constant , initial values: a.1=5 
  Covariate model:
      [,1] [,2] [,3] [,4]
group    0    0    1    0
    Initial values
              E0 Imax ED50 gamma
Pop.CondInit 100  0.7  500     2
Cov.CondInit   0  0.0    0     0
-----------------------------------
----    Key algorithm options  ----
-----------------------------------
    Estimation of individual parameters (MAP)
    Estimation of standard errors and linearised log-likelihood
    Estimation of log-likelihood by importance sampling
    Number of iterations:  K1=300, K2=100 
    Number of chains:  1 
    Seed:  7927570 
    Number of MCMC iterations for IS:  5000 
    Simulations:
        nb of simulated datasets used for npde:  1000 
        nb of simulated datasets used for VPC:  100 
    Input/output
        save the results to a file:  FALSE 
        save the graphs to files:  FALSE 
----------------------------------------------------
----                  Results                   ----
----------------------------------------------------
-----------------  Fixed effects  ------------------
----------------------------------------------------
     Parameter        Estimate SE     CV(%) p-value
[1,] E0                99.96    0.831  0.83 -      
[2,] Imax               0.70    0.010  1.45 -      
[3,] ED50             531.44   26.068  4.91 -      
[4,] beta_group(ED50)  -0.63    0.067 10.51 0      
[5,] gamma              2.03    0.068  3.34 -      
[6,] a.1                4.65    0.164  3.52 -      
----------------------------------------------------
-----------  Variance of random effects  -----------
----------------------------------------------------
     Parameter   Estimate SE      CV(%)
E0   omega2.E0   0.0049   0.00092 19   
ED50 omega2.ED50 0.0977   0.01564 16   
----------------------------------------------------
------  Correlation matrix of random effects  ------
----------------------------------------------------
            omega2.E0 omega2.ED50
omega2.E0   1         0          
omega2.ED50 0         1          
----------------------------------------------------
---------------  Statistical criteria  -------------
----------------------------------------------------
Likelihood computed by linearisation
      -2LL= 3962.689 
      AIC = 3978.689 
      BIC = 3999.53 

Likelihood computed by importance sampling
      -2LL= 3962.743 
      AIC = 3978.743 
      BIC = 3999.584 
----------------------------------------------------
----------------------------------------------------
-----------------  Fixed effects  ------------------
----------------------------------------------------
         Parameter Estimate     SE CV(%) p-value
1               E0    99.96  0.831  0.83       -
2             Imax     0.70  0.010  1.45       -
3             ED50   531.44 26.068  4.91       -
4 beta_group(ED50)    -0.63  0.067 10.51    0.00
5            gamma     2.03  0.068  3.34       -
6              a.1     4.65  0.164  3.52       -
----------------------------------------------------
-----------  Variance of random effects  -----------
----------------------------------------------------
       Parameter Estimate      SE CV(%)
E0     omega2.E0   0.0049 0.00092 18.96
ED50 omega2.ED50   0.0977 0.01564 16.01
----------------------------------------------------
------  Correlation matrix of random effects  ------
----------------------------------------------------
            omega2.E0 omega2.ED50
omega2.E0   1.00      0.00       
omega2.ED50 0.00      1.00       
----------------------------------------------------
---------------  Statistical criteria  -------------
----------------------------------------------------
Likelihood computed by linearisation
      -2LL= 3962.689 
      AIC = 3978.689 
      BIC = 3999.53 

Likelihood computed by importance sampling
      -2LL= 3962.743 
      AIC = 3978.743 
      BIC = 3999.584 
----------------------------------------------------
Reading data from file /home/eco/work/saemix/saemixextension/simulationSuite/cont/imaxRichAdd/data/data_pdimax7.tab 
These are the first lines of the dataset as read into R. Please check the format of the data is appropriate, if not, modify the na and/or sep items and retry:
  id dose       eff group
1  1    0 114.26982     0
2  1  200 104.10661     0
3  1  400  76.95935     0
4  1  500  65.88326     0
5  1  700  59.19413     0
6  1 1000  52.11055     0


The following SaemixData object was successfully created:

Object of class SaemixData
    longitudinal data for use with the SAEM algorithm
Dataset /home/eco/work/saemix/saemixextension/simulationSuite/cont/imaxRichAdd/data/data_pdimax7.tab 
    Structured data: eff ~ dose | id 
    Predictor: dose (-) 
    covariates: group (-) 
      reference class for covariate group :  0 
Nonlinear mixed-effects model fit by the SAEM algorithm
-----------------------------------
----          Data             ----
-----------------------------------
Object of class SaemixData
    longitudinal data for use with the SAEM algorithm
Dataset /home/eco/work/saemix/saemixextension/simulationSuite/cont/imaxRichAdd/data/data_pdimax7.tab 
    Structured data: eff ~ dose | id 
    Predictor: dose (-) 
    covariates: group (-) 
      reference class for covariate group :  0 
Dataset characteristics:
    number of subjects:     100 
    number of observations: 600 
    average/min/max nb obs: 6.00  /  6  /  6 
First 10 lines of data:
   id dose       eff group mdv cens occ ytype
1   1    0 114.26982     0   0    0   1     1
2   1  200 104.10661     0   0    0   1     1
3   1  400  76.95935     0   0    0   1     1
4   1  500  65.88326     0   0    0   1     1
5   1  700  59.19413     0   0    0   1     1
6   1 1000  52.11055     0   0    0   1     1
7   2    0  98.26865     0   0    0   1     1
8   2  200  76.66257     0   0    0   1     1
9   2  400  51.99155     0   0    0   1     1
10  2  500  45.07448     0   0    0   1     1
-----------------------------------
----          Model            ----
-----------------------------------
Nonlinear mixed-effects model
  Model function:  PD Imax model
  Model type:  structural
function (psi, id, xidep) 
{
    dose <- xidep[, 1]
    e0 <- psi[id, 1]
    imax <- psi[id, 2]
    ed50 <- psi[id, 3]
    gamma <- psi[id, 4]
    f <- e0 * (1 - imax * (dose^gamma)/((ed50^gamma) + (dose^gamma)))
    return(f)
}
<bytecode: 0x564c33fe6fb0>
  Nb of parameters: 4 
      parameter names:  E0 Imax ED50 gamma 
      distribution:
     Parameter Distribution Estimated
[1,] E0        log-normal   Estimated
[2,] Imax      log-normal   Estimated
[3,] ED50      log-normal   Estimated
[4,] gamma     log-normal   Estimated
  Variance-covariance matrix:
      E0 Imax ED50 gamma
E0     1    0    0     0
Imax   0    0    0     0
ED50   0    0    1     0
gamma  0    0    0     0
  Error model: constant , initial values: a.1=5 
  Covariate model:
      [,1] [,2] [,3] [,4]
group    0    0    1    0
    Initial values
              E0 Imax ED50 gamma
Pop.CondInit 100  0.7  500     2
Cov.CondInit   0  0.0    0     0
-----------------------------------
----    Key algorithm options  ----
-----------------------------------
    Estimation of individual parameters (MAP)
    Estimation of standard errors and linearised log-likelihood
    Estimation of log-likelihood by importance sampling
    Number of iterations:  K1=300, K2=100 
    Number of chains:  1 
    Seed:  7927570 
    Number of MCMC iterations for IS:  5000 
    Simulations:
        nb of simulated datasets used for npde:  1000 
        nb of simulated datasets used for VPC:  100 
    Input/output
        save the results to a file:  FALSE 
        save the graphs to files:  FALSE 
----------------------------------------------------
----                  Results                   ----
----------------------------------------------------
-----------------  Fixed effects  ------------------
----------------------------------------------------
     Parameter        Estimate SE     CV(%) p-value
[1,] E0               100.00    1.075  1.1  -      
[2,] Imax               0.70    0.012  1.8  -      
[3,] ED50             487.11   23.806  4.9  -      
[4,] beta_group(ED50)  -0.47    0.064 13.8  2e-13  
[5,] gamma              1.97    0.075  3.8  -      
[6,] a.1                5.06    0.178  3.5  -      
----------------------------------------------------
-----------  Variance of random effects  -----------
----------------------------------------------------
     Parameter   Estimate SE     CV(%)
E0   omega2.E0   0.0091   0.0016 17   
ED50 omega2.ED50 0.0871   0.0146 17   
----------------------------------------------------
------  Correlation matrix of random effects  ------
----------------------------------------------------
            omega2.E0 omega2.ED50
omega2.E0   1         0          
omega2.ED50 0         1          
----------------------------------------------------
---------------  Statistical criteria  -------------
----------------------------------------------------
Likelihood computed by linearisation
      -2LL= 4070.275 
      AIC = 4086.275 
      BIC = 4107.116 

Likelihood computed by importance sampling
      -2LL= 4070.982 
      AIC = 4086.982 
      BIC = 4107.824 
----------------------------------------------------
----------------------------------------------------
-----------------  Fixed effects  ------------------
----------------------------------------------------
         Parameter Estimate     SE CV(%) p-value
1               E0   100.00  1.075  1.07       -
2             Imax     0.70  0.012  1.76       -
3             ED50   487.11 23.806  4.89       -
4 beta_group(ED50)    -0.47  0.064 13.78   4e-13
5            gamma     1.97  0.075  3.82       -
6              a.1     5.06  0.178  3.52       -
----------------------------------------------------
-----------  Variance of random effects  -----------
----------------------------------------------------
       Parameter Estimate     SE CV(%)
E0     omega2.E0   0.0091 0.0016 17.20
ED50 omega2.ED50   0.0871 0.0146 16.80
----------------------------------------------------
------  Correlation matrix of random effects  ------
----------------------------------------------------
            omega2.E0 omega2.ED50
omega2.E0   1.00      0.00       
omega2.ED50 0.00      1.00       
----------------------------------------------------
---------------  Statistical criteria  -------------
----------------------------------------------------
Likelihood computed by linearisation
      -2LL= 4070.275 
      AIC = 4086.275 
      BIC = 4107.116 

Likelihood computed by importance sampling
      -2LL= 4070.982 
      AIC = 4086.982 
      BIC = 4107.824 
----------------------------------------------------
Reading data from file /home/eco/work/saemix/saemixextension/simulationSuite/cont/imaxRichAdd/data/data_pdimax8.tab 
These are the first lines of the dataset as read into R. Please check the format of the data is appropriate, if not, modify the na and/or sep items and retry:
  id dose       eff group
1  1    0 100.82186     0
2  1  200  92.70102     0
3  1  400  79.71096     0
4  1  500  90.89663     0
5  1  700  66.29750     0
6  1 1000  59.25276     0


The following SaemixData object was successfully created:

Object of class SaemixData
    longitudinal data for use with the SAEM algorithm
Dataset /home/eco/work/saemix/saemixextension/simulationSuite/cont/imaxRichAdd/data/data_pdimax8.tab 
    Structured data: eff ~ dose | id 
    Predictor: dose (-) 
    covariates: group (-) 
      reference class for covariate group :  0 
Nonlinear mixed-effects model fit by the SAEM algorithm
-----------------------------------
----          Data             ----
-----------------------------------
Object of class SaemixData
    longitudinal data for use with the SAEM algorithm
Dataset /home/eco/work/saemix/saemixextension/simulationSuite/cont/imaxRichAdd/data/data_pdimax8.tab 
    Structured data: eff ~ dose | id 
    Predictor: dose (-) 
    covariates: group (-) 
      reference class for covariate group :  0 
Dataset characteristics:
    number of subjects:     100 
    number of observations: 600 
    average/min/max nb obs: 6.00  /  6  /  6 
First 10 lines of data:
   id dose       eff group mdv cens occ ytype
1   1    0 100.82186     0   0    0   1     1
2   1  200  92.70102     0   0    0   1     1
3   1  400  79.71096     0   0    0   1     1
4   1  500  90.89663     0   0    0   1     1
5   1  700  66.29750     0   0    0   1     1
6   1 1000  59.25276     0   0    0   1     1
7   2    0 114.00305     0   0    0   1     1
8   2  200  86.84581     0   0    0   1     1
9   2  400  54.99438     0   0    0   1     1
10  2  500  53.59623     0   0    0   1     1
-----------------------------------
----          Model            ----
-----------------------------------
Nonlinear mixed-effects model
  Model function:  PD Imax model
  Model type:  structural
function (psi, id, xidep) 
{
    dose <- xidep[, 1]
    e0 <- psi[id, 1]
    imax <- psi[id, 2]
    ed50 <- psi[id, 3]
    gamma <- psi[id, 4]
    f <- e0 * (1 - imax * (dose^gamma)/((ed50^gamma) + (dose^gamma)))
    return(f)
}
<bytecode: 0x564c33fe6fb0>
  Nb of parameters: 4 
      parameter names:  E0 Imax ED50 gamma 
      distribution:
     Parameter Distribution Estimated
[1,] E0        log-normal   Estimated
[2,] Imax      log-normal   Estimated
[3,] ED50      log-normal   Estimated
[4,] gamma     log-normal   Estimated
  Variance-covariance matrix:
      E0 Imax ED50 gamma
E0     1    0    0     0
Imax   0    0    0     0
ED50   0    0    1     0
gamma  0    0    0     0
  Error model: constant , initial values: a.1=5 
  Covariate model:
      [,1] [,2] [,3] [,4]
group    0    0    1    0
    Initial values
              E0 Imax ED50 gamma
Pop.CondInit 100  0.7  500     2
Cov.CondInit   0  0.0    0     0
-----------------------------------
----    Key algorithm options  ----
-----------------------------------
    Estimation of individual parameters (MAP)
    Estimation of standard errors and linearised log-likelihood
    Estimation of log-likelihood by importance sampling
    Number of iterations:  K1=300, K2=100 
    Number of chains:  1 
    Seed:  7927570 
    Number of MCMC iterations for IS:  5000 
    Simulations:
        nb of simulated datasets used for npde:  1000 
        nb of simulated datasets used for VPC:  100 
    Input/output
        save the results to a file:  FALSE 
        save the graphs to files:  FALSE 
----------------------------------------------------
----                  Results                   ----
----------------------------------------------------
-----------------  Fixed effects  ------------------
----------------------------------------------------
     Parameter        Estimate SE     CV(%) p-value
[1,] E0               100.22    1.070  1.1  -      
[2,] Imax               0.69    0.012  1.8  -      
[3,] ED50             490.70   21.370  4.4  -      
[4,] beta_group(ED50)  -0.51    0.057 11.2  0      
[5,] gamma              2.02    0.078  3.9  -      
[6,] a.1                5.11    0.179  3.5  -      
----------------------------------------------------
-----------  Variance of random effects  -----------
----------------------------------------------------
     Parameter   Estimate SE     CV(%)
E0   omega2.E0   0.0089   0.0015 17   
ED50 omega2.ED50 0.0636   0.0113 18   
----------------------------------------------------
------  Correlation matrix of random effects  ------
----------------------------------------------------
            omega2.E0 omega2.ED50
omega2.E0   1         0          
omega2.ED50 0         1          
----------------------------------------------------
---------------  Statistical criteria  -------------
----------------------------------------------------
Likelihood computed by linearisation
      -2LL= 4052.972 
      AIC = 4068.972 
      BIC = 4089.813 

Likelihood computed by importance sampling
      -2LL= 4053.426 
      AIC = 4069.426 
      BIC = 4090.267 
----------------------------------------------------
----------------------------------------------------
-----------------  Fixed effects  ------------------
----------------------------------------------------
         Parameter Estimate     SE CV(%) p-value
1               E0   100.22  1.070  1.07       -
2             Imax     0.69  0.012  1.77       -
3             ED50   490.70 21.370  4.35       -
4 beta_group(ED50)    -0.51  0.057 11.19    0.00
5            gamma     2.02  0.078  3.86       -
6              a.1     5.11  0.179  3.51       -
----------------------------------------------------
-----------  Variance of random effects  -----------
----------------------------------------------------
       Parameter Estimate     SE CV(%)
E0     omega2.E0   0.0089 0.0015 17.21
ED50 omega2.ED50   0.0636 0.0113 17.80
----------------------------------------------------
------  Correlation matrix of random effects  ------
----------------------------------------------------
            omega2.E0 omega2.ED50
omega2.E0   1.00      0.00       
omega2.ED50 0.00      1.00       
----------------------------------------------------
---------------  Statistical criteria  -------------
----------------------------------------------------
Likelihood computed by linearisation
      -2LL= 4052.972 
      AIC = 4068.972 
      BIC = 4089.813 

Likelihood computed by importance sampling
      -2LL= 4053.426 
      AIC = 4069.426 
      BIC = 4090.267 
----------------------------------------------------
Reading data from file /home/eco/work/saemix/saemixextension/simulationSuite/cont/imaxRichAdd/data/data_pdimax9.tab 
These are the first lines of the dataset as read into R. Please check the format of the data is appropriate, if not, modify the na and/or sep items and retry:
  id dose       eff group
1  1    0 122.05735     0
2  1  200  94.30919     0
3  1  400  80.48159     0
4  1  500  68.70199     0
5  1  700  48.73435     0
6  1 1000  43.87053     0


The following SaemixData object was successfully created:

Object of class SaemixData
    longitudinal data for use with the SAEM algorithm
Dataset /home/eco/work/saemix/saemixextension/simulationSuite/cont/imaxRichAdd/data/data_pdimax9.tab 
    Structured data: eff ~ dose | id 
    Predictor: dose (-) 
    covariates: group (-) 
      reference class for covariate group :  0 
Nonlinear mixed-effects model fit by the SAEM algorithm
-----------------------------------
----          Data             ----
-----------------------------------
Object of class SaemixData
    longitudinal data for use with the SAEM algorithm
Dataset /home/eco/work/saemix/saemixextension/simulationSuite/cont/imaxRichAdd/data/data_pdimax9.tab 
    Structured data: eff ~ dose | id 
    Predictor: dose (-) 
    covariates: group (-) 
      reference class for covariate group :  0 
Dataset characteristics:
    number of subjects:     100 
    number of observations: 600 
    average/min/max nb obs: 6.00  /  6  /  6 
First 10 lines of data:
   id dose       eff group mdv cens occ ytype
1   1    0 122.05735     0   0    0   1     1
2   1  200  94.30919     0   0    0   1     1
3   1  400  80.48159     0   0    0   1     1
4   1  500  68.70199     0   0    0   1     1
5   1  700  48.73435     0   0    0   1     1
6   1 1000  43.87053     0   0    0   1     1
7   2    0 101.69212     0   0    0   1     1
8   2  200  91.30782     0   0    0   1     1
9   2  400  73.16108     0   0    0   1     1
10  2  500  77.32362     0   0    0   1     1
-----------------------------------
----          Model            ----
-----------------------------------
Nonlinear mixed-effects model
  Model function:  PD Imax model
  Model type:  structural
function (psi, id, xidep) 
{
    dose <- xidep[, 1]
    e0 <- psi[id, 1]
    imax <- psi[id, 2]
    ed50 <- psi[id, 3]
    gamma <- psi[id, 4]
    f <- e0 * (1 - imax * (dose^gamma)/((ed50^gamma) + (dose^gamma)))
    return(f)
}
<bytecode: 0x564c33fe6fb0>
  Nb of parameters: 4 
      parameter names:  E0 Imax ED50 gamma 
      distribution:
     Parameter Distribution Estimated
[1,] E0        log-normal   Estimated
[2,] Imax      log-normal   Estimated
[3,] ED50      log-normal   Estimated
[4,] gamma     log-normal   Estimated
  Variance-covariance matrix:
      E0 Imax ED50 gamma
E0     1    0    0     0
Imax   0    0    0     0
ED50   0    0    1     0
gamma  0    0    0     0
  Error model: constant , initial values: a.1=5 
  Covariate model:
      [,1] [,2] [,3] [,4]
group    0    0    1    0
    Initial values
              E0 Imax ED50 gamma
Pop.CondInit 100  0.7  500     2
Cov.CondInit   0  0.0    0     0
-----------------------------------
----    Key algorithm options  ----
-----------------------------------
    Estimation of individual parameters (MAP)
    Estimation of standard errors and linearised log-likelihood
    Estimation of log-likelihood by importance sampling
    Number of iterations:  K1=300, K2=100 
    Number of chains:  1 
    Seed:  7927570 
    Number of MCMC iterations for IS:  5000 
    Simulations:
        nb of simulated datasets used for npde:  1000 
        nb of simulated datasets used for VPC:  100 
    Input/output
        save the results to a file:  FALSE 
        save the graphs to files:  FALSE 
----------------------------------------------------
----                  Results                   ----
----------------------------------------------------
-----------------  Fixed effects  ------------------
----------------------------------------------------
     Parameter        Estimate SE     CV(%) p-value
[1,] E0                97.90    1.118  1.1  -      
[2,] Imax               0.69    0.012  1.7  -      
[3,] ED50             492.34   24.197  4.9  -      
[4,] beta_group(ED50)  -0.55    0.066 12.1  0      
[5,] gamma              2.03    0.079  3.9  -      
[6,] a.1                5.26    0.185  3.5  -      
----------------------------------------------------
-----------  Variance of random effects  -----------
----------------------------------------------------
     Parameter   Estimate SE     CV(%)
E0   omega2.E0   0.01     0.0018 17   
ED50 omega2.ED50 0.09     0.0153 17   
----------------------------------------------------
------  Correlation matrix of random effects  ------
----------------------------------------------------
            omega2.E0 omega2.ED50
omega2.E0   1         0          
omega2.ED50 0         1          
----------------------------------------------------
---------------  Statistical criteria  -------------
----------------------------------------------------
Likelihood computed by linearisation
      -2LL= 4111.961 
      AIC = 4127.961 
      BIC = 4148.802 

Likelihood computed by importance sampling
      -2LL= 4112.549 
      AIC = 4128.549 
      BIC = 4149.39 
----------------------------------------------------
----------------------------------------------------
-----------------  Fixed effects  ------------------
----------------------------------------------------
         Parameter Estimate     SE CV(%) p-value
1               E0    97.90  1.118  1.14       -
2             Imax     0.69  0.012  1.71       -
3             ED50   492.34 24.197  4.91       -
4 beta_group(ED50)    -0.55  0.066 12.06    0.00
5            gamma     2.03  0.079  3.90       -
6              a.1     5.26  0.185  3.52       -
----------------------------------------------------
-----------  Variance of random effects  -----------
----------------------------------------------------
       Parameter Estimate     SE CV(%)
E0     omega2.E0     0.01 0.0018 17.14
ED50 omega2.ED50     0.09 0.0153 17.03
----------------------------------------------------
------  Correlation matrix of random effects  ------
----------------------------------------------------
            omega2.E0 omega2.ED50
omega2.E0   1.00      0.00       
omega2.ED50 0.00      1.00       
----------------------------------------------------
---------------  Statistical criteria  -------------
----------------------------------------------------
Likelihood computed by linearisation
      -2LL= 4111.961 
      AIC = 4127.961 
      BIC = 4148.802 

Likelihood computed by importance sampling
      -2LL= 4112.549 
      AIC = 4128.549 
      BIC = 4149.39 
----------------------------------------------------
Reading data from file /home/eco/work/saemix/saemixextension/simulationSuite/cont/imaxRichAdd/data/data_pdimax10.tab 
These are the first lines of the dataset as read into R. Please check the format of the data is appropriate, if not, modify the na and/or sep items and retry:
  id dose       eff group
1  1    0 113.82805     0
2  1  200  91.25476     0
3  1  400  57.01487     0
4  1  500  56.77765     0
5  1  700  42.95463     0
6  1 1000  29.62697     0


The following SaemixData object was successfully created:

Object of class SaemixData
    longitudinal data for use with the SAEM algorithm
Dataset /home/eco/work/saemix/saemixextension/simulationSuite/cont/imaxRichAdd/data/data_pdimax10.tab 
    Structured data: eff ~ dose | id 
    Predictor: dose (-) 
    covariates: group (-) 
      reference class for covariate group :  0 
Nonlinear mixed-effects model fit by the SAEM algorithm
-----------------------------------
----          Data             ----
-----------------------------------
Object of class SaemixData
    longitudinal data for use with the SAEM algorithm
Dataset /home/eco/work/saemix/saemixextension/simulationSuite/cont/imaxRichAdd/data/data_pdimax10.tab 
    Structured data: eff ~ dose | id 
    Predictor: dose (-) 
    covariates: group (-) 
      reference class for covariate group :  0 
Dataset characteristics:
    number of subjects:     100 
    number of observations: 600 
    average/min/max nb obs: 6.00  /  6  /  6 
First 10 lines of data:
   id dose       eff group mdv cens occ ytype
1   1    0 113.82805     0   0    0   1     1
2   1  200  91.25476     0   0    0   1     1
3   1  400  57.01487     0   0    0   1     1
4   1  500  56.77765     0   0    0   1     1
5   1  700  42.95463     0   0    0   1     1
6   1 1000  29.62697     0   0    0   1     1
7   2    0  83.91694     0   0    0   1     1
8   2  200  83.06334     0   0    0   1     1
9   2  400  69.07539     0   0    0   1     1
10  2  500  57.86472     0   0    0   1     1
-----------------------------------
----          Model            ----
-----------------------------------
Nonlinear mixed-effects model
  Model function:  PD Imax model
  Model type:  structural
function (psi, id, xidep) 
{
    dose <- xidep[, 1]
    e0 <- psi[id, 1]
    imax <- psi[id, 2]
    ed50 <- psi[id, 3]
    gamma <- psi[id, 4]
    f <- e0 * (1 - imax * (dose^gamma)/((ed50^gamma) + (dose^gamma)))
    return(f)
}
<bytecode: 0x564c33fe6fb0>
  Nb of parameters: 4 
      parameter names:  E0 Imax ED50 gamma 
      distribution:
     Parameter Distribution Estimated
[1,] E0        log-normal   Estimated
[2,] Imax      log-normal   Estimated
[3,] ED50      log-normal   Estimated
[4,] gamma     log-normal   Estimated
  Variance-covariance matrix:
      E0 Imax ED50 gamma
E0     1    0    0     0
Imax   0    0    0     0
ED50   0    0    1     0
gamma  0    0    0     0
  Error model: constant , initial values: a.1=5 
  Covariate model:
      [,1] [,2] [,3] [,4]
group    0    0    1    0
    Initial values
              E0 Imax ED50 gamma
Pop.CondInit 100  0.7  500     2
Cov.CondInit   0  0.0    0     0
-----------------------------------
----    Key algorithm options  ----
-----------------------------------
    Estimation of individual parameters (MAP)
    Estimation of standard errors and linearised log-likelihood
    Estimation of log-likelihood by importance sampling
    Number of iterations:  K1=300, K2=100 
    Number of chains:  1 
    Seed:  7927570 
    Number of MCMC iterations for IS:  5000 
    Simulations:
        nb of simulated datasets used for npde:  1000 
        nb of simulated datasets used for VPC:  100 
    Input/output
        save the results to a file:  FALSE 
        save the graphs to files:  FALSE 
----------------------------------------------------
----                  Results                   ----
----------------------------------------------------
-----------------  Fixed effects  ------------------
----------------------------------------------------
     Parameter        Estimate SE     CV(%) p-value
[1,] E0               100.03    1.076  1.1  -      
[2,] Imax               0.68    0.011  1.6  -      
[3,] ED50             486.28   23.280  4.8  -      
[4,] beta_group(ED50)  -0.51    0.065 12.6  1e-15  
[5,] gamma              2.15    0.081  3.8  -      
[6,] a.1                5.20    0.183  3.5  -      
----------------------------------------------------
-----------  Variance of random effects  -----------
----------------------------------------------------
     Parameter   Estimate SE     CV(%)
E0   omega2.E0   0.009    0.0016 17   
ED50 omega2.ED50 0.089    0.0148 17   
----------------------------------------------------
------  Correlation matrix of random effects  ------
----------------------------------------------------
            omega2.E0 omega2.ED50
omega2.E0   1         0          
omega2.ED50 0         1          
----------------------------------------------------
---------------  Statistical criteria  -------------
----------------------------------------------------
Likelihood computed by linearisation
      -2LL= 4101.253 
      AIC = 4117.253 
      BIC = 4138.095 

Likelihood computed by importance sampling
      -2LL= 4101.727 
      AIC = 4117.727 
      BIC = 4138.569 
----------------------------------------------------
----------------------------------------------------
-----------------  Fixed effects  ------------------
----------------------------------------------------
         Parameter Estimate     SE CV(%) p-value
1               E0   100.03  1.076  1.08       -
2             Imax     0.68  0.011  1.58       -
3             ED50   486.28 23.280  4.79       -
4 beta_group(ED50)    -0.51  0.065 12.58   2e-15
5            gamma     2.15  0.081  3.78       -
6              a.1     5.20  0.183  3.52       -
----------------------------------------------------
-----------  Variance of random effects  -----------
----------------------------------------------------
       Parameter Estimate     SE CV(%)
E0     omega2.E0    0.009 0.0016 17.30
ED50 omega2.ED50    0.089 0.0148 16.73
----------------------------------------------------
------  Correlation matrix of random effects  ------
----------------------------------------------------
            omega2.E0 omega2.ED50
omega2.E0   1.00      0.00       
omega2.ED50 0.00      1.00       
----------------------------------------------------
---------------  Statistical criteria  -------------
----------------------------------------------------
Likelihood computed by linearisation
      -2LL= 4101.253 
      AIC = 4117.253 
      BIC = 4138.095 

Likelihood computed by importance sampling
      -2LL= 4101.727 
      AIC = 4117.727 
      BIC = 4138.569 
----------------------------------------------------
Reading data from file /home/eco/work/saemix/saemixextension/simulationSuite/cont/imaxRichAdd/data/data_pdimax11.tab 
These are the first lines of the dataset as read into R. Please check the format of the data is appropriate, if not, modify the na and/or sep items and retry:
  id dose       eff group
1  1    0 123.40295     0
2  1  200 104.26909     0
3  1  400  87.07977     0
4  1  500  72.96930     0
5  1  700  70.40974     0
6  1 1000  53.81132     0


The following SaemixData object was successfully created:

Object of class SaemixData
    longitudinal data for use with the SAEM algorithm
Dataset /home/eco/work/saemix/saemixextension/simulationSuite/cont/imaxRichAdd/data/data_pdimax11.tab 
    Structured data: eff ~ dose | id 
    Predictor: dose (-) 
    covariates: group (-) 
      reference class for covariate group :  0 
Nonlinear mixed-effects model fit by the SAEM algorithm
-----------------------------------
----          Data             ----
-----------------------------------
Object of class SaemixData
    longitudinal data for use with the SAEM algorithm
Dataset /home/eco/work/saemix/saemixextension/simulationSuite/cont/imaxRichAdd/data/data_pdimax11.tab 
    Structured data: eff ~ dose | id 
    Predictor: dose (-) 
    covariates: group (-) 
      reference class for covariate group :  0 
Dataset characteristics:
    number of subjects:     100 
    number of observations: 600 
    average/min/max nb obs: 6.00  /  6  /  6 
First 10 lines of data:
   id dose       eff group mdv cens occ ytype
1   1    0 123.40295     0   0    0   1     1
2   1  200 104.26909     0   0    0   1     1
3   1  400  87.07977     0   0    0   1     1
4   1  500  72.96930     0   0    0   1     1
5   1  700  70.40974     0   0    0   1     1
6   1 1000  53.81132     0   0    0   1     1
7   2    0  90.13371     0   0    0   1     1
8   2  200  69.87589     0   0    0   1     1
9   2  400  57.15812     0   0    0   1     1
10  2  500  45.38816     0   0    0   1     1
-----------------------------------
----          Model            ----
-----------------------------------
Nonlinear mixed-effects model
  Model function:  PD Imax model
  Model type:  structural
function (psi, id, xidep) 
{
    dose <- xidep[, 1]
    e0 <- psi[id, 1]
    imax <- psi[id, 2]
    ed50 <- psi[id, 3]
    gamma <- psi[id, 4]
    f <- e0 * (1 - imax * (dose^gamma)/((ed50^gamma) + (dose^gamma)))
    return(f)
}
<bytecode: 0x564c33fe6fb0>
  Nb of parameters: 4 
      parameter names:  E0 Imax ED50 gamma 
      distribution:
     Parameter Distribution Estimated
[1,] E0        log-normal   Estimated
[2,] Imax      log-normal   Estimated
[3,] ED50      log-normal   Estimated
[4,] gamma     log-normal   Estimated
  Variance-covariance matrix:
      E0 Imax ED50 gamma
E0     1    0    0     0
Imax   0    0    0     0
ED50   0    0    1     0
gamma  0    0    0     0
  Error model: constant , initial values: a.1=5 
  Covariate model:
      [,1] [,2] [,3] [,4]
group    0    0    1    0
    Initial values
              E0 Imax ED50 gamma
Pop.CondInit 100  0.7  500     2
Cov.CondInit   0  0.0    0     0
-----------------------------------
----    Key algorithm options  ----
-----------------------------------
    Estimation of individual parameters (MAP)
    Estimation of standard errors and linearised log-likelihood
    Estimation of log-likelihood by importance sampling
    Number of iterations:  K1=300, K2=100 
    Number of chains:  1 
    Seed:  7927570 
    Number of MCMC iterations for IS:  5000 
    Simulations:
        nb of simulated datasets used for npde:  1000 
        nb of simulated datasets used for VPC:  100 
    Input/output
        save the results to a file:  FALSE 
        save the graphs to files:  FALSE 
----------------------------------------------------
----                  Results                   ----
----------------------------------------------------
-----------------  Fixed effects  ------------------
----------------------------------------------------
     Parameter        Estimate SE     CV(%) p-value
[1,] E0               101.55    1.134  1.1  -      
[2,] Imax               0.73    0.013  1.8  -      
[3,] ED50             560.68   28.841  5.1  -      
[4,] beta_group(ED50)  -0.60    0.067 11.2  0      
[5,] gamma              1.84    0.067  3.6  -      
[6,] a.1                5.01    0.176  3.5  -      
----------------------------------------------------
-----------  Variance of random effects  -----------
----------------------------------------------------
     Parameter   Estimate SE     CV(%)
E0   omega2.E0   0.010    0.0017 17   
ED50 omega2.ED50 0.097    0.0159 16   
----------------------------------------------------
------  Correlation matrix of random effects  ------
----------------------------------------------------
            omega2.E0 omega2.ED50
omega2.E0   1         0          
omega2.ED50 0         1          
----------------------------------------------------
---------------  Statistical criteria  -------------
----------------------------------------------------
Likelihood computed by linearisation
      -2LL= 4089.805 
      AIC = 4105.805 
      BIC = 4126.647 

Likelihood computed by importance sampling
      -2LL= 4090.38 
      AIC = 4106.38 
      BIC = 4127.221 
----------------------------------------------------
----------------------------------------------------
-----------------  Fixed effects  ------------------
----------------------------------------------------
         Parameter Estimate     SE CV(%) p-value
1               E0   101.55  1.134  1.12       -
2             Imax     0.73  0.013  1.80       -
3             ED50   560.68 28.841  5.14       -
4 beta_group(ED50)    -0.60  0.067 11.22    0.00
5            gamma     1.84  0.067  3.64       -
6              a.1     5.01  0.176  3.52       -
----------------------------------------------------
-----------  Variance of random effects  -----------
----------------------------------------------------
       Parameter Estimate     SE CV(%)
E0     omega2.E0    0.010 0.0017 16.75
ED50 omega2.ED50    0.097 0.0159 16.41
----------------------------------------------------
------  Correlation matrix of random effects  ------
----------------------------------------------------
            omega2.E0 omega2.ED50
omega2.E0   1.00      0.00       
omega2.ED50 0.00      1.00       
----------------------------------------------------
---------------  Statistical criteria  -------------
----------------------------------------------------
Likelihood computed by linearisation
      -2LL= 4089.805 
      AIC = 4105.805 
      BIC = 4126.647 

Likelihood computed by importance sampling
      -2LL= 4090.38 
      AIC = 4106.38 
      BIC = 4127.221 
----------------------------------------------------
Reading data from file /home/eco/work/saemix/saemixextension/simulationSuite/cont/imaxRichAdd/data/data_pdimax12.tab 
These are the first lines of the dataset as read into R. Please check the format of the data is appropriate, if not, modify the na and/or sep items and retry:
  id dose       eff group
1  1    0 110.46200     0
2  1  200  99.05811     0
3  1  400  85.10120     0
4  1  500  79.94615     0
5  1  700  69.07217     0
6  1 1000  57.07763     0


The following SaemixData object was successfully created:

Object of class SaemixData
    longitudinal data for use with the SAEM algorithm
Dataset /home/eco/work/saemix/saemixextension/simulationSuite/cont/imaxRichAdd/data/data_pdimax12.tab 
    Structured data: eff ~ dose | id 
    Predictor: dose (-) 
    covariates: group (-) 
      reference class for covariate group :  0 
Nonlinear mixed-effects model fit by the SAEM algorithm
-----------------------------------
----          Data             ----
-----------------------------------
Object of class SaemixData
    longitudinal data for use with the SAEM algorithm
Dataset /home/eco/work/saemix/saemixextension/simulationSuite/cont/imaxRichAdd/data/data_pdimax12.tab 
    Structured data: eff ~ dose | id 
    Predictor: dose (-) 
    covariates: group (-) 
      reference class for covariate group :  0 
Dataset characteristics:
    number of subjects:     100 
    number of observations: 600 
    average/min/max nb obs: 6.00  /  6  /  6 
First 10 lines of data:
   id dose       eff group mdv cens occ ytype
1   1    0 110.46200     0   0    0   1     1
2   1  200  99.05811     0   0    0   1     1
3   1  400  85.10120     0   0    0   1     1
4   1  500  79.94615     0   0    0   1     1
5   1  700  69.07217     0   0    0   1     1
6   1 1000  57.07763     0   0    0   1     1
7   2    0  90.29474     0   0    0   1     1
8   2  200  93.95774     0   0    0   1     1
9   2  400  76.75228     0   0    0   1     1
10  2  500  70.34159     0   0    0   1     1
-----------------------------------
----          Model            ----
-----------------------------------
Nonlinear mixed-effects model
  Model function:  PD Imax model
  Model type:  structural
function (psi, id, xidep) 
{
    dose <- xidep[, 1]
    e0 <- psi[id, 1]
    imax <- psi[id, 2]
    ed50 <- psi[id, 3]
    gamma <- psi[id, 4]
    f <- e0 * (1 - imax * (dose^gamma)/((ed50^gamma) + (dose^gamma)))
    return(f)
}
<bytecode: 0x564c33fe6fb0>
  Nb of parameters: 4 
      parameter names:  E0 Imax ED50 gamma 
      distribution:
     Parameter Distribution Estimated
[1,] E0        log-normal   Estimated
[2,] Imax      log-normal   Estimated
[3,] ED50      log-normal   Estimated
[4,] gamma     log-normal   Estimated
  Variance-covariance matrix:
      E0 Imax ED50 gamma
E0     1    0    0     0
Imax   0    0    0     0
ED50   0    0    1     0
gamma  0    0    0     0
  Error model: constant , initial values: a.1=5 
  Covariate model:
      [,1] [,2] [,3] [,4]
group    0    0    1    0
    Initial values
              E0 Imax ED50 gamma
Pop.CondInit 100  0.7  500     2
Cov.CondInit   0  0.0    0     0
-----------------------------------
----    Key algorithm options  ----
-----------------------------------
    Estimation of individual parameters (MAP)
    Estimation of standard errors and linearised log-likelihood
    Estimation of log-likelihood by importance sampling
    Number of iterations:  K1=300, K2=100 
    Number of chains:  1 
    Seed:  7927570 
    Number of MCMC iterations for IS:  5000 
    Simulations:
        nb of simulated datasets used for npde:  1000 
        nb of simulated datasets used for VPC:  100 
    Input/output
        save the results to a file:  FALSE 
        save the graphs to files:  FALSE 
----------------------------------------------------
----                  Results                   ----
----------------------------------------------------
-----------------  Fixed effects  ------------------
----------------------------------------------------
     Parameter        Estimate SE     CV(%) p-value
[1,] E0               101.22    0.998  0.99 -      
[2,] Imax               0.69    0.010  1.50 -      
[3,] ED50             483.43   26.163  5.41 -      
[4,] beta_group(ED50)  -0.49    0.074 15.13 1.9e-11
[5,] gamma              2.10    0.075  3.57 -      
[6,] a.1                5.06    0.178  3.52 -      
----------------------------------------------------
-----------  Variance of random effects  -----------
----------------------------------------------------
     Parameter   Estimate SE     CV(%)
E0   omega2.E0   0.0074   0.0013 18   
ED50 omega2.ED50 0.1216   0.0193 16   
----------------------------------------------------
------  Correlation matrix of random effects  ------
----------------------------------------------------
            omega2.E0 omega2.ED50
omega2.E0   1         0          
omega2.ED50 0         1          
----------------------------------------------------
---------------  Statistical criteria  -------------
----------------------------------------------------
Likelihood computed by linearisation
      -2LL= 4092.11 
      AIC = 4108.11 
      BIC = 4128.952 

Likelihood computed by importance sampling
      -2LL= 4092.862 
      AIC = 4108.862 
      BIC = 4129.703 
----------------------------------------------------
----------------------------------------------------
-----------------  Fixed effects  ------------------
----------------------------------------------------
         Parameter Estimate     SE CV(%) p-value
1               E0   101.22  0.998  0.99       -
2             Imax     0.69  0.010  1.50       -
3             ED50   483.43 26.163  5.41       -
4 beta_group(ED50)    -0.49  0.074 15.13 3.9e-11
5            gamma     2.10  0.075  3.57       -
6              a.1     5.06  0.178  3.52       -
----------------------------------------------------
-----------  Variance of random effects  -----------
----------------------------------------------------
       Parameter Estimate     SE CV(%)
E0     omega2.E0   0.0074 0.0013 17.85
ED50 omega2.ED50   0.1216 0.0193 15.88
----------------------------------------------------
------  Correlation matrix of random effects  ------
----------------------------------------------------
            omega2.E0 omega2.ED50
omega2.E0   1.00      0.00       
omega2.ED50 0.00      1.00       
----------------------------------------------------
---------------  Statistical criteria  -------------
----------------------------------------------------
Likelihood computed by linearisation
      -2LL= 4092.11 
      AIC = 4108.11 
      BIC = 4128.952 

Likelihood computed by importance sampling
      -2LL= 4092.862 
      AIC = 4108.862 
      BIC = 4129.703 
----------------------------------------------------
Reading data from file /home/eco/work/saemix/saemixextension/simulationSuite/cont/imaxRichAdd/data/data_pdimax13.tab 
These are the first lines of the dataset as read into R. Please check the format of the data is appropriate, if not, modify the na and/or sep items and retry:
  id dose      eff group
1  1    0 81.03817     0
2  1  200 64.56048     0
3  1  400 32.54310     0
4  1  500 38.62881     0
5  1  700 33.67520     0
6  1 1000 29.20750     0


The following SaemixData object was successfully created:

Object of class SaemixData
    longitudinal data for use with the SAEM algorithm
Dataset /home/eco/work/saemix/saemixextension/simulationSuite/cont/imaxRichAdd/data/data_pdimax13.tab 
    Structured data: eff ~ dose | id 
    Predictor: dose (-) 
    covariates: group (-) 
      reference class for covariate group :  0 
Nonlinear mixed-effects model fit by the SAEM algorithm
-----------------------------------
----          Data             ----
-----------------------------------
Object of class SaemixData
    longitudinal data for use with the SAEM algorithm
Dataset /home/eco/work/saemix/saemixextension/simulationSuite/cont/imaxRichAdd/data/data_pdimax13.tab 
    Structured data: eff ~ dose | id 
    Predictor: dose (-) 
    covariates: group (-) 
      reference class for covariate group :  0 
Dataset characteristics:
    number of subjects:     100 
    number of observations: 600 
    average/min/max nb obs: 6.00  /  6  /  6 
First 10 lines of data:
   id dose      eff group mdv cens occ ytype
1   1    0 81.03817     0   0    0   1     1
2   1  200 64.56048     0   0    0   1     1
3   1  400 32.54310     0   0    0   1     1
4   1  500 38.62881     0   0    0   1     1
5   1  700 33.67520     0   0    0   1     1
6   1 1000 29.20750     0   0    0   1     1
7   2    0 92.70661     0   0    0   1     1
8   2  200 88.32921     0   0    0   1     1
9   2  400 65.55054     0   0    0   1     1
10  2  500 65.57552     0   0    0   1     1
-----------------------------------
----          Model            ----
-----------------------------------
Nonlinear mixed-effects model
  Model function:  PD Imax model
  Model type:  structural
function (psi, id, xidep) 
{
    dose <- xidep[, 1]
    e0 <- psi[id, 1]
    imax <- psi[id, 2]
    ed50 <- psi[id, 3]
    gamma <- psi[id, 4]
    f <- e0 * (1 - imax * (dose^gamma)/((ed50^gamma) + (dose^gamma)))
    return(f)
}
<bytecode: 0x564c33fe6fb0>
  Nb of parameters: 4 
      parameter names:  E0 Imax ED50 gamma 
      distribution:
     Parameter Distribution Estimated
[1,] E0        log-normal   Estimated
[2,] Imax      log-normal   Estimated
[3,] ED50      log-normal   Estimated
[4,] gamma     log-normal   Estimated
  Variance-covariance matrix:
      E0 Imax ED50 gamma
E0     1    0    0     0
Imax   0    0    0     0
ED50   0    0    1     0
gamma  0    0    0     0
  Error model: constant , initial values: a.1=5 
  Covariate model:
      [,1] [,2] [,3] [,4]
group    0    0    1    0
    Initial values
              E0 Imax ED50 gamma
Pop.CondInit 100  0.7  500     2
Cov.CondInit   0  0.0    0     0
-----------------------------------
----    Key algorithm options  ----
-----------------------------------
    Estimation of individual parameters (MAP)
    Estimation of standard errors and linearised log-likelihood
    Estimation of log-likelihood by importance sampling
    Number of iterations:  K1=300, K2=100 
    Number of chains:  1 
    Seed:  7927570 
    Number of MCMC iterations for IS:  5000 
    Simulations:
        nb of simulated datasets used for npde:  1000 
        nb of simulated datasets used for VPC:  100 
    Input/output
        save the results to a file:  FALSE 
        save the graphs to files:  FALSE 
----------------------------------------------------
----                  Results                   ----
----------------------------------------------------
-----------------  Fixed effects  ------------------
----------------------------------------------------
     Parameter        Estimate SE     CV(%) p-value
[1,] E0                98.24    0.938  0.96 -      
[2,] Imax               0.70    0.013  1.83 -      
[3,] ED50             526.56   24.483  4.65 -      
[4,] beta_group(ED50)  -0.52    0.060 11.73 0      
[5,] gamma              2.02    0.078  3.87 -      
[6,] a.1                5.08    0.178  3.51 -      
----------------------------------------------------
-----------  Variance of random effects  -----------
----------------------------------------------------
     Parameter   Estimate SE     CV(%)
E0   omega2.E0   0.0066   0.0012 18   
ED50 omega2.ED50 0.0759   0.0129 17   
----------------------------------------------------
------  Correlation matrix of random effects  ------
----------------------------------------------------
            omega2.E0 omega2.ED50
omega2.E0   1         0          
omega2.ED50 0         1          
----------------------------------------------------
---------------  Statistical criteria  -------------
----------------------------------------------------
Likelihood computed by linearisation
      -2LL= 4041.607 
      AIC = 4057.607 
      BIC = 4078.448 

Likelihood computed by importance sampling
      -2LL= 4041.869 
      AIC = 4057.869 
      BIC = 4078.711 
----------------------------------------------------
----------------------------------------------------
-----------------  Fixed effects  ------------------
----------------------------------------------------
         Parameter Estimate     SE CV(%) p-value
1               E0    98.24  0.938  0.96       -
2             Imax     0.70  0.013  1.83       -
3             ED50   526.56 24.483  4.65       -
4 beta_group(ED50)    -0.52  0.060 11.73    0.00
5            gamma     2.02  0.078  3.87       -
6              a.1     5.08  0.178  3.51       -
----------------------------------------------------
-----------  Variance of random effects  -----------
----------------------------------------------------
       Parameter Estimate     SE CV(%)
E0     omega2.E0   0.0066 0.0012 18.36
ED50 omega2.ED50   0.0759 0.0129 17.04
----------------------------------------------------
------  Correlation matrix of random effects  ------
----------------------------------------------------
            omega2.E0 omega2.ED50
omega2.E0   1.00      0.00       
omega2.ED50 0.00      1.00       
----------------------------------------------------
---------------  Statistical criteria  -------------
----------------------------------------------------
Likelihood computed by linearisation
      -2LL= 4041.607 
      AIC = 4057.607 
      BIC = 4078.448 

Likelihood computed by importance sampling
      -2LL= 4041.869 
      AIC = 4057.869 
      BIC = 4078.711 
----------------------------------------------------
Reading data from file /home/eco/work/saemix/saemixextension/simulationSuite/cont/imaxRichAdd/data/data_pdimax14.tab 
These are the first lines of the dataset as read into R. Please check the format of the data is appropriate, if not, modify the na and/or sep items and retry:
  id dose       eff group
1  1    0 130.50534     0
2  1  200 126.25426     0
3  1  400  95.98333     0
4  1  500 107.36674     0
5  1  700  79.92674     0
6  1 1000  67.84525     0


The following SaemixData object was successfully created:

Object of class SaemixData
    longitudinal data for use with the SAEM algorithm
Dataset /home/eco/work/saemix/saemixextension/simulationSuite/cont/imaxRichAdd/data/data_pdimax14.tab 
    Structured data: eff ~ dose | id 
    Predictor: dose (-) 
    covariates: group (-) 
      reference class for covariate group :  0 
Nonlinear mixed-effects model fit by the SAEM algorithm
-----------------------------------
----          Data             ----
-----------------------------------
Object of class SaemixData
    longitudinal data for use with the SAEM algorithm
Dataset /home/eco/work/saemix/saemixextension/simulationSuite/cont/imaxRichAdd/data/data_pdimax14.tab 
    Structured data: eff ~ dose | id 
    Predictor: dose (-) 
    covariates: group (-) 
      reference class for covariate group :  0 
Dataset characteristics:
    number of subjects:     100 
    number of observations: 600 
    average/min/max nb obs: 6.00  /  6  /  6 
First 10 lines of data:
   id dose       eff group mdv cens occ ytype
1   1    0 130.50534     0   0    0   1     1
2   1  200 126.25426     0   0    0   1     1
3   1  400  95.98333     0   0    0   1     1
4   1  500 107.36674     0   0    0   1     1
5   1  700  79.92674     0   0    0   1     1
6   1 1000  67.84525     0   0    0   1     1
7   2    0 106.84438     0   0    0   1     1
8   2  200 100.32110     0   0    0   1     1
9   2  400  90.13884     0   0    0   1     1
10  2  500  87.36764     0   0    0   1     1
-----------------------------------
----          Model            ----
-----------------------------------
Nonlinear mixed-effects model
  Model function:  PD Imax model
  Model type:  structural
function (psi, id, xidep) 
{
    dose <- xidep[, 1]
    e0 <- psi[id, 1]
    imax <- psi[id, 2]
    ed50 <- psi[id, 3]
    gamma <- psi[id, 4]
    f <- e0 * (1 - imax * (dose^gamma)/((ed50^gamma) + (dose^gamma)))
    return(f)
}
<bytecode: 0x564c33fe6fb0>
  Nb of parameters: 4 
      parameter names:  E0 Imax ED50 gamma 
      distribution:
     Parameter Distribution Estimated
[1,] E0        log-normal   Estimated
[2,] Imax      log-normal   Estimated
[3,] ED50      log-normal   Estimated
[4,] gamma     log-normal   Estimated
  Variance-covariance matrix:
      E0 Imax ED50 gamma
E0     1    0    0     0
Imax   0    0    0     0
ED50   0    0    1     0
gamma  0    0    0     0
  Error model: constant , initial values: a.1=5 
  Covariate model:
      [,1] [,2] [,3] [,4]
group    0    0    1    0
    Initial values
              E0 Imax ED50 gamma
Pop.CondInit 100  0.7  500     2
Cov.CondInit   0  0.0    0     0
-----------------------------------
----    Key algorithm options  ----
-----------------------------------
    Estimation of individual parameters (MAP)
    Estimation of standard errors and linearised log-likelihood
    Estimation of log-likelihood by importance sampling
    Number of iterations:  K1=300, K2=100 
    Number of chains:  1 
    Seed:  7927570 
    Number of MCMC iterations for IS:  5000 
    Simulations:
        nb of simulated datasets used for npde:  1000 
        nb of simulated datasets used for VPC:  100 
    Input/output
        save the results to a file:  FALSE 
        save the graphs to files:  FALSE 
----------------------------------------------------
----                  Results                   ----
----------------------------------------------------
-----------------  Fixed effects  ------------------
----------------------------------------------------
     Parameter        Estimate SE     CV(%) p-value
[1,] E0                99.91    1.061  1.1  -      
[2,] Imax               0.67    0.011  1.6  -      
[3,] ED50             458.97   21.785  4.7  -      
[4,] beta_group(ED50)  -0.37    0.064 17.0  2.1e-09
[5,] gamma              2.14    0.077  3.6  -      
[6,] a.1                4.83    0.170  3.5  -      
----------------------------------------------------
-----------  Variance of random effects  -----------
----------------------------------------------------
     Parameter   Estimate SE     CV(%)
E0   omega2.E0   0.009    0.0015 17   
ED50 omega2.ED50 0.087    0.0144 17   
----------------------------------------------------
------  Correlation matrix of random effects  ------
----------------------------------------------------
            omega2.E0 omega2.ED50
omega2.E0   1         0          
omega2.ED50 0         1          
----------------------------------------------------
---------------  Statistical criteria  -------------
----------------------------------------------------
Likelihood computed by linearisation
      -2LL= 4035.631 
      AIC = 4051.631 
      BIC = 4072.473 

Likelihood computed by importance sampling
      -2LL= 4036.011 
      AIC = 4052.011 
      BIC = 4072.853 
----------------------------------------------------
----------------------------------------------------
-----------------  Fixed effects  ------------------
----------------------------------------------------
         Parameter Estimate     SE CV(%) p-value
1               E0    99.91  1.061  1.06       -
2             Imax     0.67  0.011  1.61       -
3             ED50   458.97 21.785  4.75       -
4 beta_group(ED50)    -0.37  0.064 17.01 4.2e-09
5            gamma     2.14  0.077  3.62       -
6              a.1     4.83  0.170  3.52       -
----------------------------------------------------
-----------  Variance of random effects  -----------
----------------------------------------------------
       Parameter Estimate     SE CV(%)
E0     omega2.E0    0.009 0.0015 16.94
ED50 omega2.ED50    0.087 0.0144 16.50
----------------------------------------------------
------  Correlation matrix of random effects  ------
----------------------------------------------------
            omega2.E0 omega2.ED50
omega2.E0   1.00      0.00       
omega2.ED50 0.00      1.00       
----------------------------------------------------
---------------  Statistical criteria  -------------
----------------------------------------------------
Likelihood computed by linearisation
      -2LL= 4035.631 
      AIC = 4051.631 
      BIC = 4072.473 

Likelihood computed by importance sampling
      -2LL= 4036.011 
      AIC = 4052.011 
      BIC = 4072.853 
----------------------------------------------------
Reading data from file /home/eco/work/saemix/saemixextension/simulationSuite/cont/imaxRichAdd/data/data_pdimax15.tab 
These are the first lines of the dataset as read into R. Please check the format of the data is appropriate, if not, modify the na and/or sep items and retry:
  id dose       eff group
1  1    0 116.62400     0
2  1  200  85.72641     0
3  1  400  61.92743     0
4  1  500  53.06405     0
5  1  700  38.06252     0
6  1 1000  36.87396     0


The following SaemixData object was successfully created:

Object of class SaemixData
    longitudinal data for use with the SAEM algorithm
Dataset /home/eco/work/saemix/saemixextension/simulationSuite/cont/imaxRichAdd/data/data_pdimax15.tab 
    Structured data: eff ~ dose | id 
    Predictor: dose (-) 
    covariates: group (-) 
      reference class for covariate group :  0 
Nonlinear mixed-effects model fit by the SAEM algorithm
-----------------------------------
----          Data             ----
-----------------------------------
Object of class SaemixData
    longitudinal data for use with the SAEM algorithm
Dataset /home/eco/work/saemix/saemixextension/simulationSuite/cont/imaxRichAdd/data/data_pdimax15.tab 
    Structured data: eff ~ dose | id 
    Predictor: dose (-) 
    covariates: group (-) 
      reference class for covariate group :  0 
Dataset characteristics:
    number of subjects:     100 
    number of observations: 600 
    average/min/max nb obs: 6.00  /  6  /  6 
First 10 lines of data:
   id dose       eff group mdv cens occ ytype
1   1    0 116.62400     0   0    0   1     1
2   1  200  85.72641     0   0    0   1     1
3   1  400  61.92743     0   0    0   1     1
4   1  500  53.06405     0   0    0   1     1
5   1  700  38.06252     0   0    0   1     1
6   1 1000  36.87396     0   0    0   1     1
7   2    0  79.41516     0   0    0   1     1
8   2  200  81.40563     0   0    0   1     1
9   2  400  63.68832     0   0    0   1     1
10  2  500  58.57679     0   0    0   1     1
-----------------------------------
----          Model            ----
-----------------------------------
Nonlinear mixed-effects model
  Model function:  PD Imax model
  Model type:  structural
function (psi, id, xidep) 
{
    dose <- xidep[, 1]
    e0 <- psi[id, 1]
    imax <- psi[id, 2]
    ed50 <- psi[id, 3]
    gamma <- psi[id, 4]
    f <- e0 * (1 - imax * (dose^gamma)/((ed50^gamma) + (dose^gamma)))
    return(f)
}
<bytecode: 0x564c33fe6fb0>
  Nb of parameters: 4 
      parameter names:  E0 Imax ED50 gamma 
      distribution:
     Parameter Distribution Estimated
[1,] E0        log-normal   Estimated
[2,] Imax      log-normal   Estimated
[3,] ED50      log-normal   Estimated
[4,] gamma     log-normal   Estimated
  Variance-covariance matrix:
      E0 Imax ED50 gamma
E0     1    0    0     0
Imax   0    0    0     0
ED50   0    0    1     0
gamma  0    0    0     0
  Error model: constant , initial values: a.1=5 
  Covariate model:
      [,1] [,2] [,3] [,4]
group    0    0    1    0
    Initial values
              E0 Imax ED50 gamma
Pop.CondInit 100  0.7  500     2
Cov.CondInit   0  0.0    0     0
-----------------------------------
----    Key algorithm options  ----
-----------------------------------
    Estimation of individual parameters (MAP)
    Estimation of standard errors and linearised log-likelihood
    Estimation of log-likelihood by importance sampling
    Number of iterations:  K1=300, K2=100 
    Number of chains:  1 
    Seed:  7927570 
    Number of MCMC iterations for IS:  5000 
    Simulations:
        nb of simulated datasets used for npde:  1000 
        nb of simulated datasets used for VPC:  100 
    Input/output
        save the results to a file:  FALSE 
        save the graphs to files:  FALSE 
----------------------------------------------------
----                  Results                   ----
----------------------------------------------------
-----------------  Fixed effects  ------------------
----------------------------------------------------
     Parameter        Estimate SE     CV(%) p-value
[1,] E0                99.96    1.054  1.1  -      
[2,] Imax               0.70    0.011  1.6  -      
[3,] ED50             508.11   25.404  5.0  -      
[4,] beta_group(ED50)  -0.58    0.068 11.7  0      
[5,] gamma              2.02    0.073  3.6  -      
[6,] a.1                4.99    0.176  3.5  -      
----------------------------------------------------
-----------  Variance of random effects  -----------
----------------------------------------------------
     Parameter   Estimate SE     CV(%)
E0   omega2.E0   0.0088   0.0015 17   
ED50 omega2.ED50 0.0982   0.0161 16   
----------------------------------------------------
------  Correlation matrix of random effects  ------
----------------------------------------------------
            omega2.E0 omega2.ED50
omega2.E0   1         0          
omega2.ED50 0         1          
----------------------------------------------------
---------------  Statistical criteria  -------------
----------------------------------------------------
Likelihood computed by linearisation
      -2LL= 4067.598 
      AIC = 4083.598 
      BIC = 4104.44 

Likelihood computed by importance sampling
      -2LL= 4068.583 
      AIC = 4084.583 
      BIC = 4105.424 
----------------------------------------------------
----------------------------------------------------
-----------------  Fixed effects  ------------------
----------------------------------------------------
         Parameter Estimate     SE CV(%) p-value
1               E0    99.96  1.054  1.05       -
2             Imax     0.70  0.011  1.57       -
3             ED50   508.11 25.404  5.00       -
4 beta_group(ED50)    -0.58  0.068 11.68    0.00
5            gamma     2.02  0.073  3.61       -
6              a.1     4.99  0.176  3.52       -
----------------------------------------------------
-----------  Variance of random effects  -----------
----------------------------------------------------
       Parameter Estimate     SE CV(%)
E0     omega2.E0   0.0088 0.0015 17.24
ED50 omega2.ED50   0.0982 0.0161 16.41
----------------------------------------------------
------  Correlation matrix of random effects  ------
----------------------------------------------------
            omega2.E0 omega2.ED50
omega2.E0   1.00      0.00       
omega2.ED50 0.00      1.00       
----------------------------------------------------
---------------  Statistical criteria  -------------
----------------------------------------------------
Likelihood computed by linearisation
      -2LL= 4067.598 
      AIC = 4083.598 
      BIC = 4104.44 

Likelihood computed by importance sampling
      -2LL= 4068.583 
      AIC = 4084.583 
      BIC = 4105.424 
----------------------------------------------------
Reading data from file /home/eco/work/saemix/saemixextension/simulationSuite/cont/imaxRichAdd/data/data_pdimax16.tab 
These are the first lines of the dataset as read into R. Please check the format of the data is appropriate, if not, modify the na and/or sep items and retry:
  id dose      eff group
1  1    0 93.88968     0
2  1  200 95.72689     0
3  1  400 81.34791     0
4  1  500 79.63540     0
5  1  700 77.43298     0
6  1 1000 59.49104     0


The following SaemixData object was successfully created:

Object of class SaemixData
    longitudinal data for use with the SAEM algorithm
Dataset /home/eco/work/saemix/saemixextension/simulationSuite/cont/imaxRichAdd/data/data_pdimax16.tab 
    Structured data: eff ~ dose | id 
    Predictor: dose (-) 
    covariates: group (-) 
      reference class for covariate group :  0 
Nonlinear mixed-effects model fit by the SAEM algorithm
-----------------------------------
----          Data             ----
-----------------------------------
Object of class SaemixData
    longitudinal data for use with the SAEM algorithm
Dataset /home/eco/work/saemix/saemixextension/simulationSuite/cont/imaxRichAdd/data/data_pdimax16.tab 
    Structured data: eff ~ dose | id 
    Predictor: dose (-) 
    covariates: group (-) 
      reference class for covariate group :  0 
Dataset characteristics:
    number of subjects:     100 
    number of observations: 600 
    average/min/max nb obs: 6.00  /  6  /  6 
First 10 lines of data:
   id dose      eff group mdv cens occ ytype
1   1    0 93.88968     0   0    0   1     1
2   1  200 95.72689     0   0    0   1     1
3   1  400 81.34791     0   0    0   1     1
4   1  500 79.63540     0   0    0   1     1
5   1  700 77.43298     0   0    0   1     1
6   1 1000 59.49104     0   0    0   1     1
7   2    0 89.17552     0   0    0   1     1
8   2  200 84.75201     0   0    0   1     1
9   2  400 46.98360     0   0    0   1     1
10  2  500 55.51200     0   0    0   1     1
-----------------------------------
----          Model            ----
-----------------------------------
Nonlinear mixed-effects model
  Model function:  PD Imax model
  Model type:  structural
function (psi, id, xidep) 
{
    dose <- xidep[, 1]
    e0 <- psi[id, 1]
    imax <- psi[id, 2]
    ed50 <- psi[id, 3]
    gamma <- psi[id, 4]
    f <- e0 * (1 - imax * (dose^gamma)/((ed50^gamma) + (dose^gamma)))
    return(f)
}
<bytecode: 0x564c33fe6fb0>
  Nb of parameters: 4 
      parameter names:  E0 Imax ED50 gamma 
      distribution:
     Parameter Distribution Estimated
[1,] E0        log-normal   Estimated
[2,] Imax      log-normal   Estimated
[3,] ED50      log-normal   Estimated
[4,] gamma     log-normal   Estimated
  Variance-covariance matrix:
      E0 Imax ED50 gamma
E0     1    0    0     0
Imax   0    0    0     0
ED50   0    0    1     0
gamma  0    0    0     0
  Error model: constant , initial values: a.1=5 
  Covariate model:
      [,1] [,2] [,3] [,4]
group    0    0    1    0
    Initial values
              E0 Imax ED50 gamma
Pop.CondInit 100  0.7  500     2
Cov.CondInit   0  0.0    0     0
-----------------------------------
----    Key algorithm options  ----
-----------------------------------
    Estimation of individual parameters (MAP)
    Estimation of standard errors and linearised log-likelihood
    Estimation of log-likelihood by importance sampling
    Number of iterations:  K1=300, K2=100 
    Number of chains:  1 
    Seed:  7927570 
    Number of MCMC iterations for IS:  5000 
    Simulations:
        nb of simulated datasets used for npde:  1000 
        nb of simulated datasets used for VPC:  100 
    Input/output
        save the results to a file:  FALSE 
        save the graphs to files:  FALSE 
----------------------------------------------------
----                  Results                   ----
----------------------------------------------------
-----------------  Fixed effects  ------------------
----------------------------------------------------
     Parameter        Estimate SE     CV(%) p-value
[1,] E0               100.05    1.062  1.1  -      
[2,] Imax               0.72    0.012  1.6  -      
[3,] ED50             510.82   24.334  4.8  -      
[4,] beta_group(ED50)  -0.56    0.063 11.2  0      
[5,] gamma              1.93    0.068  3.5  -      
[6,] a.1                4.86    0.171  3.5  -      
----------------------------------------------------
-----------  Variance of random effects  -----------
----------------------------------------------------
     Parameter   Estimate SE     CV(%)
E0   omega2.E0   0.009    0.0015 17   
ED50 omega2.ED50 0.085    0.0141 17   
----------------------------------------------------
------  Correlation matrix of random effects  ------
----------------------------------------------------
            omega2.E0 omega2.ED50
omega2.E0   1         0          
omega2.ED50 0         1          
----------------------------------------------------
---------------  Statistical criteria  -------------
----------------------------------------------------
Likelihood computed by linearisation
      -2LL= 4036.512 
      AIC = 4052.512 
      BIC = 4073.353 

Likelihood computed by importance sampling
      -2LL= 4036.792 
      AIC = 4052.792 
      BIC = 4073.633 
----------------------------------------------------
----------------------------------------------------
-----------------  Fixed effects  ------------------
----------------------------------------------------
         Parameter Estimate     SE CV(%) p-value
1               E0   100.05  1.062  1.06       -
2             Imax     0.72  0.012  1.61       -
3             ED50   510.82 24.334  4.76       -
4 beta_group(ED50)    -0.56  0.063 11.22    0.00
5            gamma     1.93  0.068  3.53       -
6              a.1     4.86  0.171  3.52       -
----------------------------------------------------
-----------  Variance of random effects  -----------
----------------------------------------------------
       Parameter Estimate     SE CV(%)
E0     omega2.E0    0.009 0.0015 17.01
ED50 omega2.ED50    0.085 0.0141 16.56
----------------------------------------------------
------  Correlation matrix of random effects  ------
----------------------------------------------------
            omega2.E0 omega2.ED50
omega2.E0   1.00      0.00       
omega2.ED50 0.00      1.00       
----------------------------------------------------
---------------  Statistical criteria  -------------
----------------------------------------------------
Likelihood computed by linearisation
      -2LL= 4036.512 
      AIC = 4052.512 
      BIC = 4073.353 

Likelihood computed by importance sampling
      -2LL= 4036.792 
      AIC = 4052.792 
      BIC = 4073.633 
----------------------------------------------------
Reading data from file /home/eco/work/saemix/saemixextension/simulationSuite/cont/imaxRichAdd/data/data_pdimax17.tab 
These are the first lines of the dataset as read into R. Please check the format of the data is appropriate, if not, modify the na and/or sep items and retry:
  id dose      eff group
1  1    0 95.80352     0
2  1  200 91.77863     0
3  1  400 74.60602     0
4  1  500 61.19580     0
5  1  700 52.63302     0
6  1 1000 48.98256     0


The following SaemixData object was successfully created:

Object of class SaemixData
    longitudinal data for use with the SAEM algorithm
Dataset /home/eco/work/saemix/saemixextension/simulationSuite/cont/imaxRichAdd/data/data_pdimax17.tab 
    Structured data: eff ~ dose | id 
    Predictor: dose (-) 
    covariates: group (-) 
      reference class for covariate group :  0 
Nonlinear mixed-effects model fit by the SAEM algorithm
-----------------------------------
----          Data             ----
-----------------------------------
Object of class SaemixData
    longitudinal data for use with the SAEM algorithm
Dataset /home/eco/work/saemix/saemixextension/simulationSuite/cont/imaxRichAdd/data/data_pdimax17.tab 
    Structured data: eff ~ dose | id 
    Predictor: dose (-) 
    covariates: group (-) 
      reference class for covariate group :  0 
Dataset characteristics:
    number of subjects:     100 
    number of observations: 600 
    average/min/max nb obs: 6.00  /  6  /  6 
First 10 lines of data:
   id dose       eff group mdv cens occ ytype
1   1    0  95.80352     0   0    0   1     1
2   1  200  91.77863     0   0    0   1     1
3   1  400  74.60602     0   0    0   1     1
4   1  500  61.19580     0   0    0   1     1
5   1  700  52.63302     0   0    0   1     1
6   1 1000  48.98256     0   0    0   1     1
7   2    0 117.39874     0   0    0   1     1
8   2  200 101.09866     0   0    0   1     1
9   2  400  72.55933     0   0    0   1     1
10  2  500  65.66864     0   0    0   1     1
-----------------------------------
----          Model            ----
-----------------------------------
Nonlinear mixed-effects model
  Model function:  PD Imax model
  Model type:  structural
function (psi, id, xidep) 
{
    dose <- xidep[, 1]
    e0 <- psi[id, 1]
    imax <- psi[id, 2]
    ed50 <- psi[id, 3]
    gamma <- psi[id, 4]
    f <- e0 * (1 - imax * (dose^gamma)/((ed50^gamma) + (dose^gamma)))
    return(f)
}
<bytecode: 0x564c33fe6fb0>
  Nb of parameters: 4 
      parameter names:  E0 Imax ED50 gamma 
      distribution:
     Parameter Distribution Estimated
[1,] E0        log-normal   Estimated
[2,] Imax      log-normal   Estimated
[3,] ED50      log-normal   Estimated
[4,] gamma     log-normal   Estimated
  Variance-covariance matrix:
      E0 Imax ED50 gamma
E0     1    0    0     0
Imax   0    0    0     0
ED50   0    0    1     0
gamma  0    0    0     0
  Error model: constant , initial values: a.1=5 
  Covariate model:
      [,1] [,2] [,3] [,4]
group    0    0    1    0
    Initial values
              E0 Imax ED50 gamma
Pop.CondInit 100  0.7  500     2
Cov.CondInit   0  0.0    0     0
-----------------------------------
----    Key algorithm options  ----
-----------------------------------
    Estimation of individual parameters (MAP)
    Estimation of standard errors and linearised log-likelihood
    Estimation of log-likelihood by importance sampling
    Number of iterations:  K1=300, K2=100 
    Number of chains:  1 
    Seed:  7927570 
    Number of MCMC iterations for IS:  5000 
    Simulations:
        nb of simulated datasets used for npde:  1000 
        nb of simulated datasets used for VPC:  100 
    Input/output
        save the results to a file:  FALSE 
        save the graphs to files:  FALSE 
----------------------------------------------------
----                  Results                   ----
----------------------------------------------------
-----------------  Fixed effects  ------------------
----------------------------------------------------
     Parameter        Estimate SE     CV(%) p-value
[1,] E0               100.16    1.057  1.1  -      
[2,] Imax               0.70    0.012  1.7  -      
[3,] ED50             525.22   24.865  4.7  -      
[4,] beta_group(ED50)  -0.54    0.062 11.4  0      
[5,] gamma              1.99    0.074  3.7  -      
[6,] a.1                5.05    0.178  3.5  -      
----------------------------------------------------
-----------  Variance of random effects  -----------
----------------------------------------------------
     Parameter   Estimate SE     CV(%)
E0   omega2.E0   0.0087   0.0015 17   
ED50 omega2.ED50 0.0814   0.0137 17   
----------------------------------------------------
------  Correlation matrix of random effects  ------
----------------------------------------------------
            omega2.E0 omega2.ED50
omega2.E0   1         0          
omega2.ED50 0         1          
----------------------------------------------------
---------------  Statistical criteria  -------------
----------------------------------------------------
Likelihood computed by linearisation
      -2LL= 4061.965 
      AIC = 4077.965 
      BIC = 4098.807 

Likelihood computed by importance sampling
      -2LL= 4063.306 
      AIC = 4079.306 
      BIC = 4100.148 
----------------------------------------------------
----------------------------------------------------
-----------------  Fixed effects  ------------------
----------------------------------------------------
         Parameter Estimate     SE CV(%) p-value
1               E0   100.16  1.057  1.05       -
2             Imax     0.70  0.012  1.75       -
3             ED50   525.22 24.865  4.73       -
4 beta_group(ED50)    -0.54  0.062 11.44    0.00
5            gamma     1.99  0.074  3.72       -
6              a.1     5.05  0.178  3.52       -
----------------------------------------------------
-----------  Variance of random effects  -----------
----------------------------------------------------
       Parameter Estimate     SE CV(%)
E0     omega2.E0   0.0087 0.0015 17.24
ED50 omega2.ED50   0.0814 0.0137 16.88
----------------------------------------------------
------  Correlation matrix of random effects  ------
----------------------------------------------------
            omega2.E0 omega2.ED50
omega2.E0   1.00      0.00       
omega2.ED50 0.00      1.00       
----------------------------------------------------
---------------  Statistical criteria  -------------
----------------------------------------------------
Likelihood computed by linearisation
      -2LL= 4061.965 
      AIC = 4077.965 
      BIC = 4098.807 

Likelihood computed by importance sampling
      -2LL= 4063.306 
      AIC = 4079.306 
      BIC = 4100.148 
----------------------------------------------------
Reading data from file /home/eco/work/saemix/saemixextension/simulationSuite/cont/imaxRichAdd/data/data_pdimax18.tab 
These are the first lines of the dataset as read into R. Please check the format of the data is appropriate, if not, modify the na and/or sep items and retry:
  id dose      eff group
1  1    0 93.31958     0
2  1  200 81.29826     0
3  1  400 67.01835     0
4  1  500 55.96485     0
5  1  700 45.77221     0
6  1 1000 41.70708     0


The following SaemixData object was successfully created:

Object of class SaemixData
    longitudinal data for use with the SAEM algorithm
Dataset /home/eco/work/saemix/saemixextension/simulationSuite/cont/imaxRichAdd/data/data_pdimax18.tab 
    Structured data: eff ~ dose | id 
    Predictor: dose (-) 
    covariates: group (-) 
      reference class for covariate group :  0 
Nonlinear mixed-effects model fit by the SAEM algorithm
-----------------------------------
----          Data             ----
-----------------------------------
Object of class SaemixData
    longitudinal data for use with the SAEM algorithm
Dataset /home/eco/work/saemix/saemixextension/simulationSuite/cont/imaxRichAdd/data/data_pdimax18.tab 
    Structured data: eff ~ dose | id 
    Predictor: dose (-) 
    covariates: group (-) 
      reference class for covariate group :  0 
Dataset characteristics:
    number of subjects:     100 
    number of observations: 600 
    average/min/max nb obs: 6.00  /  6  /  6 
First 10 lines of data:
   id dose      eff group mdv cens occ ytype
1   1    0 93.31958     0   0    0   1     1
2   1  200 81.29826     0   0    0   1     1
3   1  400 67.01835     0   0    0   1     1
4   1  500 55.96485     0   0    0   1     1
5   1  700 45.77221     0   0    0   1     1
6   1 1000 41.70708     0   0    0   1     1
7   2    0 96.48302     0   0    0   1     1
8   2  200 86.47464     0   0    0   1     1
9   2  400 76.69999     0   0    0   1     1
10  2  500 67.97767     0   0    0   1     1
-----------------------------------
----          Model            ----
-----------------------------------
Nonlinear mixed-effects model
  Model function:  PD Imax model
  Model type:  structural
function (psi, id, xidep) 
{
    dose <- xidep[, 1]
    e0 <- psi[id, 1]
    imax <- psi[id, 2]
    ed50 <- psi[id, 3]
    gamma <- psi[id, 4]
    f <- e0 * (1 - imax * (dose^gamma)/((ed50^gamma) + (dose^gamma)))
    return(f)
}
<bytecode: 0x564c33fe6fb0>
  Nb of parameters: 4 
      parameter names:  E0 Imax ED50 gamma 
      distribution:
     Parameter Distribution Estimated
[1,] E0        log-normal   Estimated
[2,] Imax      log-normal   Estimated
[3,] ED50      log-normal   Estimated
[4,] gamma     log-normal   Estimated
  Variance-covariance matrix:
      E0 Imax ED50 gamma
E0     1    0    0     0
Imax   0    0    0     0
ED50   0    0    1     0
gamma  0    0    0     0
  Error model: constant , initial values: a.1=5 
  Covariate model:
      [,1] [,2] [,3] [,4]
group    0    0    1    0
    Initial values
              E0 Imax ED50 gamma
Pop.CondInit 100  0.7  500     2
Cov.CondInit   0  0.0    0     0
-----------------------------------
----    Key algorithm options  ----
-----------------------------------
    Estimation of individual parameters (MAP)
    Estimation of standard errors and linearised log-likelihood
    Estimation of log-likelihood by importance sampling
    Number of iterations:  K1=300, K2=100 
    Number of chains:  1 
    Seed:  7927570 
    Number of MCMC iterations for IS:  5000 
    Simulations:
        nb of simulated datasets used for npde:  1000 
        nb of simulated datasets used for VPC:  100 
    Input/output
        save the results to a file:  FALSE 
        save the graphs to files:  FALSE 
----------------------------------------------------
----                  Results                   ----
----------------------------------------------------
-----------------  Fixed effects  ------------------
----------------------------------------------------
     Parameter        Estimate SE     CV(%) p-value
[1,] E0                99.92    1.179  1.2  -      
[2,] Imax               0.69    0.011  1.6  -      
[3,] ED50             496.90   21.494  4.3  -      
[4,] beta_group(ED50)  -0.55    0.057 10.5  0      
[5,] gamma              2.04    0.075  3.7  -      
[6,] a.1                4.94    0.174  3.5  -      
----------------------------------------------------
-----------  Variance of random effects  -----------
----------------------------------------------------
     Parameter   Estimate SE     CV(%)
E0   omega2.E0   0.012    0.0019 16   
ED50 omega2.ED50 0.066    0.0116 18   
----------------------------------------------------
------  Correlation matrix of random effects  ------
----------------------------------------------------
            omega2.E0 omega2.ED50
omega2.E0   1         0          
omega2.ED50 0         1          
----------------------------------------------------
---------------  Statistical criteria  -------------
----------------------------------------------------
Likelihood computed by linearisation
      -2LL= 4054 
      AIC = 4070 
      BIC = 4090.842 

Likelihood computed by importance sampling
      -2LL= 4053.976 
      AIC = 4069.976 
      BIC = 4090.817 
----------------------------------------------------
----------------------------------------------------
-----------------  Fixed effects  ------------------
----------------------------------------------------
         Parameter Estimate     SE CV(%) p-value
1               E0    99.92  1.179  1.18       -
2             Imax     0.69  0.011  1.61       -
3             ED50   496.90 21.494  4.33       -
4 beta_group(ED50)    -0.55  0.057 10.46    0.00
5            gamma     2.04  0.075  3.66       -
6              a.1     4.94  0.174  3.52       -
----------------------------------------------------
-----------  Variance of random effects  -----------
----------------------------------------------------
       Parameter Estimate     SE CV(%)
E0     omega2.E0    0.012 0.0019 16.37
ED50 omega2.ED50    0.066 0.0116 17.53
----------------------------------------------------
------  Correlation matrix of random effects  ------
----------------------------------------------------
            omega2.E0 omega2.ED50
omega2.E0   1.00      0.00       
omega2.ED50 0.00      1.00       
----------------------------------------------------
---------------  Statistical criteria  -------------
----------------------------------------------------
Likelihood computed by linearisation
      -2LL= 4054 
      AIC = 4070 
      BIC = 4090.842 

Likelihood computed by importance sampling
      -2LL= 4053.976 
      AIC = 4069.976 
      BIC = 4090.817 
----------------------------------------------------
Reading data from file /home/eco/work/saemix/saemixextension/simulationSuite/cont/imaxRichAdd/data/data_pdimax19.tab 
These are the first lines of the dataset as read into R. Please check the format of the data is appropriate, if not, modify the na and/or sep items and retry:
  id dose       eff group
1  1    0 101.70133     0
2  1  200  86.77402     0
3  1  400  67.42422     0
4  1  500  63.50686     0
5  1  700  51.02047     0
6  1 1000  31.44003     0


The following SaemixData object was successfully created:

Object of class SaemixData
    longitudinal data for use with the SAEM algorithm
Dataset /home/eco/work/saemix/saemixextension/simulationSuite/cont/imaxRichAdd/data/data_pdimax19.tab 
    Structured data: eff ~ dose | id 
    Predictor: dose (-) 
    covariates: group (-) 
      reference class for covariate group :  0 
Nonlinear mixed-effects model fit by the SAEM algorithm
-----------------------------------
----          Data             ----
-----------------------------------
Object of class SaemixData
    longitudinal data for use with the SAEM algorithm
Dataset /home/eco/work/saemix/saemixextension/simulationSuite/cont/imaxRichAdd/data/data_pdimax19.tab 
    Structured data: eff ~ dose | id 
    Predictor: dose (-) 
    covariates: group (-) 
      reference class for covariate group :  0 
Dataset characteristics:
    number of subjects:     100 
    number of observations: 600 
    average/min/max nb obs: 6.00  /  6  /  6 
First 10 lines of data:
   id dose       eff group mdv cens occ ytype
1   1    0 101.70133     0   0    0   1     1
2   1  200  86.77402     0   0    0   1     1
3   1  400  67.42422     0   0    0   1     1
4   1  500  63.50686     0   0    0   1     1
5   1  700  51.02047     0   0    0   1     1
6   1 1000  31.44003     0   0    0   1     1
7   2    0 109.28507     0   0    0   1     1
8   2  200  92.96843     0   0    0   1     1
9   2  400  76.98517     0   0    0   1     1
10  2  500  72.87035     0   0    0   1     1
-----------------------------------
----          Model            ----
-----------------------------------
Nonlinear mixed-effects model
  Model function:  PD Imax model
  Model type:  structural
function (psi, id, xidep) 
{
    dose <- xidep[, 1]
    e0 <- psi[id, 1]
    imax <- psi[id, 2]
    ed50 <- psi[id, 3]
    gamma <- psi[id, 4]
    f <- e0 * (1 - imax * (dose^gamma)/((ed50^gamma) + (dose^gamma)))
    return(f)
}
<bytecode: 0x564c33fe6fb0>
  Nb of parameters: 4 
      parameter names:  E0 Imax ED50 gamma 
      distribution:
     Parameter Distribution Estimated
[1,] E0        log-normal   Estimated
[2,] Imax      log-normal   Estimated
[3,] ED50      log-normal   Estimated
[4,] gamma     log-normal   Estimated
  Variance-covariance matrix:
      E0 Imax ED50 gamma
E0     1    0    0     0
Imax   0    0    0     0
ED50   0    0    1     0
gamma  0    0    0     0
  Error model: constant , initial values: a.1=5 
  Covariate model:
      [,1] [,2] [,3] [,4]
group    0    0    1    0
    Initial values
              E0 Imax ED50 gamma
Pop.CondInit 100  0.7  500     2
Cov.CondInit   0  0.0    0     0
-----------------------------------
----    Key algorithm options  ----
-----------------------------------
    Estimation of individual parameters (MAP)
    Estimation of standard errors and linearised log-likelihood
    Estimation of log-likelihood by importance sampling
    Number of iterations:  K1=300, K2=100 
    Number of chains:  1 
    Seed:  7927570 
    Number of MCMC iterations for IS:  5000 
    Simulations:
        nb of simulated datasets used for npde:  1000 
        nb of simulated datasets used for VPC:  100 
    Input/output
        save the results to a file:  FALSE 
        save the graphs to files:  FALSE 
----------------------------------------------------
----                  Results                   ----
----------------------------------------------------
-----------------  Fixed effects  ------------------
----------------------------------------------------
     Parameter        Estimate SE     CV(%) p-value
[1,] E0                98.03    1.146  1.2  -      
[2,] Imax               0.69    0.012  1.8  -      
[3,] ED50             481.72   24.673  5.1  -      
[4,] beta_group(ED50)  -0.41    0.068 16.7  1.1e-09
[5,] gamma              2.04    0.079  3.9  -      
[6,] a.1                5.12    0.180  3.5  -      
----------------------------------------------------
-----------  Variance of random effects  -----------
----------------------------------------------------
     Parameter   Estimate SE     CV(%)
E0   omega2.E0   0.011    0.0019 17   
ED50 omega2.ED50 0.099    0.0164 17   
----------------------------------------------------
------  Correlation matrix of random effects  ------
----------------------------------------------------
            omega2.E0 omega2.ED50
omega2.E0   1         0          
omega2.ED50 0         1          
----------------------------------------------------
---------------  Statistical criteria  -------------
----------------------------------------------------
Likelihood computed by linearisation
      -2LL= 4106.591 
      AIC = 4122.591 
      BIC = 4143.432 

Likelihood computed by importance sampling
      -2LL= 4107.999 
      AIC = 4123.999 
      BIC = 4144.84 
----------------------------------------------------
----------------------------------------------------
-----------------  Fixed effects  ------------------
----------------------------------------------------
         Parameter Estimate     SE CV(%) p-value
1               E0    98.03  1.146  1.17       -
2             Imax     0.69  0.012  1.77       -
3             ED50   481.72 24.673  5.12       -
4 beta_group(ED50)    -0.41  0.068 16.72 2.2e-09
5            gamma     2.04  0.079  3.88       -
6              a.1     5.12  0.180  3.51       -
----------------------------------------------------
-----------  Variance of random effects  -----------
----------------------------------------------------
       Parameter Estimate     SE CV(%)
E0     omega2.E0    0.011 0.0019 16.80
ED50 omega2.ED50    0.099 0.0164 16.60
----------------------------------------------------
------  Correlation matrix of random effects  ------
----------------------------------------------------
            omega2.E0 omega2.ED50
omega2.E0   1.00      0.00       
omega2.ED50 0.00      1.00       
----------------------------------------------------
---------------  Statistical criteria  -------------
----------------------------------------------------
Likelihood computed by linearisation
      -2LL= 4106.591 
      AIC = 4122.591 
      BIC = 4143.432 

Likelihood computed by importance sampling
      -2LL= 4107.999 
      AIC = 4123.999 
      BIC = 4144.84 
----------------------------------------------------
Reading data from file /home/eco/work/saemix/saemixextension/simulationSuite/cont/imaxRichAdd/data/data_pdimax20.tab 
These are the first lines of the dataset as read into R. Please check the format of the data is appropriate, if not, modify the na and/or sep items and retry:
  id dose      eff group
1  1    0 99.83870     0
2  1  200 86.78121     0
3  1  400 70.90656     0
4  1  500 57.58303     0
5  1  700 46.82295     0
6  1 1000 44.92640     0


The following SaemixData object was successfully created:

Object of class SaemixData
    longitudinal data for use with the SAEM algorithm
Dataset /home/eco/work/saemix/saemixextension/simulationSuite/cont/imaxRichAdd/data/data_pdimax20.tab 
    Structured data: eff ~ dose | id 
    Predictor: dose (-) 
    covariates: group (-) 
      reference class for covariate group :  0 
Nonlinear mixed-effects model fit by the SAEM algorithm
-----------------------------------
----          Data             ----
-----------------------------------
Object of class SaemixData
    longitudinal data for use with the SAEM algorithm
Dataset /home/eco/work/saemix/saemixextension/simulationSuite/cont/imaxRichAdd/data/data_pdimax20.tab 
    Structured data: eff ~ dose | id 
    Predictor: dose (-) 
    covariates: group (-) 
      reference class for covariate group :  0 
Dataset characteristics:
    number of subjects:     100 
    number of observations: 600 
    average/min/max nb obs: 6.00  /  6  /  6 
First 10 lines of data:
   id dose       eff group mdv cens occ ytype
1   1    0  99.83870     0   0    0   1     1
2   1  200  86.78121     0   0    0   1     1
3   1  400  70.90656     0   0    0   1     1
4   1  500  57.58303     0   0    0   1     1
5   1  700  46.82295     0   0    0   1     1
6   1 1000  44.92640     0   0    0   1     1
7   2    0 100.83557     0   0    0   1     1
8   2  200  83.98038     0   0    0   1     1
9   2  400  72.29293     0   0    0   1     1
10  2  500  59.51753     0   0    0   1     1
-----------------------------------
----          Model            ----
-----------------------------------
Nonlinear mixed-effects model
  Model function:  PD Imax model
  Model type:  structural
function (psi, id, xidep) 
{
    dose <- xidep[, 1]
    e0 <- psi[id, 1]
    imax <- psi[id, 2]
    ed50 <- psi[id, 3]
    gamma <- psi[id, 4]
    f <- e0 * (1 - imax * (dose^gamma)/((ed50^gamma) + (dose^gamma)))
    return(f)
}
<bytecode: 0x564c33fe6fb0>
  Nb of parameters: 4 
      parameter names:  E0 Imax ED50 gamma 
      distribution:
     Parameter Distribution Estimated
[1,] E0        log-normal   Estimated
[2,] Imax      log-normal   Estimated
[3,] ED50      log-normal   Estimated
[4,] gamma     log-normal   Estimated
  Variance-covariance matrix:
      E0 Imax ED50 gamma
E0     1    0    0     0
Imax   0    0    0     0
ED50   0    0    1     0
gamma  0    0    0     0
  Error model: constant , initial values: a.1=5 
  Covariate model:
      [,1] [,2] [,3] [,4]
group    0    0    1    0
    Initial values
              E0 Imax ED50 gamma
Pop.CondInit 100  0.7  500     2
Cov.CondInit   0  0.0    0     0
-----------------------------------
----    Key algorithm options  ----
-----------------------------------
    Estimation of individual parameters (MAP)
    Estimation of standard errors and linearised log-likelihood
    Estimation of log-likelihood by importance sampling
    Number of iterations:  K1=300, K2=100 
    Number of chains:  1 
    Seed:  7927570 
    Number of MCMC iterations for IS:  5000 
    Simulations:
        nb of simulated datasets used for npde:  1000 
        nb of simulated datasets used for VPC:  100 
    Input/output
        save the results to a file:  FALSE 
        save the graphs to files:  FALSE 
----------------------------------------------------
----                  Results                   ----
----------------------------------------------------
-----------------  Fixed effects  ------------------
----------------------------------------------------
     Parameter        Estimate SE     CV(%) p-value
[1,] E0               100.36    1.064  1.1  -      
[2,] Imax               0.70    0.012  1.7  -      
[3,] ED50             514.49   23.979  4.7  -      
[4,] beta_group(ED50)  -0.52    0.062 11.8  0      
[5,] gamma              2.02    0.074  3.7  -      
[6,] a.1                4.98    0.175  3.5  -      
----------------------------------------------------
-----------  Variance of random effects  -----------
----------------------------------------------------
     Parameter   Estimate SE     CV(%)
E0   omega2.E0   0.0089   0.0015 17   
ED50 omega2.ED50 0.0799   0.0134 17   
----------------------------------------------------
------  Correlation matrix of random effects  ------
----------------------------------------------------
            omega2.E0 omega2.ED50
omega2.E0   1         0          
omega2.ED50 0         1          
----------------------------------------------------
---------------  Statistical criteria  -------------
----------------------------------------------------
Likelihood computed by linearisation
      -2LL= 4052.789 
      AIC = 4068.789 
      BIC = 4089.63 

Likelihood computed by importance sampling
      -2LL= 4058.747 
      AIC = 4074.747 
      BIC = 4095.588 
----------------------------------------------------
----------------------------------------------------
-----------------  Fixed effects  ------------------
----------------------------------------------------
         Parameter Estimate     SE CV(%) p-value
1               E0   100.36  1.064  1.06       -
2             Imax     0.70  0.012  1.70       -
3             ED50   514.49 23.979  4.66       -
4 beta_group(ED50)    -0.52  0.062 11.76    0.00
5            gamma     2.02  0.074  3.68       -
6              a.1     4.98  0.175  3.51       -
----------------------------------------------------
-----------  Variance of random effects  -----------
----------------------------------------------------
       Parameter Estimate     SE CV(%)
E0     omega2.E0   0.0089 0.0015 17.10
ED50 omega2.ED50   0.0799 0.0134 16.82
----------------------------------------------------
------  Correlation matrix of random effects  ------
----------------------------------------------------
            omega2.E0 omega2.ED50
omega2.E0   1.00      0.00       
omega2.ED50 0.00      1.00       
----------------------------------------------------
---------------  Statistical criteria  -------------
----------------------------------------------------
Likelihood computed by linearisation
      -2LL= 4052.789 
      AIC = 4068.789 
      BIC = 4089.63 

Likelihood computed by importance sampling
      -2LL= 4058.747 
      AIC = 4074.747 
      BIC = 4095.588 
----------------------------------------------------
Reading data from file /home/eco/work/saemix/saemixextension/simulationSuite/cont/imaxRichAdd/data/data_pdimax21.tab 
These are the first lines of the dataset as read into R. Please check the format of the data is appropriate, if not, modify the na and/or sep items and retry:
  id dose       eff group
1  1    0 127.41858     0
2  1  200 112.52412     0
3  1  400  81.15865     0
4  1  500  75.36311     0
5  1  700  63.55512     0
6  1 1000  54.29142     0


The following SaemixData object was successfully created:

Object of class SaemixData
    longitudinal data for use with the SAEM algorithm
Dataset /home/eco/work/saemix/saemixextension/simulationSuite/cont/imaxRichAdd/data/data_pdimax21.tab 
    Structured data: eff ~ dose | id 
    Predictor: dose (-) 
    covariates: group (-) 
      reference class for covariate group :  0 
Nonlinear mixed-effects model fit by the SAEM algorithm
-----------------------------------
----          Data             ----
-----------------------------------
Object of class SaemixData
    longitudinal data for use with the SAEM algorithm
Dataset /home/eco/work/saemix/saemixextension/simulationSuite/cont/imaxRichAdd/data/data_pdimax21.tab 
    Structured data: eff ~ dose | id 
    Predictor: dose (-) 
    covariates: group (-) 
      reference class for covariate group :  0 
Dataset characteristics:
    number of subjects:     100 
    number of observations: 600 
    average/min/max nb obs: 6.00  /  6  /  6 
First 10 lines of data:
   id dose       eff group mdv cens occ ytype
1   1    0 127.41858     0   0    0   1     1
2   1  200 112.52412     0   0    0   1     1
3   1  400  81.15865     0   0    0   1     1
4   1  500  75.36311     0   0    0   1     1
5   1  700  63.55512     0   0    0   1     1
6   1 1000  54.29142     0   0    0   1     1
7   2    0  91.76437     0   0    0   1     1
8   2  200  82.25819     0   0    0   1     1
9   2  400  59.88794     0   0    0   1     1
10  2  500  47.87600     0   0    0   1     1
-----------------------------------
----          Model            ----
-----------------------------------
Nonlinear mixed-effects model
  Model function:  PD Imax model
  Model type:  structural
function (psi, id, xidep) 
{
    dose <- xidep[, 1]
    e0 <- psi[id, 1]
    imax <- psi[id, 2]
    ed50 <- psi[id, 3]
    gamma <- psi[id, 4]
    f <- e0 * (1 - imax * (dose^gamma)/((ed50^gamma) + (dose^gamma)))
    return(f)
}
<bytecode: 0x564c33fe6fb0>
  Nb of parameters: 4 
      parameter names:  E0 Imax ED50 gamma 
      distribution:
     Parameter Distribution Estimated
[1,] E0        log-normal   Estimated
[2,] Imax      log-normal   Estimated
[3,] ED50      log-normal   Estimated
[4,] gamma     log-normal   Estimated
  Variance-covariance matrix:
      E0 Imax ED50 gamma
E0     1    0    0     0
Imax   0    0    0     0
ED50   0    0    1     0
gamma  0    0    0     0
  Error model: constant , initial values: a.1=5 
  Covariate model:
      [,1] [,2] [,3] [,4]
group    0    0    1    0
    Initial values
              E0 Imax ED50 gamma
Pop.CondInit 100  0.7  500     2
Cov.CondInit   0  0.0    0     0
-----------------------------------
----    Key algorithm options  ----
-----------------------------------
    Estimation of individual parameters (MAP)
    Estimation of standard errors and linearised log-likelihood
    Estimation of log-likelihood by importance sampling
    Number of iterations:  K1=300, K2=100 
    Number of chains:  1 
    Seed:  7927570 
    Number of MCMC iterations for IS:  5000 
    Simulations:
        nb of simulated datasets used for npde:  1000 
        nb of simulated datasets used for VPC:  100 
    Input/output
        save the results to a file:  FALSE 
        save the graphs to files:  FALSE 
----------------------------------------------------
----                  Results                   ----
----------------------------------------------------
-----------------  Fixed effects  ------------------
----------------------------------------------------
     Parameter        Estimate SE     CV(%) p-value
[1,] E0               100.75    1.108  1.1  -      
[2,] Imax               0.70    0.011  1.6  -      
[3,] ED50             514.45   26.135  5.1  -      
[4,] beta_group(ED50)  -0.48    0.069 14.4  1.6e-12
[5,] gamma              2.13    0.074  3.5  -      
[6,] a.1                4.85    0.171  3.5  -      
----------------------------------------------------
-----------  Variance of random effects  -----------
----------------------------------------------------
     Parameter   Estimate SE     CV(%)
E0   omega2.E0   0.0099   0.0017 17   
ED50 omega2.ED50 0.1053   0.0168 16   
----------------------------------------------------
------  Correlation matrix of random effects  ------
----------------------------------------------------
            omega2.E0 omega2.ED50
omega2.E0   1         0          
omega2.ED50 0         1          
----------------------------------------------------
---------------  Statistical criteria  -------------
----------------------------------------------------
Likelihood computed by linearisation
      -2LL= 4074.573 
      AIC = 4090.573 
      BIC = 4111.414 

Likelihood computed by importance sampling
      -2LL= 4074.845 
      AIC = 4090.845 
      BIC = 4111.687 
----------------------------------------------------
----------------------------------------------------
-----------------  Fixed effects  ------------------
----------------------------------------------------
         Parameter Estimate     SE CV(%) p-value
1               E0   100.75  1.108  1.10       -
2             Imax     0.70  0.011  1.55       -
3             ED50   514.45 26.135  5.08       -
4 beta_group(ED50)    -0.48  0.069 14.35 3.2e-12
5            gamma     2.13  0.074  3.48       -
6              a.1     4.85  0.171  3.53       -
----------------------------------------------------
-----------  Variance of random effects  -----------
----------------------------------------------------
       Parameter Estimate     SE CV(%)
E0     omega2.E0   0.0099 0.0017 16.63
ED50 omega2.ED50   0.1053 0.0168 15.94
----------------------------------------------------
------  Correlation matrix of random effects  ------
----------------------------------------------------
            omega2.E0 omega2.ED50
omega2.E0   1.00      0.00       
omega2.ED50 0.00      1.00       
----------------------------------------------------
---------------  Statistical criteria  -------------
----------------------------------------------------
Likelihood computed by linearisation
      -2LL= 4074.573 
      AIC = 4090.573 
      BIC = 4111.414 

Likelihood computed by importance sampling
      -2LL= 4074.845 
      AIC = 4090.845 
      BIC = 4111.687 
----------------------------------------------------
Reading data from file /home/eco/work/saemix/saemixextension/simulationSuite/cont/imaxRichAdd/data/data_pdimax22.tab 
These are the first lines of the dataset as read into R. Please check the format of the data is appropriate, if not, modify the na and/or sep items and retry:
  id dose      eff group
1  1    0 82.71067     0
2  1  200 71.60217     0
3  1  400 47.96565     0
4  1  500 45.35713     0
5  1  700 46.74846     0
6  1 1000 40.53090     0


The following SaemixData object was successfully created:

Object of class SaemixData
    longitudinal data for use with the SAEM algorithm
Dataset /home/eco/work/saemix/saemixextension/simulationSuite/cont/imaxRichAdd/data/data_pdimax22.tab 
    Structured data: eff ~ dose | id 
    Predictor: dose (-) 
    covariates: group (-) 
      reference class for covariate group :  0 
Nonlinear mixed-effects model fit by the SAEM algorithm
-----------------------------------
----          Data             ----
-----------------------------------
Object of class SaemixData
    longitudinal data for use with the SAEM algorithm
Dataset /home/eco/work/saemix/saemixextension/simulationSuite/cont/imaxRichAdd/data/data_pdimax22.tab 
    Structured data: eff ~ dose | id 
    Predictor: dose (-) 
    covariates: group (-) 
      reference class for covariate group :  0 
Dataset characteristics:
    number of subjects:     100 
    number of observations: 600 
    average/min/max nb obs: 6.00  /  6  /  6 
First 10 lines of data:
   id dose       eff group mdv cens occ ytype
1   1    0  82.71067     0   0    0   1     1
2   1  200  71.60217     0   0    0   1     1
3   1  400  47.96565     0   0    0   1     1
4   1  500  45.35713     0   0    0   1     1
5   1  700  46.74846     0   0    0   1     1
6   1 1000  40.53090     0   0    0   1     1
7   2    0 102.53571     0   0    0   1     1
8   2  200  99.26929     0   0    0   1     1
9   2  400  89.05567     0   0    0   1     1
10  2  500  86.14567     0   0    0   1     1
-----------------------------------
----          Model            ----
-----------------------------------
Nonlinear mixed-effects model
  Model function:  PD Imax model
  Model type:  structural
function (psi, id, xidep) 
{
    dose <- xidep[, 1]
    e0 <- psi[id, 1]
    imax <- psi[id, 2]
    ed50 <- psi[id, 3]
    gamma <- psi[id, 4]
    f <- e0 * (1 - imax * (dose^gamma)/((ed50^gamma) + (dose^gamma)))
    return(f)
}
<bytecode: 0x564c33fe6fb0>
  Nb of parameters: 4 
      parameter names:  E0 Imax ED50 gamma 
      distribution:
     Parameter Distribution Estimated
[1,] E0        log-normal   Estimated
[2,] Imax      log-normal   Estimated
[3,] ED50      log-normal   Estimated
[4,] gamma     log-normal   Estimated
  Variance-covariance matrix:
      E0 Imax ED50 gamma
E0     1    0    0     0
Imax   0    0    0     0
ED50   0    0    1     0
gamma  0    0    0     0
  Error model: constant , initial values: a.1=5 
  Covariate model:
      [,1] [,2] [,3] [,4]
group    0    0    1    0
    Initial values
              E0 Imax ED50 gamma
Pop.CondInit 100  0.7  500     2
Cov.CondInit   0  0.0    0     0
-----------------------------------
----    Key algorithm options  ----
-----------------------------------
    Estimation of individual parameters (MAP)
    Estimation of standard errors and linearised log-likelihood
    Estimation of log-likelihood by importance sampling
    Number of iterations:  K1=300, K2=100 
    Number of chains:  1 
    Seed:  7927570 
    Number of MCMC iterations for IS:  5000 
    Simulations:
        nb of simulated datasets used for npde:  1000 
        nb of simulated datasets used for VPC:  100 
    Input/output
        save the results to a file:  FALSE 
        save the graphs to files:  FALSE 
----------------------------------------------------
----                  Results                   ----
----------------------------------------------------
-----------------  Fixed effects  ------------------
----------------------------------------------------
     Parameter        Estimate SE     CV(%) p-value
[1,] E0               101.89    1.221  1.2  -      
[2,] Imax               0.68    0.010  1.5  -      
[3,] ED50             512.86   25.915  5.1  -      
[4,] beta_group(ED50)  -0.55    0.069 12.5  5.6e-16
[5,] gamma              2.14    0.074  3.5  -      
[6,] a.1                4.87    0.172  3.5  -      
----------------------------------------------------
-----------  Variance of random effects  -----------
----------------------------------------------------
     Parameter   Estimate SE    CV(%)
E0   omega2.E0   0.012    0.002 16   
ED50 omega2.ED50 0.104    0.017 16   
----------------------------------------------------
------  Correlation matrix of random effects  ------
----------------------------------------------------
            omega2.E0 omega2.ED50
omega2.E0   1         0          
omega2.ED50 0         1          
----------------------------------------------------
---------------  Statistical criteria  -------------
----------------------------------------------------
Likelihood computed by linearisation
      -2LL= 4093.131 
      AIC = 4109.131 
      BIC = 4129.972 

Likelihood computed by importance sampling
      -2LL= 4093.939 
      AIC = 4109.939 
      BIC = 4130.781 
----------------------------------------------------
----------------------------------------------------
-----------------  Fixed effects  ------------------
----------------------------------------------------
         Parameter Estimate     SE CV(%) p-value
1               E0   101.89  1.221  1.20       -
2             Imax     0.68  0.010  1.49       -
3             ED50   512.86 25.915  5.05       -
4 beta_group(ED50)    -0.55  0.069 12.48 1.1e-15
5            gamma     2.14  0.074  3.48       -
6              a.1     4.87  0.172  3.53       -
----------------------------------------------------
-----------  Variance of random effects  -----------
----------------------------------------------------
       Parameter Estimate    SE CV(%)
E0     omega2.E0    0.012 0.002 16.16
ED50 omega2.ED50    0.104 0.017 16.12
----------------------------------------------------
------  Correlation matrix of random effects  ------
----------------------------------------------------
            omega2.E0 omega2.ED50
omega2.E0   1.00      0.00       
omega2.ED50 0.00      1.00       
----------------------------------------------------
---------------  Statistical criteria  -------------
----------------------------------------------------
Likelihood computed by linearisation
      -2LL= 4093.131 
      AIC = 4109.131 
      BIC = 4129.972 

Likelihood computed by importance sampling
      -2LL= 4093.939 
      AIC = 4109.939 
      BIC = 4130.781 
----------------------------------------------------
Reading data from file /home/eco/work/saemix/saemixextension/simulationSuite/cont/imaxRichAdd/data/data_pdimax23.tab 
These are the first lines of the dataset as read into R. Please check the format of the data is appropriate, if not, modify the na and/or sep items and retry:
  id dose      eff group
1  1    0 93.63465     0
2  1  200 90.30896     0
3  1  400 84.18725     0
4  1  500 70.31779     0
5  1  700 62.23341     0
6  1 1000 56.59292     0


The following SaemixData object was successfully created:

Object of class SaemixData
    longitudinal data for use with the SAEM algorithm
Dataset /home/eco/work/saemix/saemixextension/simulationSuite/cont/imaxRichAdd/data/data_pdimax23.tab 
    Structured data: eff ~ dose | id 
    Predictor: dose (-) 
    covariates: group (-) 
      reference class for covariate group :  0 
Nonlinear mixed-effects model fit by the SAEM algorithm
-----------------------------------
----          Data             ----
-----------------------------------
Object of class SaemixData
    longitudinal data for use with the SAEM algorithm
Dataset /home/eco/work/saemix/saemixextension/simulationSuite/cont/imaxRichAdd/data/data_pdimax23.tab 
    Structured data: eff ~ dose | id 
    Predictor: dose (-) 
    covariates: group (-) 
      reference class for covariate group :  0 
Dataset characteristics:
    number of subjects:     100 
    number of observations: 600 
    average/min/max nb obs: 6.00  /  6  /  6 
First 10 lines of data:
   id dose      eff group mdv cens occ ytype
1   1    0 93.63465     0   0    0   1     1
2   1  200 90.30896     0   0    0   1     1
3   1  400 84.18725     0   0    0   1     1
4   1  500 70.31779     0   0    0   1     1
5   1  700 62.23341     0   0    0   1     1
6   1 1000 56.59292     0   0    0   1     1
7   2    0 90.63310     0   0    0   1     1
8   2  200 69.44866     0   0    0   1     1
9   2  400 44.78577     0   0    0   1     1
10  2  500 47.38400     0   0    0   1     1
-----------------------------------
----          Model            ----
-----------------------------------
Nonlinear mixed-effects model
  Model function:  PD Imax model
  Model type:  structural
function (psi, id, xidep) 
{
    dose <- xidep[, 1]
    e0 <- psi[id, 1]
    imax <- psi[id, 2]
    ed50 <- psi[id, 3]
    gamma <- psi[id, 4]
    f <- e0 * (1 - imax * (dose^gamma)/((ed50^gamma) + (dose^gamma)))
    return(f)
}
<bytecode: 0x564c33fe6fb0>
  Nb of parameters: 4 
      parameter names:  E0 Imax ED50 gamma 
      distribution:
     Parameter Distribution Estimated
[1,] E0        log-normal   Estimated
[2,] Imax      log-normal   Estimated
[3,] ED50      log-normal   Estimated
[4,] gamma     log-normal   Estimated
  Variance-covariance matrix:
      E0 Imax ED50 gamma
E0     1    0    0     0
Imax   0    0    0     0
ED50   0    0    1     0
gamma  0    0    0     0
  Error model: constant , initial values: a.1=5 
  Covariate model:
      [,1] [,2] [,3] [,4]
group    0    0    1    0
    Initial values
              E0 Imax ED50 gamma
Pop.CondInit 100  0.7  500     2
Cov.CondInit   0  0.0    0     0
-----------------------------------
----    Key algorithm options  ----
-----------------------------------
    Estimation of individual parameters (MAP)
    Estimation of standard errors and linearised log-likelihood
    Estimation of log-likelihood by importance sampling
    Number of iterations:  K1=300, K2=100 
    Number of chains:  1 
    Seed:  7927570 
    Number of MCMC iterations for IS:  5000 
    Simulations:
        nb of simulated datasets used for npde:  1000 
        nb of simulated datasets used for VPC:  100 
    Input/output
        save the results to a file:  FALSE 
        save the graphs to files:  FALSE 
----------------------------------------------------
----                  Results                   ----
----------------------------------------------------
-----------------  Fixed effects  ------------------
----------------------------------------------------
     Parameter        Estimate SE     CV(%) p-value
[1,] E0               100.28    1.019  1.0  -      
[2,] Imax               0.71    0.013  1.8  -      
[3,] ED50             517.22   23.495  4.5  -      
[4,] beta_group(ED50)  -0.53    0.059 11.1  0      
[5,] gamma              1.99    0.077  3.9  -      
[6,] a.1                5.22    0.183  3.5  -      
----------------------------------------------------
-----------  Variance of random effects  -----------
----------------------------------------------------
     Parameter   Estimate SE     CV(%)
E0   omega2.E0   0.0077   0.0014 18   
ED50 omega2.ED50 0.0705   0.0122 17   
----------------------------------------------------
------  Correlation matrix of random effects  ------
----------------------------------------------------
            omega2.E0 omega2.ED50
omega2.E0   1         0          
omega2.ED50 0         1          
----------------------------------------------------
---------------  Statistical criteria  -------------
----------------------------------------------------
Likelihood computed by linearisation
      -2LL= 4074.013 
      AIC = 4090.013 
      BIC = 4110.854 

Likelihood computed by importance sampling
      -2LL= 4074.27 
      AIC = 4090.27 
      BIC = 4111.112 
----------------------------------------------------
----------------------------------------------------
-----------------  Fixed effects  ------------------
----------------------------------------------------
         Parameter Estimate     SE CV(%) p-value
1               E0   100.28  1.019  1.02       -
2             Imax     0.71  0.013  1.81       -
3             ED50   517.22 23.495  4.54       -
4 beta_group(ED50)    -0.53  0.059 11.15    0.00
5            gamma     1.99  0.077  3.86       -
6              a.1     5.22  0.183  3.51       -
----------------------------------------------------
-----------  Variance of random effects  -----------
----------------------------------------------------
       Parameter Estimate     SE CV(%)
E0     omega2.E0   0.0077 0.0014 17.82
ED50 omega2.ED50   0.0705 0.0122 17.31
----------------------------------------------------
------  Correlation matrix of random effects  ------
----------------------------------------------------
            omega2.E0 omega2.ED50
omega2.E0   1.00      0.00       
omega2.ED50 0.00      1.00       
----------------------------------------------------
---------------  Statistical criteria  -------------
----------------------------------------------------
Likelihood computed by linearisation
      -2LL= 4074.013 
      AIC = 4090.013 
      BIC = 4110.854 

Likelihood computed by importance sampling
      -2LL= 4074.27 
      AIC = 4090.27 
      BIC = 4111.112 
----------------------------------------------------
Reading data from file /home/eco/work/saemix/saemixextension/simulationSuite/cont/imaxRichAdd/data/data_pdimax24.tab 
These are the first lines of the dataset as read into R. Please check the format of the data is appropriate, if not, modify the na and/or sep items and retry:
  id dose       eff group
1  1    0 101.50680     0
2  1  200  89.37794     0
3  1  400  74.62121     0
4  1  500  57.34348     0
5  1  700  54.23776     0
6  1 1000  45.31268     0


The following SaemixData object was successfully created:

Object of class SaemixData
    longitudinal data for use with the SAEM algorithm
Dataset /home/eco/work/saemix/saemixextension/simulationSuite/cont/imaxRichAdd/data/data_pdimax24.tab 
    Structured data: eff ~ dose | id 
    Predictor: dose (-) 
    covariates: group (-) 
      reference class for covariate group :  0 
Nonlinear mixed-effects model fit by the SAEM algorithm
-----------------------------------
----          Data             ----
-----------------------------------
Object of class SaemixData
    longitudinal data for use with the SAEM algorithm
Dataset /home/eco/work/saemix/saemixextension/simulationSuite/cont/imaxRichAdd/data/data_pdimax24.tab 
    Structured data: eff ~ dose | id 
    Predictor: dose (-) 
    covariates: group (-) 
      reference class for covariate group :  0 
Dataset characteristics:
    number of subjects:     100 
    number of observations: 600 
    average/min/max nb obs: 6.00  /  6  /  6 
First 10 lines of data:
   id dose       eff group mdv cens occ ytype
1   1    0 101.50680     0   0    0   1     1
2   1  200  89.37794     0   0    0   1     1
3   1  400  74.62121     0   0    0   1     1
4   1  500  57.34348     0   0    0   1     1
5   1  700  54.23776     0   0    0   1     1
6   1 1000  45.31268     0   0    0   1     1
7   2    0  92.86966     0   0    0   1     1
8   2  200  82.18506     0   0    0   1     1
9   2  400  73.69195     0   0    0   1     1
10  2  500  58.89544     0   0    0   1     1
-----------------------------------
----          Model            ----
-----------------------------------
Nonlinear mixed-effects model
  Model function:  PD Imax model
  Model type:  structural
function (psi, id, xidep) 
{
    dose <- xidep[, 1]
    e0 <- psi[id, 1]
    imax <- psi[id, 2]
    ed50 <- psi[id, 3]
    gamma <- psi[id, 4]
    f <- e0 * (1 - imax * (dose^gamma)/((ed50^gamma) + (dose^gamma)))
    return(f)
}
<bytecode: 0x564c33fe6fb0>
  Nb of parameters: 4 
      parameter names:  E0 Imax ED50 gamma 
      distribution:
     Parameter Distribution Estimated
[1,] E0        log-normal   Estimated
[2,] Imax      log-normal   Estimated
[3,] ED50      log-normal   Estimated
[4,] gamma     log-normal   Estimated
  Variance-covariance matrix:
      E0 Imax ED50 gamma
E0     1    0    0     0
Imax   0    0    0     0
ED50   0    0    1     0
gamma  0    0    0     0
  Error model: constant , initial values: a.1=5 
  Covariate model:
      [,1] [,2] [,3] [,4]
group    0    0    1    0
    Initial values
              E0 Imax ED50 gamma
Pop.CondInit 100  0.7  500     2
Cov.CondInit   0  0.0    0     0
-----------------------------------
----    Key algorithm options  ----
-----------------------------------
    Estimation of individual parameters (MAP)
    Estimation of standard errors and linearised log-likelihood
    Estimation of log-likelihood by importance sampling
    Number of iterations:  K1=300, K2=100 
    Number of chains:  1 
    Seed:  7927570 
    Number of MCMC iterations for IS:  5000 
    Simulations:
        nb of simulated datasets used for npde:  1000 
        nb of simulated datasets used for VPC:  100 
    Input/output
        save the results to a file:  FALSE 
        save the graphs to files:  FALSE 
----------------------------------------------------
----                  Results                   ----
----------------------------------------------------
-----------------  Fixed effects  ------------------
----------------------------------------------------
     Parameter        Estimate SE     CV(%) p-value
[1,] E0                97.18    1.002  1.0  -      
[2,] Imax               0.68    0.010  1.5  -      
[3,] ED50             502.00   26.097  5.2  -      
[4,] beta_group(ED50)  -0.54    0.071 13.1  1e-14  
[5,] gamma              2.15    0.080  3.7  -      
[6,] a.1                4.92    0.173  3.5  -      
----------------------------------------------------
-----------  Variance of random effects  -----------
----------------------------------------------------
     Parameter   Estimate SE     CV(%)
E0   omega2.E0   0.0082   0.0014 17   
ED50 omega2.ED50 0.1098   0.0177 16   
----------------------------------------------------
------  Correlation matrix of random effects  ------
----------------------------------------------------
            omega2.E0 omega2.ED50
omega2.E0   1         0          
omega2.ED50 0         1          
----------------------------------------------------
---------------  Statistical criteria  -------------
----------------------------------------------------
Likelihood computed by linearisation
      -2LL= 4056.005 
      AIC = 4072.005 
      BIC = 4092.846 

Likelihood computed by importance sampling
      -2LL= 4056.363 
      AIC = 4072.363 
      BIC = 4093.204 
----------------------------------------------------
----------------------------------------------------
-----------------  Fixed effects  ------------------
----------------------------------------------------
         Parameter Estimate     SE CV(%) p-value
1               E0    97.18  1.002  1.03       -
2             Imax     0.68  0.010  1.55       -
3             ED50   502.00 26.097  5.20       -
4 beta_group(ED50)    -0.54  0.071 13.08   2e-14
5            gamma     2.15  0.080  3.72       -
6              a.1     4.92  0.173  3.52       -
----------------------------------------------------
-----------  Variance of random effects  -----------
----------------------------------------------------
       Parameter Estimate     SE CV(%)
E0     omega2.E0   0.0082 0.0014 17.48
ED50 omega2.ED50   0.1098 0.0177 16.16
----------------------------------------------------
------  Correlation matrix of random effects  ------
----------------------------------------------------
            omega2.E0 omega2.ED50
omega2.E0   1.00      0.00       
omega2.ED50 0.00      1.00       
----------------------------------------------------
---------------  Statistical criteria  -------------
----------------------------------------------------
Likelihood computed by linearisation
      -2LL= 4056.005 
      AIC = 4072.005 
      BIC = 4092.846 

Likelihood computed by importance sampling
      -2LL= 4056.363 
      AIC = 4072.363 
      BIC = 4093.204 
----------------------------------------------------
Reading data from file /home/eco/work/saemix/saemixextension/simulationSuite/cont/imaxRichAdd/data/data_pdimax25.tab 
These are the first lines of the dataset as read into R. Please check the format of the data is appropriate, if not, modify the na and/or sep items and retry:
  id dose      eff group
1  1    0 85.58154     0
2  1  200 71.39118     0
3  1  400 66.49951     0
4  1  500 56.98414     0
5  1  700 47.07633     0
6  1 1000 34.85277     0


The following SaemixData object was successfully created:

Object of class SaemixData
    longitudinal data for use with the SAEM algorithm
Dataset /home/eco/work/saemix/saemixextension/simulationSuite/cont/imaxRichAdd/data/data_pdimax25.tab 
    Structured data: eff ~ dose | id 
    Predictor: dose (-) 
    covariates: group (-) 
      reference class for covariate group :  0 
Nonlinear mixed-effects model fit by the SAEM algorithm
-----------------------------------
----          Data             ----
-----------------------------------
Object of class SaemixData
    longitudinal data for use with the SAEM algorithm
Dataset /home/eco/work/saemix/saemixextension/simulationSuite/cont/imaxRichAdd/data/data_pdimax25.tab 
    Structured data: eff ~ dose | id 
    Predictor: dose (-) 
    covariates: group (-) 
      reference class for covariate group :  0 
Dataset characteristics:
    number of subjects:     100 
    number of observations: 600 
    average/min/max nb obs: 6.00  /  6  /  6 
First 10 lines of data:
   id dose       eff group mdv cens occ ytype
1   1    0  85.58154     0   0    0   1     1
2   1  200  71.39118     0   0    0   1     1
3   1  400  66.49951     0   0    0   1     1
4   1  500  56.98414     0   0    0   1     1
5   1  700  47.07633     0   0    0   1     1
6   1 1000  34.85277     0   0    0   1     1
7   2    0 110.40375     0   0    0   1     1
8   2  200  95.35964     0   0    0   1     1
9   2  400  71.93842     0   0    0   1     1
10  2  500  66.10863     0   0    0   1     1
-----------------------------------
----          Model            ----
-----------------------------------
Nonlinear mixed-effects model
  Model function:  PD Imax model
  Model type:  structural
function (psi, id, xidep) 
{
    dose <- xidep[, 1]
    e0 <- psi[id, 1]
    imax <- psi[id, 2]
    ed50 <- psi[id, 3]
    gamma <- psi[id, 4]
    f <- e0 * (1 - imax * (dose^gamma)/((ed50^gamma) + (dose^gamma)))
    return(f)
}
<bytecode: 0x564c33fe6fb0>
  Nb of parameters: 4 
      parameter names:  E0 Imax ED50 gamma 
      distribution:
     Parameter Distribution Estimated
[1,] E0        log-normal   Estimated
[2,] Imax      log-normal   Estimated
[3,] ED50      log-normal   Estimated
[4,] gamma     log-normal   Estimated
  Variance-covariance matrix:
      E0 Imax ED50 gamma
E0     1    0    0     0
Imax   0    0    0     0
ED50   0    0    1     0
gamma  0    0    0     0
  Error model: constant , initial values: a.1=5 
  Covariate model:
      [,1] [,2] [,3] [,4]
group    0    0    1    0
    Initial values
              E0 Imax ED50 gamma
Pop.CondInit 100  0.7  500     2
Cov.CondInit   0  0.0    0     0
-----------------------------------
----    Key algorithm options  ----
-----------------------------------
    Estimation of individual parameters (MAP)
    Estimation of standard errors and linearised log-likelihood
    Estimation of log-likelihood by importance sampling
    Number of iterations:  K1=300, K2=100 
    Number of chains:  1 
    Seed:  7927570 
    Number of MCMC iterations for IS:  5000 
    Simulations:
        nb of simulated datasets used for npde:  1000 
        nb of simulated datasets used for VPC:  100 
    Input/output
        save the results to a file:  FALSE 
        save the graphs to files:  FALSE 
----------------------------------------------------
----                  Results                   ----
----------------------------------------------------
-----------------  Fixed effects  ------------------
----------------------------------------------------
     Parameter        Estimate SE     CV(%) p-value
[1,] E0               101.67    1.182  1.2  -      
[2,] Imax               0.71    0.012  1.7  -      
[3,] ED50             475.20   22.795  4.8  -      
[4,] beta_group(ED50)  -0.44    0.063 14.5  2.5e-12
[5,] gamma              1.93    0.070  3.6  -      
[6,] a.1                4.89    0.172  3.5  -      
----------------------------------------------------
-----------  Variance of random effects  -----------
----------------------------------------------------
     Parameter   Estimate SE     CV(%)
E0   omega2.E0   0.011    0.0018 16   
ED50 omega2.ED50 0.085    0.0141 17   
----------------------------------------------------
------  Correlation matrix of random effects  ------
----------------------------------------------------
            omega2.E0 omega2.ED50
omega2.E0   1         0          
omega2.ED50 0         1          
----------------------------------------------------
---------------  Statistical criteria  -------------
----------------------------------------------------
Likelihood computed by linearisation
      -2LL= 4062.616 
      AIC = 4078.616 
      BIC = 4099.457 

Likelihood computed by importance sampling
      -2LL= 4063.091 
      AIC = 4079.091 
      BIC = 4099.932 
----------------------------------------------------
----------------------------------------------------
-----------------  Fixed effects  ------------------
----------------------------------------------------
         Parameter Estimate     SE CV(%) p-value
1               E0   101.67  1.182  1.16       -
2             Imax     0.71  0.012  1.69       -
3             ED50   475.20 22.795  4.80       -
4 beta_group(ED50)    -0.44  0.063 14.48 5.1e-12
5            gamma     1.93  0.070  3.61       -
6              a.1     4.89  0.172  3.52       -
----------------------------------------------------
-----------  Variance of random effects  -----------
----------------------------------------------------
       Parameter Estimate     SE CV(%)
E0     omega2.E0    0.011 0.0018 16.42
ED50 omega2.ED50    0.085 0.0141 16.66
----------------------------------------------------
------  Correlation matrix of random effects  ------
----------------------------------------------------
            omega2.E0 omega2.ED50
omega2.E0   1.00      0.00       
omega2.ED50 0.00      1.00       
----------------------------------------------------
---------------  Statistical criteria  -------------
----------------------------------------------------
Likelihood computed by linearisation
      -2LL= 4062.616 
      AIC = 4078.616 
      BIC = 4099.457 

Likelihood computed by importance sampling
      -2LL= 4063.091 
      AIC = 4079.091 
      BIC = 4099.932 
----------------------------------------------------
Reading data from file /home/eco/work/saemix/saemixextension/simulationSuite/cont/imaxRichAdd/data/data_pdimax26.tab 
These are the first lines of the dataset as read into R. Please check the format of the data is appropriate, if not, modify the na and/or sep items and retry:
  id dose      eff group
1  1    0 89.51046     0
2  1  200 92.21579     0
3  1  400 65.74066     0
4  1  500 60.88382     0
5  1  700 55.66619     0
6  1 1000 39.02293     0


The following SaemixData object was successfully created:

Object of class SaemixData
    longitudinal data for use with the SAEM algorithm
Dataset /home/eco/work/saemix/saemixextension/simulationSuite/cont/imaxRichAdd/data/data_pdimax26.tab 
    Structured data: eff ~ dose | id 
    Predictor: dose (-) 
    covariates: group (-) 
      reference class for covariate group :  0 
Nonlinear mixed-effects model fit by the SAEM algorithm
-----------------------------------
----          Data             ----
-----------------------------------
Object of class SaemixData
    longitudinal data for use with the SAEM algorithm
Dataset /home/eco/work/saemix/saemixextension/simulationSuite/cont/imaxRichAdd/data/data_pdimax26.tab 
    Structured data: eff ~ dose | id 
    Predictor: dose (-) 
    covariates: group (-) 
      reference class for covariate group :  0 
Dataset characteristics:
    number of subjects:     100 
    number of observations: 600 
    average/min/max nb obs: 6.00  /  6  /  6 
First 10 lines of data:
   id dose       eff group mdv cens occ ytype
1   1    0  89.51046     0   0    0   1     1
2   1  200  92.21579     0   0    0   1     1
3   1  400  65.74066     0   0    0   1     1
4   1  500  60.88382     0   0    0   1     1
5   1  700  55.66619     0   0    0   1     1
6   1 1000  39.02293     0   0    0   1     1
7   2    0 108.97267     0   0    0   1     1
8   2  200 109.62845     0   0    0   1     1
9   2  400  90.84567     0   0    0   1     1
10  2  500  86.64703     0   0    0   1     1
-----------------------------------
----          Model            ----
-----------------------------------
Nonlinear mixed-effects model
  Model function:  PD Imax model
  Model type:  structural
function (psi, id, xidep) 
{
    dose <- xidep[, 1]
    e0 <- psi[id, 1]
    imax <- psi[id, 2]
    ed50 <- psi[id, 3]
    gamma <- psi[id, 4]
    f <- e0 * (1 - imax * (dose^gamma)/((ed50^gamma) + (dose^gamma)))
    return(f)
}
<bytecode: 0x564c33fe6fb0>
  Nb of parameters: 4 
      parameter names:  E0 Imax ED50 gamma 
      distribution:
     Parameter Distribution Estimated
[1,] E0        log-normal   Estimated
[2,] Imax      log-normal   Estimated
[3,] ED50      log-normal   Estimated
[4,] gamma     log-normal   Estimated
  Variance-covariance matrix:
      E0 Imax ED50 gamma
E0     1    0    0     0
Imax   0    0    0     0
ED50   0    0    1     0
gamma  0    0    0     0
  Error model: constant , initial values: a.1=5 
  Covariate model:
      [,1] [,2] [,3] [,4]
group    0    0    1    0
    Initial values
              E0 Imax ED50 gamma
Pop.CondInit 100  0.7  500     2
Cov.CondInit   0  0.0    0     0
-----------------------------------
----    Key algorithm options  ----
-----------------------------------
    Estimation of individual parameters (MAP)
    Estimation of standard errors and linearised log-likelihood
    Estimation of log-likelihood by importance sampling
    Number of iterations:  K1=300, K2=100 
    Number of chains:  1 
    Seed:  7927570 
    Number of MCMC iterations for IS:  5000 
    Simulations:
        nb of simulated datasets used for npde:  1000 
        nb of simulated datasets used for VPC:  100 
    Input/output
        save the results to a file:  FALSE 
        save the graphs to files:  FALSE 
----------------------------------------------------
----                  Results                   ----
----------------------------------------------------
-----------------  Fixed effects  ------------------
----------------------------------------------------
     Parameter        Estimate SE     CV(%) p-value
[1,] E0               100.88    1.137  1.1  -      
[2,] Imax               0.68    0.011  1.7  -      
[3,] ED50             489.41   22.477  4.6  -      
[4,] beta_group(ED50)  -0.52    0.061 11.7  0      
[5,] gamma              2.03    0.076  3.8  -      
[6,] a.1                5.08    0.179  3.5  -      
----------------------------------------------------
-----------  Variance of random effects  -----------
----------------------------------------------------
     Parameter   Estimate SE     CV(%)
E0   omega2.E0   0.010    0.0017 17   
ED50 omega2.ED50 0.076    0.0131 17   
----------------------------------------------------
------  Correlation matrix of random effects  ------
----------------------------------------------------
            omega2.E0 omega2.ED50
omega2.E0   1         0          
omega2.ED50 0         1          
----------------------------------------------------
---------------  Statistical criteria  -------------
----------------------------------------------------
Likelihood computed by linearisation
      -2LL= 4076.143 
      AIC = 4092.143 
      BIC = 4112.985 

Likelihood computed by importance sampling
      -2LL= 4076.381 
      AIC = 4092.381 
      BIC = 4113.222 
----------------------------------------------------
----------------------------------------------------
-----------------  Fixed effects  ------------------
----------------------------------------------------
         Parameter Estimate     SE CV(%) p-value
1               E0   100.88  1.137  1.13       -
2             Imax     0.68  0.011  1.67       -
3             ED50   489.41 22.477  4.59       -
4 beta_group(ED50)    -0.52  0.061 11.73    0.00
5            gamma     2.03  0.076  3.75       -
6              a.1     5.08  0.179  3.52       -
----------------------------------------------------
-----------  Variance of random effects  -----------
----------------------------------------------------
       Parameter Estimate     SE CV(%)
E0     omega2.E0    0.010 0.0017 16.78
ED50 omega2.ED50    0.076 0.0131 17.23
----------------------------------------------------
------  Correlation matrix of random effects  ------
----------------------------------------------------
            omega2.E0 omega2.ED50
omega2.E0   1.00      0.00       
omega2.ED50 0.00      1.00       
----------------------------------------------------
---------------  Statistical criteria  -------------
----------------------------------------------------
Likelihood computed by linearisation
      -2LL= 4076.143 
      AIC = 4092.143 
      BIC = 4112.985 

Likelihood computed by importance sampling
      -2LL= 4076.381 
      AIC = 4092.381 
      BIC = 4113.222 
----------------------------------------------------
Reading data from file /home/eco/work/saemix/saemixextension/simulationSuite/cont/imaxRichAdd/data/data_pdimax27.tab 
These are the first lines of the dataset as read into R. Please check the format of the data is appropriate, if not, modify the na and/or sep items and retry:
  id dose       eff group
1  1    0 109.28191     0
2  1  200 100.68220     0
3  1  400  86.20878     0
4  1  500  73.85406     0
5  1  700  60.80008     0
6  1 1000  50.16298     0


The following SaemixData object was successfully created:

Object of class SaemixData
    longitudinal data for use with the SAEM algorithm
Dataset /home/eco/work/saemix/saemixextension/simulationSuite/cont/imaxRichAdd/data/data_pdimax27.tab 
    Structured data: eff ~ dose | id 
    Predictor: dose (-) 
    covariates: group (-) 
      reference class for covariate group :  0 
Nonlinear mixed-effects model fit by the SAEM algorithm
-----------------------------------
----          Data             ----
-----------------------------------
Object of class SaemixData
    longitudinal data for use with the SAEM algorithm
Dataset /home/eco/work/saemix/saemixextension/simulationSuite/cont/imaxRichAdd/data/data_pdimax27.tab 
    Structured data: eff ~ dose | id 
    Predictor: dose (-) 
    covariates: group (-) 
      reference class for covariate group :  0 
Dataset characteristics:
    number of subjects:     100 
    number of observations: 600 
    average/min/max nb obs: 6.00  /  6  /  6 
First 10 lines of data:
   id dose       eff group mdv cens occ ytype
1   1    0 109.28191     0   0    0   1     1
2   1  200 100.68220     0   0    0   1     1
3   1  400  86.20878     0   0    0   1     1
4   1  500  73.85406     0   0    0   1     1
5   1  700  60.80008     0   0    0   1     1
6   1 1000  50.16298     0   0    0   1     1
7   2    0  93.71461     0   0    0   1     1
8   2  200  99.62001     0   0    0   1     1
9   2  400  91.47895     0   0    0   1     1
10  2  500  83.71965     0   0    0   1     1
-----------------------------------
----          Model            ----
-----------------------------------
Nonlinear mixed-effects model
  Model function:  PD Imax model
  Model type:  structural
function (psi, id, xidep) 
{
    dose <- xidep[, 1]
    e0 <- psi[id, 1]
    imax <- psi[id, 2]
    ed50 <- psi[id, 3]
    gamma <- psi[id, 4]
    f <- e0 * (1 - imax * (dose^gamma)/((ed50^gamma) + (dose^gamma)))
    return(f)
}
<bytecode: 0x564c33fe6fb0>
  Nb of parameters: 4 
      parameter names:  E0 Imax ED50 gamma 
      distribution:
     Parameter Distribution Estimated
[1,] E0        log-normal   Estimated
[2,] Imax      log-normal   Estimated
[3,] ED50      log-normal   Estimated
[4,] gamma     log-normal   Estimated
  Variance-covariance matrix:
      E0 Imax ED50 gamma
E0     1    0    0     0
Imax   0    0    0     0
ED50   0    0    1     0
gamma  0    0    0     0
  Error model: constant , initial values: a.1=5 
  Covariate model:
      [,1] [,2] [,3] [,4]
group    0    0    1    0
    Initial values
              E0 Imax ED50 gamma
Pop.CondInit 100  0.7  500     2
Cov.CondInit   0  0.0    0     0
-----------------------------------
----    Key algorithm options  ----
-----------------------------------
    Estimation of individual parameters (MAP)
    Estimation of standard errors and linearised log-likelihood
    Estimation of log-likelihood by importance sampling
    Number of iterations:  K1=300, K2=100 
    Number of chains:  1 
    Seed:  7927570 
    Number of MCMC iterations for IS:  5000 
    Simulations:
        nb of simulated datasets used for npde:  1000 
        nb of simulated datasets used for VPC:  100 
    Input/output
        save the results to a file:  FALSE 
        save the graphs to files:  FALSE 
----------------------------------------------------
----                  Results                   ----
----------------------------------------------------
-----------------  Fixed effects  ------------------
----------------------------------------------------
     Parameter        Estimate SE     CV(%) p-value
[1,] E0               100.39    1.014  1.0  -      
[2,] Imax               0.68    0.010  1.5  -      
[3,] ED50             527.16   25.944  4.9  -      
[4,] beta_group(ED50)  -0.59    0.067 11.4  0      
[5,] gamma              2.16    0.076  3.5  -      
[6,] a.1                4.86    0.171  3.5  -      
----------------------------------------------------
-----------  Variance of random effects  -----------
----------------------------------------------------
     Parameter   Estimate SE     CV(%)
E0   omega2.E0   0.008    0.0014 17   
ED50 omega2.ED50 0.098    0.0159 16   
----------------------------------------------------
------  Correlation matrix of random effects  ------
----------------------------------------------------
            omega2.E0 omega2.ED50
omega2.E0   1         0          
omega2.ED50 0         1          
----------------------------------------------------
---------------  Statistical criteria  -------------
----------------------------------------------------
Likelihood computed by linearisation
      -2LL= 4046.892 
      AIC = 4062.892 
      BIC = 4083.733 

Likelihood computed by importance sampling
      -2LL= 4047.307 
      AIC = 4063.307 
      BIC = 4084.148 
----------------------------------------------------
----------------------------------------------------
-----------------  Fixed effects  ------------------
----------------------------------------------------
         Parameter Estimate     SE CV(%) p-value
1               E0   100.39  1.014  1.01       -
2             Imax     0.68  0.010  1.48       -
3             ED50   527.16 25.944  4.92       -
4 beta_group(ED50)    -0.59  0.067 11.39    0.00
5            gamma     2.16  0.076  3.52       -
6              a.1     4.86  0.171  3.52       -
----------------------------------------------------
-----------  Variance of random effects  -----------
----------------------------------------------------
       Parameter Estimate     SE CV(%)
E0     omega2.E0    0.008 0.0014 17.23
ED50 omega2.ED50    0.098 0.0159 16.17
----------------------------------------------------
------  Correlation matrix of random effects  ------
----------------------------------------------------
            omega2.E0 omega2.ED50
omega2.E0   1.00      0.00       
omega2.ED50 0.00      1.00       
----------------------------------------------------
---------------  Statistical criteria  -------------
----------------------------------------------------
Likelihood computed by linearisation
      -2LL= 4046.892 
      AIC = 4062.892 
      BIC = 4083.733 

Likelihood computed by importance sampling
      -2LL= 4047.307 
      AIC = 4063.307 
      BIC = 4084.148 
----------------------------------------------------
Reading data from file /home/eco/work/saemix/saemixextension/simulationSuite/cont/imaxRichAdd/data/data_pdimax28.tab 
These are the first lines of the dataset as read into R. Please check the format of the data is appropriate, if not, modify the na and/or sep items and retry:
  id dose       eff group
1  1    0 119.81154     0
2  1  200  99.92923     0
3  1  400  75.85069     0
4  1  500  74.17117     0
5  1  700  51.27447     0
6  1 1000  46.29339     0


The following SaemixData object was successfully created:

Object of class SaemixData
    longitudinal data for use with the SAEM algorithm
Dataset /home/eco/work/saemix/saemixextension/simulationSuite/cont/imaxRichAdd/data/data_pdimax28.tab 
    Structured data: eff ~ dose | id 
    Predictor: dose (-) 
    covariates: group (-) 
      reference class for covariate group :  0 
Nonlinear mixed-effects model fit by the SAEM algorithm
-----------------------------------
----          Data             ----
-----------------------------------
Object of class SaemixData
    longitudinal data for use with the SAEM algorithm
Dataset /home/eco/work/saemix/saemixextension/simulationSuite/cont/imaxRichAdd/data/data_pdimax28.tab 
    Structured data: eff ~ dose | id 
    Predictor: dose (-) 
    covariates: group (-) 
      reference class for covariate group :  0 
Dataset characteristics:
    number of subjects:     100 
    number of observations: 600 
    average/min/max nb obs: 6.00  /  6  /  6 
First 10 lines of data:
   id dose       eff group mdv cens occ ytype
1   1    0 119.81154     0   0    0   1     1
2   1  200  99.92923     0   0    0   1     1
3   1  400  75.85069     0   0    0   1     1
4   1  500  74.17117     0   0    0   1     1
5   1  700  51.27447     0   0    0   1     1
6   1 1000  46.29339     0   0    0   1     1
7   2    0 101.85941     0   0    0   1     1
8   2  200  92.68435     0   0    0   1     1
9   2  400  67.37603     0   0    0   1     1
10  2  500  71.16866     0   0    0   1     1
-----------------------------------
----          Model            ----
-----------------------------------
Nonlinear mixed-effects model
  Model function:  PD Imax model
  Model type:  structural
function (psi, id, xidep) 
{
    dose <- xidep[, 1]
    e0 <- psi[id, 1]
    imax <- psi[id, 2]
    ed50 <- psi[id, 3]
    gamma <- psi[id, 4]
    f <- e0 * (1 - imax * (dose^gamma)/((ed50^gamma) + (dose^gamma)))
    return(f)
}
<bytecode: 0x564c33fe6fb0>
  Nb of parameters: 4 
      parameter names:  E0 Imax ED50 gamma 
      distribution:
     Parameter Distribution Estimated
[1,] E0        log-normal   Estimated
[2,] Imax      log-normal   Estimated
[3,] ED50      log-normal   Estimated
[4,] gamma     log-normal   Estimated
  Variance-covariance matrix:
      E0 Imax ED50 gamma
E0     1    0    0     0
Imax   0    0    0     0
ED50   0    0    1     0
gamma  0    0    0     0
  Error model: constant , initial values: a.1=5 
  Covariate model:
      [,1] [,2] [,3] [,4]
group    0    0    1    0
    Initial values
              E0 Imax ED50 gamma
Pop.CondInit 100  0.7  500     2
Cov.CondInit   0  0.0    0     0
-----------------------------------
----    Key algorithm options  ----
-----------------------------------
    Estimation of individual parameters (MAP)
    Estimation of standard errors and linearised log-likelihood
    Estimation of log-likelihood by importance sampling
    Number of iterations:  K1=300, K2=100 
    Number of chains:  1 
    Seed:  7927570 
    Number of MCMC iterations for IS:  5000 
    Simulations:
        nb of simulated datasets used for npde:  1000 
        nb of simulated datasets used for VPC:  100 
    Input/output
        save the results to a file:  FALSE 
        save the graphs to files:  FALSE 
----------------------------------------------------
----                  Results                   ----
----------------------------------------------------
-----------------  Fixed effects  ------------------
----------------------------------------------------
     Parameter        Estimate SE     CV(%) p-value
[1,] E0               100.29    1.075  1.1  -      
[2,] Imax               0.70    0.012  1.7  -      
[3,] ED50             492.57   23.809  4.8  -      
[4,] beta_group(ED50)  -0.45    0.064 14.2  1e-12  
[5,] gamma              1.98    0.071  3.6  -      
[6,] a.1                4.77    0.168  3.5  -      
----------------------------------------------------
-----------  Variance of random effects  -----------
----------------------------------------------------
     Parameter   Estimate SE     CV(%)
E0   omega2.E0   0.0093   0.0016 17   
ED50 omega2.ED50 0.0884   0.0145 16   
----------------------------------------------------
------  Correlation matrix of random effects  ------
----------------------------------------------------
            omega2.E0 omega2.ED50
omega2.E0   1         0          
omega2.ED50 0         1          
----------------------------------------------------
---------------  Statistical criteria  -------------
----------------------------------------------------
Likelihood computed by linearisation
      -2LL= 4032.856 
      AIC = 4048.856 
      BIC = 4069.698 

Likelihood computed by importance sampling
      -2LL= 4033.415 
      AIC = 4049.415 
      BIC = 4070.257 
----------------------------------------------------
----------------------------------------------------
-----------------  Fixed effects  ------------------
----------------------------------------------------
         Parameter Estimate     SE CV(%) p-value
1               E0   100.29  1.075  1.07       -
2             Imax     0.70  0.012  1.66       -
3             ED50   492.57 23.809  4.83       -
4 beta_group(ED50)    -0.45  0.064 14.21   2e-12
5            gamma     1.98  0.071  3.56       -
6              a.1     4.77  0.168  3.52       -
----------------------------------------------------
-----------  Variance of random effects  -----------
----------------------------------------------------
       Parameter Estimate     SE CV(%)
E0     omega2.E0   0.0093 0.0016 16.80
ED50 omega2.ED50   0.0884 0.0145 16.39
----------------------------------------------------
------  Correlation matrix of random effects  ------
----------------------------------------------------
            omega2.E0 omega2.ED50
omega2.E0   1.00      0.00       
omega2.ED50 0.00      1.00       
----------------------------------------------------
---------------  Statistical criteria  -------------
----------------------------------------------------
Likelihood computed by linearisation
      -2LL= 4032.856 
      AIC = 4048.856 
      BIC = 4069.698 

Likelihood computed by importance sampling
      -2LL= 4033.415 
      AIC = 4049.415 
      BIC = 4070.257 
----------------------------------------------------
Reading data from file /home/eco/work/saemix/saemixextension/simulationSuite/cont/imaxRichAdd/data/data_pdimax29.tab 
These are the first lines of the dataset as read into R. Please check the format of the data is appropriate, if not, modify the na and/or sep items and retry:
  id dose       eff group
1  1    0 103.82797     0
2  1  200  93.38836     0
3  1  400  75.19553     0
4  1  500  70.65573     0
5  1  700  50.93212     0
6  1 1000  45.69002     0


The following SaemixData object was successfully created:

Object of class SaemixData
    longitudinal data for use with the SAEM algorithm
Dataset /home/eco/work/saemix/saemixextension/simulationSuite/cont/imaxRichAdd/data/data_pdimax29.tab 
    Structured data: eff ~ dose | id 
    Predictor: dose (-) 
    covariates: group (-) 
      reference class for covariate group :  0 
Nonlinear mixed-effects model fit by the SAEM algorithm
-----------------------------------
----          Data             ----
-----------------------------------
Object of class SaemixData
    longitudinal data for use with the SAEM algorithm
Dataset /home/eco/work/saemix/saemixextension/simulationSuite/cont/imaxRichAdd/data/data_pdimax29.tab 
    Structured data: eff ~ dose | id 
    Predictor: dose (-) 
    covariates: group (-) 
      reference class for covariate group :  0 
Dataset characteristics:
    number of subjects:     100 
    number of observations: 600 
    average/min/max nb obs: 6.00  /  6  /  6 
First 10 lines of data:
   id dose       eff group mdv cens occ ytype
1   1    0 103.82797     0   0    0   1     1
2   1  200  93.38836     0   0    0   1     1
3   1  400  75.19553     0   0    0   1     1
4   1  500  70.65573     0   0    0   1     1
5   1  700  50.93212     0   0    0   1     1
6   1 1000  45.69002     0   0    0   1     1
7   2    0  78.70857     0   0    0   1     1
8   2  200  71.32350     0   0    0   1     1
9   2  400  71.70062     0   0    0   1     1
10  2  500  69.01465     0   0    0   1     1
-----------------------------------
----          Model            ----
-----------------------------------
Nonlinear mixed-effects model
  Model function:  PD Imax model
  Model type:  structural
function (psi, id, xidep) 
{
    dose <- xidep[, 1]
    e0 <- psi[id, 1]
    imax <- psi[id, 2]
    ed50 <- psi[id, 3]
    gamma <- psi[id, 4]
    f <- e0 * (1 - imax * (dose^gamma)/((ed50^gamma) + (dose^gamma)))
    return(f)
}
<bytecode: 0x564c33fe6fb0>
  Nb of parameters: 4 
      parameter names:  E0 Imax ED50 gamma 
      distribution:
     Parameter Distribution Estimated
[1,] E0        log-normal   Estimated
[2,] Imax      log-normal   Estimated
[3,] ED50      log-normal   Estimated
[4,] gamma     log-normal   Estimated
  Variance-covariance matrix:
      E0 Imax ED50 gamma
E0     1    0    0     0
Imax   0    0    0     0
ED50   0    0    1     0
gamma  0    0    0     0
  Error model: constant , initial values: a.1=5 
  Covariate model:
      [,1] [,2] [,3] [,4]
group    0    0    1    0
    Initial values
              E0 Imax ED50 gamma
Pop.CondInit 100  0.7  500     2
Cov.CondInit   0  0.0    0     0
-----------------------------------
----    Key algorithm options  ----
-----------------------------------
    Estimation of individual parameters (MAP)
    Estimation of standard errors and linearised log-likelihood
    Estimation of log-likelihood by importance sampling
    Number of iterations:  K1=300, K2=100 
    Number of chains:  1 
    Seed:  7927570 
    Number of MCMC iterations for IS:  5000 
    Simulations:
        nb of simulated datasets used for npde:  1000 
        nb of simulated datasets used for VPC:  100 
    Input/output
        save the results to a file:  FALSE 
        save the graphs to files:  FALSE 
----------------------------------------------------
----                  Results                   ----
----------------------------------------------------
-----------------  Fixed effects  ------------------
----------------------------------------------------
     Parameter        Estimate SE     CV(%) p-value
[1,] E0                98.2     1.008  1.0  -      
[2,] Imax               0.7     0.011  1.5  -      
[3,] ED50             492.5    25.359  5.1  -      
[4,] beta_group(ED50)  -0.5     0.070 13.9  2.9e-13
[5,] gamma              2.0     0.069  3.5  -      
[6,] a.1                4.7     0.165  3.5  -      
----------------------------------------------------
-----------  Variance of random effects  -----------
----------------------------------------------------
     Parameter   Estimate SE     CV(%)
E0   omega2.E0   0.0084   0.0014 17   
ED50 omega2.ED50 0.1071   0.0172 16   
----------------------------------------------------
------  Correlation matrix of random effects  ------
----------------------------------------------------
            omega2.E0 omega2.ED50
omega2.E0   1         0          
omega2.ED50 0         1          
----------------------------------------------------
---------------  Statistical criteria  -------------
----------------------------------------------------
Likelihood computed by linearisation
      -2LL= 4011.321 
      AIC = 4027.321 
      BIC = 4048.163 

Likelihood computed by importance sampling
      -2LL= 4012.652 
      AIC = 4028.652 
      BIC = 4049.493 
----------------------------------------------------
----------------------------------------------------
-----------------  Fixed effects  ------------------
----------------------------------------------------
         Parameter Estimate     SE CV(%) p-value
1               E0    98.20  1.008  1.03       -
2             Imax     0.70  0.011  1.54       -
3             ED50   492.54 25.359  5.15       -
4 beta_group(ED50)    -0.50  0.070 13.88 5.7e-13
5            gamma     2.01  0.069  3.45       -
6              a.1     4.68  0.165  3.53       -
----------------------------------------------------
-----------  Variance of random effects  -----------
----------------------------------------------------
       Parameter Estimate     SE CV(%)
E0     omega2.E0   0.0084 0.0014 17.13
ED50 omega2.ED50   0.1071 0.0172 16.01
----------------------------------------------------
------  Correlation matrix of random effects  ------
----------------------------------------------------
            omega2.E0 omega2.ED50
omega2.E0   1.00      0.00       
omega2.ED50 0.00      1.00       
----------------------------------------------------
---------------  Statistical criteria  -------------
----------------------------------------------------
Likelihood computed by linearisation
      -2LL= 4011.321 
      AIC = 4027.321 
      BIC = 4048.163 

Likelihood computed by importance sampling
      -2LL= 4012.652 
      AIC = 4028.652 
      BIC = 4049.493 
----------------------------------------------------
Reading data from file /home/eco/work/saemix/saemixextension/simulationSuite/cont/imaxRichAdd/data/data_pdimax30.tab 
These are the first lines of the dataset as read into R. Please check the format of the data is appropriate, if not, modify the na and/or sep items and retry:
  id dose       eff group
1  1    0 102.73253     0
2  1  200  94.49491     0
3  1  400  98.92911     0
4  1  500  93.15233     0
5  1  700  77.60005     0
6  1 1000  62.93486     0


The following SaemixData object was successfully created:

Object of class SaemixData
    longitudinal data for use with the SAEM algorithm
Dataset /home/eco/work/saemix/saemixextension/simulationSuite/cont/imaxRichAdd/data/data_pdimax30.tab 
    Structured data: eff ~ dose | id 
    Predictor: dose (-) 
    covariates: group (-) 
      reference class for covariate group :  0 
Nonlinear mixed-effects model fit by the SAEM algorithm
-----------------------------------
----          Data             ----
-----------------------------------
Object of class SaemixData
    longitudinal data for use with the SAEM algorithm
Dataset /home/eco/work/saemix/saemixextension/simulationSuite/cont/imaxRichAdd/data/data_pdimax30.tab 
    Structured data: eff ~ dose | id 
    Predictor: dose (-) 
    covariates: group (-) 
      reference class for covariate group :  0 
Dataset characteristics:
    number of subjects:     100 
    number of observations: 600 
    average/min/max nb obs: 6.00  /  6  /  6 
First 10 lines of data:
   id dose       eff group mdv cens occ ytype
1   1    0 102.73253     0   0    0   1     1
2   1  200  94.49491     0   0    0   1     1
3   1  400  98.92911     0   0    0   1     1
4   1  500  93.15233     0   0    0   1     1
5   1  700  77.60005     0   0    0   1     1
6   1 1000  62.93486     0   0    0   1     1
7   2    0  83.65977     0   0    0   1     1
8   2  200  79.42184     0   0    0   1     1
9   2  400  70.09117     0   0    0   1     1
10  2  500  69.86176     0   0    0   1     1
-----------------------------------
----          Model            ----
-----------------------------------
Nonlinear mixed-effects model
  Model function:  PD Imax model
  Model type:  structural
function (psi, id, xidep) 
{
    dose <- xidep[, 1]
    e0 <- psi[id, 1]
    imax <- psi[id, 2]
    ed50 <- psi[id, 3]
    gamma <- psi[id, 4]
    f <- e0 * (1 - imax * (dose^gamma)/((ed50^gamma) + (dose^gamma)))
    return(f)
}
<bytecode: 0x564c33fe6fb0>
  Nb of parameters: 4 
      parameter names:  E0 Imax ED50 gamma 
      distribution:
     Parameter Distribution Estimated
[1,] E0        log-normal   Estimated
[2,] Imax      log-normal   Estimated
[3,] ED50      log-normal   Estimated
[4,] gamma     log-normal   Estimated
  Variance-covariance matrix:
      E0 Imax ED50 gamma
E0     1    0    0     0
Imax   0    0    0     0
ED50   0    0    1     0
gamma  0    0    0     0
  Error model: constant , initial values: a.1=5 
  Covariate model:
      [,1] [,2] [,3] [,4]
group    0    0    1    0
    Initial values
              E0 Imax ED50 gamma
Pop.CondInit 100  0.7  500     2
Cov.CondInit   0  0.0    0     0
-----------------------------------
----    Key algorithm options  ----
-----------------------------------
    Estimation of individual parameters (MAP)
    Estimation of standard errors and linearised log-likelihood
    Estimation of log-likelihood by importance sampling
    Number of iterations:  K1=300, K2=100 
    Number of chains:  1 
    Seed:  7927570 
    Number of MCMC iterations for IS:  5000 
    Simulations:
        nb of simulated datasets used for npde:  1000 
        nb of simulated datasets used for VPC:  100 
    Input/output
        save the results to a file:  FALSE 
        save the graphs to files:  FALSE 
----------------------------------------------------
----                  Results                   ----
----------------------------------------------------
-----------------  Fixed effects  ------------------
----------------------------------------------------
     Parameter        Estimate SE     CV(%) p-value
[1,] E0               100.42    1.091  1.1  -      
[2,] Imax               0.70    0.011  1.6  -      
[3,] ED50             528.23   26.579  5.0  -      
[4,] beta_group(ED50)  -0.52    0.067 13.1  1e-14  
[5,] gamma              2.00    0.070  3.5  -      
[6,] a.1                4.80    0.169  3.5  -      
----------------------------------------------------
-----------  Variance of random effects  -----------
----------------------------------------------------
     Parameter   Estimate SE     CV(%)
E0   omega2.E0   0.0096   0.0016 17   
ED50 omega2.ED50 0.0993   0.0161 16   
----------------------------------------------------
------  Correlation matrix of random effects  ------
----------------------------------------------------
            omega2.E0 omega2.ED50
omega2.E0   1         0          
omega2.ED50 0         1          
----------------------------------------------------
---------------  Statistical criteria  -------------
----------------------------------------------------
Likelihood computed by linearisation
      -2LL= 4053.439 
      AIC = 4069.439 
      BIC = 4090.28 

Likelihood computed by importance sampling
      -2LL= 4054.236 
      AIC = 4070.236 
      BIC = 4091.077 
----------------------------------------------------
----------------------------------------------------
-----------------  Fixed effects  ------------------
----------------------------------------------------
         Parameter Estimate     SE CV(%) p-value
1               E0   100.42  1.091  1.09       -
2             Imax     0.70  0.011  1.63       -
3             ED50   528.23 26.579  5.03       -
4 beta_group(ED50)    -0.52  0.067 13.07   2e-14
5            gamma     2.00  0.070  3.50       -
6              a.1     4.80  0.169  3.52       -
----------------------------------------------------
-----------  Variance of random effects  -----------
----------------------------------------------------
       Parameter Estimate     SE CV(%)
E0     omega2.E0   0.0096 0.0016 16.69
ED50 omega2.ED50   0.0993 0.0161 16.17
----------------------------------------------------
------  Correlation matrix of random effects  ------
----------------------------------------------------
            omega2.E0 omega2.ED50
omega2.E0   1.00      0.00       
omega2.ED50 0.00      1.00       
----------------------------------------------------
---------------  Statistical criteria  -------------
----------------------------------------------------
Likelihood computed by linearisation
      -2LL= 4053.439 
      AIC = 4069.439 
      BIC = 4090.28 

Likelihood computed by importance sampling
      -2LL= 4054.236 
      AIC = 4070.236 
      BIC = 4091.077 
----------------------------------------------------
Reading data from file /home/eco/work/saemix/saemixextension/simulationSuite/cont/imaxRichAdd/data/data_pdimax31.tab 
These are the first lines of the dataset as read into R. Please check the format of the data is appropriate, if not, modify the na and/or sep items and retry:
  id dose      eff group
1  1    0 88.40806     0
2  1  200 86.56989     0
3  1  400 75.24789     0
4  1  500 68.30028     0
5  1  700 61.60625     0
6  1 1000 53.52755     0


The following SaemixData object was successfully created:

Object of class SaemixData
    longitudinal data for use with the SAEM algorithm
Dataset /home/eco/work/saemix/saemixextension/simulationSuite/cont/imaxRichAdd/data/data_pdimax31.tab 
    Structured data: eff ~ dose | id 
    Predictor: dose (-) 
    covariates: group (-) 
      reference class for covariate group :  0 
Nonlinear mixed-effects model fit by the SAEM algorithm
-----------------------------------
----          Data             ----
-----------------------------------
Object of class SaemixData
    longitudinal data for use with the SAEM algorithm
Dataset /home/eco/work/saemix/saemixextension/simulationSuite/cont/imaxRichAdd/data/data_pdimax31.tab 
    Structured data: eff ~ dose | id 
    Predictor: dose (-) 
    covariates: group (-) 
      reference class for covariate group :  0 
Dataset characteristics:
    number of subjects:     100 
    number of observations: 600 
    average/min/max nb obs: 6.00  /  6  /  6 
First 10 lines of data:
   id dose      eff group mdv cens occ ytype
1   1    0 88.40806     0   0    0   1     1
2   1  200 86.56989     0   0    0   1     1
3   1  400 75.24789     0   0    0   1     1
4   1  500 68.30028     0   0    0   1     1
5   1  700 61.60625     0   0    0   1     1
6   1 1000 53.52755     0   0    0   1     1
7   2    0 88.84751     0   0    0   1     1
8   2  200 89.24080     0   0    0   1     1
9   2  400 69.31826     0   0    0   1     1
10  2  500 65.74916     0   0    0   1     1
-----------------------------------
----          Model            ----
-----------------------------------
Nonlinear mixed-effects model
  Model function:  PD Imax model
  Model type:  structural
function (psi, id, xidep) 
{
    dose <- xidep[, 1]
    e0 <- psi[id, 1]
    imax <- psi[id, 2]
    ed50 <- psi[id, 3]
    gamma <- psi[id, 4]
    f <- e0 * (1 - imax * (dose^gamma)/((ed50^gamma) + (dose^gamma)))
    return(f)
}
<bytecode: 0x564c33fe6fb0>
  Nb of parameters: 4 
      parameter names:  E0 Imax ED50 gamma 
      distribution:
     Parameter Distribution Estimated
[1,] E0        log-normal   Estimated
[2,] Imax      log-normal   Estimated
[3,] ED50      log-normal   Estimated
[4,] gamma     log-normal   Estimated
  Variance-covariance matrix:
      E0 Imax ED50 gamma
E0     1    0    0     0
Imax   0    0    0     0
ED50   0    0    1     0
gamma  0    0    0     0
  Error model: constant , initial values: a.1=5 
  Covariate model:
      [,1] [,2] [,3] [,4]
group    0    0    1    0
    Initial values
              E0 Imax ED50 gamma
Pop.CondInit 100  0.7  500     2
Cov.CondInit   0  0.0    0     0
-----------------------------------
----    Key algorithm options  ----
-----------------------------------
    Estimation of individual parameters (MAP)
    Estimation of standard errors and linearised log-likelihood
    Estimation of log-likelihood by importance sampling
    Number of iterations:  K1=300, K2=100 
    Number of chains:  1 
    Seed:  7927570 
    Number of MCMC iterations for IS:  5000 
    Simulations:
        nb of simulated datasets used for npde:  1000 
        nb of simulated datasets used for VPC:  100 
    Input/output
        save the results to a file:  FALSE 
        save the graphs to files:  FALSE 
----------------------------------------------------
----                  Results                   ----
----------------------------------------------------
-----------------  Fixed effects  ------------------
----------------------------------------------------
     Parameter        Estimate SE     CV(%) p-value
[1,] E0                99.18    1.190  1.2  -      
[2,] Imax               0.70    0.013  1.9  -      
[3,] ED50             515.39   25.010  4.9  -      
[4,] beta_group(ED50)  -0.52    0.063 12.1  1.1e-16
[5,] gamma              1.90    0.074  3.9  -      
[6,] a.1                5.09    0.179  3.5  -      
----------------------------------------------------
-----------  Variance of random effects  -----------
----------------------------------------------------
     Parameter   Estimate SE    CV(%)
E0   omega2.E0   0.012    0.002 17   
ED50 omega2.ED50 0.080    0.014 17   
----------------------------------------------------
------  Correlation matrix of random effects  ------
----------------------------------------------------
            omega2.E0 omega2.ED50
omega2.E0   1         0          
omega2.ED50 0         1          
----------------------------------------------------
---------------  Statistical criteria  -------------
----------------------------------------------------
Likelihood computed by linearisation
      -2LL= 4090.667 
      AIC = 4106.667 
      BIC = 4127.508 

Likelihood computed by importance sampling
      -2LL= 4091.322 
      AIC = 4107.322 
      BIC = 4128.164 
----------------------------------------------------
----------------------------------------------------
-----------------  Fixed effects  ------------------
----------------------------------------------------
         Parameter Estimate     SE CV(%) p-value
1               E0    99.18  1.190  1.20       -
2             Imax     0.70  0.013  1.90       -
3             ED50   515.39 25.010  4.85       -
4 beta_group(ED50)    -0.52  0.063 12.07 2.2e-16
5            gamma     1.90  0.074  3.90       -
6              a.1     5.09  0.179  3.52       -
----------------------------------------------------
-----------  Variance of random effects  -----------
----------------------------------------------------
       Parameter Estimate    SE CV(%)
E0     omega2.E0    0.012 0.002 16.52
ED50 omega2.ED50    0.080 0.014 17.25
----------------------------------------------------
------  Correlation matrix of random effects  ------
----------------------------------------------------
            omega2.E0 omega2.ED50
omega2.E0   1.00      0.00       
omega2.ED50 0.00      1.00       
----------------------------------------------------
---------------  Statistical criteria  -------------
----------------------------------------------------
Likelihood computed by linearisation
      -2LL= 4090.667 
      AIC = 4106.667 
      BIC = 4127.508 

Likelihood computed by importance sampling
      -2LL= 4091.322 
      AIC = 4107.322 
      BIC = 4128.164 
----------------------------------------------------
Reading data from file /home/eco/work/saemix/saemixextension/simulationSuite/cont/imaxRichAdd/data/data_pdimax32.tab 
These are the first lines of the dataset as read into R. Please check the format of the data is appropriate, if not, modify the na and/or sep items and retry:
  id dose       eff group
1  1    0 103.77309     0
2  1  200 114.94472     0
3  1  400  86.50745     0
4  1  500  87.92372     0
5  1  700  66.73721     0
6  1 1000  57.46525     0


The following SaemixData object was successfully created:

Object of class SaemixData
    longitudinal data for use with the SAEM algorithm
Dataset /home/eco/work/saemix/saemixextension/simulationSuite/cont/imaxRichAdd/data/data_pdimax32.tab 
    Structured data: eff ~ dose | id 
    Predictor: dose (-) 
    covariates: group (-) 
      reference class for covariate group :  0 
Nonlinear mixed-effects model fit by the SAEM algorithm
-----------------------------------
----          Data             ----
-----------------------------------
Object of class SaemixData
    longitudinal data for use with the SAEM algorithm
Dataset /home/eco/work/saemix/saemixextension/simulationSuite/cont/imaxRichAdd/data/data_pdimax32.tab 
    Structured data: eff ~ dose | id 
    Predictor: dose (-) 
    covariates: group (-) 
      reference class for covariate group :  0 
Dataset characteristics:
    number of subjects:     100 
    number of observations: 600 
    average/min/max nb obs: 6.00  /  6  /  6 
First 10 lines of data:
   id dose       eff group mdv cens occ ytype
1   1    0 103.77309     0   0    0   1     1
2   1  200 114.94472     0   0    0   1     1
3   1  400  86.50745     0   0    0   1     1
4   1  500  87.92372     0   0    0   1     1
5   1  700  66.73721     0   0    0   1     1
6   1 1000  57.46525     0   0    0   1     1
7   2    0 101.05398     0   0    0   1     1
8   2  200  88.44530     0   0    0   1     1
9   2  400  81.06399     0   0    0   1     1
10  2  500  68.63806     0   0    0   1     1
-----------------------------------
----          Model            ----
-----------------------------------
Nonlinear mixed-effects model
  Model function:  PD Imax model
  Model type:  structural
function (psi, id, xidep) 
{
    dose <- xidep[, 1]
    e0 <- psi[id, 1]
    imax <- psi[id, 2]
    ed50 <- psi[id, 3]
    gamma <- psi[id, 4]
    f <- e0 * (1 - imax * (dose^gamma)/((ed50^gamma) + (dose^gamma)))
    return(f)
}
<bytecode: 0x564c33fe6fb0>
  Nb of parameters: 4 
      parameter names:  E0 Imax ED50 gamma 
      distribution:
     Parameter Distribution Estimated
[1,] E0        log-normal   Estimated
[2,] Imax      log-normal   Estimated
[3,] ED50      log-normal   Estimated
[4,] gamma     log-normal   Estimated
  Variance-covariance matrix:
      E0 Imax ED50 gamma
E0     1    0    0     0
Imax   0    0    0     0
ED50   0    0    1     0
gamma  0    0    0     0
  Error model: constant , initial values: a.1=5 
  Covariate model:
      [,1] [,2] [,3] [,4]
group    0    0    1    0
    Initial values
              E0 Imax ED50 gamma
Pop.CondInit 100  0.7  500     2
Cov.CondInit   0  0.0    0     0
-----------------------------------
----    Key algorithm options  ----
-----------------------------------
    Estimation of individual parameters (MAP)
    Estimation of standard errors and linearised log-likelihood
    Estimation of log-likelihood by importance sampling
    Number of iterations:  K1=300, K2=100 
    Number of chains:  1 
    Seed:  7927570 
    Number of MCMC iterations for IS:  5000 
    Simulations:
        nb of simulated datasets used for npde:  1000 
        nb of simulated datasets used for VPC:  100 
    Input/output
        save the results to a file:  FALSE 
        save the graphs to files:  FALSE 
----------------------------------------------------
----                  Results                   ----
----------------------------------------------------
-----------------  Fixed effects  ------------------
----------------------------------------------------
     Parameter        Estimate SE     CV(%) p-value
[1,] E0                99.04    1.075  1.1  -      
[2,] Imax               0.70    0.011  1.5  -      
[3,] ED50             566.95   28.389  5.0  -      
[4,] beta_group(ED50)  -0.62    0.068 10.9  0      
[5,] gamma              2.15    0.076  3.6  -      
[6,] a.1                4.96    0.175  3.5  -      
----------------------------------------------------
-----------  Variance of random effects  -----------
----------------------------------------------------
     Parameter   Estimate SE     CV(%)
E0   omega2.E0   0.0095   0.0016 17   
ED50 omega2.ED50 0.1016   0.0164 16   
----------------------------------------------------
------  Correlation matrix of random effects  ------
----------------------------------------------------
            omega2.E0 omega2.ED50
omega2.E0   1         0          
omega2.ED50 0         1          
----------------------------------------------------
---------------  Statistical criteria  -------------
----------------------------------------------------
Likelihood computed by linearisation
      -2LL= 4084.099 
      AIC = 4100.099 
      BIC = 4120.941 

Likelihood computed by importance sampling
      -2LL= 4084.546 
      AIC = 4100.546 
      BIC = 4121.387 
----------------------------------------------------
----------------------------------------------------
-----------------  Fixed effects  ------------------
----------------------------------------------------
         Parameter Estimate     SE CV(%) p-value
1               E0    99.04  1.075  1.09       -
2             Imax     0.70  0.011  1.53       -
3             ED50   566.95 28.389  5.01       -
4 beta_group(ED50)    -0.62  0.068 10.94    0.00
5            gamma     2.15  0.076  3.55       -
6              a.1     4.96  0.175  3.52       -
----------------------------------------------------
-----------  Variance of random effects  -----------
----------------------------------------------------
       Parameter Estimate     SE CV(%)
E0     omega2.E0   0.0095 0.0016 16.88
ED50 omega2.ED50   0.1016 0.0164 16.12
----------------------------------------------------
------  Correlation matrix of random effects  ------
----------------------------------------------------
            omega2.E0 omega2.ED50
omega2.E0   1.00      0.00       
omega2.ED50 0.00      1.00       
----------------------------------------------------
---------------  Statistical criteria  -------------
----------------------------------------------------
Likelihood computed by linearisation
      -2LL= 4084.099 
      AIC = 4100.099 
      BIC = 4120.941 

Likelihood computed by importance sampling
      -2LL= 4084.546 
      AIC = 4100.546 
      BIC = 4121.387 
----------------------------------------------------
Reading data from file /home/eco/work/saemix/saemixextension/simulationSuite/cont/imaxRichAdd/data/data_pdimax33.tab 
These are the first lines of the dataset as read into R. Please check the format of the data is appropriate, if not, modify the na and/or sep items and retry:
  id dose      eff group
1  1    0 94.57922     0
2  1  200 87.76858     0
3  1  400 62.81194     0
4  1  500 54.92815     0
5  1  700 42.61805     0
6  1 1000 36.56583     0


The following SaemixData object was successfully created:

Object of class SaemixData
    longitudinal data for use with the SAEM algorithm
Dataset /home/eco/work/saemix/saemixextension/simulationSuite/cont/imaxRichAdd/data/data_pdimax33.tab 
    Structured data: eff ~ dose | id 
    Predictor: dose (-) 
    covariates: group (-) 
      reference class for covariate group :  0 
Nonlinear mixed-effects model fit by the SAEM algorithm
-----------------------------------
----          Data             ----
-----------------------------------
Object of class SaemixData
    longitudinal data for use with the SAEM algorithm
Dataset /home/eco/work/saemix/saemixextension/simulationSuite/cont/imaxRichAdd/data/data_pdimax33.tab 
    Structured data: eff ~ dose | id 
    Predictor: dose (-) 
    covariates: group (-) 
      reference class for covariate group :  0 
Dataset characteristics:
    number of subjects:     100 
    number of observations: 600 
    average/min/max nb obs: 6.00  /  6  /  6 
First 10 lines of data:
   id dose       eff group mdv cens occ ytype
1   1    0  94.57922     0   0    0   1     1
2   1  200  87.76858     0   0    0   1     1
3   1  400  62.81194     0   0    0   1     1
4   1  500  54.92815     0   0    0   1     1
5   1  700  42.61805     0   0    0   1     1
6   1 1000  36.56583     0   0    0   1     1
7   2    0 113.69275     0   0    0   1     1
8   2  200  98.28593     0   0    0   1     1
9   2  400  85.62554     0   0    0   1     1
10  2  500  72.93493     0   0    0   1     1
-----------------------------------
----          Model            ----
-----------------------------------
Nonlinear mixed-effects model
  Model function:  PD Imax model
  Model type:  structural
function (psi, id, xidep) 
{
    dose <- xidep[, 1]
    e0 <- psi[id, 1]
    imax <- psi[id, 2]
    ed50 <- psi[id, 3]
    gamma <- psi[id, 4]
    f <- e0 * (1 - imax * (dose^gamma)/((ed50^gamma) + (dose^gamma)))
    return(f)
}
<bytecode: 0x564c33fe6fb0>
  Nb of parameters: 4 
      parameter names:  E0 Imax ED50 gamma 
      distribution:
     Parameter Distribution Estimated
[1,] E0        log-normal   Estimated
[2,] Imax      log-normal   Estimated
[3,] ED50      log-normal   Estimated
[4,] gamma     log-normal   Estimated
  Variance-covariance matrix:
      E0 Imax ED50 gamma
E0     1    0    0     0
Imax   0    0    0     0
ED50   0    0    1     0
gamma  0    0    0     0
  Error model: constant , initial values: a.1=5 
  Covariate model:
      [,1] [,2] [,3] [,4]
group    0    0    1    0
    Initial values
              E0 Imax ED50 gamma
Pop.CondInit 100  0.7  500     2
Cov.CondInit   0  0.0    0     0
-----------------------------------
----    Key algorithm options  ----
-----------------------------------
    Estimation of individual parameters (MAP)
    Estimation of standard errors and linearised log-likelihood
    Estimation of log-likelihood by importance sampling
    Number of iterations:  K1=300, K2=100 
    Number of chains:  1 
    Seed:  7927570 
    Number of MCMC iterations for IS:  5000 
    Simulations:
        nb of simulated datasets used for npde:  1000 
        nb of simulated datasets used for VPC:  100 
    Input/output
        save the results to a file:  FALSE 
        save the graphs to files:  FALSE 
----------------------------------------------------
----                  Results                   ----
----------------------------------------------------
-----------------  Fixed effects  ------------------
----------------------------------------------------
     Parameter        Estimate SE     CV(%) p-value
[1,] E0               100.23    1.100  1.1  -      
[2,] Imax               0.69    0.012  1.8  -      
[3,] ED50             482.90   23.736  4.9  -      
[4,] beta_group(ED50)  -0.45    0.065 14.4  2.1e-12
[5,] gamma              2.01    0.077  3.8  -      
[6,] a.1                5.16    0.182  3.5  -      
----------------------------------------------------
-----------  Variance of random effects  -----------
----------------------------------------------------
     Parameter   Estimate SE     CV(%)
E0   omega2.E0   0.0095   0.0016 17   
ED50 omega2.ED50 0.0886   0.0149 17   
----------------------------------------------------
------  Correlation matrix of random effects  ------
----------------------------------------------------
            omega2.E0 omega2.ED50
omega2.E0   1         0          
omega2.ED50 0         1          
----------------------------------------------------
---------------  Statistical criteria  -------------
----------------------------------------------------
Likelihood computed by linearisation
      -2LL= 4095.764 
      AIC = 4111.764 
      BIC = 4132.605 

Likelihood computed by importance sampling
      -2LL= 4095.885 
      AIC = 4111.885 
      BIC = 4132.727 
----------------------------------------------------
----------------------------------------------------
-----------------  Fixed effects  ------------------
----------------------------------------------------
         Parameter Estimate     SE CV(%) p-value
1               E0   100.23  1.100  1.10       -
2             Imax     0.69  0.012  1.76       -
3             ED50   482.90 23.736  4.92       -
4 beta_group(ED50)    -0.45  0.065 14.43 4.2e-12
5            gamma     2.01  0.077  3.85       -
6              a.1     5.16  0.182  3.52       -
----------------------------------------------------
-----------  Variance of random effects  -----------
----------------------------------------------------
       Parameter Estimate     SE CV(%)
E0     omega2.E0   0.0095 0.0016 17.15
ED50 omega2.ED50   0.0886 0.0149 16.80
----------------------------------------------------
------  Correlation matrix of random effects  ------
----------------------------------------------------
            omega2.E0 omega2.ED50
omega2.E0   1.00      0.00       
omega2.ED50 0.00      1.00       
----------------------------------------------------
---------------  Statistical criteria  -------------
----------------------------------------------------
Likelihood computed by linearisation
      -2LL= 4095.764 
      AIC = 4111.764 
      BIC = 4132.605 

Likelihood computed by importance sampling
      -2LL= 4095.885 
      AIC = 4111.885 
      BIC = 4132.727 
----------------------------------------------------
Reading data from file /home/eco/work/saemix/saemixextension/simulationSuite/cont/imaxRichAdd/data/data_pdimax34.tab 
These are the first lines of the dataset as read into R. Please check the format of the data is appropriate, if not, modify the na and/or sep items and retry:
  id dose      eff group
1  1    0 77.01405     0
2  1  200 79.79718     0
3  1  400 54.29823     0
4  1  500 46.20097     0
5  1  700 46.26982     0
6  1 1000 38.70266     0


The following SaemixData object was successfully created:

Object of class SaemixData
    longitudinal data for use with the SAEM algorithm
Dataset /home/eco/work/saemix/saemixextension/simulationSuite/cont/imaxRichAdd/data/data_pdimax34.tab 
    Structured data: eff ~ dose | id 
    Predictor: dose (-) 
    covariates: group (-) 
      reference class for covariate group :  0 
Nonlinear mixed-effects model fit by the SAEM algorithm
-----------------------------------
----          Data             ----
-----------------------------------
Object of class SaemixData
    longitudinal data for use with the SAEM algorithm
Dataset /home/eco/work/saemix/saemixextension/simulationSuite/cont/imaxRichAdd/data/data_pdimax34.tab 
    Structured data: eff ~ dose | id 
    Predictor: dose (-) 
    covariates: group (-) 
      reference class for covariate group :  0 
Dataset characteristics:
    number of subjects:     100 
    number of observations: 600 
    average/min/max nb obs: 6.00  /  6  /  6 
First 10 lines of data:
   id dose      eff group mdv cens occ ytype
1   1    0 77.01405     0   0    0   1     1
2   1  200 79.79718     0   0    0   1     1
3   1  400 54.29823     0   0    0   1     1
4   1  500 46.20097     0   0    0   1     1
5   1  700 46.26982     0   0    0   1     1
6   1 1000 38.70266     0   0    0   1     1
7   2    0 98.95949     0   0    0   1     1
8   2  200 90.44044     0   0    0   1     1
9   2  400 73.73853     0   0    0   1     1
10  2  500 76.68854     0   0    0   1     1
-----------------------------------
----          Model            ----
-----------------------------------
Nonlinear mixed-effects model
  Model function:  PD Imax model
  Model type:  structural
function (psi, id, xidep) 
{
    dose <- xidep[, 1]
    e0 <- psi[id, 1]
    imax <- psi[id, 2]
    ed50 <- psi[id, 3]
    gamma <- psi[id, 4]
    f <- e0 * (1 - imax * (dose^gamma)/((ed50^gamma) + (dose^gamma)))
    return(f)
}
<bytecode: 0x564c33fe6fb0>
  Nb of parameters: 4 
      parameter names:  E0 Imax ED50 gamma 
      distribution:
     Parameter Distribution Estimated
[1,] E0        log-normal   Estimated
[2,] Imax      log-normal   Estimated
[3,] ED50      log-normal   Estimated
[4,] gamma     log-normal   Estimated
  Variance-covariance matrix:
      E0 Imax ED50 gamma
E0     1    0    0     0
Imax   0    0    0     0
ED50   0    0    1     0
gamma  0    0    0     0
  Error model: constant , initial values: a.1=5 
  Covariate model:
      [,1] [,2] [,3] [,4]
group    0    0    1    0
    Initial values
              E0 Imax ED50 gamma
Pop.CondInit 100  0.7  500     2
Cov.CondInit   0  0.0    0     0
-----------------------------------
----    Key algorithm options  ----
-----------------------------------
    Estimation of individual parameters (MAP)
    Estimation of standard errors and linearised log-likelihood
    Estimation of log-likelihood by importance sampling
    Number of iterations:  K1=300, K2=100 
    Number of chains:  1 
    Seed:  7927570 
    Number of MCMC iterations for IS:  5000 
    Simulations:
        nb of simulated datasets used for npde:  1000 
        nb of simulated datasets used for VPC:  100 
    Input/output
        save the results to a file:  FALSE 
        save the graphs to files:  FALSE 
----------------------------------------------------
----                  Results                   ----
----------------------------------------------------
-----------------  Fixed effects  ------------------
----------------------------------------------------
     Parameter        Estimate SE     CV(%) p-value
[1,] E0               100.85    1.131  1.1  -      
[2,] Imax               0.69    0.011  1.6  -      
[3,] ED50             486.78   23.899  4.9  -      
[4,] beta_group(ED50)  -0.51    0.066 13.0  7.9e-15
[5,] gamma              2.07    0.078  3.7  -      
[6,] a.1                5.20    0.183  3.5  -      
----------------------------------------------------
-----------  Variance of random effects  -----------
----------------------------------------------------
     Parameter   Estimate SE     CV(%)
E0   omega2.E0   0.010    0.0017 17   
ED50 omega2.ED50 0.092    0.0154 17   
----------------------------------------------------
------  Correlation matrix of random effects  ------
----------------------------------------------------
            omega2.E0 omega2.ED50
omega2.E0   1         0          
omega2.ED50 0         1          
----------------------------------------------------
---------------  Statistical criteria  -------------
----------------------------------------------------
Likelihood computed by linearisation
      -2LL= 4113.733 
      AIC = 4129.733 
      BIC = 4150.574 

Likelihood computed by importance sampling
      -2LL= 4114.474 
      AIC = 4130.474 
      BIC = 4151.315 
----------------------------------------------------
----------------------------------------------------
-----------------  Fixed effects  ------------------
----------------------------------------------------
         Parameter Estimate     SE CV(%) p-value
1               E0   100.85  1.131  1.12       -
2             Imax     0.69  0.011  1.63       -
3             ED50   486.78 23.899  4.91       -
4 beta_group(ED50)    -0.51  0.066 13.02 1.6e-14
5            gamma     2.07  0.078  3.75       -
6              a.1     5.20  0.183  3.51       -
----------------------------------------------------
-----------  Variance of random effects  -----------
----------------------------------------------------
       Parameter Estimate     SE CV(%)
E0     omega2.E0    0.010 0.0017 17.00
ED50 omega2.ED50    0.092 0.0154 16.72
----------------------------------------------------
------  Correlation matrix of random effects  ------
----------------------------------------------------
            omega2.E0 omega2.ED50
omega2.E0   1.00      0.00       
omega2.ED50 0.00      1.00       
----------------------------------------------------
---------------  Statistical criteria  -------------
----------------------------------------------------
Likelihood computed by linearisation
      -2LL= 4113.733 
      AIC = 4129.733 
      BIC = 4150.574 

Likelihood computed by importance sampling
      -2LL= 4114.474 
      AIC = 4130.474 
      BIC = 4151.315 
----------------------------------------------------
Reading data from file /home/eco/work/saemix/saemixextension/simulationSuite/cont/imaxRichAdd/data/data_pdimax35.tab 
These are the first lines of the dataset as read into R. Please check the format of the data is appropriate, if not, modify the na and/or sep items and retry:
  id dose      eff group
1  1    0 95.85500     0
2  1  200 82.92832     0
3  1  400 69.44996     0
4  1  500 74.82764     0
5  1  700 60.11633     0
6  1 1000 49.40350     0


The following SaemixData object was successfully created:

Object of class SaemixData
    longitudinal data for use with the SAEM algorithm
Dataset /home/eco/work/saemix/saemixextension/simulationSuite/cont/imaxRichAdd/data/data_pdimax35.tab 
    Structured data: eff ~ dose | id 
    Predictor: dose (-) 
    covariates: group (-) 
      reference class for covariate group :  0 
Nonlinear mixed-effects model fit by the SAEM algorithm
-----------------------------------
----          Data             ----
-----------------------------------
Object of class SaemixData
    longitudinal data for use with the SAEM algorithm
Dataset /home/eco/work/saemix/saemixextension/simulationSuite/cont/imaxRichAdd/data/data_pdimax35.tab 
    Structured data: eff ~ dose | id 
    Predictor: dose (-) 
    covariates: group (-) 
      reference class for covariate group :  0 
Dataset characteristics:
    number of subjects:     100 
    number of observations: 600 
    average/min/max nb obs: 6.00  /  6  /  6 
First 10 lines of data:
   id dose       eff group mdv cens occ ytype
1   1    0  95.85500     0   0    0   1     1
2   1  200  82.92832     0   0    0   1     1
3   1  400  69.44996     0   0    0   1     1
4   1  500  74.82764     0   0    0   1     1
5   1  700  60.11633     0   0    0   1     1
6   1 1000  49.40350     0   0    0   1     1
7   2    0 120.14813     0   0    0   1     1
8   2  200 107.57540     0   0    0   1     1
9   2  400  95.69922     0   0    0   1     1
10  2  500  83.01716     0   0    0   1     1
-----------------------------------
----          Model            ----
-----------------------------------
Nonlinear mixed-effects model
  Model function:  PD Imax model
  Model type:  structural
function (psi, id, xidep) 
{
    dose <- xidep[, 1]
    e0 <- psi[id, 1]
    imax <- psi[id, 2]
    ed50 <- psi[id, 3]
    gamma <- psi[id, 4]
    f <- e0 * (1 - imax * (dose^gamma)/((ed50^gamma) + (dose^gamma)))
    return(f)
}
<bytecode: 0x564c33fe6fb0>
  Nb of parameters: 4 
      parameter names:  E0 Imax ED50 gamma 
      distribution:
     Parameter Distribution Estimated
[1,] E0        log-normal   Estimated
[2,] Imax      log-normal   Estimated
[3,] ED50      log-normal   Estimated
[4,] gamma     log-normal   Estimated
  Variance-covariance matrix:
      E0 Imax ED50 gamma
E0     1    0    0     0
Imax   0    0    0     0
ED50   0    0    1     0
gamma  0    0    0     0
  Error model: constant , initial values: a.1=5 
  Covariate model:
      [,1] [,2] [,3] [,4]
group    0    0    1    0
    Initial values
              E0 Imax ED50 gamma
Pop.CondInit 100  0.7  500     2
Cov.CondInit   0  0.0    0     0
-----------------------------------
----    Key algorithm options  ----
-----------------------------------
    Estimation of individual parameters (MAP)
    Estimation of standard errors and linearised log-likelihood
    Estimation of log-likelihood by importance sampling
    Number of iterations:  K1=300, K2=100 
    Number of chains:  1 
    Seed:  7927570 
    Number of MCMC iterations for IS:  5000 
    Simulations:
        nb of simulated datasets used for npde:  1000 
        nb of simulated datasets used for VPC:  100 
    Input/output
        save the results to a file:  FALSE 
        save the graphs to files:  FALSE 
----------------------------------------------------
----                  Results                   ----
----------------------------------------------------
-----------------  Fixed effects  ------------------
----------------------------------------------------
     Parameter        Estimate SE     CV(%) p-value
[1,] E0                98.56    1.077  1.1  -      
[2,] Imax               0.70    0.012  1.7  -      
[3,] ED50             451.54   20.742  4.6  -      
[4,] beta_group(ED50)  -0.41    0.060 14.9  1e-11  
[5,] gamma              1.98    0.073  3.7  -      
[6,] a.1                4.84    0.170  3.5  -      
----------------------------------------------------
-----------  Variance of random effects  -----------
----------------------------------------------------
     Parameter   Estimate SE     CV(%)
E0   omega2.E0   0.0096   0.0016 17   
ED50 omega2.ED50 0.0758   0.0129 17   
----------------------------------------------------
------  Correlation matrix of random effects  ------
----------------------------------------------------
            omega2.E0 omega2.ED50
omega2.E0   1         0          
omega2.ED50 0         1          
----------------------------------------------------
---------------  Statistical criteria  -------------
----------------------------------------------------
Likelihood computed by linearisation
      -2LL= 4023.015 
      AIC = 4039.015 
      BIC = 4059.857 

Likelihood computed by importance sampling
      -2LL= 4019.97 
      AIC = 4035.97 
      BIC = 4056.811 
----------------------------------------------------
----------------------------------------------------
-----------------  Fixed effects  ------------------
----------------------------------------------------
         Parameter Estimate     SE CV(%) p-value
1               E0    98.56  1.077  1.09       -
2             Imax     0.70  0.012  1.68       -
3             ED50   451.54 20.742  4.59       -
4 beta_group(ED50)    -0.41  0.060 14.92   2e-11
5            gamma     1.98  0.073  3.67       -
6              a.1     4.84  0.170  3.52       -
----------------------------------------------------
-----------  Variance of random effects  -----------
----------------------------------------------------
       Parameter Estimate     SE CV(%)
E0     omega2.E0   0.0096 0.0016 16.90
ED50 omega2.ED50   0.0758 0.0129 17.06
----------------------------------------------------
------  Correlation matrix of random effects  ------
----------------------------------------------------
            omega2.E0 omega2.ED50
omega2.E0   1.00      0.00       
omega2.ED50 0.00      1.00       
----------------------------------------------------
---------------  Statistical criteria  -------------
----------------------------------------------------
Likelihood computed by linearisation
      -2LL= 4023.015 
      AIC = 4039.015 
      BIC = 4059.857 

Likelihood computed by importance sampling
      -2LL= 4019.97 
      AIC = 4035.97 
      BIC = 4056.811 
----------------------------------------------------
Reading data from file /home/eco/work/saemix/saemixextension/simulationSuite/cont/imaxRichAdd/data/data_pdimax36.tab 
These are the first lines of the dataset as read into R. Please check the format of the data is appropriate, if not, modify the na and/or sep items and retry:
  id dose      eff group
1  1    0 83.98747     0
2  1  200 68.68307     0
3  1  400 51.15471     0
4  1  500 39.92383     0
5  1  700 42.45000     0
6  1 1000 27.01300     0


The following SaemixData object was successfully created:

Object of class SaemixData
    longitudinal data for use with the SAEM algorithm
Dataset /home/eco/work/saemix/saemixextension/simulationSuite/cont/imaxRichAdd/data/data_pdimax36.tab 
    Structured data: eff ~ dose | id 
    Predictor: dose (-) 
    covariates: group (-) 
      reference class for covariate group :  0 
Nonlinear mixed-effects model fit by the SAEM algorithm
-----------------------------------
----          Data             ----
-----------------------------------
Object of class SaemixData
    longitudinal data for use with the SAEM algorithm
Dataset /home/eco/work/saemix/saemixextension/simulationSuite/cont/imaxRichAdd/data/data_pdimax36.tab 
    Structured data: eff ~ dose | id 
    Predictor: dose (-) 
    covariates: group (-) 
      reference class for covariate group :  0 
Dataset characteristics:
    number of subjects:     100 
    number of observations: 600 
    average/min/max nb obs: 6.00  /  6  /  6 
First 10 lines of data:
   id dose      eff group mdv cens occ ytype
1   1    0 83.98747     0   0    0   1     1
2   1  200 68.68307     0   0    0   1     1
3   1  400 51.15471     0   0    0   1     1
4   1  500 39.92383     0   0    0   1     1
5   1  700 42.45000     0   0    0   1     1
6   1 1000 27.01300     0   0    0   1     1
7   2    0 98.45432     0   0    0   1     1
8   2  200 79.52894     0   0    0   1     1
9   2  400 68.57041     0   0    0   1     1
10  2  500 64.46314     0   0    0   1     1
-----------------------------------
----          Model            ----
-----------------------------------
Nonlinear mixed-effects model
  Model function:  PD Imax model
  Model type:  structural
function (psi, id, xidep) 
{
    dose <- xidep[, 1]
    e0 <- psi[id, 1]
    imax <- psi[id, 2]
    ed50 <- psi[id, 3]
    gamma <- psi[id, 4]
    f <- e0 * (1 - imax * (dose^gamma)/((ed50^gamma) + (dose^gamma)))
    return(f)
}
<bytecode: 0x564c33fe6fb0>
  Nb of parameters: 4 
      parameter names:  E0 Imax ED50 gamma 
      distribution:
     Parameter Distribution Estimated
[1,] E0        log-normal   Estimated
[2,] Imax      log-normal   Estimated
[3,] ED50      log-normal   Estimated
[4,] gamma     log-normal   Estimated
  Variance-covariance matrix:
      E0 Imax ED50 gamma
E0     1    0    0     0
Imax   0    0    0     0
ED50   0    0    1     0
gamma  0    0    0     0
  Error model: constant , initial values: a.1=5 
  Covariate model:
      [,1] [,2] [,3] [,4]
group    0    0    1    0
    Initial values
              E0 Imax ED50 gamma
Pop.CondInit 100  0.7  500     2
Cov.CondInit   0  0.0    0     0
-----------------------------------
----    Key algorithm options  ----
-----------------------------------
    Estimation of individual parameters (MAP)
    Estimation of standard errors and linearised log-likelihood
    Estimation of log-likelihood by importance sampling
    Number of iterations:  K1=300, K2=100 
    Number of chains:  1 
    Seed:  7927570 
    Number of MCMC iterations for IS:  5000 
    Simulations:
        nb of simulated datasets used for npde:  1000 
        nb of simulated datasets used for VPC:  100 
    Input/output
        save the results to a file:  FALSE 
        save the graphs to files:  FALSE 
----------------------------------------------------
----                  Results                   ----
----------------------------------------------------
-----------------  Fixed effects  ------------------
----------------------------------------------------
     Parameter        Estimate SE     CV(%) p-value
[1,] E0               100.37    1.130  1.1  -      
[2,] Imax               0.68    0.010  1.5  -      
[3,] ED50             459.21   20.950  4.6  -      
[4,] beta_group(ED50)  -0.54    0.062 11.4  0      
[5,] gamma              2.08    0.076  3.6  -      
[6,] a.1                5.01    0.176  3.5  -      
----------------------------------------------------
-----------  Variance of random effects  -----------
----------------------------------------------------
     Parameter   Estimate SE     CV(%)
E0   omega2.E0   0.010    0.0017 17   
ED50 omega2.ED50 0.079    0.0135 17   
----------------------------------------------------
------  Correlation matrix of random effects  ------
----------------------------------------------------
            omega2.E0 omega2.ED50
omega2.E0   1         0          
omega2.ED50 0         1          
----------------------------------------------------
---------------  Statistical criteria  -------------
----------------------------------------------------
Likelihood computed by linearisation
      -2LL= 4062.594 
      AIC = 4078.594 
      BIC = 4099.435 

Likelihood computed by importance sampling
      -2LL= 4063.107 
      AIC = 4079.107 
      BIC = 4099.949 
----------------------------------------------------
----------------------------------------------------
-----------------  Fixed effects  ------------------
----------------------------------------------------
         Parameter Estimate     SE CV(%) p-value
1               E0   100.37  1.130  1.13       -
2             Imax     0.68  0.010  1.48       -
3             ED50   459.21 20.950  4.56       -
4 beta_group(ED50)    -0.54  0.062 11.44    0.00
5            gamma     2.08  0.076  3.65       -
6              a.1     5.01  0.176  3.51       -
----------------------------------------------------
-----------  Variance of random effects  -----------
----------------------------------------------------
       Parameter Estimate     SE CV(%)
E0     omega2.E0    0.010 0.0017 16.77
ED50 omega2.ED50    0.079 0.0135 17.04
----------------------------------------------------
------  Correlation matrix of random effects  ------
----------------------------------------------------
            omega2.E0 omega2.ED50
omega2.E0   1.00      0.00       
omega2.ED50 0.00      1.00       
----------------------------------------------------
---------------  Statistical criteria  -------------
----------------------------------------------------
Likelihood computed by linearisation
      -2LL= 4062.594 
      AIC = 4078.594 
      BIC = 4099.435 

Likelihood computed by importance sampling
      -2LL= 4063.107 
      AIC = 4079.107 
      BIC = 4099.949 
----------------------------------------------------
Reading data from file /home/eco/work/saemix/saemixextension/simulationSuite/cont/imaxRichAdd/data/data_pdimax37.tab 
These are the first lines of the dataset as read into R. Please check the format of the data is appropriate, if not, modify the na and/or sep items and retry:
  id dose      eff group
1  1    0 98.32291     0
2  1  200 68.83725     0
3  1  400 61.61362     0
4  1  500 54.76766     0
5  1  700 29.49247     0
6  1 1000 34.42183     0


The following SaemixData object was successfully created:

Object of class SaemixData
    longitudinal data for use with the SAEM algorithm
Dataset /home/eco/work/saemix/saemixextension/simulationSuite/cont/imaxRichAdd/data/data_pdimax37.tab 
    Structured data: eff ~ dose | id 
    Predictor: dose (-) 
    covariates: group (-) 
      reference class for covariate group :  0 
Nonlinear mixed-effects model fit by the SAEM algorithm
-----------------------------------
----          Data             ----
-----------------------------------
Object of class SaemixData
    longitudinal data for use with the SAEM algorithm
Dataset /home/eco/work/saemix/saemixextension/simulationSuite/cont/imaxRichAdd/data/data_pdimax37.tab 
    Structured data: eff ~ dose | id 
    Predictor: dose (-) 
    covariates: group (-) 
      reference class for covariate group :  0 
Dataset characteristics:
    number of subjects:     100 
    number of observations: 600 
    average/min/max nb obs: 6.00  /  6  /  6 
First 10 lines of data:
   id dose      eff group mdv cens occ ytype
1   1    0 98.32291     0   0    0   1     1
2   1  200 68.83725     0   0    0   1     1
3   1  400 61.61362     0   0    0   1     1
4   1  500 54.76766     0   0    0   1     1
5   1  700 29.49247     0   0    0   1     1
6   1 1000 34.42183     0   0    0   1     1
7   2    0 91.21961     0   0    0   1     1
8   2  200 81.64224     0   0    0   1     1
9   2  400 51.67274     0   0    0   1     1
10  2  500 45.18512     0   0    0   1     1
-----------------------------------
----          Model            ----
-----------------------------------
Nonlinear mixed-effects model
  Model function:  PD Imax model
  Model type:  structural
function (psi, id, xidep) 
{
    dose <- xidep[, 1]
    e0 <- psi[id, 1]
    imax <- psi[id, 2]
    ed50 <- psi[id, 3]
    gamma <- psi[id, 4]
    f <- e0 * (1 - imax * (dose^gamma)/((ed50^gamma) + (dose^gamma)))
    return(f)
}
<bytecode: 0x564c33fe6fb0>
  Nb of parameters: 4 
      parameter names:  E0 Imax ED50 gamma 
      distribution:
     Parameter Distribution Estimated
[1,] E0        log-normal   Estimated
[2,] Imax      log-normal   Estimated
[3,] ED50      log-normal   Estimated
[4,] gamma     log-normal   Estimated
  Variance-covariance matrix:
      E0 Imax ED50 gamma
E0     1    0    0     0
Imax   0    0    0     0
ED50   0    0    1     0
gamma  0    0    0     0
  Error model: constant , initial values: a.1=5 
  Covariate model:
      [,1] [,2] [,3] [,4]
group    0    0    1    0
    Initial values
              E0 Imax ED50 gamma
Pop.CondInit 100  0.7  500     2
Cov.CondInit   0  0.0    0     0
-----------------------------------
----    Key algorithm options  ----
-----------------------------------
    Estimation of individual parameters (MAP)
    Estimation of standard errors and linearised log-likelihood
    Estimation of log-likelihood by importance sampling
    Number of iterations:  K1=300, K2=100 
    Number of chains:  1 
    Seed:  7927570 
    Number of MCMC iterations for IS:  5000 
    Simulations:
        nb of simulated datasets used for npde:  1000 
        nb of simulated datasets used for VPC:  100 
    Input/output
        save the results to a file:  FALSE 
        save the graphs to files:  FALSE 
----------------------------------------------------
----                  Results                   ----
----------------------------------------------------
-----------------  Fixed effects  ------------------
----------------------------------------------------
     Parameter        Estimate SE     CV(%) p-value
[1,] E0               102.35    1.056  1.0  -      
[2,] Imax               0.70    0.010  1.5  -      
[3,] ED50             509.18   26.322  5.2  -      
[4,] beta_group(ED50)  -0.62    0.070 11.4  0      
[5,] gamma              2.01    0.071  3.5  -      
[6,] a.1                4.91    0.173  3.5  -      
----------------------------------------------------
-----------  Variance of random effects  -----------
----------------------------------------------------
     Parameter   Estimate SE     CV(%)
E0   omega2.E0   0.0085   0.0015 17   
ED50 omega2.ED50 0.1085   0.0174 16   
----------------------------------------------------
------  Correlation matrix of random effects  ------
----------------------------------------------------
            omega2.E0 omega2.ED50
omega2.E0   1         0          
omega2.ED50 0         1          
----------------------------------------------------
---------------  Statistical criteria  -------------
----------------------------------------------------
Likelihood computed by linearisation
      -2LL= 4066.316 
      AIC = 4082.316 
      BIC = 4103.157 

Likelihood computed by importance sampling
      -2LL= 4067.028 
      AIC = 4083.028 
      BIC = 4103.869 
----------------------------------------------------
----------------------------------------------------
-----------------  Fixed effects  ------------------
----------------------------------------------------
         Parameter Estimate     SE CV(%) p-value
1               E0   102.35  1.056  1.03       -
2             Imax     0.70  0.010  1.49       -
3             ED50   509.18 26.322  5.17       -
4 beta_group(ED50)    -0.62  0.070 11.39    0.00
5            gamma     2.01  0.071  3.52       -
6              a.1     4.91  0.173  3.52       -
----------------------------------------------------
-----------  Variance of random effects  -----------
----------------------------------------------------
       Parameter Estimate     SE CV(%)
E0     omega2.E0   0.0085 0.0015 17.17
ED50 omega2.ED50   0.1085 0.0174 16.05
----------------------------------------------------
------  Correlation matrix of random effects  ------
----------------------------------------------------
            omega2.E0 omega2.ED50
omega2.E0   1.00      0.00       
omega2.ED50 0.00      1.00       
----------------------------------------------------
---------------  Statistical criteria  -------------
----------------------------------------------------
Likelihood computed by linearisation
      -2LL= 4066.316 
      AIC = 4082.316 
      BIC = 4103.157 

Likelihood computed by importance sampling
      -2LL= 4067.028 
      AIC = 4083.028 
      BIC = 4103.869 
----------------------------------------------------
Reading data from file /home/eco/work/saemix/saemixextension/simulationSuite/cont/imaxRichAdd/data/data_pdimax38.tab 
These are the first lines of the dataset as read into R. Please check the format of the data is appropriate, if not, modify the na and/or sep items and retry:
  id dose       eff group
1  1    0 110.91039     0
2  1  200  92.55317     0
3  1  400  79.93889     0
4  1  500  70.43515     0
5  1  700  57.32406     0
6  1 1000  45.98137     0


The following SaemixData object was successfully created:

Object of class SaemixData
    longitudinal data for use with the SAEM algorithm
Dataset /home/eco/work/saemix/saemixextension/simulationSuite/cont/imaxRichAdd/data/data_pdimax38.tab 
    Structured data: eff ~ dose | id 
    Predictor: dose (-) 
    covariates: group (-) 
      reference class for covariate group :  0 
Nonlinear mixed-effects model fit by the SAEM algorithm
-----------------------------------
----          Data             ----
-----------------------------------
Object of class SaemixData
    longitudinal data for use with the SAEM algorithm
Dataset /home/eco/work/saemix/saemixextension/simulationSuite/cont/imaxRichAdd/data/data_pdimax38.tab 
    Structured data: eff ~ dose | id 
    Predictor: dose (-) 
    covariates: group (-) 
      reference class for covariate group :  0 
Dataset characteristics:
    number of subjects:     100 
    number of observations: 600 
    average/min/max nb obs: 6.00  /  6  /  6 
First 10 lines of data:
   id dose       eff group mdv cens occ ytype
1   1    0 110.91039     0   0    0   1     1
2   1  200  92.55317     0   0    0   1     1
3   1  400  79.93889     0   0    0   1     1
4   1  500  70.43515     0   0    0   1     1
5   1  700  57.32406     0   0    0   1     1
6   1 1000  45.98137     0   0    0   1     1
7   2    0  93.60651     0   0    0   1     1
8   2  200  92.48538     0   0    0   1     1
9   2  400  67.40668     0   0    0   1     1
10  2  500  59.16255     0   0    0   1     1
-----------------------------------
----          Model            ----
-----------------------------------
Nonlinear mixed-effects model
  Model function:  PD Imax model
  Model type:  structural
function (psi, id, xidep) 
{
    dose <- xidep[, 1]
    e0 <- psi[id, 1]
    imax <- psi[id, 2]
    ed50 <- psi[id, 3]
    gamma <- psi[id, 4]
    f <- e0 * (1 - imax * (dose^gamma)/((ed50^gamma) + (dose^gamma)))
    return(f)
}
<bytecode: 0x564c33fe6fb0>
  Nb of parameters: 4 
      parameter names:  E0 Imax ED50 gamma 
      distribution:
     Parameter Distribution Estimated
[1,] E0        log-normal   Estimated
[2,] Imax      log-normal   Estimated
[3,] ED50      log-normal   Estimated
[4,] gamma     log-normal   Estimated
  Variance-covariance matrix:
      E0 Imax ED50 gamma
E0     1    0    0     0
Imax   0    0    0     0
ED50   0    0    1     0
gamma  0    0    0     0
  Error model: constant , initial values: a.1=5 
  Covariate model:
      [,1] [,2] [,3] [,4]
group    0    0    1    0
    Initial values
              E0 Imax ED50 gamma
Pop.CondInit 100  0.7  500     2
Cov.CondInit   0  0.0    0     0
-----------------------------------
----    Key algorithm options  ----
-----------------------------------
    Estimation of individual parameters (MAP)
    Estimation of standard errors and linearised log-likelihood
    Estimation of log-likelihood by importance sampling
    Number of iterations:  K1=300, K2=100 
    Number of chains:  1 
    Seed:  7927570 
    Number of MCMC iterations for IS:  5000 
    Simulations:
        nb of simulated datasets used for npde:  1000 
        nb of simulated datasets used for VPC:  100 
    Input/output
        save the results to a file:  FALSE 
        save the graphs to files:  FALSE 
----------------------------------------------------
----                  Results                   ----
----------------------------------------------------
-----------------  Fixed effects  ------------------
----------------------------------------------------
     Parameter        Estimate SE     CV(%) p-value
[1,] E0               100.37    1.003  1.0  -      
[2,] Imax               0.68    0.011  1.6  -      
[3,] ED50             494.75   24.569  5.0  -      
[4,] beta_group(ED50)  -0.50    0.067 13.3  3.4e-14
[5,] gamma              2.10    0.079  3.7  -      
[6,] a.1                5.14    0.181  3.5  -      
----------------------------------------------------
-----------  Variance of random effects  -----------
----------------------------------------------------
     Parameter   Estimate SE     CV(%)
E0   omega2.E0   0.0075   0.0013 18   
ED50 omega2.ED50 0.0961   0.0158 16   
----------------------------------------------------
------  Correlation matrix of random effects  ------
----------------------------------------------------
            omega2.E0 omega2.ED50
omega2.E0   1         0          
omega2.ED50 0         1          
----------------------------------------------------
---------------  Statistical criteria  -------------
----------------------------------------------------
Likelihood computed by linearisation
      -2LL= 4084.683 
      AIC = 4100.683 
      BIC = 4121.524 

Likelihood computed by importance sampling
      -2LL= 4086.04 
      AIC = 4102.04 
      BIC = 4122.881 
----------------------------------------------------
----------------------------------------------------
-----------------  Fixed effects  ------------------
----------------------------------------------------
         Parameter Estimate     SE CV(%) p-value
1               E0   100.37  1.003  1.00       -
2             Imax     0.68  0.011  1.63       -
3             ED50   494.75 24.569  4.97       -
4 beta_group(ED50)    -0.50  0.067 13.35 6.8e-14
5            gamma     2.10  0.079  3.74       -
6              a.1     5.14  0.181  3.52       -
----------------------------------------------------
-----------  Variance of random effects  -----------
----------------------------------------------------
       Parameter Estimate     SE CV(%)
E0     omega2.E0   0.0075 0.0013 17.89
ED50 omega2.ED50   0.0961 0.0158 16.48
----------------------------------------------------
------  Correlation matrix of random effects  ------
----------------------------------------------------
            omega2.E0 omega2.ED50
omega2.E0   1.00      0.00       
omega2.ED50 0.00      1.00       
----------------------------------------------------
---------------  Statistical criteria  -------------
----------------------------------------------------
Likelihood computed by linearisation
      -2LL= 4084.683 
      AIC = 4100.683 
      BIC = 4121.524 

Likelihood computed by importance sampling
      -2LL= 4086.04 
      AIC = 4102.04 
      BIC = 4122.881 
----------------------------------------------------
Reading data from file /home/eco/work/saemix/saemixextension/simulationSuite/cont/imaxRichAdd/data/data_pdimax39.tab 
These are the first lines of the dataset as read into R. Please check the format of the data is appropriate, if not, modify the na and/or sep items and retry:
  id dose       eff group
1  1    0  97.38320     0
2  1  200 103.93053     0
3  1  400  83.41236     0
4  1  500  71.30770     0
5  1  700  59.03219     0
6  1 1000  41.00348     0


The following SaemixData object was successfully created:

Object of class SaemixData
    longitudinal data for use with the SAEM algorithm
Dataset /home/eco/work/saemix/saemixextension/simulationSuite/cont/imaxRichAdd/data/data_pdimax39.tab 
    Structured data: eff ~ dose | id 
    Predictor: dose (-) 
    covariates: group (-) 
      reference class for covariate group :  0 
Nonlinear mixed-effects model fit by the SAEM algorithm
-----------------------------------
----          Data             ----
-----------------------------------
Object of class SaemixData
    longitudinal data for use with the SAEM algorithm
Dataset /home/eco/work/saemix/saemixextension/simulationSuite/cont/imaxRichAdd/data/data_pdimax39.tab 
    Structured data: eff ~ dose | id 
    Predictor: dose (-) 
    covariates: group (-) 
      reference class for covariate group :  0 
Dataset characteristics:
    number of subjects:     100 
    number of observations: 600 
    average/min/max nb obs: 6.00  /  6  /  6 
First 10 lines of data:
   id dose       eff group mdv cens occ ytype
1   1    0  97.38320     0   0    0   1     1
2   1  200 103.93053     0   0    0   1     1
3   1  400  83.41236     0   0    0   1     1
4   1  500  71.30770     0   0    0   1     1
5   1  700  59.03219     0   0    0   1     1
6   1 1000  41.00348     0   0    0   1     1
7   2    0  86.34046     0   0    0   1     1
8   2  200  61.89137     0   0    0   1     1
9   2  400  38.49442     0   0    0   1     1
10  2  500  40.49360     0   0    0   1     1
-----------------------------------
----          Model            ----
-----------------------------------
Nonlinear mixed-effects model
  Model function:  PD Imax model
  Model type:  structural
function (psi, id, xidep) 
{
    dose <- xidep[, 1]
    e0 <- psi[id, 1]
    imax <- psi[id, 2]
    ed50 <- psi[id, 3]
    gamma <- psi[id, 4]
    f <- e0 * (1 - imax * (dose^gamma)/((ed50^gamma) + (dose^gamma)))
    return(f)
}
<bytecode: 0x564c33fe6fb0>
  Nb of parameters: 4 
      parameter names:  E0 Imax ED50 gamma 
      distribution:
     Parameter Distribution Estimated
[1,] E0        log-normal   Estimated
[2,] Imax      log-normal   Estimated
[3,] ED50      log-normal   Estimated
[4,] gamma     log-normal   Estimated
  Variance-covariance matrix:
      E0 Imax ED50 gamma
E0     1    0    0     0
Imax   0    0    0     0
ED50   0    0    1     0
gamma  0    0    0     0
  Error model: constant , initial values: a.1=5 
  Covariate model:
      [,1] [,2] [,3] [,4]
group    0    0    1    0
    Initial values
              E0 Imax ED50 gamma
Pop.CondInit 100  0.7  500     2
Cov.CondInit   0  0.0    0     0
-----------------------------------
----    Key algorithm options  ----
-----------------------------------
    Estimation of individual parameters (MAP)
    Estimation of standard errors and linearised log-likelihood
    Estimation of log-likelihood by importance sampling
    Number of iterations:  K1=300, K2=100 
    Number of chains:  1 
    Seed:  7927570 
    Number of MCMC iterations for IS:  5000 
    Simulations:
        nb of simulated datasets used for npde:  1000 
        nb of simulated datasets used for VPC:  100 
    Input/output
        save the results to a file:  FALSE 
        save the graphs to files:  FALSE 
----------------------------------------------------
----                  Results                   ----
----------------------------------------------------
-----------------  Fixed effects  ------------------
----------------------------------------------------
     Parameter        Estimate SE     CV(%) p-value
[1,] E0                98.98    1.132  1.1  -      
[2,] Imax               0.68    0.010  1.5  -      
[3,] ED50             490.26   21.800  4.4  -      
[4,] beta_group(ED50)  -0.58    0.060 10.4  0      
[5,] gamma              2.05    0.073  3.5  -      
[6,] a.1                4.73    0.166  3.5  -      
----------------------------------------------------
-----------  Variance of random effects  -----------
----------------------------------------------------
     Parameter   Estimate SE     CV(%)
E0   omega2.E0   0.011    0.0018 16   
ED50 omega2.ED50 0.074    0.0126 17   
----------------------------------------------------
------  Correlation matrix of random effects  ------
----------------------------------------------------
            omega2.E0 omega2.ED50
omega2.E0   1         0          
omega2.ED50 0         1          
----------------------------------------------------
---------------  Statistical criteria  -------------
----------------------------------------------------
Likelihood computed by linearisation
      -2LL= 4012.801 
      AIC = 4028.801 
      BIC = 4049.643 

Likelihood computed by importance sampling
      -2LL= 4012.551 
      AIC = 4028.551 
      BIC = 4049.392 
----------------------------------------------------
----------------------------------------------------
-----------------  Fixed effects  ------------------
----------------------------------------------------
         Parameter Estimate     SE CV(%) p-value
1               E0    98.98  1.132  1.14       -
2             Imax     0.68  0.010  1.51       -
3             ED50   490.26 21.800  4.45       -
4 beta_group(ED50)    -0.58  0.060 10.36    0.00
5            gamma     2.05  0.073  3.54       -
6              a.1     4.73  0.166  3.52       -
----------------------------------------------------
-----------  Variance of random effects  -----------
----------------------------------------------------
       Parameter Estimate     SE CV(%)
E0     omega2.E0    0.011 0.0018 16.40
ED50 omega2.ED50    0.074 0.0126 17.07
----------------------------------------------------
------  Correlation matrix of random effects  ------
----------------------------------------------------
            omega2.E0 omega2.ED50
omega2.E0   1.00      0.00       
omega2.ED50 0.00      1.00       
----------------------------------------------------
---------------  Statistical criteria  -------------
----------------------------------------------------
Likelihood computed by linearisation
      -2LL= 4012.801 
      AIC = 4028.801 
      BIC = 4049.643 

Likelihood computed by importance sampling
      -2LL= 4012.551 
      AIC = 4028.551 
      BIC = 4049.392 
----------------------------------------------------
Reading data from file /home/eco/work/saemix/saemixextension/simulationSuite/cont/imaxRichAdd/data/data_pdimax40.tab 
These are the first lines of the dataset as read into R. Please check the format of the data is appropriate, if not, modify the na and/or sep items and retry:
  id dose      eff group
1  1    0 89.86472     0
2  1  200 61.36316     0
3  1  400 40.90202     0
4  1  500 43.79835     0
5  1  700 40.27422     0
6  1 1000 30.86434     0


The following SaemixData object was successfully created:

Object of class SaemixData
    longitudinal data for use with the SAEM algorithm
Dataset /home/eco/work/saemix/saemixextension/simulationSuite/cont/imaxRichAdd/data/data_pdimax40.tab 
    Structured data: eff ~ dose | id 
    Predictor: dose (-) 
    covariates: group (-) 
      reference class for covariate group :  0 
Nonlinear mixed-effects model fit by the SAEM algorithm
-----------------------------------
----          Data             ----
-----------------------------------
Object of class SaemixData
    longitudinal data for use with the SAEM algorithm
Dataset /home/eco/work/saemix/saemixextension/simulationSuite/cont/imaxRichAdd/data/data_pdimax40.tab 
    Structured data: eff ~ dose | id 
    Predictor: dose (-) 
    covariates: group (-) 
      reference class for covariate group :  0 
Dataset characteristics:
    number of subjects:     100 
    number of observations: 600 
    average/min/max nb obs: 6.00  /  6  /  6 
First 10 lines of data:
   id dose       eff group mdv cens occ ytype
1   1    0  89.86472     0   0    0   1     1
2   1  200  61.36316     0   0    0   1     1
3   1  400  40.90202     0   0    0   1     1
4   1  500  43.79835     0   0    0   1     1
5   1  700  40.27422     0   0    0   1     1
6   1 1000  30.86434     0   0    0   1     1
7   2    0 100.33984     0   0    0   1     1
8   2  200  97.11789     0   0    0   1     1
9   2  400  82.22537     0   0    0   1     1
10  2  500  74.05043     0   0    0   1     1
-----------------------------------
----          Model            ----
-----------------------------------
Nonlinear mixed-effects model
  Model function:  PD Imax model
  Model type:  structural
function (psi, id, xidep) 
{
    dose <- xidep[, 1]
    e0 <- psi[id, 1]
    imax <- psi[id, 2]
    ed50 <- psi[id, 3]
    gamma <- psi[id, 4]
    f <- e0 * (1 - imax * (dose^gamma)/((ed50^gamma) + (dose^gamma)))
    return(f)
}
<bytecode: 0x564c33fe6fb0>
  Nb of parameters: 4 
      parameter names:  E0 Imax ED50 gamma 
      distribution:
     Parameter Distribution Estimated
[1,] E0        log-normal   Estimated
[2,] Imax      log-normal   Estimated
[3,] ED50      log-normal   Estimated
[4,] gamma     log-normal   Estimated
  Variance-covariance matrix:
      E0 Imax ED50 gamma
E0     1    0    0     0
Imax   0    0    0     0
ED50   0    0    1     0
gamma  0    0    0     0
  Error model: constant , initial values: a.1=5 
  Covariate model:
      [,1] [,2] [,3] [,4]
group    0    0    1    0
    Initial values
              E0 Imax ED50 gamma
Pop.CondInit 100  0.7  500     2
Cov.CondInit   0  0.0    0     0
-----------------------------------
----    Key algorithm options  ----
-----------------------------------
    Estimation of individual parameters (MAP)
    Estimation of standard errors and linearised log-likelihood
    Estimation of log-likelihood by importance sampling
    Number of iterations:  K1=300, K2=100 
    Number of chains:  1 
    Seed:  7927570 
    Number of MCMC iterations for IS:  5000 
    Simulations:
        nb of simulated datasets used for npde:  1000 
        nb of simulated datasets used for VPC:  100 
    Input/output
        save the results to a file:  FALSE 
        save the graphs to files:  FALSE 
----------------------------------------------------
----                  Results                   ----
----------------------------------------------------
-----------------  Fixed effects  ------------------
----------------------------------------------------
     Parameter        Estimate SE      CV(%) p-value
[1,] E0                99.65    1.0610  1.1  -      
[2,] Imax               0.66    0.0094  1.4  -      
[3,] ED50             438.83   21.4360  4.9  -      
[4,] beta_group(ED50)  -0.45    0.0669 15.0  1.4e-11
[5,] gamma              2.20    0.0785  3.6  -      
[6,] a.1                4.82    0.1699  3.5  -      
----------------------------------------------------
-----------  Variance of random effects  -----------
----------------------------------------------------
     Parameter   Estimate SE     CV(%)
E0   omega2.E0   0.0091   0.0015 17   
ED50 omega2.ED50 0.0966   0.0158 16   
----------------------------------------------------
------  Correlation matrix of random effects  ------
----------------------------------------------------
            omega2.E0 omega2.ED50
omega2.E0   1         0          
omega2.ED50 0         1          
----------------------------------------------------
---------------  Statistical criteria  -------------
----------------------------------------------------
Likelihood computed by linearisation
      -2LL= 4038.145 
      AIC = 4054.145 
      BIC = 4074.987 

Likelihood computed by importance sampling
      -2LL= 4037.988 
      AIC = 4053.988 
      BIC = 4074.83 
----------------------------------------------------
----------------------------------------------------
-----------------  Fixed effects  ------------------
----------------------------------------------------
         Parameter Estimate      SE CV(%) p-value
1               E0    99.65  1.0610  1.06       -
2             Imax     0.66  0.0094  1.42       -
3             ED50   438.83 21.4360  4.88       -
4 beta_group(ED50)    -0.45  0.0669 15.03 2.9e-11
5            gamma     2.20  0.0785  3.57       -
6              a.1     4.82  0.1699  3.52       -
----------------------------------------------------
-----------  Variance of random effects  -----------
----------------------------------------------------
       Parameter Estimate     SE CV(%)
E0     omega2.E0   0.0091 0.0015 16.97
ED50 omega2.ED50   0.0966 0.0158 16.39
----------------------------------------------------
------  Correlation matrix of random effects  ------
----------------------------------------------------
            omega2.E0 omega2.ED50
omega2.E0   1.00      0.00       
omega2.ED50 0.00      1.00       
----------------------------------------------------
---------------  Statistical criteria  -------------
----------------------------------------------------
Likelihood computed by linearisation
      -2LL= 4038.145 
      AIC = 4054.145 
      BIC = 4074.987 

Likelihood computed by importance sampling
      -2LL= 4037.988 
      AIC = 4053.988 
      BIC = 4074.83 
----------------------------------------------------
Reading data from file /home/eco/work/saemix/saemixextension/simulationSuite/cont/imaxRichAdd/data/data_pdimax41.tab 
These are the first lines of the dataset as read into R. Please check the format of the data is appropriate, if not, modify the na and/or sep items and retry:
  id dose       eff group
1  1    0 106.34489     0
2  1  200  83.66707     0
3  1  400  66.52815     0
4  1  500  59.65223     0
5  1  700  42.90752     0
6  1 1000  45.99782     0


The following SaemixData object was successfully created:

Object of class SaemixData
    longitudinal data for use with the SAEM algorithm
Dataset /home/eco/work/saemix/saemixextension/simulationSuite/cont/imaxRichAdd/data/data_pdimax41.tab 
    Structured data: eff ~ dose | id 
    Predictor: dose (-) 
    covariates: group (-) 
      reference class for covariate group :  0 
Nonlinear mixed-effects model fit by the SAEM algorithm
-----------------------------------
----          Data             ----
-----------------------------------
Object of class SaemixData
    longitudinal data for use with the SAEM algorithm
Dataset /home/eco/work/saemix/saemixextension/simulationSuite/cont/imaxRichAdd/data/data_pdimax41.tab 
    Structured data: eff ~ dose | id 
    Predictor: dose (-) 
    covariates: group (-) 
      reference class for covariate group :  0 
Dataset characteristics:
    number of subjects:     100 
    number of observations: 600 
    average/min/max nb obs: 6.00  /  6  /  6 
First 10 lines of data:
   id dose       eff group mdv cens occ ytype
1   1    0 106.34489     0   0    0   1     1
2   1  200  83.66707     0   0    0   1     1
3   1  400  66.52815     0   0    0   1     1
4   1  500  59.65223     0   0    0   1     1
5   1  700  42.90752     0   0    0   1     1
6   1 1000  45.99782     0   0    0   1     1
7   2    0 112.35653     0   0    0   1     1
8   2  200 108.84867     0   0    0   1     1
9   2  400  88.54193     0   0    0   1     1
10  2  500  80.76137     0   0    0   1     1
-----------------------------------
----          Model            ----
-----------------------------------
Nonlinear mixed-effects model
  Model function:  PD Imax model
  Model type:  structural
function (psi, id, xidep) 
{
    dose <- xidep[, 1]
    e0 <- psi[id, 1]
    imax <- psi[id, 2]
    ed50 <- psi[id, 3]
    gamma <- psi[id, 4]
    f <- e0 * (1 - imax * (dose^gamma)/((ed50^gamma) + (dose^gamma)))
    return(f)
}
<bytecode: 0x564c33fe6fb0>
  Nb of parameters: 4 
      parameter names:  E0 Imax ED50 gamma 
      distribution:
     Parameter Distribution Estimated
[1,] E0        log-normal   Estimated
[2,] Imax      log-normal   Estimated
[3,] ED50      log-normal   Estimated
[4,] gamma     log-normal   Estimated
  Variance-covariance matrix:
      E0 Imax ED50 gamma
E0     1    0    0     0
Imax   0    0    0     0
ED50   0    0    1     0
gamma  0    0    0     0
  Error model: constant , initial values: a.1=5 
  Covariate model:
      [,1] [,2] [,3] [,4]
group    0    0    1    0
    Initial values
              E0 Imax ED50 gamma
Pop.CondInit 100  0.7  500     2
Cov.CondInit   0  0.0    0     0
-----------------------------------
----    Key algorithm options  ----
-----------------------------------
    Estimation of individual parameters (MAP)
    Estimation of standard errors and linearised log-likelihood
    Estimation of log-likelihood by importance sampling
    Number of iterations:  K1=300, K2=100 
    Number of chains:  1 
    Seed:  7927570 
    Number of MCMC iterations for IS:  5000 
    Simulations:
        nb of simulated datasets used for npde:  1000 
        nb of simulated datasets used for VPC:  100 
    Input/output
        save the results to a file:  FALSE 
        save the graphs to files:  FALSE 
----------------------------------------------------
----                  Results                   ----
----------------------------------------------------
-----------------  Fixed effects  ------------------
----------------------------------------------------
     Parameter        Estimate SE     CV(%) p-value
[1,] E0                99.84    1.040  1.0  -      
[2,] Imax               0.70    0.012  1.8  -      
[3,] ED50             500.16   26.052  5.2  -      
[4,] beta_group(ED50)  -0.42    0.069 16.3  4.1e-10
[5,] gamma              1.97    0.073  3.7  -      
[6,] a.1                4.97    0.175  3.5  -      
----------------------------------------------------
-----------  Variance of random effects  -----------
----------------------------------------------------
     Parameter   Estimate SE     CV(%)
E0   omega2.E0   0.0085   0.0015 17   
ED50 omega2.ED50 0.1042   0.0169 16   
----------------------------------------------------
------  Correlation matrix of random effects  ------
----------------------------------------------------
            omega2.E0 omega2.ED50
omega2.E0   1         0          
omega2.ED50 0         1          
----------------------------------------------------
---------------  Statistical criteria  -------------
----------------------------------------------------
Likelihood computed by linearisation
      -2LL= 4069.717 
      AIC = 4085.717 
      BIC = 4106.559 

Likelihood computed by importance sampling
      -2LL= 4069.686 
      AIC = 4085.686 
      BIC = 4106.527 
----------------------------------------------------
----------------------------------------------------
-----------------  Fixed effects  ------------------
----------------------------------------------------
         Parameter Estimate     SE CV(%) p-value
1               E0    99.84  1.040  1.04       -
2             Imax     0.70  0.012  1.77       -
3             ED50   500.16 26.052  5.21       -
4 beta_group(ED50)    -0.42  0.069 16.29 8.2e-10
5            gamma     1.97  0.073  3.71       -
6              a.1     4.97  0.175  3.52       -
----------------------------------------------------
-----------  Variance of random effects  -----------
----------------------------------------------------
       Parameter Estimate     SE CV(%)
E0     omega2.E0   0.0085 0.0015 17.30
ED50 omega2.ED50   0.1042 0.0169 16.20
----------------------------------------------------
------  Correlation matrix of random effects  ------
----------------------------------------------------
            omega2.E0 omega2.ED50
omega2.E0   1.00      0.00       
omega2.ED50 0.00      1.00       
----------------------------------------------------
---------------  Statistical criteria  -------------
----------------------------------------------------
Likelihood computed by linearisation
      -2LL= 4069.717 
      AIC = 4085.717 
      BIC = 4106.559 

Likelihood computed by importance sampling
      -2LL= 4069.686 
      AIC = 4085.686 
      BIC = 4106.527 
----------------------------------------------------
Reading data from file /home/eco/work/saemix/saemixextension/simulationSuite/cont/imaxRichAdd/data/data_pdimax42.tab 
These are the first lines of the dataset as read into R. Please check the format of the data is appropriate, if not, modify the na and/or sep items and retry:
  id dose      eff group
1  1    0 87.87074     0
2  1  200 76.26042     0
3  1  400 53.29163     0
4  1  500 49.90584     0
5  1  700 54.61101     0
6  1 1000 36.34097     0


The following SaemixData object was successfully created:

Object of class SaemixData
    longitudinal data for use with the SAEM algorithm
Dataset /home/eco/work/saemix/saemixextension/simulationSuite/cont/imaxRichAdd/data/data_pdimax42.tab 
    Structured data: eff ~ dose | id 
    Predictor: dose (-) 
    covariates: group (-) 
      reference class for covariate group :  0 
Nonlinear mixed-effects model fit by the SAEM algorithm
-----------------------------------
----          Data             ----
-----------------------------------
Object of class SaemixData
    longitudinal data for use with the SAEM algorithm
Dataset /home/eco/work/saemix/saemixextension/simulationSuite/cont/imaxRichAdd/data/data_pdimax42.tab 
    Structured data: eff ~ dose | id 
    Predictor: dose (-) 
    covariates: group (-) 
      reference class for covariate group :  0 
Dataset characteristics:
    number of subjects:     100 
    number of observations: 600 
    average/min/max nb obs: 6.00  /  6  /  6 
First 10 lines of data:
   id dose       eff group mdv cens occ ytype
1   1    0  87.87074     0   0    0   1     1
2   1  200  76.26042     0   0    0   1     1
3   1  400  53.29163     0   0    0   1     1
4   1  500  49.90584     0   0    0   1     1
5   1  700  54.61101     0   0    0   1     1
6   1 1000  36.34097     0   0    0   1     1
7   2    0 105.67474     0   0    0   1     1
8   2  200  97.04002     0   0    0   1     1
9   2  400  86.05088     0   0    0   1     1
10  2  500  70.75429     0   0    0   1     1
-----------------------------------
----          Model            ----
-----------------------------------
Nonlinear mixed-effects model
  Model function:  PD Imax model
  Model type:  structural
function (psi, id, xidep) 
{
    dose <- xidep[, 1]
    e0 <- psi[id, 1]
    imax <- psi[id, 2]
    ed50 <- psi[id, 3]
    gamma <- psi[id, 4]
    f <- e0 * (1 - imax * (dose^gamma)/((ed50^gamma) + (dose^gamma)))
    return(f)
}
<bytecode: 0x564c33fe6fb0>
  Nb of parameters: 4 
      parameter names:  E0 Imax ED50 gamma 
      distribution:
     Parameter Distribution Estimated
[1,] E0        log-normal   Estimated
[2,] Imax      log-normal   Estimated
[3,] ED50      log-normal   Estimated
[4,] gamma     log-normal   Estimated
  Variance-covariance matrix:
      E0 Imax ED50 gamma
E0     1    0    0     0
Imax   0    0    0     0
ED50   0    0    1     0
gamma  0    0    0     0
  Error model: constant , initial values: a.1=5 
  Covariate model:
      [,1] [,2] [,3] [,4]
group    0    0    1    0
    Initial values
              E0 Imax ED50 gamma
Pop.CondInit 100  0.7  500     2
Cov.CondInit   0  0.0    0     0
-----------------------------------
----    Key algorithm options  ----
-----------------------------------
    Estimation of individual parameters (MAP)
    Estimation of standard errors and linearised log-likelihood
    Estimation of log-likelihood by importance sampling
    Number of iterations:  K1=300, K2=100 
    Number of chains:  1 
    Seed:  7927570 
    Number of MCMC iterations for IS:  5000 
    Simulations:
        nb of simulated datasets used for npde:  1000 
        nb of simulated datasets used for VPC:  100 
    Input/output
        save the results to a file:  FALSE 
        save the graphs to files:  FALSE 
----------------------------------------------------
----                  Results                   ----
----------------------------------------------------
-----------------  Fixed effects  ------------------
----------------------------------------------------
     Parameter        Estimate SE     CV(%) p-value
[1,] E0                99.66    0.962  0.96 -      
[2,] Imax               0.68    0.011  1.60 -      
[3,] ED50             490.58   23.536  4.80 -      
[4,] beta_group(ED50)  -0.51    0.064 12.52 6.7e-16
[5,] gamma              2.09    0.077  3.67 -      
[6,] a.1                4.96    0.174  3.51 -      
----------------------------------------------------
-----------  Variance of random effects  -----------
----------------------------------------------------
     Parameter   Estimate SE     CV(%)
E0   omega2.E0   0.007    0.0012 18   
ED50 omega2.ED50 0.089    0.0147 17   
----------------------------------------------------
------  Correlation matrix of random effects  ------
----------------------------------------------------
            omega2.E0 omega2.ED50
omega2.E0   1         0          
omega2.ED50 0         1          
----------------------------------------------------
---------------  Statistical criteria  -------------
----------------------------------------------------
Likelihood computed by linearisation
      -2LL= 4037.047 
      AIC = 4053.047 
      BIC = 4073.888 

Likelihood computed by importance sampling
      -2LL= 4037.866 
      AIC = 4053.866 
      BIC = 4074.707 
----------------------------------------------------
----------------------------------------------------
-----------------  Fixed effects  ------------------
----------------------------------------------------
         Parameter Estimate     SE CV(%) p-value
1               E0    99.66  0.962  0.96       -
2             Imax     0.68  0.011  1.60       -
3             ED50   490.58 23.536  4.80       -
4 beta_group(ED50)    -0.51  0.064 12.52 1.3e-15
5            gamma     2.09  0.077  3.67       -
6              a.1     4.96  0.174  3.51       -
----------------------------------------------------
-----------  Variance of random effects  -----------
----------------------------------------------------
       Parameter Estimate     SE CV(%)
E0     omega2.E0    0.007 0.0012 17.94
ED50 omega2.ED50    0.089 0.0147 16.58
----------------------------------------------------
------  Correlation matrix of random effects  ------
----------------------------------------------------
            omega2.E0 omega2.ED50
omega2.E0   1.00      0.00       
omega2.ED50 0.00      1.00       
----------------------------------------------------
---------------  Statistical criteria  -------------
----------------------------------------------------
Likelihood computed by linearisation
      -2LL= 4037.047 
      AIC = 4053.047 
      BIC = 4073.888 

Likelihood computed by importance sampling
      -2LL= 4037.866 
      AIC = 4053.866 
      BIC = 4074.707 
----------------------------------------------------
Reading data from file /home/eco/work/saemix/saemixextension/simulationSuite/cont/imaxRichAdd/data/data_pdimax43.tab 
These are the first lines of the dataset as read into R. Please check the format of the data is appropriate, if not, modify the na and/or sep items and retry:
  id dose       eff group
1  1    0 112.75749     0
2  1  200 105.53783     0
3  1  400 102.23174     0
4  1  500  94.50467     0
5  1  700  86.10666     0
6  1 1000  78.49527     0


The following SaemixData object was successfully created:

Object of class SaemixData
    longitudinal data for use with the SAEM algorithm
Dataset /home/eco/work/saemix/saemixextension/simulationSuite/cont/imaxRichAdd/data/data_pdimax43.tab 
    Structured data: eff ~ dose | id 
    Predictor: dose (-) 
    covariates: group (-) 
      reference class for covariate group :  0 
Nonlinear mixed-effects model fit by the SAEM algorithm
-----------------------------------
----          Data             ----
-----------------------------------
Object of class SaemixData
    longitudinal data for use with the SAEM algorithm
Dataset /home/eco/work/saemix/saemixextension/simulationSuite/cont/imaxRichAdd/data/data_pdimax43.tab 
    Structured data: eff ~ dose | id 
    Predictor: dose (-) 
    covariates: group (-) 
      reference class for covariate group :  0 
Dataset characteristics:
    number of subjects:     100 
    number of observations: 600 
    average/min/max nb obs: 6.00  /  6  /  6 
First 10 lines of data:
   id dose       eff group mdv cens occ ytype
1   1    0 112.75749     0   0    0   1     1
2   1  200 105.53783     0   0    0   1     1
3   1  400 102.23174     0   0    0   1     1
4   1  500  94.50467     0   0    0   1     1
5   1  700  86.10666     0   0    0   1     1
6   1 1000  78.49527     0   0    0   1     1
7   2    0 111.92736     0   0    0   1     1
8   2  200 101.04076     0   0    0   1     1
9   2  400  82.00686     0   0    0   1     1
10  2  500  70.41200     0   0    0   1     1
-----------------------------------
----          Model            ----
-----------------------------------
Nonlinear mixed-effects model
  Model function:  PD Imax model
  Model type:  structural
function (psi, id, xidep) 
{
    dose <- xidep[, 1]
    e0 <- psi[id, 1]
    imax <- psi[id, 2]
    ed50 <- psi[id, 3]
    gamma <- psi[id, 4]
    f <- e0 * (1 - imax * (dose^gamma)/((ed50^gamma) + (dose^gamma)))
    return(f)
}
<bytecode: 0x564c33fe6fb0>
  Nb of parameters: 4 
      parameter names:  E0 Imax ED50 gamma 
      distribution:
     Parameter Distribution Estimated
[1,] E0        log-normal   Estimated
[2,] Imax      log-normal   Estimated
[3,] ED50      log-normal   Estimated
[4,] gamma     log-normal   Estimated
  Variance-covariance matrix:
      E0 Imax ED50 gamma
E0     1    0    0     0
Imax   0    0    0     0
ED50   0    0    1     0
gamma  0    0    0     0
  Error model: constant , initial values: a.1=5 
  Covariate model:
      [,1] [,2] [,3] [,4]
group    0    0    1    0
    Initial values
              E0 Imax ED50 gamma
Pop.CondInit 100  0.7  500     2
Cov.CondInit   0  0.0    0     0
-----------------------------------
----    Key algorithm options  ----
-----------------------------------
    Estimation of individual parameters (MAP)
    Estimation of standard errors and linearised log-likelihood
    Estimation of log-likelihood by importance sampling
    Number of iterations:  K1=300, K2=100 
    Number of chains:  1 
    Seed:  7927570 
    Number of MCMC iterations for IS:  5000 
    Simulations:
        nb of simulated datasets used for npde:  1000 
        nb of simulated datasets used for VPC:  100 
    Input/output
        save the results to a file:  FALSE 
        save the graphs to files:  FALSE 
----------------------------------------------------
----                  Results                   ----
----------------------------------------------------
-----------------  Fixed effects  ------------------
----------------------------------------------------
     Parameter        Estimate SE     CV(%) p-value
[1,] E0               103.17    1.153  1.1  -      
[2,] Imax               0.70    0.012  1.7  -      
[3,] ED50             490.54   23.135  4.7  -      
[4,] beta_group(ED50)  -0.46    0.062 13.7  1.3e-13
[5,] gamma              2.03    0.076  3.7  -      
[6,] a.1                5.16    0.182  3.5  -      
----------------------------------------------------
-----------  Variance of random effects  -----------
----------------------------------------------------
     Parameter   Estimate SE     CV(%)
E0   omega2.E0   0.010    0.0017 17   
ED50 omega2.ED50 0.082    0.0137 17   
----------------------------------------------------
------  Correlation matrix of random effects  ------
----------------------------------------------------
            omega2.E0 omega2.ED50
omega2.E0   1         0          
omega2.ED50 0         1          
----------------------------------------------------
---------------  Statistical criteria  -------------
----------------------------------------------------
Likelihood computed by linearisation
      -2LL= 4111.114 
      AIC = 4127.114 
      BIC = 4147.956 

Likelihood computed by importance sampling
      -2LL= 4111.957 
      AIC = 4127.957 
      BIC = 4148.798 
----------------------------------------------------
----------------------------------------------------
-----------------  Fixed effects  ------------------
----------------------------------------------------
         Parameter Estimate     SE CV(%) p-value
1               E0   103.17  1.153  1.12       -
2             Imax     0.70  0.012  1.73       -
3             ED50   490.54 23.135  4.72       -
4 beta_group(ED50)    -0.46  0.062 13.68 2.7e-13
5            gamma     2.03  0.076  3.73       -
6              a.1     5.16  0.182  3.52       -
----------------------------------------------------
-----------  Variance of random effects  -----------
----------------------------------------------------
       Parameter Estimate     SE CV(%)
E0     omega2.E0    0.010 0.0017 16.82
ED50 omega2.ED50    0.082 0.0137 16.79
----------------------------------------------------
------  Correlation matrix of random effects  ------
----------------------------------------------------
            omega2.E0 omega2.ED50
omega2.E0   1.00      0.00       
omega2.ED50 0.00      1.00       
----------------------------------------------------
---------------  Statistical criteria  -------------
----------------------------------------------------
Likelihood computed by linearisation
      -2LL= 4111.114 
      AIC = 4127.114 
      BIC = 4147.956 

Likelihood computed by importance sampling
      -2LL= 4111.957 
      AIC = 4127.957 
      BIC = 4148.798 
----------------------------------------------------
Reading data from file /home/eco/work/saemix/saemixextension/simulationSuite/cont/imaxRichAdd/data/data_pdimax44.tab 
These are the first lines of the dataset as read into R. Please check the format of the data is appropriate, if not, modify the na and/or sep items and retry:
  id dose      eff group
1  1    0 98.45055     0
2  1  200 84.06836     0
3  1  400 64.89379     0
4  1  500 54.00098     0
5  1  700 45.19613     0
6  1 1000 48.34172     0


The following SaemixData object was successfully created:

Object of class SaemixData
    longitudinal data for use with the SAEM algorithm
Dataset /home/eco/work/saemix/saemixextension/simulationSuite/cont/imaxRichAdd/data/data_pdimax44.tab 
    Structured data: eff ~ dose | id 
    Predictor: dose (-) 
    covariates: group (-) 
      reference class for covariate group :  0 
Nonlinear mixed-effects model fit by the SAEM algorithm
-----------------------------------
----          Data             ----
-----------------------------------
Object of class SaemixData
    longitudinal data for use with the SAEM algorithm
Dataset /home/eco/work/saemix/saemixextension/simulationSuite/cont/imaxRichAdd/data/data_pdimax44.tab 
    Structured data: eff ~ dose | id 
    Predictor: dose (-) 
    covariates: group (-) 
      reference class for covariate group :  0 
Dataset characteristics:
    number of subjects:     100 
    number of observations: 600 
    average/min/max nb obs: 6.00  /  6  /  6 
First 10 lines of data:
   id dose       eff group mdv cens occ ytype
1   1    0  98.45055     0   0    0   1     1
2   1  200  84.06836     0   0    0   1     1
3   1  400  64.89379     0   0    0   1     1
4   1  500  54.00098     0   0    0   1     1
5   1  700  45.19613     0   0    0   1     1
6   1 1000  48.34172     0   0    0   1     1
7   2    0 106.39912     0   0    0   1     1
8   2  200  91.67994     0   0    0   1     1
9   2  400  67.16717     0   0    0   1     1
10  2  500  59.59080     0   0    0   1     1
-----------------------------------
----          Model            ----
-----------------------------------
Nonlinear mixed-effects model
  Model function:  PD Imax model
  Model type:  structural
function (psi, id, xidep) 
{
    dose <- xidep[, 1]
    e0 <- psi[id, 1]
    imax <- psi[id, 2]
    ed50 <- psi[id, 3]
    gamma <- psi[id, 4]
    f <- e0 * (1 - imax * (dose^gamma)/((ed50^gamma) + (dose^gamma)))
    return(f)
}
<bytecode: 0x564c33fe6fb0>
  Nb of parameters: 4 
      parameter names:  E0 Imax ED50 gamma 
      distribution:
     Parameter Distribution Estimated
[1,] E0        log-normal   Estimated
[2,] Imax      log-normal   Estimated
[3,] ED50      log-normal   Estimated
[4,] gamma     log-normal   Estimated
  Variance-covariance matrix:
      E0 Imax ED50 gamma
E0     1    0    0     0
Imax   0    0    0     0
ED50   0    0    1     0
gamma  0    0    0     0
  Error model: constant , initial values: a.1=5 
  Covariate model:
      [,1] [,2] [,3] [,4]
group    0    0    1    0
    Initial values
              E0 Imax ED50 gamma
Pop.CondInit 100  0.7  500     2
Cov.CondInit   0  0.0    0     0
-----------------------------------
----    Key algorithm options  ----
-----------------------------------
    Estimation of individual parameters (MAP)
    Estimation of standard errors and linearised log-likelihood
    Estimation of log-likelihood by importance sampling
    Number of iterations:  K1=300, K2=100 
    Number of chains:  1 
    Seed:  7927570 
    Number of MCMC iterations for IS:  5000 
    Simulations:
        nb of simulated datasets used for npde:  1000 
        nb of simulated datasets used for VPC:  100 
    Input/output
        save the results to a file:  FALSE 
        save the graphs to files:  FALSE 
----------------------------------------------------
----                  Results                   ----
----------------------------------------------------
-----------------  Fixed effects  ------------------
----------------------------------------------------
     Parameter        Estimate SE     CV(%) p-value
[1,] E0               101.05    1.121  1.1  -      
[2,] Imax               0.70    0.011  1.5  -      
[3,] ED50             465.05   24.061  5.2  -      
[4,] beta_group(ED50)  -0.51    0.070 13.7  1.4e-13
[5,] gamma              1.93    0.069  3.6  -      
[6,] a.1                4.97    0.175  3.5  -      
----------------------------------------------------
-----------  Variance of random effects  -----------
----------------------------------------------------
     Parameter   Estimate SE     CV(%)
E0   omega2.E0   0.01     0.0017 17   
ED50 omega2.ED50 0.11     0.0172 16   
----------------------------------------------------
------  Correlation matrix of random effects  ------
----------------------------------------------------
            omega2.E0 omega2.ED50
omega2.E0   1         0          
omega2.ED50 0         1          
----------------------------------------------------
---------------  Statistical criteria  -------------
----------------------------------------------------
Likelihood computed by linearisation
      -2LL= 4080.221 
      AIC = 4096.221 
      BIC = 4117.062 

Likelihood computed by importance sampling
      -2LL= 4080.596 
      AIC = 4096.596 
      BIC = 4117.438 
----------------------------------------------------
----------------------------------------------------
-----------------  Fixed effects  ------------------
----------------------------------------------------
         Parameter Estimate     SE CV(%) p-value
1               E0   101.05  1.121  1.11       -
2             Imax     0.70  0.011  1.55       -
3             ED50   465.05 24.061  5.17       -
4 beta_group(ED50)    -0.51  0.070 13.70 2.9e-13
5            gamma     1.93  0.069  3.60       -
6              a.1     4.97  0.175  3.52       -
----------------------------------------------------
-----------  Variance of random effects  -----------
----------------------------------------------------
       Parameter Estimate     SE CV(%)
E0     omega2.E0     0.01 0.0017 16.88
ED50 omega2.ED50     0.11 0.0172 16.35
----------------------------------------------------
------  Correlation matrix of random effects  ------
----------------------------------------------------
            omega2.E0 omega2.ED50
omega2.E0   1.00      0.00       
omega2.ED50 0.00      1.00       
----------------------------------------------------
---------------  Statistical criteria  -------------
----------------------------------------------------
Likelihood computed by linearisation
      -2LL= 4080.221 
      AIC = 4096.221 
      BIC = 4117.062 

Likelihood computed by importance sampling
      -2LL= 4080.596 
      AIC = 4096.596 
      BIC = 4117.438 
----------------------------------------------------
Reading data from file /home/eco/work/saemix/saemixextension/simulationSuite/cont/imaxRichAdd/data/data_pdimax45.tab 
These are the first lines of the dataset as read into R. Please check the format of the data is appropriate, if not, modify the na and/or sep items and retry:
  id dose       eff group
1  1    0 108.82282     0
2  1  200 111.28596     0
3  1  400  91.93651     0
4  1  500  76.78262     0
5  1  700  75.02553     0
6  1 1000  64.28668     0


The following SaemixData object was successfully created:

Object of class SaemixData
    longitudinal data for use with the SAEM algorithm
Dataset /home/eco/work/saemix/saemixextension/simulationSuite/cont/imaxRichAdd/data/data_pdimax45.tab 
    Structured data: eff ~ dose | id 
    Predictor: dose (-) 
    covariates: group (-) 
      reference class for covariate group :  0 
Nonlinear mixed-effects model fit by the SAEM algorithm
-----------------------------------
----          Data             ----
-----------------------------------
Object of class SaemixData
    longitudinal data for use with the SAEM algorithm
Dataset /home/eco/work/saemix/saemixextension/simulationSuite/cont/imaxRichAdd/data/data_pdimax45.tab 
    Structured data: eff ~ dose | id 
    Predictor: dose (-) 
    covariates: group (-) 
      reference class for covariate group :  0 
Dataset characteristics:
    number of subjects:     100 
    number of observations: 600 
    average/min/max nb obs: 6.00  /  6  /  6 
First 10 lines of data:
   id dose       eff group mdv cens occ ytype
1   1    0 108.82282     0   0    0   1     1
2   1  200 111.28596     0   0    0   1     1
3   1  400  91.93651     0   0    0   1     1
4   1  500  76.78262     0   0    0   1     1
5   1  700  75.02553     0   0    0   1     1
6   1 1000  64.28668     0   0    0   1     1
7   2    0 120.15839     0   0    0   1     1
8   2  200 114.10337     0   0    0   1     1
9   2  400  83.01661     0   0    0   1     1
10  2  500  62.40757     0   0    0   1     1
-----------------------------------
----          Model            ----
-----------------------------------
Nonlinear mixed-effects model
  Model function:  PD Imax model
  Model type:  structural
function (psi, id, xidep) 
{
    dose <- xidep[, 1]
    e0 <- psi[id, 1]
    imax <- psi[id, 2]
    ed50 <- psi[id, 3]
    gamma <- psi[id, 4]
    f <- e0 * (1 - imax * (dose^gamma)/((ed50^gamma) + (dose^gamma)))
    return(f)
}
<bytecode: 0x564c33fe6fb0>
  Nb of parameters: 4 
      parameter names:  E0 Imax ED50 gamma 
      distribution:
     Parameter Distribution Estimated
[1,] E0        log-normal   Estimated
[2,] Imax      log-normal   Estimated
[3,] ED50      log-normal   Estimated
[4,] gamma     log-normal   Estimated
  Variance-covariance matrix:
      E0 Imax ED50 gamma
E0     1    0    0     0
Imax   0    0    0     0
ED50   0    0    1     0
gamma  0    0    0     0
  Error model: constant , initial values: a.1=5 
  Covariate model:
      [,1] [,2] [,3] [,4]
group    0    0    1    0
    Initial values
              E0 Imax ED50 gamma
Pop.CondInit 100  0.7  500     2
Cov.CondInit   0  0.0    0     0
-----------------------------------
----    Key algorithm options  ----
-----------------------------------
    Estimation of individual parameters (MAP)
    Estimation of standard errors and linearised log-likelihood
    Estimation of log-likelihood by importance sampling
    Number of iterations:  K1=300, K2=100 
    Number of chains:  1 
    Seed:  7927570 
    Number of MCMC iterations for IS:  5000 
    Simulations:
        nb of simulated datasets used for npde:  1000 
        nb of simulated datasets used for VPC:  100 
    Input/output
        save the results to a file:  FALSE 
        save the graphs to files:  FALSE 
----------------------------------------------------
----                  Results                   ----
----------------------------------------------------
-----------------  Fixed effects  ------------------
----------------------------------------------------
     Parameter        Estimate SE     CV(%) p-value
[1,] E0               101.02    1.028  1.0  -      
[2,] Imax               0.71    0.013  1.9  -      
[3,] ED50             495.95   25.261  5.1  -      
[4,] beta_group(ED50)  -0.40    0.066 16.5  6.7e-10
[5,] gamma              1.92    0.072  3.8  -      
[6,] a.1                4.97    0.175  3.5  -      
----------------------------------------------------
-----------  Variance of random effects  -----------
----------------------------------------------------
     Parameter   Estimate SE     CV(%)
E0   omega2.E0   0.008    0.0014 17   
ED50 omega2.ED50 0.094    0.0154 16   
----------------------------------------------------
------  Correlation matrix of random effects  ------
----------------------------------------------------
            omega2.E0 omega2.ED50
omega2.E0   1         0          
omega2.ED50 0         1          
----------------------------------------------------
---------------  Statistical criteria  -------------
----------------------------------------------------
Likelihood computed by linearisation
      -2LL= 4059.093 
      AIC = 4075.093 
      BIC = 4095.935 

Likelihood computed by importance sampling
      -2LL= 4059.175 
      AIC = 4075.175 
      BIC = 4096.016 
----------------------------------------------------
----------------------------------------------------
-----------------  Fixed effects  ------------------
----------------------------------------------------
         Parameter Estimate     SE CV(%) p-value
1               E0   101.02  1.028  1.02       -
2             Imax     0.71  0.013  1.87       -
3             ED50   495.95 25.261  5.09       -
4 beta_group(ED50)    -0.40  0.066 16.50 1.3e-09
5            gamma     1.92  0.072  3.77       -
6              a.1     4.97  0.175  3.52       -
----------------------------------------------------
-----------  Variance of random effects  -----------
----------------------------------------------------
       Parameter Estimate     SE CV(%)
E0     omega2.E0    0.008 0.0014 17.43
ED50 omega2.ED50    0.094 0.0154 16.41
----------------------------------------------------
------  Correlation matrix of random effects  ------
----------------------------------------------------
            omega2.E0 omega2.ED50
omega2.E0   1.00      0.00       
omega2.ED50 0.00      1.00       
----------------------------------------------------
---------------  Statistical criteria  -------------
----------------------------------------------------
Likelihood computed by linearisation
      -2LL= 4059.093 
      AIC = 4075.093 
      BIC = 4095.935 

Likelihood computed by importance sampling
      -2LL= 4059.175 
      AIC = 4075.175 
      BIC = 4096.016 
----------------------------------------------------
Reading data from file /home/eco/work/saemix/saemixextension/simulationSuite/cont/imaxRichAdd/data/data_pdimax46.tab 
These are the first lines of the dataset as read into R. Please check the format of the data is appropriate, if not, modify the na and/or sep items and retry:
  id dose       eff group
1  1    0 107.59948     0
2  1  200  92.26408     0
3  1  400  85.82039     0
4  1  500  79.45611     0
5  1  700  59.55838     0
6  1 1000  60.36855     0


The following SaemixData object was successfully created:

Object of class SaemixData
    longitudinal data for use with the SAEM algorithm
Dataset /home/eco/work/saemix/saemixextension/simulationSuite/cont/imaxRichAdd/data/data_pdimax46.tab 
    Structured data: eff ~ dose | id 
    Predictor: dose (-) 
    covariates: group (-) 
      reference class for covariate group :  0 
Nonlinear mixed-effects model fit by the SAEM algorithm
-----------------------------------
----          Data             ----
-----------------------------------
Object of class SaemixData
    longitudinal data for use with the SAEM algorithm
Dataset /home/eco/work/saemix/saemixextension/simulationSuite/cont/imaxRichAdd/data/data_pdimax46.tab 
    Structured data: eff ~ dose | id 
    Predictor: dose (-) 
    covariates: group (-) 
      reference class for covariate group :  0 
Dataset characteristics:
    number of subjects:     100 
    number of observations: 600 
    average/min/max nb obs: 6.00  /  6  /  6 
First 10 lines of data:
   id dose       eff group mdv cens occ ytype
1   1    0 107.59948     0   0    0   1     1
2   1  200  92.26408     0   0    0   1     1
3   1  400  85.82039     0   0    0   1     1
4   1  500  79.45611     0   0    0   1     1
5   1  700  59.55838     0   0    0   1     1
6   1 1000  60.36855     0   0    0   1     1
7   2    0 112.39362     0   0    0   1     1
8   2  200  95.62967     0   0    0   1     1
9   2  400  77.11565     0   0    0   1     1
10  2  500  71.75142     0   0    0   1     1
-----------------------------------
----          Model            ----
-----------------------------------
Nonlinear mixed-effects model
  Model function:  PD Imax model
  Model type:  structural
function (psi, id, xidep) 
{
    dose <- xidep[, 1]
    e0 <- psi[id, 1]
    imax <- psi[id, 2]
    ed50 <- psi[id, 3]
    gamma <- psi[id, 4]
    f <- e0 * (1 - imax * (dose^gamma)/((ed50^gamma) + (dose^gamma)))
    return(f)
}
<bytecode: 0x564c33fe6fb0>
  Nb of parameters: 4 
      parameter names:  E0 Imax ED50 gamma 
      distribution:
     Parameter Distribution Estimated
[1,] E0        log-normal   Estimated
[2,] Imax      log-normal   Estimated
[3,] ED50      log-normal   Estimated
[4,] gamma     log-normal   Estimated
  Variance-covariance matrix:
      E0 Imax ED50 gamma
E0     1    0    0     0
Imax   0    0    0     0
ED50   0    0    1     0
gamma  0    0    0     0
  Error model: constant , initial values: a.1=5 
  Covariate model:
      [,1] [,2] [,3] [,4]
group    0    0    1    0
    Initial values
              E0 Imax ED50 gamma
Pop.CondInit 100  0.7  500     2
Cov.CondInit   0  0.0    0     0
-----------------------------------
----    Key algorithm options  ----
-----------------------------------
    Estimation of individual parameters (MAP)
    Estimation of standard errors and linearised log-likelihood
    Estimation of log-likelihood by importance sampling
    Number of iterations:  K1=300, K2=100 
    Number of chains:  1 
    Seed:  7927570 
    Number of MCMC iterations for IS:  5000 
    Simulations:
        nb of simulated datasets used for npde:  1000 
        nb of simulated datasets used for VPC:  100 
    Input/output
        save the results to a file:  FALSE 
        save the graphs to files:  FALSE 
----------------------------------------------------
----                  Results                   ----
----------------------------------------------------
-----------------  Fixed effects  ------------------
----------------------------------------------------
     Parameter        Estimate SE     CV(%) p-value
[1,] E0                99.97    1.135 1.1   -      
[2,] Imax               0.68    0.011 1.6   -      
[3,] ED50             527.41   23.103 4.4   -      
[4,] beta_group(ED50)  -0.59    0.059 9.9   0      
[5,] gamma              2.07    0.073 3.5   -      
[6,] a.1                4.80    0.169 3.5   -      
----------------------------------------------------
-----------  Variance of random effects  -----------
----------------------------------------------------
     Parameter   Estimate SE     CV(%)
E0   omega2.E0   0.011    0.0018 16   
ED50 omega2.ED50 0.071    0.0121 17   
----------------------------------------------------
------  Correlation matrix of random effects  ------
----------------------------------------------------
            omega2.E0 omega2.ED50
omega2.E0   1         0          
omega2.ED50 0         1          
----------------------------------------------------
---------------  Statistical criteria  -------------
----------------------------------------------------
Likelihood computed by linearisation
      -2LL= 4029.229 
      AIC = 4045.229 
      BIC = 4066.07 

Likelihood computed by importance sampling
      -2LL= 4029.64 
      AIC = 4045.64 
      BIC = 4066.482 
----------------------------------------------------
----------------------------------------------------
-----------------  Fixed effects  ------------------
----------------------------------------------------
         Parameter Estimate     SE CV(%) p-value
1               E0    99.97  1.135  1.14       -
2             Imax     0.68  0.011  1.57       -
3             ED50   527.41 23.103  4.38       -
4 beta_group(ED50)    -0.59  0.059  9.93    0.00
5            gamma     2.07  0.073  3.53       -
6              a.1     4.80  0.169  3.52       -
----------------------------------------------------
-----------  Variance of random effects  -----------
----------------------------------------------------
       Parameter Estimate     SE CV(%)
E0     omega2.E0    0.011 0.0018 16.39
ED50 omega2.ED50    0.071 0.0121 17.12
----------------------------------------------------
------  Correlation matrix of random effects  ------
----------------------------------------------------
            omega2.E0 omega2.ED50
omega2.E0   1.00      0.00       
omega2.ED50 0.00      1.00       
----------------------------------------------------
---------------  Statistical criteria  -------------
----------------------------------------------------
Likelihood computed by linearisation
      -2LL= 4029.229 
      AIC = 4045.229 
      BIC = 4066.07 

Likelihood computed by importance sampling
      -2LL= 4029.64 
      AIC = 4045.64 
      BIC = 4066.482 
----------------------------------------------------
Reading data from file /home/eco/work/saemix/saemixextension/simulationSuite/cont/imaxRichAdd/data/data_pdimax47.tab 
These are the first lines of the dataset as read into R. Please check the format of the data is appropriate, if not, modify the na and/or sep items and retry:
  id dose      eff group
1  1    0 93.93024     0
2  1  200 81.36854     0
3  1  400 78.68191     0
4  1  500 75.29570     0
5  1  700 58.91495     0
6  1 1000 54.39114     0


The following SaemixData object was successfully created:

Object of class SaemixData
    longitudinal data for use with the SAEM algorithm
Dataset /home/eco/work/saemix/saemixextension/simulationSuite/cont/imaxRichAdd/data/data_pdimax47.tab 
    Structured data: eff ~ dose | id 
    Predictor: dose (-) 
    covariates: group (-) 
      reference class for covariate group :  0 
Nonlinear mixed-effects model fit by the SAEM algorithm
-----------------------------------
----          Data             ----
-----------------------------------
Object of class SaemixData
    longitudinal data for use with the SAEM algorithm
Dataset /home/eco/work/saemix/saemixextension/simulationSuite/cont/imaxRichAdd/data/data_pdimax47.tab 
    Structured data: eff ~ dose | id 
    Predictor: dose (-) 
    covariates: group (-) 
      reference class for covariate group :  0 
Dataset characteristics:
    number of subjects:     100 
    number of observations: 600 
    average/min/max nb obs: 6.00  /  6  /  6 
First 10 lines of data:
   id dose      eff group mdv cens occ ytype
1   1    0 93.93024     0   0    0   1     1
2   1  200 81.36854     0   0    0   1     1
3   1  400 78.68191     0   0    0   1     1
4   1  500 75.29570     0   0    0   1     1
5   1  700 58.91495     0   0    0   1     1
6   1 1000 54.39114     0   0    0   1     1
7   2    0 83.77210     0   0    0   1     1
8   2  200 89.27506     0   0    0   1     1
9   2  400 68.96722     0   0    0   1     1
10  2  500 69.20604     0   0    0   1     1
-----------------------------------
----          Model            ----
-----------------------------------
Nonlinear mixed-effects model
  Model function:  PD Imax model
  Model type:  structural
function (psi, id, xidep) 
{
    dose <- xidep[, 1]
    e0 <- psi[id, 1]
    imax <- psi[id, 2]
    ed50 <- psi[id, 3]
    gamma <- psi[id, 4]
    f <- e0 * (1 - imax * (dose^gamma)/((ed50^gamma) + (dose^gamma)))
    return(f)
}
<bytecode: 0x564c33fe6fb0>
  Nb of parameters: 4 
      parameter names:  E0 Imax ED50 gamma 
      distribution:
     Parameter Distribution Estimated
[1,] E0        log-normal   Estimated
[2,] Imax      log-normal   Estimated
[3,] ED50      log-normal   Estimated
[4,] gamma     log-normal   Estimated
  Variance-covariance matrix:
      E0 Imax ED50 gamma
E0     1    0    0     0
Imax   0    0    0     0
ED50   0    0    1     0
gamma  0    0    0     0
  Error model: constant , initial values: a.1=5 
  Covariate model:
      [,1] [,2] [,3] [,4]
group    0    0    1    0
    Initial values
              E0 Imax ED50 gamma
Pop.CondInit 100  0.7  500     2
Cov.CondInit   0  0.0    0     0
-----------------------------------
----    Key algorithm options  ----
-----------------------------------
    Estimation of individual parameters (MAP)
    Estimation of standard errors and linearised log-likelihood
    Estimation of log-likelihood by importance sampling
    Number of iterations:  K1=300, K2=100 
    Number of chains:  1 
    Seed:  7927570 
    Number of MCMC iterations for IS:  5000 
    Simulations:
        nb of simulated datasets used for npde:  1000 
        nb of simulated datasets used for VPC:  100 
    Input/output
        save the results to a file:  FALSE 
        save the graphs to files:  FALSE 
----------------------------------------------------
----                  Results                   ----
----------------------------------------------------
-----------------  Fixed effects  ------------------
----------------------------------------------------
     Parameter        Estimate SE     CV(%) p-value
[1,] E0               100.08    0.967  0.97 -      
[2,] Imax               0.72    0.012  1.73 -      
[3,] ED50             510.04   26.483  5.19 -      
[4,] beta_group(ED50)  -0.44    0.069 15.75 1.1e-10
[5,] gamma              1.91    0.068  3.55 -      
[6,] a.1                4.84    0.170  3.52 -      
----------------------------------------------------
-----------  Variance of random effects  -----------
----------------------------------------------------
     Parameter   Estimate SE     CV(%)
E0   omega2.E0   0.0071   0.0013 18   
ED50 omega2.ED50 0.1037   0.0166 16   
----------------------------------------------------
------  Correlation matrix of random effects  ------
----------------------------------------------------
            omega2.E0 omega2.ED50
omega2.E0   1         0          
omega2.ED50 0         1          
----------------------------------------------------
---------------  Statistical criteria  -------------
----------------------------------------------------
Likelihood computed by linearisation
      -2LL= 4033.344 
      AIC = 4049.344 
      BIC = 4070.185 

Likelihood computed by importance sampling
      -2LL= 4034.12 
      AIC = 4050.12 
      BIC = 4070.962 
----------------------------------------------------
----------------------------------------------------
-----------------  Fixed effects  ------------------
----------------------------------------------------
         Parameter Estimate     SE CV(%) p-value
1               E0   100.08  0.967  0.97       -
2             Imax     0.72  0.012  1.73       -
3             ED50   510.04 26.483  5.19       -
4 beta_group(ED50)    -0.44  0.069 15.75 2.2e-10
5            gamma     1.91  0.068  3.55       -
6              a.1     4.84  0.170  3.52       -
----------------------------------------------------
-----------  Variance of random effects  -----------
----------------------------------------------------
       Parameter Estimate     SE CV(%)
E0     omega2.E0   0.0071 0.0013 17.74
ED50 omega2.ED50   0.1037 0.0166 16.03
----------------------------------------------------
------  Correlation matrix of random effects  ------
----------------------------------------------------
            omega2.E0 omega2.ED50
omega2.E0   1.00      0.00       
omega2.ED50 0.00      1.00       
----------------------------------------------------
---------------  Statistical criteria  -------------
----------------------------------------------------
Likelihood computed by linearisation
      -2LL= 4033.344 
      AIC = 4049.344 
      BIC = 4070.185 

Likelihood computed by importance sampling
      -2LL= 4034.12 
      AIC = 4050.12 
      BIC = 4070.962 
----------------------------------------------------
Reading data from file /home/eco/work/saemix/saemixextension/simulationSuite/cont/imaxRichAdd/data/data_pdimax48.tab 
These are the first lines of the dataset as read into R. Please check the format of the data is appropriate, if not, modify the na and/or sep items and retry:
  id dose       eff group
1  1    0 119.72097     0
2  1  200 105.88072     0
3  1  400  91.91488     0
4  1  500  74.93581     0
5  1  700  61.74670     0
6  1 1000  58.20600     0


The following SaemixData object was successfully created:

Object of class SaemixData
    longitudinal data for use with the SAEM algorithm
Dataset /home/eco/work/saemix/saemixextension/simulationSuite/cont/imaxRichAdd/data/data_pdimax48.tab 
    Structured data: eff ~ dose | id 
    Predictor: dose (-) 
    covariates: group (-) 
      reference class for covariate group :  0 
Nonlinear mixed-effects model fit by the SAEM algorithm
-----------------------------------
----          Data             ----
-----------------------------------
Object of class SaemixData
    longitudinal data for use with the SAEM algorithm
Dataset /home/eco/work/saemix/saemixextension/simulationSuite/cont/imaxRichAdd/data/data_pdimax48.tab 
    Structured data: eff ~ dose | id 
    Predictor: dose (-) 
    covariates: group (-) 
      reference class for covariate group :  0 
Dataset characteristics:
    number of subjects:     100 
    number of observations: 600 
    average/min/max nb obs: 6.00  /  6  /  6 
First 10 lines of data:
   id dose       eff group mdv cens occ ytype
1   1    0 119.72097     0   0    0   1     1
2   1  200 105.88072     0   0    0   1     1
3   1  400  91.91488     0   0    0   1     1
4   1  500  74.93581     0   0    0   1     1
5   1  700  61.74670     0   0    0   1     1
6   1 1000  58.20600     0   0    0   1     1
7   2    0  95.93861     0   0    0   1     1
8   2  200  95.17946     0   0    0   1     1
9   2  400  68.93057     0   0    0   1     1
10  2  500  70.50814     0   0    0   1     1
-----------------------------------
----          Model            ----
-----------------------------------
Nonlinear mixed-effects model
  Model function:  PD Imax model
  Model type:  structural
function (psi, id, xidep) 
{
    dose <- xidep[, 1]
    e0 <- psi[id, 1]
    imax <- psi[id, 2]
    ed50 <- psi[id, 3]
    gamma <- psi[id, 4]
    f <- e0 * (1 - imax * (dose^gamma)/((ed50^gamma) + (dose^gamma)))
    return(f)
}
<bytecode: 0x564c33fe6fb0>
  Nb of parameters: 4 
      parameter names:  E0 Imax ED50 gamma 
      distribution:
     Parameter Distribution Estimated
[1,] E0        log-normal   Estimated
[2,] Imax      log-normal   Estimated
[3,] ED50      log-normal   Estimated
[4,] gamma     log-normal   Estimated
  Variance-covariance matrix:
      E0 Imax ED50 gamma
E0     1    0    0     0
Imax   0    0    0     0
ED50   0    0    1     0
gamma  0    0    0     0
  Error model: constant , initial values: a.1=5 
  Covariate model:
      [,1] [,2] [,3] [,4]
group    0    0    1    0
    Initial values
              E0 Imax ED50 gamma
Pop.CondInit 100  0.7  500     2
Cov.CondInit   0  0.0    0     0
-----------------------------------
----    Key algorithm options  ----
-----------------------------------
    Estimation of individual parameters (MAP)
    Estimation of standard errors and linearised log-likelihood
    Estimation of log-likelihood by importance sampling
    Number of iterations:  K1=300, K2=100 
    Number of chains:  1 
    Seed:  7927570 
    Number of MCMC iterations for IS:  5000 
    Simulations:
        nb of simulated datasets used for npde:  1000 
        nb of simulated datasets used for VPC:  100 
    Input/output
        save the results to a file:  FALSE 
        save the graphs to files:  FALSE 
----------------------------------------------------
----                  Results                   ----
----------------------------------------------------
-----------------  Fixed effects  ------------------
----------------------------------------------------
     Parameter        Estimate SE     CV(%) p-value
[1,] E0                98.53    1.072  1.1  -      
[2,] Imax               0.70    0.011  1.6  -      
[3,] ED50             498.34   24.182  4.9  -      
[4,] beta_group(ED50)  -0.53    0.065 12.3  2.2e-16
[5,] gamma              2.06    0.074  3.6  -      
[6,] a.1                4.96    0.175  3.5  -      
----------------------------------------------------
-----------  Variance of random effects  -----------
----------------------------------------------------
     Parameter   Estimate SE     CV(%)
E0   omega2.E0   0.0094   0.0016 17   
ED50 omega2.ED50 0.0918   0.0152 17   
----------------------------------------------------
------  Correlation matrix of random effects  ------
----------------------------------------------------
            omega2.E0 omega2.ED50
omega2.E0   1         0          
omega2.ED50 0         1          
----------------------------------------------------
---------------  Statistical criteria  -------------
----------------------------------------------------
Likelihood computed by linearisation
      -2LL= 4063.026 
      AIC = 4079.026 
      BIC = 4099.868 

Likelihood computed by importance sampling
      -2LL= 4063.425 
      AIC = 4079.425 
      BIC = 4100.266 
----------------------------------------------------
----------------------------------------------------
-----------------  Fixed effects  ------------------
----------------------------------------------------
         Parameter Estimate     SE CV(%) p-value
1               E0    98.53  1.072  1.09       -
2             Imax     0.70  0.011  1.58       -
3             ED50   498.34 24.182  4.85       -
4 beta_group(ED50)    -0.53  0.065 12.33 4.4e-16
5            gamma     2.06  0.074  3.61       -
6              a.1     4.96  0.175  3.52       -
----------------------------------------------------
-----------  Variance of random effects  -----------
----------------------------------------------------
       Parameter Estimate     SE CV(%)
E0     omega2.E0   0.0094 0.0016 17.03
ED50 omega2.ED50   0.0918 0.0152 16.51
----------------------------------------------------
------  Correlation matrix of random effects  ------
----------------------------------------------------
            omega2.E0 omega2.ED50
omega2.E0   1.00      0.00       
omega2.ED50 0.00      1.00       
----------------------------------------------------
---------------  Statistical criteria  -------------
----------------------------------------------------
Likelihood computed by linearisation
      -2LL= 4063.026 
      AIC = 4079.026 
      BIC = 4099.868 

Likelihood computed by importance sampling
      -2LL= 4063.425 
      AIC = 4079.425 
      BIC = 4100.266 
----------------------------------------------------
Reading data from file /home/eco/work/saemix/saemixextension/simulationSuite/cont/imaxRichAdd/data/data_pdimax49.tab 
These are the first lines of the dataset as read into R. Please check the format of the data is appropriate, if not, modify the na and/or sep items and retry:
  id dose       eff group
1  1    0 104.67931     0
2  1  200  97.35313     0
3  1  400  81.07741     0
4  1  500  71.21810     0
5  1  700  57.70500     0
6  1 1000  47.24479     0


The following SaemixData object was successfully created:

Object of class SaemixData
    longitudinal data for use with the SAEM algorithm
Dataset /home/eco/work/saemix/saemixextension/simulationSuite/cont/imaxRichAdd/data/data_pdimax49.tab 
    Structured data: eff ~ dose | id 
    Predictor: dose (-) 
    covariates: group (-) 
      reference class for covariate group :  0 
Nonlinear mixed-effects model fit by the SAEM algorithm
-----------------------------------
----          Data             ----
-----------------------------------
Object of class SaemixData
    longitudinal data for use with the SAEM algorithm
Dataset /home/eco/work/saemix/saemixextension/simulationSuite/cont/imaxRichAdd/data/data_pdimax49.tab 
    Structured data: eff ~ dose | id 
    Predictor: dose (-) 
    covariates: group (-) 
      reference class for covariate group :  0 
Dataset characteristics:
    number of subjects:     100 
    number of observations: 600 
    average/min/max nb obs: 6.00  /  6  /  6 
First 10 lines of data:
   id dose       eff group mdv cens occ ytype
1   1    0 104.67931     0   0    0   1     1
2   1  200  97.35313     0   0    0   1     1
3   1  400  81.07741     0   0    0   1     1
4   1  500  71.21810     0   0    0   1     1
5   1  700  57.70500     0   0    0   1     1
6   1 1000  47.24479     0   0    0   1     1
7   2    0 103.79585     0   0    0   1     1
8   2  200  87.58216     0   0    0   1     1
9   2  400  71.45841     0   0    0   1     1
10  2  500  57.96175     0   0    0   1     1
-----------------------------------
----          Model            ----
-----------------------------------
Nonlinear mixed-effects model
  Model function:  PD Imax model
  Model type:  structural
function (psi, id, xidep) 
{
    dose <- xidep[, 1]
    e0 <- psi[id, 1]
    imax <- psi[id, 2]
    ed50 <- psi[id, 3]
    gamma <- psi[id, 4]
    f <- e0 * (1 - imax * (dose^gamma)/((ed50^gamma) + (dose^gamma)))
    return(f)
}
<bytecode: 0x564c33fe6fb0>
  Nb of parameters: 4 
      parameter names:  E0 Imax ED50 gamma 
      distribution:
     Parameter Distribution Estimated
[1,] E0        log-normal   Estimated
[2,] Imax      log-normal   Estimated
[3,] ED50      log-normal   Estimated
[4,] gamma     log-normal   Estimated
  Variance-covariance matrix:
      E0 Imax ED50 gamma
E0     1    0    0     0
Imax   0    0    0     0
ED50   0    0    1     0
gamma  0    0    0     0
  Error model: constant , initial values: a.1=5 
  Covariate model:
      [,1] [,2] [,3] [,4]
group    0    0    1    0
    Initial values
              E0 Imax ED50 gamma
Pop.CondInit 100  0.7  500     2
Cov.CondInit   0  0.0    0     0
-----------------------------------
----    Key algorithm options  ----
-----------------------------------
    Estimation of individual parameters (MAP)
    Estimation of standard errors and linearised log-likelihood
    Estimation of log-likelihood by importance sampling
    Number of iterations:  K1=300, K2=100 
    Number of chains:  1 
    Seed:  7927570 
    Number of MCMC iterations for IS:  5000 
    Simulations:
        nb of simulated datasets used for npde:  1000 
        nb of simulated datasets used for VPC:  100 
    Input/output
        save the results to a file:  FALSE 
        save the graphs to files:  FALSE 
----------------------------------------------------
----                  Results                   ----
----------------------------------------------------
-----------------  Fixed effects  ------------------
----------------------------------------------------
     Parameter        Estimate SE     CV(%) p-value
[1,] E0               100.67    1.055  1.0  -      
[2,] Imax               0.69    0.011  1.7  -      
[3,] ED50             474.81   21.834  4.6  -      
[4,] beta_group(ED50)  -0.45    0.061 13.6  7.9e-14
[5,] gamma              2.06    0.076  3.7  -      
[6,] a.1                4.97    0.175  3.5  -      
----------------------------------------------------
-----------  Variance of random effects  -----------
----------------------------------------------------
     Parameter   Estimate SE     CV(%)
E0   omega2.E0   0.0086   0.0015 17   
ED50 omega2.ED50 0.0785   0.0132 17   
----------------------------------------------------
------  Correlation matrix of random effects  ------
----------------------------------------------------
            omega2.E0 omega2.ED50
omega2.E0   1         0          
omega2.ED50 0         1          
----------------------------------------------------
---------------  Statistical criteria  -------------
----------------------------------------------------
Likelihood computed by linearisation
      -2LL= 4051.927 
      AIC = 4067.927 
      BIC = 4088.768 

Likelihood computed by importance sampling
      -2LL= 4052.144 
      AIC = 4068.144 
      BIC = 4088.985 
----------------------------------------------------
----------------------------------------------------
-----------------  Fixed effects  ------------------
----------------------------------------------------
         Parameter Estimate     SE CV(%) p-value
1               E0   100.67  1.055  1.05       -
2             Imax     0.69  0.011  1.66       -
3             ED50   474.81 21.834  4.60       -
4 beta_group(ED50)    -0.45  0.061 13.55 1.6e-13
5            gamma     2.06  0.076  3.70       -
6              a.1     4.97  0.175  3.52       -
----------------------------------------------------
-----------  Variance of random effects  -----------
----------------------------------------------------
       Parameter Estimate     SE CV(%)
E0     omega2.E0   0.0086 0.0015 17.19
ED50 omega2.ED50   0.0785 0.0132 16.85
----------------------------------------------------
------  Correlation matrix of random effects  ------
----------------------------------------------------
            omega2.E0 omega2.ED50
omega2.E0   1.00      0.00       
omega2.ED50 0.00      1.00       
----------------------------------------------------
---------------  Statistical criteria  -------------
----------------------------------------------------
Likelihood computed by linearisation
      -2LL= 4051.927 
      AIC = 4067.927 
      BIC = 4088.768 

Likelihood computed by importance sampling
      -2LL= 4052.144 
      AIC = 4068.144 
      BIC = 4088.985 
----------------------------------------------------
Reading data from file /home/eco/work/saemix/saemixextension/simulationSuite/cont/imaxRichAdd/data/data_pdimax50.tab 
These are the first lines of the dataset as read into R. Please check the format of the data is appropriate, if not, modify the na and/or sep items and retry:
  id dose       eff group
1  1    0 100.83636     0
2  1  200  86.80899     0
3  1  400  66.12827     0
4  1  500  62.48979     0
5  1  700  51.34627     0
6  1 1000  51.12054     0


The following SaemixData object was successfully created:

Object of class SaemixData
    longitudinal data for use with the SAEM algorithm
Dataset /home/eco/work/saemix/saemixextension/simulationSuite/cont/imaxRichAdd/data/data_pdimax50.tab 
    Structured data: eff ~ dose | id 
    Predictor: dose (-) 
    covariates: group (-) 
      reference class for covariate group :  0 
Nonlinear mixed-effects model fit by the SAEM algorithm
-----------------------------------
----          Data             ----
-----------------------------------
Object of class SaemixData
    longitudinal data for use with the SAEM algorithm
Dataset /home/eco/work/saemix/saemixextension/simulationSuite/cont/imaxRichAdd/data/data_pdimax50.tab 
    Structured data: eff ~ dose | id 
    Predictor: dose (-) 
    covariates: group (-) 
      reference class for covariate group :  0 
Dataset characteristics:
    number of subjects:     100 
    number of observations: 600 
    average/min/max nb obs: 6.00  /  6  /  6 
First 10 lines of data:
   id dose       eff group mdv cens occ ytype
1   1    0 100.83636     0   0    0   1     1
2   1  200  86.80899     0   0    0   1     1
3   1  400  66.12827     0   0    0   1     1
4   1  500  62.48979     0   0    0   1     1
5   1  700  51.34627     0   0    0   1     1
6   1 1000  51.12054     0   0    0   1     1
7   2    0 103.11408     0   0    0   1     1
8   2  200  82.07571     0   0    0   1     1
9   2  400  45.41516     0   0    0   1     1
10  2  500  41.48756     0   0    0   1     1
-----------------------------------
----          Model            ----
-----------------------------------
Nonlinear mixed-effects model
  Model function:  PD Imax model
  Model type:  structural
function (psi, id, xidep) 
{
    dose <- xidep[, 1]
    e0 <- psi[id, 1]
    imax <- psi[id, 2]
    ed50 <- psi[id, 3]
    gamma <- psi[id, 4]
    f <- e0 * (1 - imax * (dose^gamma)/((ed50^gamma) + (dose^gamma)))
    return(f)
}
<bytecode: 0x564c33fe6fb0>
  Nb of parameters: 4 
      parameter names:  E0 Imax ED50 gamma 
      distribution:
     Parameter Distribution Estimated
[1,] E0        log-normal   Estimated
[2,] Imax      log-normal   Estimated
[3,] ED50      log-normal   Estimated
[4,] gamma     log-normal   Estimated
  Variance-covariance matrix:
      E0 Imax ED50 gamma
E0     1    0    0     0
Imax   0    0    0     0
ED50   0    0    1     0
gamma  0    0    0     0
  Error model: constant , initial values: a.1=5 
  Covariate model:
      [,1] [,2] [,3] [,4]
group    0    0    1    0
    Initial values
              E0 Imax ED50 gamma
Pop.CondInit 100  0.7  500     2
Cov.CondInit   0  0.0    0     0
-----------------------------------
----    Key algorithm options  ----
-----------------------------------
    Estimation of individual parameters (MAP)
    Estimation of standard errors and linearised log-likelihood
    Estimation of log-likelihood by importance sampling
    Number of iterations:  K1=300, K2=100 
    Number of chains:  1 
    Seed:  7927570 
    Number of MCMC iterations for IS:  5000 
    Simulations:
        nb of simulated datasets used for npde:  1000 
        nb of simulated datasets used for VPC:  100 
    Input/output
        save the results to a file:  FALSE 
        save the graphs to files:  FALSE 
----------------------------------------------------
----                  Results                   ----
----------------------------------------------------
-----------------  Fixed effects  ------------------
----------------------------------------------------
     Parameter        Estimate SE     CV(%) p-value
[1,] E0                99.32    1.129  1.1  -      
[2,] Imax               0.72    0.014  2.0  -      
[3,] ED50             494.96   25.968  5.2  -      
[4,] beta_group(ED50)  -0.41    0.068 16.7  9.9e-10
[5,] gamma              1.93    0.077  4.0  -      
[6,] a.1                5.27    0.185  3.5  -      
----------------------------------------------------
-----------  Variance of random effects  -----------
----------------------------------------------------
     Parameter   Estimate SE     CV(%)
E0   omega2.E0   0.010    0.0018 17   
ED50 omega2.ED50 0.099    0.0164 17   
----------------------------------------------------
------  Correlation matrix of random effects  ------
----------------------------------------------------
            omega2.E0 omega2.ED50
omega2.E0   1         0          
omega2.ED50 0         1          
----------------------------------------------------
---------------  Statistical criteria  -------------
----------------------------------------------------
Likelihood computed by linearisation
      -2LL= 4128.745 
      AIC = 4144.745 
      BIC = 4165.586 

Likelihood computed by importance sampling
      -2LL= 4129.685 
      AIC = 4145.685 
      BIC = 4166.526 
----------------------------------------------------
----------------------------------------------------
-----------------  Fixed effects  ------------------
----------------------------------------------------
         Parameter Estimate     SE CV(%) p-value
1               E0    99.32  1.129  1.14       -
2             Imax     0.72  0.014  1.96       -
3             ED50   494.96 25.968  5.25       -
4 beta_group(ED50)    -0.41  0.068 16.67   2e-09
5            gamma     1.93  0.077  4.00       -
6              a.1     5.27  0.185  3.52       -
----------------------------------------------------
-----------  Variance of random effects  -----------
----------------------------------------------------
       Parameter Estimate     SE CV(%)
E0     omega2.E0    0.010 0.0018 17.15
ED50 omega2.ED50    0.099 0.0164 16.58
----------------------------------------------------
------  Correlation matrix of random effects  ------
----------------------------------------------------
            omega2.E0 omega2.ED50
omega2.E0   1.00      0.00       
omega2.ED50 0.00      1.00       
----------------------------------------------------
---------------  Statistical criteria  -------------
----------------------------------------------------
Likelihood computed by linearisation
      -2LL= 4128.745 
      AIC = 4144.745 
      BIC = 4165.586 

Likelihood computed by importance sampling
      -2LL= 4129.685 
      AIC = 4145.685 
      BIC = 4166.526 
----------------------------------------------------
Reading data from file /home/eco/work/saemix/saemixextension/simulationSuite/cont/imaxRichAdd/data/data_pdimax51.tab 
These are the first lines of the dataset as read into R. Please check the format of the data is appropriate, if not, modify the na and/or sep items and retry:
  id dose       eff group
1  1    0 119.78035     0
2  1  200  78.55518     0
3  1  400  70.55665     0
4  1  500  68.33708     0
5  1  700  50.11351     0
6  1 1000  37.77281     0


The following SaemixData object was successfully created:

Object of class SaemixData
    longitudinal data for use with the SAEM algorithm
Dataset /home/eco/work/saemix/saemixextension/simulationSuite/cont/imaxRichAdd/data/data_pdimax51.tab 
    Structured data: eff ~ dose | id 
    Predictor: dose (-) 
    covariates: group (-) 
      reference class for covariate group :  0 
Nonlinear mixed-effects model fit by the SAEM algorithm
-----------------------------------
----          Data             ----
-----------------------------------
Object of class SaemixData
    longitudinal data for use with the SAEM algorithm
Dataset /home/eco/work/saemix/saemixextension/simulationSuite/cont/imaxRichAdd/data/data_pdimax51.tab 
    Structured data: eff ~ dose | id 
    Predictor: dose (-) 
    covariates: group (-) 
      reference class for covariate group :  0 
Dataset characteristics:
    number of subjects:     100 
    number of observations: 600 
    average/min/max nb obs: 6.00  /  6  /  6 
First 10 lines of data:
   id dose       eff group mdv cens occ ytype
1   1    0 119.78035     0   0    0   1     1
2   1  200  78.55518     0   0    0   1     1
3   1  400  70.55665     0   0    0   1     1
4   1  500  68.33708     0   0    0   1     1
5   1  700  50.11351     0   0    0   1     1
6   1 1000  37.77281     0   0    0   1     1
7   2    0 103.27810     0   0    0   1     1
8   2  200 103.97909     0   0    0   1     1
9   2  400  71.22778     0   0    0   1     1
10  2  500  65.68053     0   0    0   1     1
-----------------------------------
----          Model            ----
-----------------------------------
Nonlinear mixed-effects model
  Model function:  PD Imax model
  Model type:  structural
function (psi, id, xidep) 
{
    dose <- xidep[, 1]
    e0 <- psi[id, 1]
    imax <- psi[id, 2]
    ed50 <- psi[id, 3]
    gamma <- psi[id, 4]
    f <- e0 * (1 - imax * (dose^gamma)/((ed50^gamma) + (dose^gamma)))
    return(f)
}
<bytecode: 0x564c33fe6fb0>
  Nb of parameters: 4 
      parameter names:  E0 Imax ED50 gamma 
      distribution:
     Parameter Distribution Estimated
[1,] E0        log-normal   Estimated
[2,] Imax      log-normal   Estimated
[3,] ED50      log-normal   Estimated
[4,] gamma     log-normal   Estimated
  Variance-covariance matrix:
      E0 Imax ED50 gamma
E0     1    0    0     0
Imax   0    0    0     0
ED50   0    0    1     0
gamma  0    0    0     0
  Error model: constant , initial values: a.1=5 
  Covariate model:
      [,1] [,2] [,3] [,4]
group    0    0    1    0
    Initial values
              E0 Imax ED50 gamma
Pop.CondInit 100  0.7  500     2
Cov.CondInit   0  0.0    0     0
-----------------------------------
----    Key algorithm options  ----
-----------------------------------
    Estimation of individual parameters (MAP)
    Estimation of standard errors and linearised log-likelihood
    Estimation of log-likelihood by importance sampling
    Number of iterations:  K1=300, K2=100 
    Number of chains:  1 
    Seed:  7927570 
    Number of MCMC iterations for IS:  5000 
    Simulations:
        nb of simulated datasets used for npde:  1000 
        nb of simulated datasets used for VPC:  100 
    Input/output
        save the results to a file:  FALSE 
        save the graphs to files:  FALSE 
----------------------------------------------------
----                  Results                   ----
----------------------------------------------------
-----------------  Fixed effects  ------------------
----------------------------------------------------
     Parameter        Estimate SE     CV(%) p-value
[1,] E0               100.94    0.956  0.95 -      
[2,] Imax               0.68    0.012  1.77 -      
[3,] ED50             502.34   24.110  4.80 -      
[4,] beta_group(ED50)  -0.53    0.063 12.07 1.1e-16
[5,] gamma              2.04    0.079  3.87 -      
[6,] a.1                5.20    0.182  3.49 -      
----------------------------------------------------
-----------  Variance of random effects  -----------
----------------------------------------------------
     Parameter   Estimate SE     CV(%)
E0   omega2.E0   0.0064   0.0012 19   
ED50 omega2.ED50 0.0843   0.0142 17   
----------------------------------------------------
------  Correlation matrix of random effects  ------
----------------------------------------------------
            omega2.E0 omega2.ED50
omega2.E0   1         0          
omega2.ED50 0         1          
----------------------------------------------------
---------------  Statistical criteria  -------------
----------------------------------------------------
Likelihood computed by linearisation
      -2LL= 4075.366 
      AIC = 4091.366 
      BIC = 4112.207 

Likelihood computed by importance sampling
      -2LL= 4071.773 
      AIC = 4087.773 
      BIC = 4108.615 
----------------------------------------------------
----------------------------------------------------
-----------------  Fixed effects  ------------------
----------------------------------------------------
         Parameter Estimate     SE CV(%) p-value
1               E0   100.94  0.956  0.95       -
2             Imax     0.68  0.012  1.77       -
3             ED50   502.34 24.110  4.80       -
4 beta_group(ED50)    -0.53  0.063 12.07 2.2e-16
5            gamma     2.04  0.079  3.87       -
6              a.1     5.20  0.182  3.49       -
----------------------------------------------------
-----------  Variance of random effects  -----------
----------------------------------------------------
       Parameter Estimate     SE CV(%)
E0     omega2.E0   0.0064 0.0012 18.53
ED50 omega2.ED50   0.0843 0.0142 16.89
----------------------------------------------------
------  Correlation matrix of random effects  ------
----------------------------------------------------
            omega2.E0 omega2.ED50
omega2.E0   1.00      0.00       
omega2.ED50 0.00      1.00       
----------------------------------------------------
---------------  Statistical criteria  -------------
----------------------------------------------------
Likelihood computed by linearisation
      -2LL= 4075.366 
      AIC = 4091.366 
      BIC = 4112.207 

Likelihood computed by importance sampling
      -2LL= 4071.773 
      AIC = 4087.773 
      BIC = 4108.615 
----------------------------------------------------
Reading data from file /home/eco/work/saemix/saemixextension/simulationSuite/cont/imaxRichAdd/data/data_pdimax52.tab 
These are the first lines of the dataset as read into R. Please check the format of the data is appropriate, if not, modify the na and/or sep items and retry:
  id dose       eff group
1  1    0 115.53071     0
2  1  200 102.26060     0
3  1  400  73.51383     0
4  1  500  57.75349     0
5  1  700  48.36108     0
6  1 1000  48.75774     0


The following SaemixData object was successfully created:

Object of class SaemixData
    longitudinal data for use with the SAEM algorithm
Dataset /home/eco/work/saemix/saemixextension/simulationSuite/cont/imaxRichAdd/data/data_pdimax52.tab 
    Structured data: eff ~ dose | id 
    Predictor: dose (-) 
    covariates: group (-) 
      reference class for covariate group :  0 
Nonlinear mixed-effects model fit by the SAEM algorithm
-----------------------------------
----          Data             ----
-----------------------------------
Object of class SaemixData
    longitudinal data for use with the SAEM algorithm
Dataset /home/eco/work/saemix/saemixextension/simulationSuite/cont/imaxRichAdd/data/data_pdimax52.tab 
    Structured data: eff ~ dose | id 
    Predictor: dose (-) 
    covariates: group (-) 
      reference class for covariate group :  0 
Dataset characteristics:
    number of subjects:     100 
    number of observations: 600 
    average/min/max nb obs: 6.00  /  6  /  6 
First 10 lines of data:
   id dose       eff group mdv cens occ ytype
1   1    0 115.53071     0   0    0   1     1
2   1  200 102.26060     0   0    0   1     1
3   1  400  73.51383     0   0    0   1     1
4   1  500  57.75349     0   0    0   1     1
5   1  700  48.36108     0   0    0   1     1
6   1 1000  48.75774     0   0    0   1     1
7   2    0  89.25699     0   0    0   1     1
8   2  200  75.09869     0   0    0   1     1
9   2  400  60.47286     0   0    0   1     1
10  2  500  49.19344     0   0    0   1     1
-----------------------------------
----          Model            ----
-----------------------------------
Nonlinear mixed-effects model
  Model function:  PD Imax model
  Model type:  structural
function (psi, id, xidep) 
{
    dose <- xidep[, 1]
    e0 <- psi[id, 1]
    imax <- psi[id, 2]
    ed50 <- psi[id, 3]
    gamma <- psi[id, 4]
    f <- e0 * (1 - imax * (dose^gamma)/((ed50^gamma) + (dose^gamma)))
    return(f)
}
<bytecode: 0x564c33fe6fb0>
  Nb of parameters: 4 
      parameter names:  E0 Imax ED50 gamma 
      distribution:
     Parameter Distribution Estimated
[1,] E0        log-normal   Estimated
[2,] Imax      log-normal   Estimated
[3,] ED50      log-normal   Estimated
[4,] gamma     log-normal   Estimated
  Variance-covariance matrix:
      E0 Imax ED50 gamma
E0     1    0    0     0
Imax   0    0    0     0
ED50   0    0    1     0
gamma  0    0    0     0
  Error model: constant , initial values: a.1=5 
  Covariate model:
      [,1] [,2] [,3] [,4]
group    0    0    1    0
    Initial values
              E0 Imax ED50 gamma
Pop.CondInit 100  0.7  500     2
Cov.CondInit   0  0.0    0     0
-----------------------------------
----    Key algorithm options  ----
-----------------------------------
    Estimation of individual parameters (MAP)
    Estimation of standard errors and linearised log-likelihood
    Estimation of log-likelihood by importance sampling
    Number of iterations:  K1=300, K2=100 
    Number of chains:  1 
    Seed:  7927570 
    Number of MCMC iterations for IS:  5000 
    Simulations:
        nb of simulated datasets used for npde:  1000 
        nb of simulated datasets used for VPC:  100 
    Input/output
        save the results to a file:  FALSE 
        save the graphs to files:  FALSE 
----------------------------------------------------
----                  Results                   ----
----------------------------------------------------
-----------------  Fixed effects  ------------------
----------------------------------------------------
     Parameter        Estimate SE     CV(%) p-value
[1,] E0               100.72    1.103  1.1  -      
[2,] Imax               0.71    0.013  1.9  -      
[3,] ED50             473.62   23.429  4.9  -      
[4,] beta_group(ED50)  -0.41    0.064 15.7  1e-10  
[5,] gamma              1.88    0.072  3.8  -      
[6,] a.1                5.01    0.176  3.5  -      
----------------------------------------------------
-----------  Variance of random effects  -----------
----------------------------------------------------
     Parameter   Estimate SE     CV(%)
E0   omega2.E0   0.0096   0.0016 17   
ED50 omega2.ED50 0.0856   0.0144 17   
----------------------------------------------------
------  Correlation matrix of random effects  ------
----------------------------------------------------
            omega2.E0 omega2.ED50
omega2.E0   1         0          
omega2.ED50 0         1          
----------------------------------------------------
---------------  Statistical criteria  -------------
----------------------------------------------------
Likelihood computed by linearisation
      -2LL= 4067.463 
      AIC = 4083.463 
      BIC = 4104.304 

Likelihood computed by importance sampling
      -2LL= 4067.727 
      AIC = 4083.727 
      BIC = 4104.568 
----------------------------------------------------
----------------------------------------------------
-----------------  Fixed effects  ------------------
----------------------------------------------------
         Parameter Estimate     SE CV(%) p-value
1               E0   100.72  1.103  1.09       -
2             Imax     0.71  0.013  1.87       -
3             ED50   473.62 23.429  4.95       -
4 beta_group(ED50)    -0.41  0.064 15.73 2.1e-10
5            gamma     1.88  0.072  3.83       -
6              a.1     5.01  0.176  3.52       -
----------------------------------------------------
-----------  Variance of random effects  -----------
----------------------------------------------------
       Parameter Estimate     SE CV(%)
E0     omega2.E0   0.0096 0.0016 17.00
ED50 omega2.ED50   0.0856 0.0144 16.81
----------------------------------------------------
------  Correlation matrix of random effects  ------
----------------------------------------------------
            omega2.E0 omega2.ED50
omega2.E0   1.00      0.00       
omega2.ED50 0.00      1.00       
----------------------------------------------------
---------------  Statistical criteria  -------------
----------------------------------------------------
Likelihood computed by linearisation
      -2LL= 4067.463 
      AIC = 4083.463 
      BIC = 4104.304 

Likelihood computed by importance sampling
      -2LL= 4067.727 
      AIC = 4083.727 
      BIC = 4104.568 
----------------------------------------------------
Reading data from file /home/eco/work/saemix/saemixextension/simulationSuite/cont/imaxRichAdd/data/data_pdimax53.tab 
These are the first lines of the dataset as read into R. Please check the format of the data is appropriate, if not, modify the na and/or sep items and retry:
  id dose       eff group
1  1    0 110.43761     0
2  1  200 103.18924     0
3  1  400  81.75717     0
4  1  500  85.55239     0
5  1  700  64.68275     0
6  1 1000  54.89485     0


The following SaemixData object was successfully created:

Object of class SaemixData
    longitudinal data for use with the SAEM algorithm
Dataset /home/eco/work/saemix/saemixextension/simulationSuite/cont/imaxRichAdd/data/data_pdimax53.tab 
    Structured data: eff ~ dose | id 
    Predictor: dose (-) 
    covariates: group (-) 
      reference class for covariate group :  0 
Nonlinear mixed-effects model fit by the SAEM algorithm
-----------------------------------
----          Data             ----
-----------------------------------
Object of class SaemixData
    longitudinal data for use with the SAEM algorithm
Dataset /home/eco/work/saemix/saemixextension/simulationSuite/cont/imaxRichAdd/data/data_pdimax53.tab 
    Structured data: eff ~ dose | id 
    Predictor: dose (-) 
    covariates: group (-) 
      reference class for covariate group :  0 
Dataset characteristics:
    number of subjects:     100 
    number of observations: 600 
    average/min/max nb obs: 6.00  /  6  /  6 
First 10 lines of data:
   id dose       eff group mdv cens occ ytype
1   1    0 110.43761     0   0    0   1     1
2   1  200 103.18924     0   0    0   1     1
3   1  400  81.75717     0   0    0   1     1
4   1  500  85.55239     0   0    0   1     1
5   1  700  64.68275     0   0    0   1     1
6   1 1000  54.89485     0   0    0   1     1
7   2    0  88.94323     0   0    0   1     1
8   2  200  92.08259     0   0    0   1     1
9   2  400  91.23320     0   0    0   1     1
10  2  500  68.59241     0   0    0   1     1
-----------------------------------
----          Model            ----
-----------------------------------
Nonlinear mixed-effects model
  Model function:  PD Imax model
  Model type:  structural
function (psi, id, xidep) 
{
    dose <- xidep[, 1]
    e0 <- psi[id, 1]
    imax <- psi[id, 2]
    ed50 <- psi[id, 3]
    gamma <- psi[id, 4]
    f <- e0 * (1 - imax * (dose^gamma)/((ed50^gamma) + (dose^gamma)))
    return(f)
}
<bytecode: 0x564c33fe6fb0>
  Nb of parameters: 4 
      parameter names:  E0 Imax ED50 gamma 
      distribution:
     Parameter Distribution Estimated
[1,] E0        log-normal   Estimated
[2,] Imax      log-normal   Estimated
[3,] ED50      log-normal   Estimated
[4,] gamma     log-normal   Estimated
  Variance-covariance matrix:
      E0 Imax ED50 gamma
E0     1    0    0     0
Imax   0    0    0     0
ED50   0    0    1     0
gamma  0    0    0     0
  Error model: constant , initial values: a.1=5 
  Covariate model:
      [,1] [,2] [,3] [,4]
group    0    0    1    0
    Initial values
              E0 Imax ED50 gamma
Pop.CondInit 100  0.7  500     2
Cov.CondInit   0  0.0    0     0
-----------------------------------
----    Key algorithm options  ----
-----------------------------------
    Estimation of individual parameters (MAP)
    Estimation of standard errors and linearised log-likelihood
    Estimation of log-likelihood by importance sampling
    Number of iterations:  K1=300, K2=100 
    Number of chains:  1 
    Seed:  7927570 
    Number of MCMC iterations for IS:  5000 
    Simulations:
        nb of simulated datasets used for npde:  1000 
        nb of simulated datasets used for VPC:  100 
    Input/output
        save the results to a file:  FALSE 
        save the graphs to files:  FALSE 
----------------------------------------------------
----                  Results                   ----
----------------------------------------------------
-----------------  Fixed effects  ------------------
----------------------------------------------------
     Parameter        Estimate SE     CV(%) p-value
[1,] E0               102.65    1.179  1.1  -      
[2,] Imax               0.69    0.011  1.6  -      
[3,] ED50             457.75   20.403  4.5  -      
[4,] beta_group(ED50)  -0.42    0.059 14.2  1e-12  
[5,] gamma              2.09    0.075  3.6  -      
[6,] a.1                4.96    0.174  3.5  -      
----------------------------------------------------
-----------  Variance of random effects  -----------
----------------------------------------------------
     Parameter   Estimate SE     CV(%)
E0   omega2.E0   0.011    0.0018 16   
ED50 omega2.ED50 0.074    0.0125 17   
----------------------------------------------------
------  Correlation matrix of random effects  ------
----------------------------------------------------
            omega2.E0 omega2.ED50
omega2.E0   1         0          
omega2.ED50 0         1          
----------------------------------------------------
---------------  Statistical criteria  -------------
----------------------------------------------------
Likelihood computed by linearisation
      -2LL= 4067.503 
      AIC = 4083.503 
      BIC = 4104.345 

Likelihood computed by importance sampling
      -2LL= 4067.94 
      AIC = 4083.94 
      BIC = 4104.781 
----------------------------------------------------
----------------------------------------------------
-----------------  Fixed effects  ------------------
----------------------------------------------------
         Parameter Estimate     SE CV(%) p-value
1               E0   102.65  1.179  1.15       -
2             Imax     0.69  0.011  1.57       -
3             ED50   457.75 20.403  4.46       -
4 beta_group(ED50)    -0.42  0.059 14.23 2.1e-12
5            gamma     2.09  0.075  3.58       -
6              a.1     4.96  0.174  3.52       -
----------------------------------------------------
-----------  Variance of random effects  -----------
----------------------------------------------------
       Parameter Estimate     SE CV(%)
E0     omega2.E0    0.011 0.0018 16.46
ED50 omega2.ED50    0.074 0.0125 16.94
----------------------------------------------------
------  Correlation matrix of random effects  ------
----------------------------------------------------
            omega2.E0 omega2.ED50
omega2.E0   1.00      0.00       
omega2.ED50 0.00      1.00       
----------------------------------------------------
---------------  Statistical criteria  -------------
----------------------------------------------------
Likelihood computed by linearisation
      -2LL= 4067.503 
      AIC = 4083.503 
      BIC = 4104.345 

Likelihood computed by importance sampling
      -2LL= 4067.94 
      AIC = 4083.94 
      BIC = 4104.781 
----------------------------------------------------
Reading data from file /home/eco/work/saemix/saemixextension/simulationSuite/cont/imaxRichAdd/data/data_pdimax54.tab 
These are the first lines of the dataset as read into R. Please check the format of the data is appropriate, if not, modify the na and/or sep items and retry:
  id dose       eff group
1  1    0 115.30742     0
2  1  200 100.93008     0
3  1  400  93.28935     0
4  1  500  78.13668     0
5  1  700  70.86305     0
6  1 1000  64.67558     0


The following SaemixData object was successfully created:

Object of class SaemixData
    longitudinal data for use with the SAEM algorithm
Dataset /home/eco/work/saemix/saemixextension/simulationSuite/cont/imaxRichAdd/data/data_pdimax54.tab 
    Structured data: eff ~ dose | id 
    Predictor: dose (-) 
    covariates: group (-) 
      reference class for covariate group :  0 
Nonlinear mixed-effects model fit by the SAEM algorithm
-----------------------------------
----          Data             ----
-----------------------------------
Object of class SaemixData
    longitudinal data for use with the SAEM algorithm
Dataset /home/eco/work/saemix/saemixextension/simulationSuite/cont/imaxRichAdd/data/data_pdimax54.tab 
    Structured data: eff ~ dose | id 
    Predictor: dose (-) 
    covariates: group (-) 
      reference class for covariate group :  0 
Dataset characteristics:
    number of subjects:     100 
    number of observations: 600 
    average/min/max nb obs: 6.00  /  6  /  6 
First 10 lines of data:
   id dose       eff group mdv cens occ ytype
1   1    0 115.30742     0   0    0   1     1
2   1  200 100.93008     0   0    0   1     1
3   1  400  93.28935     0   0    0   1     1
4   1  500  78.13668     0   0    0   1     1
5   1  700  70.86305     0   0    0   1     1
6   1 1000  64.67558     0   0    0   1     1
7   2    0 126.17352     0   0    0   1     1
8   2  200 109.39092     0   0    0   1     1
9   2  400  76.99754     0   0    0   1     1
10  2  500  67.10615     0   0    0   1     1
-----------------------------------
----          Model            ----
-----------------------------------
Nonlinear mixed-effects model
  Model function:  PD Imax model
  Model type:  structural
function (psi, id, xidep) 
{
    dose <- xidep[, 1]
    e0 <- psi[id, 1]
    imax <- psi[id, 2]
    ed50 <- psi[id, 3]
    gamma <- psi[id, 4]
    f <- e0 * (1 - imax * (dose^gamma)/((ed50^gamma) + (dose^gamma)))
    return(f)
}
<bytecode: 0x564c33fe6fb0>
  Nb of parameters: 4 
      parameter names:  E0 Imax ED50 gamma 
      distribution:
     Parameter Distribution Estimated
[1,] E0        log-normal   Estimated
[2,] Imax      log-normal   Estimated
[3,] ED50      log-normal   Estimated
[4,] gamma     log-normal   Estimated
  Variance-covariance matrix:
      E0 Imax ED50 gamma
E0     1    0    0     0
Imax   0    0    0     0
ED50   0    0    1     0
gamma  0    0    0     0
  Error model: constant , initial values: a.1=5 
  Covariate model:
      [,1] [,2] [,3] [,4]
group    0    0    1    0
    Initial values
              E0 Imax ED50 gamma
Pop.CondInit 100  0.7  500     2
Cov.CondInit   0  0.0    0     0
-----------------------------------
----    Key algorithm options  ----
-----------------------------------
    Estimation of individual parameters (MAP)
    Estimation of standard errors and linearised log-likelihood
    Estimation of log-likelihood by importance sampling
    Number of iterations:  K1=300, K2=100 
    Number of chains:  1 
    Seed:  7927570 
    Number of MCMC iterations for IS:  5000 
    Simulations:
        nb of simulated datasets used for npde:  1000 
        nb of simulated datasets used for VPC:  100 
    Input/output
        save the results to a file:  FALSE 
        save the graphs to files:  FALSE 
----------------------------------------------------
----                  Results                   ----
----------------------------------------------------
-----------------  Fixed effects  ------------------
----------------------------------------------------
     Parameter        Estimate SE     CV(%) p-value
[1,] E0                99.95    1.260  1.3  -      
[2,] Imax               0.69    0.011  1.7  -      
[3,] ED50             490.60   22.031  4.5  -      
[4,] beta_group(ED50)  -0.45    0.059 13.1  1.2e-14
[5,] gamma              2.11    0.079  3.7  -      
[6,] a.1                5.06    0.178  3.5  -      
----------------------------------------------------
-----------  Variance of random effects  -----------
----------------------------------------------------
     Parameter   Estimate SE     CV(%)
E0   omega2.E0   0.013    0.0022 16   
ED50 omega2.ED50 0.073    0.0125 17   
----------------------------------------------------
------  Correlation matrix of random effects  ------
----------------------------------------------------
            omega2.E0 omega2.ED50
omega2.E0   1         0          
omega2.ED50 0         1          
----------------------------------------------------
---------------  Statistical criteria  -------------
----------------------------------------------------
Likelihood computed by linearisation
      -2LL= 4101.573 
      AIC = 4117.573 
      BIC = 4138.415 

Likelihood computed by importance sampling
      -2LL= 4101.793 
      AIC = 4117.793 
      BIC = 4138.635 
----------------------------------------------------
----------------------------------------------------
-----------------  Fixed effects  ------------------
----------------------------------------------------
         Parameter Estimate     SE CV(%) p-value
1               E0    99.95  1.260  1.26       -
2             Imax     0.69  0.011  1.66       -
3             ED50   490.60 22.031  4.49       -
4 beta_group(ED50)    -0.45  0.059 13.11 2.4e-14
5            gamma     2.11  0.079  3.72       -
6              a.1     5.06  0.178  3.52       -
----------------------------------------------------
-----------  Variance of random effects  -----------
----------------------------------------------------
       Parameter Estimate     SE CV(%)
E0     omega2.E0    0.013 0.0022 16.14
ED50 omega2.ED50    0.073 0.0125 17.17
----------------------------------------------------
------  Correlation matrix of random effects  ------
----------------------------------------------------
            omega2.E0 omega2.ED50
omega2.E0   1.00      0.00       
omega2.ED50 0.00      1.00       
----------------------------------------------------
---------------  Statistical criteria  -------------
----------------------------------------------------
Likelihood computed by linearisation
      -2LL= 4101.573 
      AIC = 4117.573 
      BIC = 4138.415 

Likelihood computed by importance sampling
      -2LL= 4101.793 
      AIC = 4117.793 
      BIC = 4138.635 
----------------------------------------------------
Reading data from file /home/eco/work/saemix/saemixextension/simulationSuite/cont/imaxRichAdd/data/data_pdimax55.tab 
These are the first lines of the dataset as read into R. Please check the format of the data is appropriate, if not, modify the na and/or sep items and retry:
  id dose       eff group
1  1    0 110.71631     0
2  1  200 106.35760     0
3  1  400 107.18244     0
4  1  500  93.86632     0
5  1  700  85.10224     0
6  1 1000  64.29019     0


The following SaemixData object was successfully created:

Object of class SaemixData
    longitudinal data for use with the SAEM algorithm
Dataset /home/eco/work/saemix/saemixextension/simulationSuite/cont/imaxRichAdd/data/data_pdimax55.tab 
    Structured data: eff ~ dose | id 
    Predictor: dose (-) 
    covariates: group (-) 
      reference class for covariate group :  0 
Nonlinear mixed-effects model fit by the SAEM algorithm
-----------------------------------
----          Data             ----
-----------------------------------
Object of class SaemixData
    longitudinal data for use with the SAEM algorithm
Dataset /home/eco/work/saemix/saemixextension/simulationSuite/cont/imaxRichAdd/data/data_pdimax55.tab 
    Structured data: eff ~ dose | id 
    Predictor: dose (-) 
    covariates: group (-) 
      reference class for covariate group :  0 
Dataset characteristics:
    number of subjects:     100 
    number of observations: 600 
    average/min/max nb obs: 6.00  /  6  /  6 
First 10 lines of data:
   id dose       eff group mdv cens occ ytype
1   1    0 110.71631     0   0    0   1     1
2   1  200 106.35760     0   0    0   1     1
3   1  400 107.18244     0   0    0   1     1
4   1  500  93.86632     0   0    0   1     1
5   1  700  85.10224     0   0    0   1     1
6   1 1000  64.29019     0   0    0   1     1
7   2    0 115.38964     0   0    0   1     1
8   2  200 108.23802     0   0    0   1     1
9   2  400  81.37189     0   0    0   1     1
10  2  500  76.27975     0   0    0   1     1
-----------------------------------
----          Model            ----
-----------------------------------
Nonlinear mixed-effects model
  Model function:  PD Imax model
  Model type:  structural
function (psi, id, xidep) 
{
    dose <- xidep[, 1]
    e0 <- psi[id, 1]
    imax <- psi[id, 2]
    ed50 <- psi[id, 3]
    gamma <- psi[id, 4]
    f <- e0 * (1 - imax * (dose^gamma)/((ed50^gamma) + (dose^gamma)))
    return(f)
}
<bytecode: 0x564c33fe6fb0>
  Nb of parameters: 4 
      parameter names:  E0 Imax ED50 gamma 
      distribution:
     Parameter Distribution Estimated
[1,] E0        log-normal   Estimated
[2,] Imax      log-normal   Estimated
[3,] ED50      log-normal   Estimated
[4,] gamma     log-normal   Estimated
  Variance-covariance matrix:
      E0 Imax ED50 gamma
E0     1    0    0     0
Imax   0    0    0     0
ED50   0    0    1     0
gamma  0    0    0     0
  Error model: constant , initial values: a.1=5 
  Covariate model:
      [,1] [,2] [,3] [,4]
group    0    0    1    0
    Initial values
              E0 Imax ED50 gamma
Pop.CondInit 100  0.7  500     2
Cov.CondInit   0  0.0    0     0
-----------------------------------
----    Key algorithm options  ----
-----------------------------------
    Estimation of individual parameters (MAP)
    Estimation of standard errors and linearised log-likelihood
    Estimation of log-likelihood by importance sampling
    Number of iterations:  K1=300, K2=100 
    Number of chains:  1 
    Seed:  7927570 
    Number of MCMC iterations for IS:  5000 
    Simulations:
        nb of simulated datasets used for npde:  1000 
        nb of simulated datasets used for VPC:  100 
    Input/output
        save the results to a file:  FALSE 
        save the graphs to files:  FALSE 
----------------------------------------------------
----                  Results                   ----
----------------------------------------------------
-----------------  Fixed effects  ------------------
----------------------------------------------------
     Parameter        Estimate SE     CV(%) p-value
[1,] E0               101.39    1.106  1.1  -      
[2,] Imax               0.71    0.012  1.6  -      
[3,] ED50             553.35   28.069  5.1  -      
[4,] beta_group(ED50)  -0.60    0.068 11.2  0      
[5,] gamma              1.92    0.065  3.4  -      
[6,] a.1                4.62    0.163  3.5  -      
----------------------------------------------------
-----------  Variance of random effects  -----------
----------------------------------------------------
     Parameter   Estimate SE     CV(%)
E0   omega2.E0   0.0099   0.0016 16   
ED50 omega2.ED50 0.1006   0.0161 16   
----------------------------------------------------
------  Correlation matrix of random effects  ------
----------------------------------------------------
            omega2.E0 omega2.ED50
omega2.E0   1         0          
omega2.ED50 0         1          
----------------------------------------------------
---------------  Statistical criteria  -------------
----------------------------------------------------
Likelihood computed by linearisation
      -2LL= 4027.665 
      AIC = 4043.665 
      BIC = 4064.506 

Likelihood computed by importance sampling
      -2LL= 4027.762 
      AIC = 4043.762 
      BIC = 4064.603 
----------------------------------------------------
----------------------------------------------------
-----------------  Fixed effects  ------------------
----------------------------------------------------
         Parameter Estimate     SE CV(%) p-value
1               E0   101.39  1.106  1.09       -
2             Imax     0.71  0.012  1.62       -
3             ED50   553.35 28.069  5.07       -
4 beta_group(ED50)    -0.60  0.068 11.23    0.00
5            gamma     1.92  0.065  3.40       -
6              a.1     4.62  0.163  3.52       -
----------------------------------------------------
-----------  Variance of random effects  -----------
----------------------------------------------------
       Parameter Estimate     SE CV(%)
E0     omega2.E0   0.0099 0.0016 16.43
ED50 omega2.ED50   0.1006 0.0161 16.06
----------------------------------------------------
------  Correlation matrix of random effects  ------
----------------------------------------------------
            omega2.E0 omega2.ED50
omega2.E0   1.00      0.00       
omega2.ED50 0.00      1.00       
----------------------------------------------------
---------------  Statistical criteria  -------------
----------------------------------------------------
Likelihood computed by linearisation
      -2LL= 4027.665 
      AIC = 4043.665 
      BIC = 4064.506 

Likelihood computed by importance sampling
      -2LL= 4027.762 
      AIC = 4043.762 
      BIC = 4064.603 
----------------------------------------------------
Reading data from file /home/eco/work/saemix/saemixextension/simulationSuite/cont/imaxRichAdd/data/data_pdimax56.tab 
These are the first lines of the dataset as read into R. Please check the format of the data is appropriate, if not, modify the na and/or sep items and retry:
  id dose      eff group
1  1    0 95.15674     0
2  1  200 85.84484     0
3  1  400 60.04114     0
4  1  500 55.11450     0
5  1  700 57.28922     0
6  1 1000 37.67621     0


The following SaemixData object was successfully created:

Object of class SaemixData
    longitudinal data for use with the SAEM algorithm
Dataset /home/eco/work/saemix/saemixextension/simulationSuite/cont/imaxRichAdd/data/data_pdimax56.tab 
    Structured data: eff ~ dose | id 
    Predictor: dose (-) 
    covariates: group (-) 
      reference class for covariate group :  0 
Nonlinear mixed-effects model fit by the SAEM algorithm
-----------------------------------
----          Data             ----
-----------------------------------
Object of class SaemixData
    longitudinal data for use with the SAEM algorithm
Dataset /home/eco/work/saemix/saemixextension/simulationSuite/cont/imaxRichAdd/data/data_pdimax56.tab 
    Structured data: eff ~ dose | id 
    Predictor: dose (-) 
    covariates: group (-) 
      reference class for covariate group :  0 
Dataset characteristics:
    number of subjects:     100 
    number of observations: 600 
    average/min/max nb obs: 6.00  /  6  /  6 
First 10 lines of data:
   id dose      eff group mdv cens occ ytype
1   1    0 95.15674     0   0    0   1     1
2   1  200 85.84484     0   0    0   1     1
3   1  400 60.04114     0   0    0   1     1
4   1  500 55.11450     0   0    0   1     1
5   1  700 57.28922     0   0    0   1     1
6   1 1000 37.67621     0   0    0   1     1
7   2    0 98.52437     0   0    0   1     1
8   2  200 77.69930     0   0    0   1     1
9   2  400 78.75402     0   0    0   1     1
10  2  500 68.34861     0   0    0   1     1
-----------------------------------
----          Model            ----
-----------------------------------
Nonlinear mixed-effects model
  Model function:  PD Imax model
  Model type:  structural
function (psi, id, xidep) 
{
    dose <- xidep[, 1]
    e0 <- psi[id, 1]
    imax <- psi[id, 2]
    ed50 <- psi[id, 3]
    gamma <- psi[id, 4]
    f <- e0 * (1 - imax * (dose^gamma)/((ed50^gamma) + (dose^gamma)))
    return(f)
}
<bytecode: 0x564c33fe6fb0>
  Nb of parameters: 4 
      parameter names:  E0 Imax ED50 gamma 
      distribution:
     Parameter Distribution Estimated
[1,] E0        log-normal   Estimated
[2,] Imax      log-normal   Estimated
[3,] ED50      log-normal   Estimated
[4,] gamma     log-normal   Estimated
  Variance-covariance matrix:
      E0 Imax ED50 gamma
E0     1    0    0     0
Imax   0    0    0     0
ED50   0    0    1     0
gamma  0    0    0     0
  Error model: constant , initial values: a.1=5 
  Covariate model:
      [,1] [,2] [,3] [,4]
group    0    0    1    0
    Initial values
              E0 Imax ED50 gamma
Pop.CondInit 100  0.7  500     2
Cov.CondInit   0  0.0    0     0
-----------------------------------
----    Key algorithm options  ----
-----------------------------------
    Estimation of individual parameters (MAP)
    Estimation of standard errors and linearised log-likelihood
    Estimation of log-likelihood by importance sampling
    Number of iterations:  K1=300, K2=100 
    Number of chains:  1 
    Seed:  7927570 
    Number of MCMC iterations for IS:  5000 
    Simulations:
        nb of simulated datasets used for npde:  1000 
        nb of simulated datasets used for VPC:  100 
    Input/output
        save the results to a file:  FALSE 
        save the graphs to files:  FALSE 
----------------------------------------------------
----                  Results                   ----
----------------------------------------------------
-----------------  Fixed effects  ------------------
----------------------------------------------------
     Parameter        Estimate SE     CV(%) p-value
[1,] E0                99.86    1.174  1.2  -      
[2,] Imax               0.70    0.012  1.7  -      
[3,] ED50             495.00   23.417  4.7  -      
[4,] beta_group(ED50)  -0.54    0.062 11.6  0      
[5,] gamma              1.96    0.075  3.8  -      
[6,] a.1                5.21    0.183  3.5  -      
----------------------------------------------------
-----------  Variance of random effects  -----------
----------------------------------------------------
     Parameter   Estimate SE     CV(%)
E0   omega2.E0   0.011    0.0019 17   
ED50 omega2.ED50 0.079    0.0136 17   
----------------------------------------------------
------  Correlation matrix of random effects  ------
----------------------------------------------------
            omega2.E0 omega2.ED50
omega2.E0   1         0          
omega2.ED50 0         1          
----------------------------------------------------
---------------  Statistical criteria  -------------
----------------------------------------------------
Likelihood computed by linearisation
      -2LL= 4107.461 
      AIC = 4123.461 
      BIC = 4144.303 

Likelihood computed by importance sampling
      -2LL= 4107.972 
      AIC = 4123.972 
      BIC = 4144.813 
----------------------------------------------------
----------------------------------------------------
-----------------  Fixed effects  ------------------
----------------------------------------------------
         Parameter Estimate     SE CV(%) p-value
1               E0    99.86  1.174  1.18       -
2             Imax     0.70  0.012  1.74       -
3             ED50   495.00 23.417  4.73       -
4 beta_group(ED50)    -0.54  0.062 11.59    0.00
5            gamma     1.96  0.075  3.85       -
6              a.1     5.21  0.183  3.52       -
----------------------------------------------------
-----------  Variance of random effects  -----------
----------------------------------------------------
       Parameter Estimate     SE CV(%)
E0     omega2.E0    0.011 0.0019 16.76
ED50 omega2.ED50    0.079 0.0136 17.29
----------------------------------------------------
------  Correlation matrix of random effects  ------
----------------------------------------------------
            omega2.E0 omega2.ED50
omega2.E0   1.00      0.00       
omega2.ED50 0.00      1.00       
----------------------------------------------------
---------------  Statistical criteria  -------------
----------------------------------------------------
Likelihood computed by linearisation
      -2LL= 4107.461 
      AIC = 4123.461 
      BIC = 4144.303 

Likelihood computed by importance sampling
      -2LL= 4107.972 
      AIC = 4123.972 
      BIC = 4144.813 
----------------------------------------------------
Reading data from file /home/eco/work/saemix/saemixextension/simulationSuite/cont/imaxRichAdd/data/data_pdimax57.tab 
These are the first lines of the dataset as read into R. Please check the format of the data is appropriate, if not, modify the na and/or sep items and retry:
  id dose       eff group
1  1    0 116.75305     0
2  1  200 109.18987     0
3  1  400  96.13779     0
4  1  500  80.41430     0
5  1  700  71.47532     0
6  1 1000  50.58115     0


The following SaemixData object was successfully created:

Object of class SaemixData
    longitudinal data for use with the SAEM algorithm
Dataset /home/eco/work/saemix/saemixextension/simulationSuite/cont/imaxRichAdd/data/data_pdimax57.tab 
    Structured data: eff ~ dose | id 
    Predictor: dose (-) 
    covariates: group (-) 
      reference class for covariate group :  0 
Nonlinear mixed-effects model fit by the SAEM algorithm
-----------------------------------
----          Data             ----
-----------------------------------
Object of class SaemixData
    longitudinal data for use with the SAEM algorithm
Dataset /home/eco/work/saemix/saemixextension/simulationSuite/cont/imaxRichAdd/data/data_pdimax57.tab 
    Structured data: eff ~ dose | id 
    Predictor: dose (-) 
    covariates: group (-) 
      reference class for covariate group :  0 
Dataset characteristics:
    number of subjects:     100 
    number of observations: 600 
    average/min/max nb obs: 6.00  /  6  /  6 
First 10 lines of data:
   id dose       eff group mdv cens occ ytype
1   1    0 116.75305     0   0    0   1     1
2   1  200 109.18987     0   0    0   1     1
3   1  400  96.13779     0   0    0   1     1
4   1  500  80.41430     0   0    0   1     1
5   1  700  71.47532     0   0    0   1     1
6   1 1000  50.58115     0   0    0   1     1
7   2    0  89.44969     0   0    0   1     1
8   2  200  90.92518     0   0    0   1     1
9   2  400  73.16405     0   0    0   1     1
10  2  500  73.05974     0   0    0   1     1
-----------------------------------
----          Model            ----
-----------------------------------
Nonlinear mixed-effects model
  Model function:  PD Imax model
  Model type:  structural
function (psi, id, xidep) 
{
    dose <- xidep[, 1]
    e0 <- psi[id, 1]
    imax <- psi[id, 2]
    ed50 <- psi[id, 3]
    gamma <- psi[id, 4]
    f <- e0 * (1 - imax * (dose^gamma)/((ed50^gamma) + (dose^gamma)))
    return(f)
}
<bytecode: 0x564c33fe6fb0>
  Nb of parameters: 4 
      parameter names:  E0 Imax ED50 gamma 
      distribution:
     Parameter Distribution Estimated
[1,] E0        log-normal   Estimated
[2,] Imax      log-normal   Estimated
[3,] ED50      log-normal   Estimated
[4,] gamma     log-normal   Estimated
  Variance-covariance matrix:
      E0 Imax ED50 gamma
E0     1    0    0     0
Imax   0    0    0     0
ED50   0    0    1     0
gamma  0    0    0     0
  Error model: constant , initial values: a.1=5 
  Covariate model:
      [,1] [,2] [,3] [,4]
group    0    0    1    0
    Initial values
              E0 Imax ED50 gamma
Pop.CondInit 100  0.7  500     2
Cov.CondInit   0  0.0    0     0
-----------------------------------
----    Key algorithm options  ----
-----------------------------------
    Estimation of individual parameters (MAP)
    Estimation of standard errors and linearised log-likelihood
    Estimation of log-likelihood by importance sampling
    Number of iterations:  K1=300, K2=100 
    Number of chains:  1 
    Seed:  7927570 
    Number of MCMC iterations for IS:  5000 
    Simulations:
        nb of simulated datasets used for npde:  1000 
        nb of simulated datasets used for VPC:  100 
    Input/output
        save the results to a file:  FALSE 
        save the graphs to files:  FALSE 
----------------------------------------------------
----                  Results                   ----
----------------------------------------------------
-----------------  Fixed effects  ------------------
----------------------------------------------------
     Parameter        Estimate SE     CV(%) p-value
[1,] E0               100.14    0.981  0.98 -      
[2,] Imax               0.71    0.011  1.61 -      
[3,] ED50             516.82   24.152  4.67 -      
[4,] beta_group(ED50)  -0.62    0.062  9.99 0      
[5,] gamma              1.96    0.071  3.63 -      
[6,] a.1                5.04    0.176  3.50 -      
----------------------------------------------------
-----------  Variance of random effects  -----------
----------------------------------------------------
     Parameter   Estimate SE     CV(%)
E0   omega2.E0   0.0072   0.0013 18   
ED50 omega2.ED50 0.0810   0.0137 17   
----------------------------------------------------
------  Correlation matrix of random effects  ------
----------------------------------------------------
            omega2.E0 omega2.ED50
omega2.E0   1         0          
omega2.ED50 0         1          
----------------------------------------------------
---------------  Statistical criteria  -------------
----------------------------------------------------
Likelihood computed by linearisation
      -2LL= 4047.445 
      AIC = 4063.445 
      BIC = 4084.287 

Likelihood computed by importance sampling
      -2LL= 4049.421 
      AIC = 4065.421 
      BIC = 4086.263 
----------------------------------------------------
----------------------------------------------------
-----------------  Fixed effects  ------------------
----------------------------------------------------
         Parameter Estimate     SE CV(%) p-value
1               E0   100.14  0.981  0.98       -
2             Imax     0.71  0.011  1.61       -
3             ED50   516.82 24.152  4.67       -
4 beta_group(ED50)    -0.62  0.062  9.99    0.00
5            gamma     1.96  0.071  3.63       -
6              a.1     5.04  0.176  3.50       -
----------------------------------------------------
-----------  Variance of random effects  -----------
----------------------------------------------------
       Parameter Estimate     SE CV(%)
E0     omega2.E0   0.0072 0.0013 17.94
ED50 omega2.ED50   0.0810 0.0137 16.87
----------------------------------------------------
------  Correlation matrix of random effects  ------
----------------------------------------------------
            omega2.E0 omega2.ED50
omega2.E0   1.00      0.00       
omega2.ED50 0.00      1.00       
----------------------------------------------------
---------------  Statistical criteria  -------------
----------------------------------------------------
Likelihood computed by linearisation
      -2LL= 4047.445 
      AIC = 4063.445 
      BIC = 4084.287 

Likelihood computed by importance sampling
      -2LL= 4049.421 
      AIC = 4065.421 
      BIC = 4086.263 
----------------------------------------------------
Reading data from file /home/eco/work/saemix/saemixextension/simulationSuite/cont/imaxRichAdd/data/data_pdimax58.tab 
These are the first lines of the dataset as read into R. Please check the format of the data is appropriate, if not, modify the na and/or sep items and retry:
  id dose      eff group
1  1    0 89.48564     0
2  1  200 69.80806     0
3  1  400 46.13192     0
4  1  500 46.99452     0
5  1  700 34.15299     0
6  1 1000 39.12690     0


The following SaemixData object was successfully created:

Object of class SaemixData
    longitudinal data for use with the SAEM algorithm
Dataset /home/eco/work/saemix/saemixextension/simulationSuite/cont/imaxRichAdd/data/data_pdimax58.tab 
    Structured data: eff ~ dose | id 
    Predictor: dose (-) 
    covariates: group (-) 
      reference class for covariate group :  0 
Nonlinear mixed-effects model fit by the SAEM algorithm
-----------------------------------
----          Data             ----
-----------------------------------
Object of class SaemixData
    longitudinal data for use with the SAEM algorithm
Dataset /home/eco/work/saemix/saemixextension/simulationSuite/cont/imaxRichAdd/data/data_pdimax58.tab 
    Structured data: eff ~ dose | id 
    Predictor: dose (-) 
    covariates: group (-) 
      reference class for covariate group :  0 
Dataset characteristics:
    number of subjects:     100 
    number of observations: 600 
    average/min/max nb obs: 6.00  /  6  /  6 
First 10 lines of data:
   id dose      eff group mdv cens occ ytype
1   1    0 89.48564     0   0    0   1     1
2   1  200 69.80806     0   0    0   1     1
3   1  400 46.13192     0   0    0   1     1
4   1  500 46.99452     0   0    0   1     1
5   1  700 34.15299     0   0    0   1     1
6   1 1000 39.12690     0   0    0   1     1
7   2    0 91.82292     0   0    0   1     1
8   2  200 76.10378     0   0    0   1     1
9   2  400 53.65765     0   0    0   1     1
10  2  500 41.68909     0   0    0   1     1
-----------------------------------
----          Model            ----
-----------------------------------
Nonlinear mixed-effects model
  Model function:  PD Imax model
  Model type:  structural
function (psi, id, xidep) 
{
    dose <- xidep[, 1]
    e0 <- psi[id, 1]
    imax <- psi[id, 2]
    ed50 <- psi[id, 3]
    gamma <- psi[id, 4]
    f <- e0 * (1 - imax * (dose^gamma)/((ed50^gamma) + (dose^gamma)))
    return(f)
}
<bytecode: 0x564c33fe6fb0>
  Nb of parameters: 4 
      parameter names:  E0 Imax ED50 gamma 
      distribution:
     Parameter Distribution Estimated
[1,] E0        log-normal   Estimated
[2,] Imax      log-normal   Estimated
[3,] ED50      log-normal   Estimated
[4,] gamma     log-normal   Estimated
  Variance-covariance matrix:
      E0 Imax ED50 gamma
E0     1    0    0     0
Imax   0    0    0     0
ED50   0    0    1     0
gamma  0    0    0     0
  Error model: constant , initial values: a.1=5 
  Covariate model:
      [,1] [,2] [,3] [,4]
group    0    0    1    0
    Initial values
              E0 Imax ED50 gamma
Pop.CondInit 100  0.7  500     2
Cov.CondInit   0  0.0    0     0
-----------------------------------
----    Key algorithm options  ----
-----------------------------------
    Estimation of individual parameters (MAP)
    Estimation of standard errors and linearised log-likelihood
    Estimation of log-likelihood by importance sampling
    Number of iterations:  K1=300, K2=100 
    Number of chains:  1 
    Seed:  7927570 
    Number of MCMC iterations for IS:  5000 
    Simulations:
        nb of simulated datasets used for npde:  1000 
        nb of simulated datasets used for VPC:  100 
    Input/output
        save the results to a file:  FALSE 
        save the graphs to files:  FALSE 
----------------------------------------------------
----                  Results                   ----
----------------------------------------------------
-----------------  Fixed effects  ------------------
----------------------------------------------------
     Parameter        Estimate SE     CV(%) p-value
[1,] E0               101.72    1.139  1.1  -      
[2,] Imax               0.71    0.013  1.8  -      
[3,] ED50             460.83   23.754  5.2  -      
[4,] beta_group(ED50)  -0.41    0.068 16.3  4.6e-10
[5,] gamma              1.89    0.072  3.8  -      
[6,] a.1                5.14    0.181  3.5  -      
----------------------------------------------------
-----------  Variance of random effects  -----------
----------------------------------------------------
     Parameter   Estimate SE     CV(%)
E0   omega2.E0   0.010    0.0017 17   
ED50 omega2.ED50 0.097    0.0161 17   
----------------------------------------------------
------  Correlation matrix of random effects  ------
----------------------------------------------------
            omega2.E0 omega2.ED50
omega2.E0   1         0          
omega2.ED50 0         1          
----------------------------------------------------
---------------  Statistical criteria  -------------
----------------------------------------------------
Likelihood computed by linearisation
      -2LL= 4106.538 
      AIC = 4122.538 
      BIC = 4143.379 

Likelihood computed by importance sampling
      -2LL= 4106.787 
      AIC = 4122.787 
      BIC = 4143.629 
----------------------------------------------------
----------------------------------------------------
-----------------  Fixed effects  ------------------
----------------------------------------------------
         Parameter Estimate     SE CV(%) p-value
1               E0   101.72  1.139  1.12       -
2             Imax     0.71  0.013  1.80       -
3             ED50   460.83 23.754  5.15       -
4 beta_group(ED50)    -0.41  0.068 16.33 9.2e-10
5            gamma     1.89  0.072  3.81       -
6              a.1     5.14  0.181  3.52       -
----------------------------------------------------
-----------  Variance of random effects  -----------
----------------------------------------------------
       Parameter Estimate     SE CV(%)
E0     omega2.E0    0.010 0.0017 17.00
ED50 omega2.ED50    0.097 0.0161 16.67
----------------------------------------------------
------  Correlation matrix of random effects  ------
----------------------------------------------------
            omega2.E0 omega2.ED50
omega2.E0   1.00      0.00       
omega2.ED50 0.00      1.00       
----------------------------------------------------
---------------  Statistical criteria  -------------
----------------------------------------------------
Likelihood computed by linearisation
      -2LL= 4106.538 
      AIC = 4122.538 
      BIC = 4143.379 

Likelihood computed by importance sampling
      -2LL= 4106.787 
      AIC = 4122.787 
      BIC = 4143.629 
----------------------------------------------------
Reading data from file /home/eco/work/saemix/saemixextension/simulationSuite/cont/imaxRichAdd/data/data_pdimax59.tab 
These are the first lines of the dataset as read into R. Please check the format of the data is appropriate, if not, modify the na and/or sep items and retry:
  id dose      eff group
1  1    0 91.84275     0
2  1  200 88.80883     0
3  1  400 69.13158     0
4  1  500 72.78244     0
5  1  700 59.67887     0
6  1 1000 47.61723     0


The following SaemixData object was successfully created:

Object of class SaemixData
    longitudinal data for use with the SAEM algorithm
Dataset /home/eco/work/saemix/saemixextension/simulationSuite/cont/imaxRichAdd/data/data_pdimax59.tab 
    Structured data: eff ~ dose | id 
    Predictor: dose (-) 
    covariates: group (-) 
      reference class for covariate group :  0 
Nonlinear mixed-effects model fit by the SAEM algorithm
-----------------------------------
----          Data             ----
-----------------------------------
Object of class SaemixData
    longitudinal data for use with the SAEM algorithm
Dataset /home/eco/work/saemix/saemixextension/simulationSuite/cont/imaxRichAdd/data/data_pdimax59.tab 
    Structured data: eff ~ dose | id 
    Predictor: dose (-) 
    covariates: group (-) 
      reference class for covariate group :  0 
Dataset characteristics:
    number of subjects:     100 
    number of observations: 600 
    average/min/max nb obs: 6.00  /  6  /  6 
First 10 lines of data:
   id dose       eff group mdv cens occ ytype
1   1    0  91.84275     0   0    0   1     1
2   1  200  88.80883     0   0    0   1     1
3   1  400  69.13158     0   0    0   1     1
4   1  500  72.78244     0   0    0   1     1
5   1  700  59.67887     0   0    0   1     1
6   1 1000  47.61723     0   0    0   1     1
7   2    0 107.43873     0   0    0   1     1
8   2  200 104.78925     0   0    0   1     1
9   2  400  89.60441     0   0    0   1     1
10  2  500  89.15564     0   0    0   1     1
-----------------------------------
----          Model            ----
-----------------------------------
Nonlinear mixed-effects model
  Model function:  PD Imax model
  Model type:  structural
function (psi, id, xidep) 
{
    dose <- xidep[, 1]
    e0 <- psi[id, 1]
    imax <- psi[id, 2]
    ed50 <- psi[id, 3]
    gamma <- psi[id, 4]
    f <- e0 * (1 - imax * (dose^gamma)/((ed50^gamma) + (dose^gamma)))
    return(f)
}
<bytecode: 0x564c33fe6fb0>
  Nb of parameters: 4 
      parameter names:  E0 Imax ED50 gamma 
      distribution:
     Parameter Distribution Estimated
[1,] E0        log-normal   Estimated
[2,] Imax      log-normal   Estimated
[3,] ED50      log-normal   Estimated
[4,] gamma     log-normal   Estimated
  Variance-covariance matrix:
      E0 Imax ED50 gamma
E0     1    0    0     0
Imax   0    0    0     0
ED50   0    0    1     0
gamma  0    0    0     0
  Error model: constant , initial values: a.1=5 
  Covariate model:
      [,1] [,2] [,3] [,4]
group    0    0    1    0
    Initial values
              E0 Imax ED50 gamma
Pop.CondInit 100  0.7  500     2
Cov.CondInit   0  0.0    0     0
-----------------------------------
----    Key algorithm options  ----
-----------------------------------
    Estimation of individual parameters (MAP)
    Estimation of standard errors and linearised log-likelihood
    Estimation of log-likelihood by importance sampling
    Number of iterations:  K1=300, K2=100 
    Number of chains:  1 
    Seed:  7927570 
    Number of MCMC iterations for IS:  5000 
    Simulations:
        nb of simulated datasets used for npde:  1000 
        nb of simulated datasets used for VPC:  100 
    Input/output
        save the results to a file:  FALSE 
        save the graphs to files:  FALSE 
----------------------------------------------------
----                  Results                   ----
----------------------------------------------------
-----------------  Fixed effects  ------------------
----------------------------------------------------
     Parameter        Estimate SE     CV(%) p-value
[1,] E0                98.99    1.151  1.2  -      
[2,] Imax               0.69    0.012  1.8  -      
[3,] ED50             522.51   28.272  5.4  -      
[4,] beta_group(ED50)  -0.51    0.073 14.2  9.6e-13
[5,] gamma              2.06    0.080  3.9  -      
[6,] a.1                5.23    0.184  3.5  -      
----------------------------------------------------
-----------  Variance of random effects  -----------
----------------------------------------------------
     Parameter   Estimate SE     CV(%)
E0   omega2.E0   0.011    0.0018 17   
ED50 omega2.ED50 0.115    0.0187 16   
----------------------------------------------------
------  Correlation matrix of random effects  ------
----------------------------------------------------
            omega2.E0 omega2.ED50
omega2.E0   1         0          
omega2.ED50 0         1          
----------------------------------------------------
---------------  Statistical criteria  -------------
----------------------------------------------------
Likelihood computed by linearisation
      -2LL= 4145.439 
      AIC = 4161.439 
      BIC = 4182.281 

Likelihood computed by importance sampling
      -2LL= 4145.947 
      AIC = 4161.947 
      BIC = 4182.788 
----------------------------------------------------
----------------------------------------------------
-----------------  Fixed effects  ------------------
----------------------------------------------------
         Parameter Estimate     SE CV(%) p-value
1               E0    98.99  1.151  1.16       -
2             Imax     0.69  0.012  1.76       -
3             ED50   522.51 28.272  5.41       -
4 beta_group(ED50)    -0.51  0.073 14.20 1.9e-12
5            gamma     2.06  0.080  3.86       -
6              a.1     5.23  0.184  3.52       -
----------------------------------------------------
-----------  Variance of random effects  -----------
----------------------------------------------------
       Parameter Estimate     SE CV(%)
E0     omega2.E0    0.011 0.0018 16.87
ED50 omega2.ED50    0.115 0.0187 16.28
----------------------------------------------------
------  Correlation matrix of random effects  ------
----------------------------------------------------
            omega2.E0 omega2.ED50
omega2.E0   1.00      0.00       
omega2.ED50 0.00      1.00       
----------------------------------------------------
---------------  Statistical criteria  -------------
----------------------------------------------------
Likelihood computed by linearisation
      -2LL= 4145.439 
      AIC = 4161.439 
      BIC = 4182.281 

Likelihood computed by importance sampling
      -2LL= 4145.947 
      AIC = 4161.947 
      BIC = 4182.788 
----------------------------------------------------
Reading data from file /home/eco/work/saemix/saemixextension/simulationSuite/cont/imaxRichAdd/data/data_pdimax60.tab 
These are the first lines of the dataset as read into R. Please check the format of the data is appropriate, if not, modify the na and/or sep items and retry:
  id dose      eff group
1  1    0 97.52687     0
2  1  200 91.79239     0
3  1  400 80.01453     0
4  1  500 86.62605     0
5  1  700 57.67652     0
6  1 1000 59.79776     0


The following SaemixData object was successfully created:

Object of class SaemixData
    longitudinal data for use with the SAEM algorithm
Dataset /home/eco/work/saemix/saemixextension/simulationSuite/cont/imaxRichAdd/data/data_pdimax60.tab 
    Structured data: eff ~ dose | id 
    Predictor: dose (-) 
    covariates: group (-) 
      reference class for covariate group :  0 
Nonlinear mixed-effects model fit by the SAEM algorithm
-----------------------------------
----          Data             ----
-----------------------------------
Object of class SaemixData
    longitudinal data for use with the SAEM algorithm
Dataset /home/eco/work/saemix/saemixextension/simulationSuite/cont/imaxRichAdd/data/data_pdimax60.tab 
    Structured data: eff ~ dose | id 
    Predictor: dose (-) 
    covariates: group (-) 
      reference class for covariate group :  0 
Dataset characteristics:
    number of subjects:     100 
    number of observations: 600 
    average/min/max nb obs: 6.00  /  6  /  6 
First 10 lines of data:
   id dose       eff group mdv cens occ ytype
1   1    0  97.52687     0   0    0   1     1
2   1  200  91.79239     0   0    0   1     1
3   1  400  80.01453     0   0    0   1     1
4   1  500  86.62605     0   0    0   1     1
5   1  700  57.67652     0   0    0   1     1
6   1 1000  59.79776     0   0    0   1     1
7   2    0 112.39355     0   0    0   1     1
8   2  200  92.99301     0   0    0   1     1
9   2  400  80.78963     0   0    0   1     1
10  2  500  72.32972     0   0    0   1     1
-----------------------------------
----          Model            ----
-----------------------------------
Nonlinear mixed-effects model
  Model function:  PD Imax model
  Model type:  structural
function (psi, id, xidep) 
{
    dose <- xidep[, 1]
    e0 <- psi[id, 1]
    imax <- psi[id, 2]
    ed50 <- psi[id, 3]
    gamma <- psi[id, 4]
    f <- e0 * (1 - imax * (dose^gamma)/((ed50^gamma) + (dose^gamma)))
    return(f)
}
<bytecode: 0x564c33fe6fb0>
  Nb of parameters: 4 
      parameter names:  E0 Imax ED50 gamma 
      distribution:
     Parameter Distribution Estimated
[1,] E0        log-normal   Estimated
[2,] Imax      log-normal   Estimated
[3,] ED50      log-normal   Estimated
[4,] gamma     log-normal   Estimated
  Variance-covariance matrix:
      E0 Imax ED50 gamma
E0     1    0    0     0
Imax   0    0    0     0
ED50   0    0    1     0
gamma  0    0    0     0
  Error model: constant , initial values: a.1=5 
  Covariate model:
      [,1] [,2] [,3] [,4]
group    0    0    1    0
    Initial values
              E0 Imax ED50 gamma
Pop.CondInit 100  0.7  500     2
Cov.CondInit   0  0.0    0     0
-----------------------------------
----    Key algorithm options  ----
-----------------------------------
    Estimation of individual parameters (MAP)
    Estimation of standard errors and linearised log-likelihood
    Estimation of log-likelihood by importance sampling
    Number of iterations:  K1=300, K2=100 
    Number of chains:  1 
    Seed:  7927570 
    Number of MCMC iterations for IS:  5000 
    Simulations:
        nb of simulated datasets used for npde:  1000 
        nb of simulated datasets used for VPC:  100 
    Input/output
        save the results to a file:  FALSE 
        save the graphs to files:  FALSE 
----------------------------------------------------
----                  Results                   ----
----------------------------------------------------
-----------------  Fixed effects  ------------------
----------------------------------------------------
     Parameter        Estimate SE     CV(%) p-value
[1,] E0                98.82    1.065  1.1  -      
[2,] Imax               0.69    0.011  1.6  -      
[3,] ED50             504.44   27.020  5.4  -      
[4,] beta_group(ED50)  -0.58    0.073 12.5  4.4e-16
[5,] gamma              2.05    0.078  3.8  -      
[6,] a.1                5.18    0.182  3.5  -      
----------------------------------------------------
-----------  Variance of random effects  -----------
----------------------------------------------------
     Parameter   Estimate SE     CV(%)
E0   omega2.E0   0.009    0.0016 17   
ED50 omega2.ED50 0.115    0.0187 16   
----------------------------------------------------
------  Correlation matrix of random effects  ------
----------------------------------------------------
            omega2.E0 omega2.ED50
omega2.E0   1         0          
omega2.ED50 0         1          
----------------------------------------------------
---------------  Statistical criteria  -------------
----------------------------------------------------
Likelihood computed by linearisation
      -2LL= 4111.686 
      AIC = 4127.686 
      BIC = 4148.528 

Likelihood computed by importance sampling
      -2LL= 4112.667 
      AIC = 4128.667 
      BIC = 4149.508 
----------------------------------------------------
----------------------------------------------------
-----------------  Fixed effects  ------------------
----------------------------------------------------
         Parameter Estimate     SE CV(%) p-value
1               E0    98.82  1.065  1.08       -
2             Imax     0.69  0.011  1.59       -
3             ED50   504.44 27.020  5.36       -
4 beta_group(ED50)    -0.58  0.073 12.45 8.9e-16
5            gamma     2.05  0.078  3.78       -
6              a.1     5.18  0.182  3.52       -
----------------------------------------------------
-----------  Variance of random effects  -----------
----------------------------------------------------
       Parameter Estimate     SE CV(%)
E0     omega2.E0    0.009 0.0016 17.43
ED50 omega2.ED50    0.115 0.0187 16.29
----------------------------------------------------
------  Correlation matrix of random effects  ------
----------------------------------------------------
            omega2.E0 omega2.ED50
omega2.E0   1.00      0.00       
omega2.ED50 0.00      1.00       
----------------------------------------------------
---------------  Statistical criteria  -------------
----------------------------------------------------
Likelihood computed by linearisation
      -2LL= 4111.686 
      AIC = 4127.686 
      BIC = 4148.528 

Likelihood computed by importance sampling
      -2LL= 4112.667 
      AIC = 4128.667 
      BIC = 4149.508 
----------------------------------------------------
Reading data from file /home/eco/work/saemix/saemixextension/simulationSuite/cont/imaxRichAdd/data/data_pdimax61.tab 
These are the first lines of the dataset as read into R. Please check the format of the data is appropriate, if not, modify the na and/or sep items and retry:
  id dose      eff group
1  1    0 94.84698     0
2  1  200 93.41117     0
3  1  400 67.67723     0
4  1  500 61.23951     0
5  1  700 54.34357     0
6  1 1000 42.97025     0


The following SaemixData object was successfully created:

Object of class SaemixData
    longitudinal data for use with the SAEM algorithm
Dataset /home/eco/work/saemix/saemixextension/simulationSuite/cont/imaxRichAdd/data/data_pdimax61.tab 
    Structured data: eff ~ dose | id 
    Predictor: dose (-) 
    covariates: group (-) 
      reference class for covariate group :  0 
Nonlinear mixed-effects model fit by the SAEM algorithm
-----------------------------------
----          Data             ----
-----------------------------------
Object of class SaemixData
    longitudinal data for use with the SAEM algorithm
Dataset /home/eco/work/saemix/saemixextension/simulationSuite/cont/imaxRichAdd/data/data_pdimax61.tab 
    Structured data: eff ~ dose | id 
    Predictor: dose (-) 
    covariates: group (-) 
      reference class for covariate group :  0 
Dataset characteristics:
    number of subjects:     100 
    number of observations: 600 
    average/min/max nb obs: 6.00  /  6  /  6 
First 10 lines of data:
   id dose       eff group mdv cens occ ytype
1   1    0  94.84698     0   0    0   1     1
2   1  200  93.41117     0   0    0   1     1
3   1  400  67.67723     0   0    0   1     1
4   1  500  61.23951     0   0    0   1     1
5   1  700  54.34357     0   0    0   1     1
6   1 1000  42.97025     0   0    0   1     1
7   2    0 102.57037     0   0    0   1     1
8   2  200  93.29660     0   0    0   1     1
9   2  400  71.04112     0   0    0   1     1
10  2  500  68.95045     0   0    0   1     1
-----------------------------------
----          Model            ----
-----------------------------------
Nonlinear mixed-effects model
  Model function:  PD Imax model
  Model type:  structural
function (psi, id, xidep) 
{
    dose <- xidep[, 1]
    e0 <- psi[id, 1]
    imax <- psi[id, 2]
    ed50 <- psi[id, 3]
    gamma <- psi[id, 4]
    f <- e0 * (1 - imax * (dose^gamma)/((ed50^gamma) + (dose^gamma)))
    return(f)
}
<bytecode: 0x564c33fe6fb0>
  Nb of parameters: 4 
      parameter names:  E0 Imax ED50 gamma 
      distribution:
     Parameter Distribution Estimated
[1,] E0        log-normal   Estimated
[2,] Imax      log-normal   Estimated
[3,] ED50      log-normal   Estimated
[4,] gamma     log-normal   Estimated
  Variance-covariance matrix:
      E0 Imax ED50 gamma
E0     1    0    0     0
Imax   0    0    0     0
ED50   0    0    1     0
gamma  0    0    0     0
  Error model: constant , initial values: a.1=5 
  Covariate model:
      [,1] [,2] [,3] [,4]
group    0    0    1    0
    Initial values
              E0 Imax ED50 gamma
Pop.CondInit 100  0.7  500     2
Cov.CondInit   0  0.0    0     0
-----------------------------------
----    Key algorithm options  ----
-----------------------------------
    Estimation of individual parameters (MAP)
    Estimation of standard errors and linearised log-likelihood
    Estimation of log-likelihood by importance sampling
    Number of iterations:  K1=300, K2=100 
    Number of chains:  1 
    Seed:  7927570 
    Number of MCMC iterations for IS:  5000 
    Simulations:
        nb of simulated datasets used for npde:  1000 
        nb of simulated datasets used for VPC:  100 
    Input/output
        save the results to a file:  FALSE 
        save the graphs to files:  FALSE 
----------------------------------------------------
----                  Results                   ----
----------------------------------------------------
-----------------  Fixed effects  ------------------
----------------------------------------------------
     Parameter        Estimate SE     CV(%) p-value
[1,] E0               100.22    1.043  1.0  -      
[2,] Imax               0.70    0.011  1.6  -      
[3,] ED50             483.20   22.266  4.6  -      
[4,] beta_group(ED50)  -0.45    0.061 13.7  1.4e-13
[5,] gamma              2.05    0.074  3.6  -      
[6,] a.1                5.03    0.177  3.5  -      
----------------------------------------------------
-----------  Variance of random effects  -----------
----------------------------------------------------
     Parameter   Estimate SE     CV(%)
E0   omega2.E0   0.0084   0.0015 17   
ED50 omega2.ED50 0.0784   0.0132 17   
----------------------------------------------------
------  Correlation matrix of random effects  ------
----------------------------------------------------
            omega2.E0 omega2.ED50
omega2.E0   1         0          
omega2.ED50 0         1          
----------------------------------------------------
---------------  Statistical criteria  -------------
----------------------------------------------------
Likelihood computed by linearisation
      -2LL= 4058.387 
      AIC = 4074.387 
      BIC = 4095.228 

Likelihood computed by importance sampling
      -2LL= 4058.867 
      AIC = 4074.867 
      BIC = 4095.708 
----------------------------------------------------
----------------------------------------------------
-----------------  Fixed effects  ------------------
----------------------------------------------------
         Parameter Estimate     SE CV(%) p-value
1               E0   100.22  1.043  1.04       -
2             Imax     0.70  0.011  1.64       -
3             ED50   483.20 22.266  4.61       -
4 beta_group(ED50)    -0.45  0.061 13.69 2.8e-13
5            gamma     2.05  0.074  3.64       -
6              a.1     5.03  0.177  3.52       -
----------------------------------------------------
-----------  Variance of random effects  -----------
----------------------------------------------------
       Parameter Estimate     SE CV(%)
E0     omega2.E0   0.0084 0.0015 17.35
ED50 omega2.ED50   0.0784 0.0132 16.82
----------------------------------------------------
------  Correlation matrix of random effects  ------
----------------------------------------------------
            omega2.E0 omega2.ED50
omega2.E0   1.00      0.00       
omega2.ED50 0.00      1.00       
----------------------------------------------------
---------------  Statistical criteria  -------------
----------------------------------------------------
Likelihood computed by linearisation
      -2LL= 4058.387 
      AIC = 4074.387 
      BIC = 4095.228 

Likelihood computed by importance sampling
      -2LL= 4058.867 
      AIC = 4074.867 
      BIC = 4095.708 
----------------------------------------------------
Reading data from file /home/eco/work/saemix/saemixextension/simulationSuite/cont/imaxRichAdd/data/data_pdimax62.tab 
These are the first lines of the dataset as read into R. Please check the format of the data is appropriate, if not, modify the na and/or sep items and retry:
  id dose      eff group
1  1    0 85.15652     0
2  1  200 78.83352     0
3  1  400 59.34975     0
4  1  500 59.08865     0
5  1  700 47.01183     0
6  1 1000 49.03950     0


The following SaemixData object was successfully created:

Object of class SaemixData
    longitudinal data for use with the SAEM algorithm
Dataset /home/eco/work/saemix/saemixextension/simulationSuite/cont/imaxRichAdd/data/data_pdimax62.tab 
    Structured data: eff ~ dose | id 
    Predictor: dose (-) 
    covariates: group (-) 
      reference class for covariate group :  0 
Nonlinear mixed-effects model fit by the SAEM algorithm
-----------------------------------
----          Data             ----
-----------------------------------
Object of class SaemixData
    longitudinal data for use with the SAEM algorithm
Dataset /home/eco/work/saemix/saemixextension/simulationSuite/cont/imaxRichAdd/data/data_pdimax62.tab 
    Structured data: eff ~ dose | id 
    Predictor: dose (-) 
    covariates: group (-) 
      reference class for covariate group :  0 
Dataset characteristics:
    number of subjects:     100 
    number of observations: 600 
    average/min/max nb obs: 6.00  /  6  /  6 
First 10 lines of data:
   id dose       eff group mdv cens occ ytype
1   1    0  85.15652     0   0    0   1     1
2   1  200  78.83352     0   0    0   1     1
3   1  400  59.34975     0   0    0   1     1
4   1  500  59.08865     0   0    0   1     1
5   1  700  47.01183     0   0    0   1     1
6   1 1000  49.03950     0   0    0   1     1
7   2    0 108.20741     0   0    0   1     1
8   2  200  99.92487     0   0    0   1     1
9   2  400  76.00591     0   0    0   1     1
10  2  500  78.32589     0   0    0   1     1
-----------------------------------
----          Model            ----
-----------------------------------
Nonlinear mixed-effects model
  Model function:  PD Imax model
  Model type:  structural
function (psi, id, xidep) 
{
    dose <- xidep[, 1]
    e0 <- psi[id, 1]
    imax <- psi[id, 2]
    ed50 <- psi[id, 3]
    gamma <- psi[id, 4]
    f <- e0 * (1 - imax * (dose^gamma)/((ed50^gamma) + (dose^gamma)))
    return(f)
}
<bytecode: 0x564c33fe6fb0>
  Nb of parameters: 4 
      parameter names:  E0 Imax ED50 gamma 
      distribution:
     Parameter Distribution Estimated
[1,] E0        log-normal   Estimated
[2,] Imax      log-normal   Estimated
[3,] ED50      log-normal   Estimated
[4,] gamma     log-normal   Estimated
  Variance-covariance matrix:
      E0 Imax ED50 gamma
E0     1    0    0     0
Imax   0    0    0     0
ED50   0    0    1     0
gamma  0    0    0     0
  Error model: constant , initial values: a.1=5 
  Covariate model:
      [,1] [,2] [,3] [,4]
group    0    0    1    0
    Initial values
              E0 Imax ED50 gamma
Pop.CondInit 100  0.7  500     2
Cov.CondInit   0  0.0    0     0
-----------------------------------
----    Key algorithm options  ----
-----------------------------------
    Estimation of individual parameters (MAP)
    Estimation of standard errors and linearised log-likelihood
    Estimation of log-likelihood by importance sampling
    Number of iterations:  K1=300, K2=100 
    Number of chains:  1 
    Seed:  7927570 
    Number of MCMC iterations for IS:  5000 
    Simulations:
        nb of simulated datasets used for npde:  1000 
        nb of simulated datasets used for VPC:  100 
    Input/output
        save the results to a file:  FALSE 
        save the graphs to files:  FALSE 
----------------------------------------------------
----                  Results                   ----
----------------------------------------------------
-----------------  Fixed effects  ------------------
----------------------------------------------------
     Parameter        Estimate SE     CV(%) p-value
[1,] E0                96.10    0.965  1.0  -      
[2,] Imax               0.68    0.011  1.6  -      
[3,] ED50             467.79   22.240  4.8  -      
[4,] beta_group(ED50)  -0.48    0.064 13.3  2.3e-14
[5,] gamma              2.08    0.078  3.8  -      
[6,] a.1                4.91    0.173  3.5  -      
----------------------------------------------------
-----------  Variance of random effects  -----------
----------------------------------------------------
     Parameter   Estimate SE     CV(%)
E0   omega2.E0   0.0076   0.0014 18   
ED50 omega2.ED50 0.0862   0.0145 17   
----------------------------------------------------
------  Correlation matrix of random effects  ------
----------------------------------------------------
            omega2.E0 omega2.ED50
omega2.E0   1         0          
omega2.ED50 0         1          
----------------------------------------------------
---------------  Statistical criteria  -------------
----------------------------------------------------
Likelihood computed by linearisation
      -2LL= 4018.762 
      AIC = 4034.762 
      BIC = 4055.604 

Likelihood computed by importance sampling
      -2LL= 4018.887 
      AIC = 4034.887 
      BIC = 4055.729 
----------------------------------------------------
----------------------------------------------------
-----------------  Fixed effects  ------------------
----------------------------------------------------
         Parameter Estimate     SE CV(%) p-value
1               E0    96.10  0.965  1.00       -
2             Imax     0.68  0.011  1.59       -
3             ED50   467.79 22.240  4.75       -
4 beta_group(ED50)    -0.48  0.064 13.25 4.5e-14
5            gamma     2.08  0.078  3.75       -
6              a.1     4.91  0.173  3.52       -
----------------------------------------------------
-----------  Variance of random effects  -----------
----------------------------------------------------
       Parameter Estimate     SE CV(%)
E0     omega2.E0   0.0076 0.0014 17.86
ED50 omega2.ED50   0.0862 0.0145 16.78
----------------------------------------------------
------  Correlation matrix of random effects  ------
----------------------------------------------------
            omega2.E0 omega2.ED50
omega2.E0   1.00      0.00       
omega2.ED50 0.00      1.00       
----------------------------------------------------
---------------  Statistical criteria  -------------
----------------------------------------------------
Likelihood computed by linearisation
      -2LL= 4018.762 
      AIC = 4034.762 
      BIC = 4055.604 

Likelihood computed by importance sampling
      -2LL= 4018.887 
      AIC = 4034.887 
      BIC = 4055.729 
----------------------------------------------------
Reading data from file /home/eco/work/saemix/saemixextension/simulationSuite/cont/imaxRichAdd/data/data_pdimax63.tab 
These are the first lines of the dataset as read into R. Please check the format of the data is appropriate, if not, modify the na and/or sep items and retry:
  id dose       eff group
1  1    0 101.61781     0
2  1  200  62.50357     0
3  1  400  50.93249     0
4  1  500  39.48662     0
5  1  700  48.46732     0
6  1 1000  34.84349     0


The following SaemixData object was successfully created:

Object of class SaemixData
    longitudinal data for use with the SAEM algorithm
Dataset /home/eco/work/saemix/saemixextension/simulationSuite/cont/imaxRichAdd/data/data_pdimax63.tab 
    Structured data: eff ~ dose | id 
    Predictor: dose (-) 
    covariates: group (-) 
      reference class for covariate group :  0 
Nonlinear mixed-effects model fit by the SAEM algorithm
-----------------------------------
----          Data             ----
-----------------------------------
Object of class SaemixData
    longitudinal data for use with the SAEM algorithm
Dataset /home/eco/work/saemix/saemixextension/simulationSuite/cont/imaxRichAdd/data/data_pdimax63.tab 
    Structured data: eff ~ dose | id 
    Predictor: dose (-) 
    covariates: group (-) 
      reference class for covariate group :  0 
Dataset characteristics:
    number of subjects:     100 
    number of observations: 600 
    average/min/max nb obs: 6.00  /  6  /  6 
First 10 lines of data:
   id dose       eff group mdv cens occ ytype
1   1    0 101.61781     0   0    0   1     1
2   1  200  62.50357     0   0    0   1     1
3   1  400  50.93249     0   0    0   1     1
4   1  500  39.48662     0   0    0   1     1
5   1  700  48.46732     0   0    0   1     1
6   1 1000  34.84349     0   0    0   1     1
7   2    0  84.13165     0   0    0   1     1
8   2  200  83.55917     0   0    0   1     1
9   2  400  76.66075     0   0    0   1     1
10  2  500  62.40207     0   0    0   1     1
-----------------------------------
----          Model            ----
-----------------------------------
Nonlinear mixed-effects model
  Model function:  PD Imax model
  Model type:  structural
function (psi, id, xidep) 
{
    dose <- xidep[, 1]
    e0 <- psi[id, 1]
    imax <- psi[id, 2]
    ed50 <- psi[id, 3]
    gamma <- psi[id, 4]
    f <- e0 * (1 - imax * (dose^gamma)/((ed50^gamma) + (dose^gamma)))
    return(f)
}
<bytecode: 0x564c33fe6fb0>
  Nb of parameters: 4 
      parameter names:  E0 Imax ED50 gamma 
      distribution:
     Parameter Distribution Estimated
[1,] E0        log-normal   Estimated
[2,] Imax      log-normal   Estimated
[3,] ED50      log-normal   Estimated
[4,] gamma     log-normal   Estimated
  Variance-covariance matrix:
      E0 Imax ED50 gamma
E0     1    0    0     0
Imax   0    0    0     0
ED50   0    0    1     0
gamma  0    0    0     0
  Error model: constant , initial values: a.1=5 
  Covariate model:
      [,1] [,2] [,3] [,4]
group    0    0    1    0
    Initial values
              E0 Imax ED50 gamma
Pop.CondInit 100  0.7  500     2
Cov.CondInit   0  0.0    0     0
-----------------------------------
----    Key algorithm options  ----
-----------------------------------
    Estimation of individual parameters (MAP)
    Estimation of standard errors and linearised log-likelihood
    Estimation of log-likelihood by importance sampling
    Number of iterations:  K1=300, K2=100 
    Number of chains:  1 
    Seed:  7927570 
    Number of MCMC iterations for IS:  5000 
    Simulations:
        nb of simulated datasets used for npde:  1000 
        nb of simulated datasets used for VPC:  100 
    Input/output
        save the results to a file:  FALSE 
        save the graphs to files:  FALSE 
----------------------------------------------------
----                  Results                   ----
----------------------------------------------------
-----------------  Fixed effects  ------------------
----------------------------------------------------
     Parameter        Estimate SE     CV(%) p-value
[1,] E0               101.03    1.216  1.2  -      
[2,] Imax               0.69    0.011  1.6  -      
[3,] ED50             520.89   25.274  4.9  -      
[4,] beta_group(ED50)  -0.52    0.065 12.5  5.6e-16
[5,] gamma              2.06    0.075  3.6  -      
[6,] a.1                4.96    0.175  3.5  -      
----------------------------------------------------
-----------  Variance of random effects  -----------
----------------------------------------------------
     Parameter   Estimate SE    CV(%)
E0   omega2.E0   0.012    0.002 16   
ED50 omega2.ED50 0.090    0.015 16   
----------------------------------------------------
------  Correlation matrix of random effects  ------
----------------------------------------------------
            omega2.E0 omega2.ED50
omega2.E0   1         0          
omega2.ED50 0         1          
----------------------------------------------------
---------------  Statistical criteria  -------------
----------------------------------------------------
Likelihood computed by linearisation
      -2LL= 4090.477 
      AIC = 4106.477 
      BIC = 4127.318 

Likelihood computed by importance sampling
      -2LL= 4090.802 
      AIC = 4106.802 
      BIC = 4127.644 
----------------------------------------------------
----------------------------------------------------
-----------------  Fixed effects  ------------------
----------------------------------------------------
         Parameter Estimate     SE CV(%) p-value
1               E0   101.03  1.216  1.20       -
2             Imax     0.69  0.011  1.63       -
3             ED50   520.89 25.274  4.85       -
4 beta_group(ED50)    -0.52  0.065 12.47 1.1e-15
5            gamma     2.06  0.075  3.62       -
6              a.1     4.96  0.175  3.52       -
----------------------------------------------------
-----------  Variance of random effects  -----------
----------------------------------------------------
       Parameter Estimate    SE CV(%)
E0     omega2.E0    0.012 0.002 16.24
ED50 omega2.ED50    0.090 0.015 16.48
----------------------------------------------------
------  Correlation matrix of random effects  ------
----------------------------------------------------
            omega2.E0 omega2.ED50
omega2.E0   1.00      0.00       
omega2.ED50 0.00      1.00       
----------------------------------------------------
---------------  Statistical criteria  -------------
----------------------------------------------------
Likelihood computed by linearisation
      -2LL= 4090.477 
      AIC = 4106.477 
      BIC = 4127.318 

Likelihood computed by importance sampling
      -2LL= 4090.802 
      AIC = 4106.802 
      BIC = 4127.644 
----------------------------------------------------
Reading data from file /home/eco/work/saemix/saemixextension/simulationSuite/cont/imaxRichAdd/data/data_pdimax64.tab 
These are the first lines of the dataset as read into R. Please check the format of the data is appropriate, if not, modify the na and/or sep items and retry:
  id dose       eff group
1  1    0 101.21617     0
2  1  200  92.29055     0
3  1  400  65.57734     0
4  1  500  55.00902     0
5  1  700  52.15953     0
6  1 1000  37.13221     0


The following SaemixData object was successfully created:

Object of class SaemixData
    longitudinal data for use with the SAEM algorithm
Dataset /home/eco/work/saemix/saemixextension/simulationSuite/cont/imaxRichAdd/data/data_pdimax64.tab 
    Structured data: eff ~ dose | id 
    Predictor: dose (-) 
    covariates: group (-) 
      reference class for covariate group :  0 
Nonlinear mixed-effects model fit by the SAEM algorithm
-----------------------------------
----          Data             ----
-----------------------------------
Object of class SaemixData
    longitudinal data for use with the SAEM algorithm
Dataset /home/eco/work/saemix/saemixextension/simulationSuite/cont/imaxRichAdd/data/data_pdimax64.tab 
    Structured data: eff ~ dose | id 
    Predictor: dose (-) 
    covariates: group (-) 
      reference class for covariate group :  0 
Dataset characteristics:
    number of subjects:     100 
    number of observations: 600 
    average/min/max nb obs: 6.00  /  6  /  6 
First 10 lines of data:
   id dose       eff group mdv cens occ ytype
1   1    0 101.21617     0   0    0   1     1
2   1  200  92.29055     0   0    0   1     1
3   1  400  65.57734     0   0    0   1     1
4   1  500  55.00902     0   0    0   1     1
5   1  700  52.15953     0   0    0   1     1
6   1 1000  37.13221     0   0    0   1     1
7   2    0  94.71933     0   0    0   1     1
8   2  200  82.89496     0   0    0   1     1
9   2  400  68.23643     0   0    0   1     1
10  2  500  62.71819     0   0    0   1     1
-----------------------------------
----          Model            ----
-----------------------------------
Nonlinear mixed-effects model
  Model function:  PD Imax model
  Model type:  structural
function (psi, id, xidep) 
{
    dose <- xidep[, 1]
    e0 <- psi[id, 1]
    imax <- psi[id, 2]
    ed50 <- psi[id, 3]
    gamma <- psi[id, 4]
    f <- e0 * (1 - imax * (dose^gamma)/((ed50^gamma) + (dose^gamma)))
    return(f)
}
<bytecode: 0x564c33fe6fb0>
  Nb of parameters: 4 
      parameter names:  E0 Imax ED50 gamma 
      distribution:
     Parameter Distribution Estimated
[1,] E0        log-normal   Estimated
[2,] Imax      log-normal   Estimated
[3,] ED50      log-normal   Estimated
[4,] gamma     log-normal   Estimated
  Variance-covariance matrix:
      E0 Imax ED50 gamma
E0     1    0    0     0
Imax   0    0    0     0
ED50   0    0    1     0
gamma  0    0    0     0
  Error model: constant , initial values: a.1=5 
  Covariate model:
      [,1] [,2] [,3] [,4]
group    0    0    1    0
    Initial values
              E0 Imax ED50 gamma
Pop.CondInit 100  0.7  500     2
Cov.CondInit   0  0.0    0     0
-----------------------------------
----    Key algorithm options  ----
-----------------------------------
    Estimation of individual parameters (MAP)
    Estimation of standard errors and linearised log-likelihood
    Estimation of log-likelihood by importance sampling
    Number of iterations:  K1=300, K2=100 
    Number of chains:  1 
    Seed:  7927570 
    Number of MCMC iterations for IS:  5000 
    Simulations:
        nb of simulated datasets used for npde:  1000 
        nb of simulated datasets used for VPC:  100 
    Input/output
        save the results to a file:  FALSE 
        save the graphs to files:  FALSE 
----------------------------------------------------
----                  Results                   ----
----------------------------------------------------
-----------------  Fixed effects  ------------------
----------------------------------------------------
     Parameter        Estimate SE     CV(%) p-value
[1,] E0               100.63    1.189  1.2  -      
[2,] Imax               0.69    0.011  1.6  -      
[3,] ED50             492.10   22.808  4.6  -      
[4,] beta_group(ED50)  -0.52    0.062 11.9  0      
[5,] gamma              2.08    0.077  3.7  -      
[6,] a.1                5.06    0.178  3.5  -      
----------------------------------------------------
-----------  Variance of random effects  -----------
----------------------------------------------------
     Parameter   Estimate SE     CV(%)
E0   omega2.E0   0.012    0.0019 16   
ED50 omega2.ED50 0.081    0.0136 17   
----------------------------------------------------
------  Correlation matrix of random effects  ------
----------------------------------------------------
            omega2.E0 omega2.ED50
omega2.E0   1         0          
omega2.ED50 0         1          
----------------------------------------------------
---------------  Statistical criteria  -------------
----------------------------------------------------
Likelihood computed by linearisation
      -2LL= 4090.382 
      AIC = 4106.382 
      BIC = 4127.223 

Likelihood computed by importance sampling
      -2LL= 4091.009 
      AIC = 4107.009 
      BIC = 4127.851 
----------------------------------------------------
----------------------------------------------------
-----------------  Fixed effects  ------------------
----------------------------------------------------
         Parameter Estimate     SE CV(%) p-value
1               E0   100.63  1.189  1.18       -
2             Imax     0.69  0.011  1.59       -
3             ED50   492.10 22.808  4.63       -
4 beta_group(ED50)    -0.52  0.062 11.87    0.00
5            gamma     2.08  0.077  3.68       -
6              a.1     5.06  0.178  3.52       -
----------------------------------------------------
-----------  Variance of random effects  -----------
----------------------------------------------------
       Parameter Estimate     SE CV(%)
E0     omega2.E0    0.012 0.0019 16.49
ED50 omega2.ED50    0.081 0.0136 16.91
----------------------------------------------------
------  Correlation matrix of random effects  ------
----------------------------------------------------
            omega2.E0 omega2.ED50
omega2.E0   1.00      0.00       
omega2.ED50 0.00      1.00       
----------------------------------------------------
---------------  Statistical criteria  -------------
----------------------------------------------------
Likelihood computed by linearisation
      -2LL= 4090.382 
      AIC = 4106.382 
      BIC = 4127.223 

Likelihood computed by importance sampling
      -2LL= 4091.009 
      AIC = 4107.009 
      BIC = 4127.851 
----------------------------------------------------
Reading data from file /home/eco/work/saemix/saemixextension/simulationSuite/cont/imaxRichAdd/data/data_pdimax65.tab 
These are the first lines of the dataset as read into R. Please check the format of the data is appropriate, if not, modify the na and/or sep items and retry:
  id dose      eff group
1  1    0 95.75391     0
2  1  200 89.76655     0
3  1  400 77.45571     0
4  1  500 65.57649     0
5  1  700 54.37940     0
6  1 1000 42.60144     0


The following SaemixData object was successfully created:

Object of class SaemixData
    longitudinal data for use with the SAEM algorithm
Dataset /home/eco/work/saemix/saemixextension/simulationSuite/cont/imaxRichAdd/data/data_pdimax65.tab 
    Structured data: eff ~ dose | id 
    Predictor: dose (-) 
    covariates: group (-) 
      reference class for covariate group :  0 
Nonlinear mixed-effects model fit by the SAEM algorithm
-----------------------------------
----          Data             ----
-----------------------------------
Object of class SaemixData
    longitudinal data for use with the SAEM algorithm
Dataset /home/eco/work/saemix/saemixextension/simulationSuite/cont/imaxRichAdd/data/data_pdimax65.tab 
    Structured data: eff ~ dose | id 
    Predictor: dose (-) 
    covariates: group (-) 
      reference class for covariate group :  0 
Dataset characteristics:
    number of subjects:     100 
    number of observations: 600 
    average/min/max nb obs: 6.00  /  6  /  6 
First 10 lines of data:
   id dose       eff group mdv cens occ ytype
1   1    0  95.75391     0   0    0   1     1
2   1  200  89.76655     0   0    0   1     1
3   1  400  77.45571     0   0    0   1     1
4   1  500  65.57649     0   0    0   1     1
5   1  700  54.37940     0   0    0   1     1
6   1 1000  42.60144     0   0    0   1     1
7   2    0 104.45320     0   0    0   1     1
8   2  200  96.81306     0   0    0   1     1
9   2  400  76.62911     0   0    0   1     1
10  2  500  75.53198     0   0    0   1     1
-----------------------------------
----          Model            ----
-----------------------------------
Nonlinear mixed-effects model
  Model function:  PD Imax model
  Model type:  structural
function (psi, id, xidep) 
{
    dose <- xidep[, 1]
    e0 <- psi[id, 1]
    imax <- psi[id, 2]
    ed50 <- psi[id, 3]
    gamma <- psi[id, 4]
    f <- e0 * (1 - imax * (dose^gamma)/((ed50^gamma) + (dose^gamma)))
    return(f)
}
<bytecode: 0x564c33fe6fb0>
  Nb of parameters: 4 
      parameter names:  E0 Imax ED50 gamma 
      distribution:
     Parameter Distribution Estimated
[1,] E0        log-normal   Estimated
[2,] Imax      log-normal   Estimated
[3,] ED50      log-normal   Estimated
[4,] gamma     log-normal   Estimated
  Variance-covariance matrix:
      E0 Imax ED50 gamma
E0     1    0    0     0
Imax   0    0    0     0
ED50   0    0    1     0
gamma  0    0    0     0
  Error model: constant , initial values: a.1=5 
  Covariate model:
      [,1] [,2] [,3] [,4]
group    0    0    1    0
    Initial values
              E0 Imax ED50 gamma
Pop.CondInit 100  0.7  500     2
Cov.CondInit   0  0.0    0     0
-----------------------------------
----    Key algorithm options  ----
-----------------------------------
    Estimation of individual parameters (MAP)
    Estimation of standard errors and linearised log-likelihood
    Estimation of log-likelihood by importance sampling
    Number of iterations:  K1=300, K2=100 
    Number of chains:  1 
    Seed:  7927570 
    Number of MCMC iterations for IS:  5000 
    Simulations:
        nb of simulated datasets used for npde:  1000 
        nb of simulated datasets used for VPC:  100 
    Input/output
        save the results to a file:  FALSE 
        save the graphs to files:  FALSE 
----------------------------------------------------
----                  Results                   ----
----------------------------------------------------
-----------------  Fixed effects  ------------------
----------------------------------------------------
     Parameter        Estimate SE     CV(%) p-value
[1,] E0                99.38    1.218  1.2  -      
[2,] Imax               0.69    0.011  1.6  -      
[3,] ED50             506.16   25.392  5.0  -      
[4,] beta_group(ED50)  -0.57    0.068 12.0  0      
[5,] gamma              2.12    0.078  3.7  -      
[6,] a.1                5.10    0.179  3.5  -      
----------------------------------------------------
-----------  Variance of random effects  -----------
----------------------------------------------------
     Parameter   Estimate SE     CV(%)
E0   omega2.E0   0.013    0.0021 16   
ED50 omega2.ED50 0.099    0.0164 16   
----------------------------------------------------
------  Correlation matrix of random effects  ------
----------------------------------------------------
            omega2.E0 omega2.ED50
omega2.E0   1         0          
omega2.ED50 0         1          
----------------------------------------------------
---------------  Statistical criteria  -------------
----------------------------------------------------
Likelihood computed by linearisation
      -2LL= 4113.856 
      AIC = 4129.856 
      BIC = 4150.697 

Likelihood computed by importance sampling
      -2LL= 4114.625 
      AIC = 4130.625 
      BIC = 4151.467 
----------------------------------------------------
----------------------------------------------------
-----------------  Fixed effects  ------------------
----------------------------------------------------
         Parameter Estimate     SE CV(%) p-value
1               E0    99.38  1.218  1.23       -
2             Imax     0.69  0.011  1.60       -
3             ED50   506.16 25.392  5.02       -
4 beta_group(ED50)    -0.57  0.068 12.04    0.00
5            gamma     2.12  0.078  3.70       -
6              a.1     5.10  0.179  3.52       -
----------------------------------------------------
-----------  Variance of random effects  -----------
----------------------------------------------------
       Parameter Estimate     SE CV(%)
E0     omega2.E0    0.013 0.0021 16.39
ED50 omega2.ED50    0.099 0.0164 16.49
----------------------------------------------------
------  Correlation matrix of random effects  ------
----------------------------------------------------
            omega2.E0 omega2.ED50
omega2.E0   1.00      0.00       
omega2.ED50 0.00      1.00       
----------------------------------------------------
---------------  Statistical criteria  -------------
----------------------------------------------------
Likelihood computed by linearisation
      -2LL= 4113.856 
      AIC = 4129.856 
      BIC = 4150.697 

Likelihood computed by importance sampling
      -2LL= 4114.625 
      AIC = 4130.625 
      BIC = 4151.467 
----------------------------------------------------
Reading data from file /home/eco/work/saemix/saemixextension/simulationSuite/cont/imaxRichAdd/data/data_pdimax66.tab 
These are the first lines of the dataset as read into R. Please check the format of the data is appropriate, if not, modify the na and/or sep items and retry:
  id dose       eff group
1  1    0 114.27559     0
2  1  200 100.96621     0
3  1  400  72.72689     0
4  1  500  60.09576     0
5  1  700  48.56841     0
6  1 1000  40.54611     0


The following SaemixData object was successfully created:

Object of class SaemixData
    longitudinal data for use with the SAEM algorithm
Dataset /home/eco/work/saemix/saemixextension/simulationSuite/cont/imaxRichAdd/data/data_pdimax66.tab 
    Structured data: eff ~ dose | id 
    Predictor: dose (-) 
    covariates: group (-) 
      reference class for covariate group :  0 
Nonlinear mixed-effects model fit by the SAEM algorithm
-----------------------------------
----          Data             ----
-----------------------------------
Object of class SaemixData
    longitudinal data for use with the SAEM algorithm
Dataset /home/eco/work/saemix/saemixextension/simulationSuite/cont/imaxRichAdd/data/data_pdimax66.tab 
    Structured data: eff ~ dose | id 
    Predictor: dose (-) 
    covariates: group (-) 
      reference class for covariate group :  0 
Dataset characteristics:
    number of subjects:     100 
    number of observations: 600 
    average/min/max nb obs: 6.00  /  6  /  6 
First 10 lines of data:
   id dose       eff group mdv cens occ ytype
1   1    0 114.27559     0   0    0   1     1
2   1  200 100.96621     0   0    0   1     1
3   1  400  72.72689     0   0    0   1     1
4   1  500  60.09576     0   0    0   1     1
5   1  700  48.56841     0   0    0   1     1
6   1 1000  40.54611     0   0    0   1     1
7   2    0  83.94266     0   0    0   1     1
8   2  200  87.69347     0   0    0   1     1
9   2  400  68.41868     0   0    0   1     1
10  2  500  58.77354     0   0    0   1     1
-----------------------------------
----          Model            ----
-----------------------------------
Nonlinear mixed-effects model
  Model function:  PD Imax model
  Model type:  structural
function (psi, id, xidep) 
{
    dose <- xidep[, 1]
    e0 <- psi[id, 1]
    imax <- psi[id, 2]
    ed50 <- psi[id, 3]
    gamma <- psi[id, 4]
    f <- e0 * (1 - imax * (dose^gamma)/((ed50^gamma) + (dose^gamma)))
    return(f)
}
<bytecode: 0x564c33fe6fb0>
  Nb of parameters: 4 
      parameter names:  E0 Imax ED50 gamma 
      distribution:
     Parameter Distribution Estimated
[1,] E0        log-normal   Estimated
[2,] Imax      log-normal   Estimated
[3,] ED50      log-normal   Estimated
[4,] gamma     log-normal   Estimated
  Variance-covariance matrix:
      E0 Imax ED50 gamma
E0     1    0    0     0
Imax   0    0    0     0
ED50   0    0    1     0
gamma  0    0    0     0
  Error model: constant , initial values: a.1=5 
  Covariate model:
      [,1] [,2] [,3] [,4]
group    0    0    1    0
    Initial values
              E0 Imax ED50 gamma
Pop.CondInit 100  0.7  500     2
Cov.CondInit   0  0.0    0     0
-----------------------------------
----    Key algorithm options  ----
-----------------------------------
    Estimation of individual parameters (MAP)
    Estimation of standard errors and linearised log-likelihood
    Estimation of log-likelihood by importance sampling
    Number of iterations:  K1=300, K2=100 
    Number of chains:  1 
    Seed:  7927570 
    Number of MCMC iterations for IS:  5000 
    Simulations:
        nb of simulated datasets used for npde:  1000 
        nb of simulated datasets used for VPC:  100 
    Input/output
        save the results to a file:  FALSE 
        save the graphs to files:  FALSE 
----------------------------------------------------
----                  Results                   ----
----------------------------------------------------
-----------------  Fixed effects  ------------------
----------------------------------------------------
     Parameter        Estimate SE     CV(%) p-value
[1,] E0               102.16    1.099  1.1  -      
[2,] Imax               0.70    0.012  1.6  -      
[3,] ED50             512.43   23.192  4.5  -      
[4,] beta_group(ED50)  -0.54    0.060 11.2  0      
[5,] gamma              2.05    0.075  3.7  -      
[6,] a.1                5.14    0.181  3.5  -      
----------------------------------------------------
-----------  Variance of random effects  -----------
----------------------------------------------------
     Parameter   Estimate SE     CV(%)
E0   omega2.E0   0.0092   0.0016 17   
ED50 omega2.ED50 0.0757   0.0128 17   
----------------------------------------------------
------  Correlation matrix of random effects  ------
----------------------------------------------------
            omega2.E0 omega2.ED50
omega2.E0   1         0          
omega2.ED50 0         1          
----------------------------------------------------
---------------  Statistical criteria  -------------
----------------------------------------------------
Likelihood computed by linearisation
      -2LL= 4085.099 
      AIC = 4101.099 
      BIC = 4121.94 

Likelihood computed by importance sampling
      -2LL= 4089.092 
      AIC = 4105.092 
      BIC = 4125.933 
----------------------------------------------------
----------------------------------------------------
-----------------  Fixed effects  ------------------
----------------------------------------------------
         Parameter Estimate     SE CV(%) p-value
1               E0   102.16  1.099  1.08       -
2             Imax     0.70  0.012  1.64       -
3             ED50   512.43 23.192  4.53       -
4 beta_group(ED50)    -0.54  0.060 11.19    0.00
5            gamma     2.05  0.075  3.66       -
6              a.1     5.14  0.181  3.52       -
----------------------------------------------------
-----------  Variance of random effects  -----------
----------------------------------------------------
       Parameter Estimate     SE CV(%)
E0     omega2.E0   0.0092 0.0016 17.08
ED50 omega2.ED50   0.0757 0.0128 16.91
----------------------------------------------------
------  Correlation matrix of random effects  ------
----------------------------------------------------
            omega2.E0 omega2.ED50
omega2.E0   1.00      0.00       
omega2.ED50 0.00      1.00       
----------------------------------------------------
---------------  Statistical criteria  -------------
----------------------------------------------------
Likelihood computed by linearisation
      -2LL= 4085.099 
      AIC = 4101.099 
      BIC = 4121.94 

Likelihood computed by importance sampling
      -2LL= 4089.092 
      AIC = 4105.092 
      BIC = 4125.933 
----------------------------------------------------
Reading data from file /home/eco/work/saemix/saemixextension/simulationSuite/cont/imaxRichAdd/data/data_pdimax67.tab 
These are the first lines of the dataset as read into R. Please check the format of the data is appropriate, if not, modify the na and/or sep items and retry:
  id dose      eff group
1  1    0 92.89386     0
2  1  200 70.68721     0
3  1  400 49.35281     0
4  1  500 51.96032     0
5  1  700 30.81136     0
6  1 1000 33.99878     0


The following SaemixData object was successfully created:

Object of class SaemixData
    longitudinal data for use with the SAEM algorithm
Dataset /home/eco/work/saemix/saemixextension/simulationSuite/cont/imaxRichAdd/data/data_pdimax67.tab 
    Structured data: eff ~ dose | id 
    Predictor: dose (-) 
    covariates: group (-) 
      reference class for covariate group :  0 
Nonlinear mixed-effects model fit by the SAEM algorithm
-----------------------------------
----          Data             ----
-----------------------------------
Object of class SaemixData
    longitudinal data for use with the SAEM algorithm
Dataset /home/eco/work/saemix/saemixextension/simulationSuite/cont/imaxRichAdd/data/data_pdimax67.tab 
    Structured data: eff ~ dose | id 
    Predictor: dose (-) 
    covariates: group (-) 
      reference class for covariate group :  0 
Dataset characteristics:
    number of subjects:     100 
    number of observations: 600 
    average/min/max nb obs: 6.00  /  6  /  6 
First 10 lines of data:
   id dose       eff group mdv cens occ ytype
1   1    0  92.89386     0   0    0   1     1
2   1  200  70.68721     0   0    0   1     1
3   1  400  49.35281     0   0    0   1     1
4   1  500  51.96032     0   0    0   1     1
5   1  700  30.81136     0   0    0   1     1
6   1 1000  33.99878     0   0    0   1     1
7   2    0  99.67010     0   0    0   1     1
8   2  200 100.01544     0   0    0   1     1
9   2  400  94.88402     0   0    0   1     1
10  2  500  73.18038     0   0    0   1     1
-----------------------------------
----          Model            ----
-----------------------------------
Nonlinear mixed-effects model
  Model function:  PD Imax model
  Model type:  structural
function (psi, id, xidep) 
{
    dose <- xidep[, 1]
    e0 <- psi[id, 1]
    imax <- psi[id, 2]
    ed50 <- psi[id, 3]
    gamma <- psi[id, 4]
    f <- e0 * (1 - imax * (dose^gamma)/((ed50^gamma) + (dose^gamma)))
    return(f)
}
<bytecode: 0x564c33fe6fb0>
  Nb of parameters: 4 
      parameter names:  E0 Imax ED50 gamma 
      distribution:
     Parameter Distribution Estimated
[1,] E0        log-normal   Estimated
[2,] Imax      log-normal   Estimated
[3,] ED50      log-normal   Estimated
[4,] gamma     log-normal   Estimated
  Variance-covariance matrix:
      E0 Imax ED50 gamma
E0     1    0    0     0
Imax   0    0    0     0
ED50   0    0    1     0
gamma  0    0    0     0
  Error model: constant , initial values: a.1=5 
  Covariate model:
      [,1] [,2] [,3] [,4]
group    0    0    1    0
    Initial values
              E0 Imax ED50 gamma
Pop.CondInit 100  0.7  500     2
Cov.CondInit   0  0.0    0     0
-----------------------------------
----    Key algorithm options  ----
-----------------------------------
    Estimation of individual parameters (MAP)
    Estimation of standard errors and linearised log-likelihood
    Estimation of log-likelihood by importance sampling
    Number of iterations:  K1=300, K2=100 
    Number of chains:  1 
    Seed:  7927570 
    Number of MCMC iterations for IS:  5000 
    Simulations:
        nb of simulated datasets used for npde:  1000 
        nb of simulated datasets used for VPC:  100 
    Input/output
        save the results to a file:  FALSE 
        save the graphs to files:  FALSE 
----------------------------------------------------
----                  Results                   ----
----------------------------------------------------
-----------------  Fixed effects  ------------------
----------------------------------------------------
     Parameter        Estimate SE     CV(%) p-value
[1,] E0               100.90    1.023  1.0  -      
[2,] Imax               0.71    0.012  1.7  -      
[3,] ED50             509.11   25.736  5.1  -      
[4,] beta_group(ED50)  -0.55    0.067 12.3  2.2e-16
[5,] gamma              1.99    0.074  3.7  -      
[6,] a.1                5.15    0.181  3.5  -      
----------------------------------------------------
-----------  Variance of random effects  -----------
----------------------------------------------------
     Parameter   Estimate SE     CV(%)
E0   omega2.E0   0.0078   0.0014 18   
ED50 omega2.ED50 0.0978   0.0161 16   
----------------------------------------------------
------  Correlation matrix of random effects  ------
----------------------------------------------------
            omega2.E0 omega2.ED50
omega2.E0   1         0          
omega2.ED50 0         1          
----------------------------------------------------
---------------  Statistical criteria  -------------
----------------------------------------------------
Likelihood computed by linearisation
      -2LL= 4093.772 
      AIC = 4109.772 
      BIC = 4130.613 

Likelihood computed by importance sampling
      -2LL= 4094.001 
      AIC = 4110.001 
      BIC = 4130.842 
----------------------------------------------------
----------------------------------------------------
-----------------  Fixed effects  ------------------
----------------------------------------------------
         Parameter Estimate     SE CV(%) p-value
1               E0   100.90  1.023  1.01       -
2             Imax     0.71  0.012  1.67       -
3             ED50   509.11 25.736  5.05       -
4 beta_group(ED50)    -0.55  0.067 12.33 4.4e-16
5            gamma     1.99  0.074  3.72       -
6              a.1     5.15  0.181  3.52       -
----------------------------------------------------
-----------  Variance of random effects  -----------
----------------------------------------------------
       Parameter Estimate     SE CV(%)
E0     omega2.E0   0.0078 0.0014 17.76
ED50 omega2.ED50   0.0978 0.0161 16.42
----------------------------------------------------
------  Correlation matrix of random effects  ------
----------------------------------------------------
            omega2.E0 omega2.ED50
omega2.E0   1.00      0.00       
omega2.ED50 0.00      1.00       
----------------------------------------------------
---------------  Statistical criteria  -------------
----------------------------------------------------
Likelihood computed by linearisation
      -2LL= 4093.772 
      AIC = 4109.772 
      BIC = 4130.613 

Likelihood computed by importance sampling
      -2LL= 4094.001 
      AIC = 4110.001 
      BIC = 4130.842 
----------------------------------------------------
Reading data from file /home/eco/work/saemix/saemixextension/simulationSuite/cont/imaxRichAdd/data/data_pdimax68.tab 
These are the first lines of the dataset as read into R. Please check the format of the data is appropriate, if not, modify the na and/or sep items and retry:
  id dose       eff group
1  1    0 102.45853     0
2  1  200  90.16342     0
3  1  400  71.67730     0
4  1  500  66.33916     0
5  1  700  49.15786     0
6  1 1000  43.82234     0


The following SaemixData object was successfully created:

Object of class SaemixData
    longitudinal data for use with the SAEM algorithm
Dataset /home/eco/work/saemix/saemixextension/simulationSuite/cont/imaxRichAdd/data/data_pdimax68.tab 
    Structured data: eff ~ dose | id 
    Predictor: dose (-) 
    covariates: group (-) 
      reference class for covariate group :  0 
Nonlinear mixed-effects model fit by the SAEM algorithm
-----------------------------------
----          Data             ----
-----------------------------------
Object of class SaemixData
    longitudinal data for use with the SAEM algorithm
Dataset /home/eco/work/saemix/saemixextension/simulationSuite/cont/imaxRichAdd/data/data_pdimax68.tab 
    Structured data: eff ~ dose | id 
    Predictor: dose (-) 
    covariates: group (-) 
      reference class for covariate group :  0 
Dataset characteristics:
    number of subjects:     100 
    number of observations: 600 
    average/min/max nb obs: 6.00  /  6  /  6 
First 10 lines of data:
   id dose       eff group mdv cens occ ytype
1   1    0 102.45853     0   0    0   1     1
2   1  200  90.16342     0   0    0   1     1
3   1  400  71.67730     0   0    0   1     1
4   1  500  66.33916     0   0    0   1     1
5   1  700  49.15786     0   0    0   1     1
6   1 1000  43.82234     0   0    0   1     1
7   2    0  77.38719     0   0    0   1     1
8   2  200  70.28921     0   0    0   1     1
9   2  400  61.60941     0   0    0   1     1
10  2  500  56.84335     0   0    0   1     1
-----------------------------------
----          Model            ----
-----------------------------------
Nonlinear mixed-effects model
  Model function:  PD Imax model
  Model type:  structural
function (psi, id, xidep) 
{
    dose <- xidep[, 1]
    e0 <- psi[id, 1]
    imax <- psi[id, 2]
    ed50 <- psi[id, 3]
    gamma <- psi[id, 4]
    f <- e0 * (1 - imax * (dose^gamma)/((ed50^gamma) + (dose^gamma)))
    return(f)
}
<bytecode: 0x564c33fe6fb0>
  Nb of parameters: 4 
      parameter names:  E0 Imax ED50 gamma 
      distribution:
     Parameter Distribution Estimated
[1,] E0        log-normal   Estimated
[2,] Imax      log-normal   Estimated
[3,] ED50      log-normal   Estimated
[4,] gamma     log-normal   Estimated
  Variance-covariance matrix:
      E0 Imax ED50 gamma
E0     1    0    0     0
Imax   0    0    0     0
ED50   0    0    1     0
gamma  0    0    0     0
  Error model: constant , initial values: a.1=5 
  Covariate model:
      [,1] [,2] [,3] [,4]
group    0    0    1    0
    Initial values
              E0 Imax ED50 gamma
Pop.CondInit 100  0.7  500     2
Cov.CondInit   0  0.0    0     0
-----------------------------------
----    Key algorithm options  ----
-----------------------------------
    Estimation of individual parameters (MAP)
    Estimation of standard errors and linearised log-likelihood
    Estimation of log-likelihood by importance sampling
    Number of iterations:  K1=300, K2=100 
    Number of chains:  1 
    Seed:  7927570 
    Number of MCMC iterations for IS:  5000 
    Simulations:
        nb of simulated datasets used for npde:  1000 
        nb of simulated datasets used for VPC:  100 
    Input/output
        save the results to a file:  FALSE 
        save the graphs to files:  FALSE 
----------------------------------------------------
----                  Results                   ----
----------------------------------------------------
-----------------  Fixed effects  ------------------
----------------------------------------------------
     Parameter        Estimate SE     CV(%) p-value
[1,] E0                99.91    1.204  1.2  -      
[2,] Imax               0.69    0.011  1.6  -      
[3,] ED50             481.50   24.839  5.2  -      
[4,] beta_group(ED50)  -0.38    0.070 18.6  3.6e-08
[5,] gamma              2.15    0.078  3.6  -      
[6,] a.1                4.99    0.176  3.5  -      
----------------------------------------------------
-----------  Variance of random effects  -----------
----------------------------------------------------
     Parameter   Estimate SE    CV(%)
E0   omega2.E0   0.012    0.002 16   
ED50 omega2.ED50 0.107    0.017 16   
----------------------------------------------------
------  Correlation matrix of random effects  ------
----------------------------------------------------
            omega2.E0 omega2.ED50
omega2.E0   1         0          
omega2.ED50 0         1          
----------------------------------------------------
---------------  Statistical criteria  -------------
----------------------------------------------------
Likelihood computed by linearisation
      -2LL= 4115.605 
      AIC = 4131.605 
      BIC = 4152.446 

Likelihood computed by importance sampling
      -2LL= 4116.099 
      AIC = 4132.099 
      BIC = 4152.94 
----------------------------------------------------
----------------------------------------------------
-----------------  Fixed effects  ------------------
----------------------------------------------------
         Parameter Estimate     SE CV(%) p-value
1               E0    99.91  1.204  1.21       -
2             Imax     0.69  0.011  1.63       -
3             ED50   481.50 24.839  5.16       -
4 beta_group(ED50)    -0.38  0.070 18.57 7.2e-08
5            gamma     2.15  0.078  3.65       -
6              a.1     4.99  0.176  3.53       -
----------------------------------------------------
-----------  Variance of random effects  -----------
----------------------------------------------------
       Parameter Estimate    SE CV(%)
E0     omega2.E0    0.012 0.002 16.35
ED50 omega2.ED50    0.107 0.017 16.12
----------------------------------------------------
------  Correlation matrix of random effects  ------
----------------------------------------------------
            omega2.E0 omega2.ED50
omega2.E0   1.00      0.00       
omega2.ED50 0.00      1.00       
----------------------------------------------------
---------------  Statistical criteria  -------------
----------------------------------------------------
Likelihood computed by linearisation
      -2LL= 4115.605 
      AIC = 4131.605 
      BIC = 4152.446 

Likelihood computed by importance sampling
      -2LL= 4116.099 
      AIC = 4132.099 
      BIC = 4152.94 
----------------------------------------------------
Reading data from file /home/eco/work/saemix/saemixextension/simulationSuite/cont/imaxRichAdd/data/data_pdimax69.tab 
These are the first lines of the dataset as read into R. Please check the format of the data is appropriate, if not, modify the na and/or sep items and retry:
  id dose       eff group
1  1    0 109.41741     0
2  1  200 103.29007     0
3  1  400  90.15304     0
4  1  500  87.95652     0
5  1  700  74.16065     0
6  1 1000  67.52321     0


The following SaemixData object was successfully created:

Object of class SaemixData
    longitudinal data for use with the SAEM algorithm
Dataset /home/eco/work/saemix/saemixextension/simulationSuite/cont/imaxRichAdd/data/data_pdimax69.tab 
    Structured data: eff ~ dose | id 
    Predictor: dose (-) 
    covariates: group (-) 
      reference class for covariate group :  0 
Nonlinear mixed-effects model fit by the SAEM algorithm
-----------------------------------
----          Data             ----
-----------------------------------
Object of class SaemixData
    longitudinal data for use with the SAEM algorithm
Dataset /home/eco/work/saemix/saemixextension/simulationSuite/cont/imaxRichAdd/data/data_pdimax69.tab 
    Structured data: eff ~ dose | id 
    Predictor: dose (-) 
    covariates: group (-) 
      reference class for covariate group :  0 
Dataset characteristics:
    number of subjects:     100 
    number of observations: 600 
    average/min/max nb obs: 6.00  /  6  /  6 
First 10 lines of data:
   id dose       eff group mdv cens occ ytype
1   1    0 109.41741     0   0    0   1     1
2   1  200 103.29007     0   0    0   1     1
3   1  400  90.15304     0   0    0   1     1
4   1  500  87.95652     0   0    0   1     1
5   1  700  74.16065     0   0    0   1     1
6   1 1000  67.52321     0   0    0   1     1
7   2    0  86.51925     0   0    0   1     1
8   2  200  87.38717     0   0    0   1     1
9   2  400  83.46409     0   0    0   1     1
10  2  500  67.96032     0   0    0   1     1
-----------------------------------
----          Model            ----
-----------------------------------
Nonlinear mixed-effects model
  Model function:  PD Imax model
  Model type:  structural
function (psi, id, xidep) 
{
    dose <- xidep[, 1]
    e0 <- psi[id, 1]
    imax <- psi[id, 2]
    ed50 <- psi[id, 3]
    gamma <- psi[id, 4]
    f <- e0 * (1 - imax * (dose^gamma)/((ed50^gamma) + (dose^gamma)))
    return(f)
}
<bytecode: 0x564c33fe6fb0>
  Nb of parameters: 4 
      parameter names:  E0 Imax ED50 gamma 
      distribution:
     Parameter Distribution Estimated
[1,] E0        log-normal   Estimated
[2,] Imax      log-normal   Estimated
[3,] ED50      log-normal   Estimated
[4,] gamma     log-normal   Estimated
  Variance-covariance matrix:
      E0 Imax ED50 gamma
E0     1    0    0     0
Imax   0    0    0     0
ED50   0    0    1     0
gamma  0    0    0     0
  Error model: constant , initial values: a.1=5 
  Covariate model:
      [,1] [,2] [,3] [,4]
group    0    0    1    0
    Initial values
              E0 Imax ED50 gamma
Pop.CondInit 100  0.7  500     2
Cov.CondInit   0  0.0    0     0
-----------------------------------
----    Key algorithm options  ----
-----------------------------------
    Estimation of individual parameters (MAP)
    Estimation of standard errors and linearised log-likelihood
    Estimation of log-likelihood by importance sampling
    Number of iterations:  K1=300, K2=100 
    Number of chains:  1 
    Seed:  7927570 
    Number of MCMC iterations for IS:  5000 
    Simulations:
        nb of simulated datasets used for npde:  1000 
        nb of simulated datasets used for VPC:  100 
    Input/output
        save the results to a file:  FALSE 
        save the graphs to files:  FALSE 
----------------------------------------------------
----                  Results                   ----
----------------------------------------------------
-----------------  Fixed effects  ------------------
----------------------------------------------------
     Parameter        Estimate SE     CV(%) p-value
[1,] E0               100.22    1.074  1.1  -      
[2,] Imax               0.70    0.011  1.6  -      
[3,] ED50             523.97   23.905  4.6  -      
[4,] beta_group(ED50)  -0.53    0.061 11.5  0      
[5,] gamma              2.02    0.067  3.3  -      
[6,] a.1                4.48    0.157  3.5  -      
----------------------------------------------------
-----------  Variance of random effects  -----------
----------------------------------------------------
     Parameter   Estimate SE     CV(%)
E0   omega2.E0   0.0096   0.0016 16   
ED50 omega2.ED50 0.0804   0.0131 16   
----------------------------------------------------
------  Correlation matrix of random effects  ------
----------------------------------------------------
            omega2.E0 omega2.ED50
omega2.E0   1         0          
omega2.ED50 0         1          
----------------------------------------------------
---------------  Statistical criteria  -------------
----------------------------------------------------
Likelihood computed by linearisation
      -2LL= 3973.799 
      AIC = 3989.799 
      BIC = 4010.641 

Likelihood computed by importance sampling
      -2LL= 3973.585 
      AIC = 3989.585 
      BIC = 4010.427 
----------------------------------------------------
----------------------------------------------------
-----------------  Fixed effects  ------------------
----------------------------------------------------
         Parameter Estimate     SE CV(%) p-value
1               E0   100.22  1.074  1.07       -
2             Imax     0.70  0.011  1.55       -
3             ED50   523.97 23.905  4.56       -
4 beta_group(ED50)    -0.53  0.061 11.46    0.00
5            gamma     2.02  0.067  3.33       -
6              a.1     4.48  0.157  3.51       -
----------------------------------------------------
-----------  Variance of random effects  -----------
----------------------------------------------------
       Parameter Estimate     SE CV(%)
E0     omega2.E0   0.0096 0.0016 16.39
ED50 omega2.ED50   0.0804 0.0131 16.35
----------------------------------------------------
------  Correlation matrix of random effects  ------
----------------------------------------------------
            omega2.E0 omega2.ED50
omega2.E0   1.00      0.00       
omega2.ED50 0.00      1.00       
----------------------------------------------------
---------------  Statistical criteria  -------------
----------------------------------------------------
Likelihood computed by linearisation
      -2LL= 3973.799 
      AIC = 3989.799 
      BIC = 4010.641 

Likelihood computed by importance sampling
      -2LL= 3973.585 
      AIC = 3989.585 
      BIC = 4010.427 
----------------------------------------------------
Reading data from file /home/eco/work/saemix/saemixextension/simulationSuite/cont/imaxRichAdd/data/data_pdimax70.tab 
These are the first lines of the dataset as read into R. Please check the format of the data is appropriate, if not, modify the na and/or sep items and retry:
  id dose      eff group
1  1    0 78.55379     0
2  1  200 74.45695     0
3  1  400 49.38262     0
4  1  500 45.28710     0
5  1  700 36.09174     0
6  1 1000 25.24150     0


The following SaemixData object was successfully created:

Object of class SaemixData
    longitudinal data for use with the SAEM algorithm
Dataset /home/eco/work/saemix/saemixextension/simulationSuite/cont/imaxRichAdd/data/data_pdimax70.tab 
    Structured data: eff ~ dose | id 
    Predictor: dose (-) 
    covariates: group (-) 
      reference class for covariate group :  0 
Nonlinear mixed-effects model fit by the SAEM algorithm
-----------------------------------
----          Data             ----
-----------------------------------
Object of class SaemixData
    longitudinal data for use with the SAEM algorithm
Dataset /home/eco/work/saemix/saemixextension/simulationSuite/cont/imaxRichAdd/data/data_pdimax70.tab 
    Structured data: eff ~ dose | id 
    Predictor: dose (-) 
    covariates: group (-) 
      reference class for covariate group :  0 
Dataset characteristics:
    number of subjects:     100 
    number of observations: 600 
    average/min/max nb obs: 6.00  /  6  /  6 
First 10 lines of data:
   id dose      eff group mdv cens occ ytype
1   1    0 78.55379     0   0    0   1     1
2   1  200 74.45695     0   0    0   1     1
3   1  400 49.38262     0   0    0   1     1
4   1  500 45.28710     0   0    0   1     1
5   1  700 36.09174     0   0    0   1     1
6   1 1000 25.24150     0   0    0   1     1
7   2    0 90.01553     0   0    0   1     1
8   2  200 79.56683     0   0    0   1     1
9   2  400 56.55851     0   0    0   1     1
10  2  500 54.44681     0   0    0   1     1
-----------------------------------
----          Model            ----
-----------------------------------
Nonlinear mixed-effects model
  Model function:  PD Imax model
  Model type:  structural
function (psi, id, xidep) 
{
    dose <- xidep[, 1]
    e0 <- psi[id, 1]
    imax <- psi[id, 2]
    ed50 <- psi[id, 3]
    gamma <- psi[id, 4]
    f <- e0 * (1 - imax * (dose^gamma)/((ed50^gamma) + (dose^gamma)))
    return(f)
}
<bytecode: 0x564c33fe6fb0>
  Nb of parameters: 4 
      parameter names:  E0 Imax ED50 gamma 
      distribution:
     Parameter Distribution Estimated
[1,] E0        log-normal   Estimated
[2,] Imax      log-normal   Estimated
[3,] ED50      log-normal   Estimated
[4,] gamma     log-normal   Estimated
  Variance-covariance matrix:
      E0 Imax ED50 gamma
E0     1    0    0     0
Imax   0    0    0     0
ED50   0    0    1     0
gamma  0    0    0     0
  Error model: constant , initial values: a.1=5 
  Covariate model:
      [,1] [,2] [,3] [,4]
group    0    0    1    0
    Initial values
              E0 Imax ED50 gamma
Pop.CondInit 100  0.7  500     2
Cov.CondInit   0  0.0    0     0
-----------------------------------
----    Key algorithm options  ----
-----------------------------------
    Estimation of individual parameters (MAP)
    Estimation of standard errors and linearised log-likelihood
    Estimation of log-likelihood by importance sampling
    Number of iterations:  K1=300, K2=100 
    Number of chains:  1 
    Seed:  7927570 
    Number of MCMC iterations for IS:  5000 
    Simulations:
        nb of simulated datasets used for npde:  1000 
        nb of simulated datasets used for VPC:  100 
    Input/output
        save the results to a file:  FALSE 
        save the graphs to files:  FALSE 
----------------------------------------------------
----                  Results                   ----
----------------------------------------------------
-----------------  Fixed effects  ------------------
----------------------------------------------------
     Parameter        Estimate SE     CV(%) p-value
[1,] E0                97.81    1.097  1.1  -      
[2,] Imax               0.70    0.010  1.5  -      
[3,] ED50             511.28   27.733  5.4  -      
[4,] beta_group(ED50)  -0.58    0.074 12.7  1.9e-15
[5,] gamma              2.02    0.071  3.5  -      
[6,] a.1                4.73    0.167  3.5  -      
----------------------------------------------------
-----------  Variance of random effects  -----------
----------------------------------------------------
     Parameter   Estimate SE     CV(%)
E0   omega2.E0   0.01     0.0017 17   
ED50 omega2.ED50 0.12     0.0193 16   
----------------------------------------------------
------  Correlation matrix of random effects  ------
----------------------------------------------------
            omega2.E0 omega2.ED50
omega2.E0   1         0          
omega2.ED50 0         1          
----------------------------------------------------
---------------  Statistical criteria  -------------
----------------------------------------------------
Likelihood computed by linearisation
      -2LL= 4048.697 
      AIC = 4064.697 
      BIC = 4085.538 

Likelihood computed by importance sampling
      -2LL= 4049.094 
      AIC = 4065.094 
      BIC = 4085.935 
----------------------------------------------------
----------------------------------------------------
-----------------  Fixed effects  ------------------
----------------------------------------------------
         Parameter Estimate     SE CV(%) p-value
1               E0    97.81  1.097  1.12       -
2             Imax     0.70  0.010  1.49       -
3             ED50   511.28 27.733  5.42       -
4 beta_group(ED50)    -0.58  0.074 12.71 3.8e-15
5            gamma     2.02  0.071  3.49       -
6              a.1     4.73  0.167  3.53       -
----------------------------------------------------
-----------  Variance of random effects  -----------
----------------------------------------------------
       Parameter Estimate     SE CV(%)
E0     omega2.E0     0.01 0.0017 16.63
ED50 omega2.ED50     0.12 0.0193 15.91
----------------------------------------------------
------  Correlation matrix of random effects  ------
----------------------------------------------------
            omega2.E0 omega2.ED50
omega2.E0   1.00      0.00       
omega2.ED50 0.00      1.00       
----------------------------------------------------
---------------  Statistical criteria  -------------
----------------------------------------------------
Likelihood computed by linearisation
      -2LL= 4048.697 
      AIC = 4064.697 
      BIC = 4085.538 

Likelihood computed by importance sampling
      -2LL= 4049.094 
      AIC = 4065.094 
      BIC = 4085.935 
----------------------------------------------------
Reading data from file /home/eco/work/saemix/saemixextension/simulationSuite/cont/imaxRichAdd/data/data_pdimax71.tab 
These are the first lines of the dataset as read into R. Please check the format of the data is appropriate, if not, modify the na and/or sep items and retry:
  id dose       eff group
1  1    0 112.91583     0
2  1  200 108.40176     0
3  1  400  65.52531     0
4  1  500  67.15806     0
5  1  700  39.42059     0
6  1 1000  46.75979     0


The following SaemixData object was successfully created:

Object of class SaemixData
    longitudinal data for use with the SAEM algorithm
Dataset /home/eco/work/saemix/saemixextension/simulationSuite/cont/imaxRichAdd/data/data_pdimax71.tab 
    Structured data: eff ~ dose | id 
    Predictor: dose (-) 
    covariates: group (-) 
      reference class for covariate group :  0 
Nonlinear mixed-effects model fit by the SAEM algorithm
-----------------------------------
----          Data             ----
-----------------------------------
Object of class SaemixData
    longitudinal data for use with the SAEM algorithm
Dataset /home/eco/work/saemix/saemixextension/simulationSuite/cont/imaxRichAdd/data/data_pdimax71.tab 
    Structured data: eff ~ dose | id 
    Predictor: dose (-) 
    covariates: group (-) 
      reference class for covariate group :  0 
Dataset characteristics:
    number of subjects:     100 
    number of observations: 600 
    average/min/max nb obs: 6.00  /  6  /  6 
First 10 lines of data:
   id dose       eff group mdv cens occ ytype
1   1    0 112.91583     0   0    0   1     1
2   1  200 108.40176     0   0    0   1     1
3   1  400  65.52531     0   0    0   1     1
4   1  500  67.15806     0   0    0   1     1
5   1  700  39.42059     0   0    0   1     1
6   1 1000  46.75979     0   0    0   1     1
7   2    0  92.56680     0   0    0   1     1
8   2  200  82.56355     0   0    0   1     1
9   2  400  74.05541     0   0    0   1     1
10  2  500  67.06408     0   0    0   1     1
-----------------------------------
----          Model            ----
-----------------------------------
Nonlinear mixed-effects model
  Model function:  PD Imax model
  Model type:  structural
function (psi, id, xidep) 
{
    dose <- xidep[, 1]
    e0 <- psi[id, 1]
    imax <- psi[id, 2]
    ed50 <- psi[id, 3]
    gamma <- psi[id, 4]
    f <- e0 * (1 - imax * (dose^gamma)/((ed50^gamma) + (dose^gamma)))
    return(f)
}
<bytecode: 0x564c33fe6fb0>
  Nb of parameters: 4 
      parameter names:  E0 Imax ED50 gamma 
      distribution:
     Parameter Distribution Estimated
[1,] E0        log-normal   Estimated
[2,] Imax      log-normal   Estimated
[3,] ED50      log-normal   Estimated
[4,] gamma     log-normal   Estimated
  Variance-covariance matrix:
      E0 Imax ED50 gamma
E0     1    0    0     0
Imax   0    0    0     0
ED50   0    0    1     0
gamma  0    0    0     0
  Error model: constant , initial values: a.1=5 
  Covariate model:
      [,1] [,2] [,3] [,4]
group    0    0    1    0
    Initial values
              E0 Imax ED50 gamma
Pop.CondInit 100  0.7  500     2
Cov.CondInit   0  0.0    0     0
-----------------------------------
----    Key algorithm options  ----
-----------------------------------
    Estimation of individual parameters (MAP)
    Estimation of standard errors and linearised log-likelihood
    Estimation of log-likelihood by importance sampling
    Number of iterations:  K1=300, K2=100 
    Number of chains:  1 
    Seed:  7927570 
    Number of MCMC iterations for IS:  5000 
    Simulations:
        nb of simulated datasets used for npde:  1000 
        nb of simulated datasets used for VPC:  100 
    Input/output
        save the results to a file:  FALSE 
        save the graphs to files:  FALSE 
----------------------------------------------------
----                  Results                   ----
----------------------------------------------------
-----------------  Fixed effects  ------------------
----------------------------------------------------
     Parameter        Estimate SE     CV(%) p-value
[1,] E0               100.81    1.096  1.1  -      
[2,] Imax               0.71    0.012  1.7  -      
[3,] ED50             527.02   30.527  5.8  -      
[4,] beta_group(ED50)  -0.56    0.078 14.0  4.1e-13
[5,] gamma              1.90    0.071  3.8  -      
[6,] a.1                5.15    0.182  3.5  -      
----------------------------------------------------
-----------  Variance of random effects  -----------
----------------------------------------------------
     Parameter   Estimate SE     CV(%)
E0   omega2.E0   0.0093   0.0016 17   
ED50 omega2.ED50 0.1342   0.0214 16   
----------------------------------------------------
------  Correlation matrix of random effects  ------
----------------------------------------------------
            omega2.E0 omega2.ED50
omega2.E0   1         0          
omega2.ED50 0         1          
----------------------------------------------------
---------------  Statistical criteria  -------------
----------------------------------------------------
Likelihood computed by linearisation
      -2LL= 4131.508 
      AIC = 4147.508 
      BIC = 4168.35 

Likelihood computed by importance sampling
      -2LL= 4131.888 
      AIC = 4147.888 
      BIC = 4168.73 
----------------------------------------------------
----------------------------------------------------
-----------------  Fixed effects  ------------------
----------------------------------------------------
         Parameter Estimate     SE CV(%) p-value
1               E0   100.81  1.096  1.09       -
2             Imax     0.71  0.012  1.71       -
3             ED50   527.02 30.527  5.79       -
4 beta_group(ED50)    -0.56  0.078 13.97 8.2e-13
5            gamma     1.90  0.071  3.76       -
6              a.1     5.15  0.182  3.52       -
----------------------------------------------------
-----------  Variance of random effects  -----------
----------------------------------------------------
       Parameter Estimate     SE CV(%)
E0     omega2.E0   0.0093 0.0016 17.22
ED50 omega2.ED50   0.1342 0.0214 15.95
----------------------------------------------------
------  Correlation matrix of random effects  ------
----------------------------------------------------
            omega2.E0 omega2.ED50
omega2.E0   1.00      0.00       
omega2.ED50 0.00      1.00       
----------------------------------------------------
---------------  Statistical criteria  -------------
----------------------------------------------------
Likelihood computed by linearisation
      -2LL= 4131.508 
      AIC = 4147.508 
      BIC = 4168.35 

Likelihood computed by importance sampling
      -2LL= 4131.888 
      AIC = 4147.888 
      BIC = 4168.73 
----------------------------------------------------
Reading data from file /home/eco/work/saemix/saemixextension/simulationSuite/cont/imaxRichAdd/data/data_pdimax72.tab 
These are the first lines of the dataset as read into R. Please check the format of the data is appropriate, if not, modify the na and/or sep items and retry:
  id dose       eff group
1  1    0 126.28977     0
2  1  200  78.22337     0
3  1  400  51.49604     0
4  1  500  48.65335     0
5  1  700  38.71154     0
6  1 1000  39.08259     0


The following SaemixData object was successfully created:

Object of class SaemixData
    longitudinal data for use with the SAEM algorithm
Dataset /home/eco/work/saemix/saemixextension/simulationSuite/cont/imaxRichAdd/data/data_pdimax72.tab 
    Structured data: eff ~ dose | id 
    Predictor: dose (-) 
    covariates: group (-) 
      reference class for covariate group :  0 
Nonlinear mixed-effects model fit by the SAEM algorithm
-----------------------------------
----          Data             ----
-----------------------------------
Object of class SaemixData
    longitudinal data for use with the SAEM algorithm
Dataset /home/eco/work/saemix/saemixextension/simulationSuite/cont/imaxRichAdd/data/data_pdimax72.tab 
    Structured data: eff ~ dose | id 
    Predictor: dose (-) 
    covariates: group (-) 
      reference class for covariate group :  0 
Dataset characteristics:
    number of subjects:     100 
    number of observations: 600 
    average/min/max nb obs: 6.00  /  6  /  6 
First 10 lines of data:
   id dose       eff group mdv cens occ ytype
1   1    0 126.28977     0   0    0   1     1
2   1  200  78.22337     0   0    0   1     1
3   1  400  51.49604     0   0    0   1     1
4   1  500  48.65335     0   0    0   1     1
5   1  700  38.71154     0   0    0   1     1
6   1 1000  39.08259     0   0    0   1     1
7   2    0 101.90503     0   0    0   1     1
8   2  200  86.22329     0   0    0   1     1
9   2  400  56.42819     0   0    0   1     1
10  2  500  59.49273     0   0    0   1     1
-----------------------------------
----          Model            ----
-----------------------------------
Nonlinear mixed-effects model
  Model function:  PD Imax model
  Model type:  structural
function (psi, id, xidep) 
{
    dose <- xidep[, 1]
    e0 <- psi[id, 1]
    imax <- psi[id, 2]
    ed50 <- psi[id, 3]
    gamma <- psi[id, 4]
    f <- e0 * (1 - imax * (dose^gamma)/((ed50^gamma) + (dose^gamma)))
    return(f)
}
<bytecode: 0x564c33fe6fb0>
  Nb of parameters: 4 
      parameter names:  E0 Imax ED50 gamma 
      distribution:
     Parameter Distribution Estimated
[1,] E0        log-normal   Estimated
[2,] Imax      log-normal   Estimated
[3,] ED50      log-normal   Estimated
[4,] gamma     log-normal   Estimated
  Variance-covariance matrix:
      E0 Imax ED50 gamma
E0     1    0    0     0
Imax   0    0    0     0
ED50   0    0    1     0
gamma  0    0    0     0
  Error model: constant , initial values: a.1=5 
  Covariate model:
      [,1] [,2] [,3] [,4]
group    0    0    1    0
    Initial values
              E0 Imax ED50 gamma
Pop.CondInit 100  0.7  500     2
Cov.CondInit   0  0.0    0     0
-----------------------------------
----    Key algorithm options  ----
-----------------------------------
    Estimation of individual parameters (MAP)
    Estimation of standard errors and linearised log-likelihood
    Estimation of log-likelihood by importance sampling
    Number of iterations:  K1=300, K2=100 
    Number of chains:  1 
    Seed:  7927570 
    Number of MCMC iterations for IS:  5000 
    Simulations:
        nb of simulated datasets used for npde:  1000 
        nb of simulated datasets used for VPC:  100 
    Input/output
        save the results to a file:  FALSE 
        save the graphs to files:  FALSE 
----------------------------------------------------
----                  Results                   ----
----------------------------------------------------
-----------------  Fixed effects  ------------------
----------------------------------------------------
     Parameter        Estimate SE     CV(%) p-value
[1,] E0               100.41    1.164  1.2  -      
[2,] Imax               0.68    0.010  1.5  -      
[3,] ED50             492.50   25.923  5.3  -      
[4,] beta_group(ED50)  -0.51    0.072 14.0  4.9e-13
[5,] gamma              2.07    0.074  3.6  -      
[6,] a.1                4.82    0.170  3.5  -      
----------------------------------------------------
-----------  Variance of random effects  -----------
----------------------------------------------------
     Parameter   Estimate SE     CV(%)
E0   omega2.E0   0.011    0.0018 16   
ED50 omega2.ED50 0.113    0.0181 16   
----------------------------------------------------
------  Correlation matrix of random effects  ------
----------------------------------------------------
            omega2.E0 omega2.ED50
omega2.E0   1         0          
omega2.ED50 0         1          
----------------------------------------------------
---------------  Statistical criteria  -------------
----------------------------------------------------
Likelihood computed by linearisation
      -2LL= 4073.879 
      AIC = 4089.879 
      BIC = 4110.721 

Likelihood computed by importance sampling
      -2LL= 4074.802 
      AIC = 4090.802 
      BIC = 4111.644 
----------------------------------------------------
----------------------------------------------------
-----------------  Fixed effects  ------------------
----------------------------------------------------
         Parameter Estimate     SE CV(%) p-value
1               E0   100.41  1.164  1.16       -
2             Imax     0.68  0.010  1.53       -
3             ED50   492.50 25.923  5.26       -
4 beta_group(ED50)    -0.51  0.072 14.02 9.9e-13
5            gamma     2.07  0.074  3.57       -
6              a.1     4.82  0.170  3.53       -
----------------------------------------------------
-----------  Variance of random effects  -----------
----------------------------------------------------
       Parameter Estimate     SE CV(%)
E0     omega2.E0    0.011 0.0018 16.39
ED50 omega2.ED50    0.113 0.0181 16.06
----------------------------------------------------
------  Correlation matrix of random effects  ------
----------------------------------------------------
            omega2.E0 omega2.ED50
omega2.E0   1.00      0.00       
omega2.ED50 0.00      1.00       
----------------------------------------------------
---------------  Statistical criteria  -------------
----------------------------------------------------
Likelihood computed by linearisation
      -2LL= 4073.879 
      AIC = 4089.879 
      BIC = 4110.721 

Likelihood computed by importance sampling
      -2LL= 4074.802 
      AIC = 4090.802 
      BIC = 4111.644 
----------------------------------------------------
Reading data from file /home/eco/work/saemix/saemixextension/simulationSuite/cont/imaxRichAdd/data/data_pdimax73.tab 
These are the first lines of the dataset as read into R. Please check the format of the data is appropriate, if not, modify the na and/or sep items and retry:
  id dose      eff group
1  1    0 82.20772     0
2  1  200 77.53822     0
3  1  400 65.93074     0
4  1  500 58.89120     0
5  1  700 46.63624     0
6  1 1000 25.65745     0


The following SaemixData object was successfully created:

Object of class SaemixData
    longitudinal data for use with the SAEM algorithm
Dataset /home/eco/work/saemix/saemixextension/simulationSuite/cont/imaxRichAdd/data/data_pdimax73.tab 
    Structured data: eff ~ dose | id 
    Predictor: dose (-) 
    covariates: group (-) 
      reference class for covariate group :  0 
Nonlinear mixed-effects model fit by the SAEM algorithm
-----------------------------------
----          Data             ----
-----------------------------------
Object of class SaemixData
    longitudinal data for use with the SAEM algorithm
Dataset /home/eco/work/saemix/saemixextension/simulationSuite/cont/imaxRichAdd/data/data_pdimax73.tab 
    Structured data: eff ~ dose | id 
    Predictor: dose (-) 
    covariates: group (-) 
      reference class for covariate group :  0 
Dataset characteristics:
    number of subjects:     100 
    number of observations: 600 
    average/min/max nb obs: 6.00  /  6  /  6 
First 10 lines of data:
   id dose      eff group mdv cens occ ytype
1   1    0 82.20772     0   0    0   1     1
2   1  200 77.53822     0   0    0   1     1
3   1  400 65.93074     0   0    0   1     1
4   1  500 58.89120     0   0    0   1     1
5   1  700 46.63624     0   0    0   1     1
6   1 1000 25.65745     0   0    0   1     1
7   2    0 86.55265     0   0    0   1     1
8   2  200 91.29906     0   0    0   1     1
9   2  400 72.12395     0   0    0   1     1
10  2  500 66.92598     0   0    0   1     1
-----------------------------------
----          Model            ----
-----------------------------------
Nonlinear mixed-effects model
  Model function:  PD Imax model
  Model type:  structural
function (psi, id, xidep) 
{
    dose <- xidep[, 1]
    e0 <- psi[id, 1]
    imax <- psi[id, 2]
    ed50 <- psi[id, 3]
    gamma <- psi[id, 4]
    f <- e0 * (1 - imax * (dose^gamma)/((ed50^gamma) + (dose^gamma)))
    return(f)
}
<bytecode: 0x564c33fe6fb0>
  Nb of parameters: 4 
      parameter names:  E0 Imax ED50 gamma 
      distribution:
     Parameter Distribution Estimated
[1,] E0        log-normal   Estimated
[2,] Imax      log-normal   Estimated
[3,] ED50      log-normal   Estimated
[4,] gamma     log-normal   Estimated
  Variance-covariance matrix:
      E0 Imax ED50 gamma
E0     1    0    0     0
Imax   0    0    0     0
ED50   0    0    1     0
gamma  0    0    0     0
  Error model: constant , initial values: a.1=5 
  Covariate model:
      [,1] [,2] [,3] [,4]
group    0    0    1    0
    Initial values
              E0 Imax ED50 gamma
Pop.CondInit 100  0.7  500     2
Cov.CondInit   0  0.0    0     0
-----------------------------------
----    Key algorithm options  ----
-----------------------------------
    Estimation of individual parameters (MAP)
    Estimation of standard errors and linearised log-likelihood
    Estimation of log-likelihood by importance sampling
    Number of iterations:  K1=300, K2=100 
    Number of chains:  1 
    Seed:  7927570 
    Number of MCMC iterations for IS:  5000 
    Simulations:
        nb of simulated datasets used for npde:  1000 
        nb of simulated datasets used for VPC:  100 
    Input/output
        save the results to a file:  FALSE 
        save the graphs to files:  FALSE 
----------------------------------------------------
----                  Results                   ----
----------------------------------------------------
-----------------  Fixed effects  ------------------
----------------------------------------------------
     Parameter        Estimate SE     CV(%) p-value
[1,] E0                99.75    1.159  1.2  -      
[2,] Imax               0.70    0.011  1.5  -      
[3,] ED50             494.36   26.497  5.4  -      
[4,] beta_group(ED50)  -0.45    0.073 16.0  2.1e-10
[5,] gamma              2.02    0.068  3.4  -      
[6,] a.1                4.61    0.163  3.5  -      
----------------------------------------------------
-----------  Variance of random effects  -----------
----------------------------------------------------
     Parameter   Estimate SE     CV(%)
E0   omega2.E0   0.011    0.0019 16   
ED50 omega2.ED50 0.118    0.0186 16   
----------------------------------------------------
------  Correlation matrix of random effects  ------
----------------------------------------------------
            omega2.E0 omega2.ED50
omega2.E0   1         0          
omega2.ED50 0         1          
----------------------------------------------------
---------------  Statistical criteria  -------------
----------------------------------------------------
Likelihood computed by linearisation
      -2LL= 4045.733 
      AIC = 4061.733 
      BIC = 4082.574 

Likelihood computed by importance sampling
      -2LL= 4046.397 
      AIC = 4062.397 
      BIC = 4083.239 
----------------------------------------------------
----------------------------------------------------
-----------------  Fixed effects  ------------------
----------------------------------------------------
         Parameter Estimate     SE CV(%) p-value
1               E0    99.75  1.159  1.16       -
2             Imax     0.70  0.011  1.54       -
3             ED50   494.36 26.497  5.36       -
4 beta_group(ED50)    -0.45  0.073 16.02 4.3e-10
5            gamma     2.02  0.068  3.39       -
6              a.1     4.61  0.163  3.53       -
----------------------------------------------------
-----------  Variance of random effects  -----------
----------------------------------------------------
       Parameter Estimate     SE CV(%)
E0     omega2.E0    0.011 0.0019 16.21
ED50 omega2.ED50    0.118 0.0186 15.78
----------------------------------------------------
------  Correlation matrix of random effects  ------
----------------------------------------------------
            omega2.E0 omega2.ED50
omega2.E0   1.00      0.00       
omega2.ED50 0.00      1.00       
----------------------------------------------------
---------------  Statistical criteria  -------------
----------------------------------------------------
Likelihood computed by linearisation
      -2LL= 4045.733 
      AIC = 4061.733 
      BIC = 4082.574 

Likelihood computed by importance sampling
      -2LL= 4046.397 
      AIC = 4062.397 
      BIC = 4083.239 
----------------------------------------------------
Reading data from file /home/eco/work/saemix/saemixextension/simulationSuite/cont/imaxRichAdd/data/data_pdimax74.tab 
These are the first lines of the dataset as read into R. Please check the format of the data is appropriate, if not, modify the na and/or sep items and retry:
  id dose       eff group
1  1    0 108.95955     0
2  1  200  93.45625     0
3  1  400  82.84387     0
4  1  500  76.59815     0
5  1  700  52.95653     0
6  1 1000  47.02565     0


The following SaemixData object was successfully created:

Object of class SaemixData
    longitudinal data for use with the SAEM algorithm
Dataset /home/eco/work/saemix/saemixextension/simulationSuite/cont/imaxRichAdd/data/data_pdimax74.tab 
    Structured data: eff ~ dose | id 
    Predictor: dose (-) 
    covariates: group (-) 
      reference class for covariate group :  0 
Nonlinear mixed-effects model fit by the SAEM algorithm
-----------------------------------
----          Data             ----
-----------------------------------
Object of class SaemixData
    longitudinal data for use with the SAEM algorithm
Dataset /home/eco/work/saemix/saemixextension/simulationSuite/cont/imaxRichAdd/data/data_pdimax74.tab 
    Structured data: eff ~ dose | id 
    Predictor: dose (-) 
    covariates: group (-) 
      reference class for covariate group :  0 
Dataset characteristics:
    number of subjects:     100 
    number of observations: 600 
    average/min/max nb obs: 6.00  /  6  /  6 
First 10 lines of data:
   id dose       eff group mdv cens occ ytype
1   1    0 108.95955     0   0    0   1     1
2   1  200  93.45625     0   0    0   1     1
3   1  400  82.84387     0   0    0   1     1
4   1  500  76.59815     0   0    0   1     1
5   1  700  52.95653     0   0    0   1     1
6   1 1000  47.02565     0   0    0   1     1
7   2    0  99.21523     0   0    0   1     1
8   2  200 104.55720     0   0    0   1     1
9   2  400  82.92720     0   0    0   1     1
10  2  500  80.25134     0   0    0   1     1
-----------------------------------
----          Model            ----
-----------------------------------
Nonlinear mixed-effects model
  Model function:  PD Imax model
  Model type:  structural
function (psi, id, xidep) 
{
    dose <- xidep[, 1]
    e0 <- psi[id, 1]
    imax <- psi[id, 2]
    ed50 <- psi[id, 3]
    gamma <- psi[id, 4]
    f <- e0 * (1 - imax * (dose^gamma)/((ed50^gamma) + (dose^gamma)))
    return(f)
}
<bytecode: 0x564c33fe6fb0>
  Nb of parameters: 4 
      parameter names:  E0 Imax ED50 gamma 
      distribution:
     Parameter Distribution Estimated
[1,] E0        log-normal   Estimated
[2,] Imax      log-normal   Estimated
[3,] ED50      log-normal   Estimated
[4,] gamma     log-normal   Estimated
  Variance-covariance matrix:
      E0 Imax ED50 gamma
E0     1    0    0     0
Imax   0    0    0     0
ED50   0    0    1     0
gamma  0    0    0     0
  Error model: constant , initial values: a.1=5 
  Covariate model:
      [,1] [,2] [,3] [,4]
group    0    0    1    0
    Initial values
              E0 Imax ED50 gamma
Pop.CondInit 100  0.7  500     2
Cov.CondInit   0  0.0    0     0
-----------------------------------
----    Key algorithm options  ----
-----------------------------------
    Estimation of individual parameters (MAP)
    Estimation of standard errors and linearised log-likelihood
    Estimation of log-likelihood by importance sampling
    Number of iterations:  K1=300, K2=100 
    Number of chains:  1 
    Seed:  7927570 
    Number of MCMC iterations for IS:  5000 
    Simulations:
        nb of simulated datasets used for npde:  1000 
        nb of simulated datasets used for VPC:  100 
    Input/output
        save the results to a file:  FALSE 
        save the graphs to files:  FALSE 
----------------------------------------------------
----                  Results                   ----
----------------------------------------------------
-----------------  Fixed effects  ------------------
----------------------------------------------------
     Parameter        Estimate SE     CV(%) p-value
[1,] E0               101.10    1.265  1.3  -      
[2,] Imax               0.71    0.011  1.6  -      
[3,] ED50             540.13   22.433  4.2  -      
[4,] beta_group(ED50)  -0.55    0.055 10.0  0      
[5,] gamma              2.08    0.071  3.4  -      
[6,] a.1                4.76    0.168  3.5  -      
----------------------------------------------------
-----------  Variance of random effects  -----------
----------------------------------------------------
     Parameter   Estimate SE     CV(%)
E0   omega2.E0   0.014    0.0021 16   
ED50 omega2.ED50 0.063    0.0107 17   
----------------------------------------------------
------  Correlation matrix of random effects  ------
----------------------------------------------------
            omega2.E0 omega2.ED50
omega2.E0   1         0          
omega2.ED50 0         1          
----------------------------------------------------
---------------  Statistical criteria  -------------
----------------------------------------------------
Likelihood computed by linearisation
      -2LL= 4045.262 
      AIC = 4061.262 
      BIC = 4082.104 

Likelihood computed by importance sampling
      -2LL= 4045.47 
      AIC = 4061.47 
      BIC = 4082.311 
----------------------------------------------------
----------------------------------------------------
-----------------  Fixed effects  ------------------
----------------------------------------------------
         Parameter Estimate     SE CV(%) p-value
1               E0   101.10  1.265  1.25       -
2             Imax     0.71  0.011  1.57       -
3             ED50   540.13 22.433  4.15       -
4 beta_group(ED50)    -0.55  0.055  9.99    0.00
5            gamma     2.08  0.071  3.40       -
6              a.1     4.76  0.168  3.52       -
----------------------------------------------------
-----------  Variance of random effects  -----------
----------------------------------------------------
       Parameter Estimate     SE CV(%)
E0     omega2.E0    0.014 0.0021 15.85
ED50 omega2.ED50    0.063 0.0107 17.04
----------------------------------------------------
------  Correlation matrix of random effects  ------
----------------------------------------------------
            omega2.E0 omega2.ED50
omega2.E0   1.00      0.00       
omega2.ED50 0.00      1.00       
----------------------------------------------------
---------------  Statistical criteria  -------------
----------------------------------------------------
Likelihood computed by linearisation
      -2LL= 4045.262 
      AIC = 4061.262 
      BIC = 4082.104 

Likelihood computed by importance sampling
      -2LL= 4045.47 
      AIC = 4061.47 
      BIC = 4082.311 
----------------------------------------------------
Reading data from file /home/eco/work/saemix/saemixextension/simulationSuite/cont/imaxRichAdd/data/data_pdimax75.tab 
These are the first lines of the dataset as read into R. Please check the format of the data is appropriate, if not, modify the na and/or sep items and retry:
  id dose       eff group
1  1    0 102.12371     0
2  1  200  95.15902     0
3  1  400  81.28208     0
4  1  500  86.20081     0
5  1  700  58.21080     0
6  1 1000  59.03215     0


The following SaemixData object was successfully created:

Object of class SaemixData
    longitudinal data for use with the SAEM algorithm
Dataset /home/eco/work/saemix/saemixextension/simulationSuite/cont/imaxRichAdd/data/data_pdimax75.tab 
    Structured data: eff ~ dose | id 
    Predictor: dose (-) 
    covariates: group (-) 
      reference class for covariate group :  0 
Nonlinear mixed-effects model fit by the SAEM algorithm
-----------------------------------
----          Data             ----
-----------------------------------
Object of class SaemixData
    longitudinal data for use with the SAEM algorithm
Dataset /home/eco/work/saemix/saemixextension/simulationSuite/cont/imaxRichAdd/data/data_pdimax75.tab 
    Structured data: eff ~ dose | id 
    Predictor: dose (-) 
    covariates: group (-) 
      reference class for covariate group :  0 
Dataset characteristics:
    number of subjects:     100 
    number of observations: 600 
    average/min/max nb obs: 6.00  /  6  /  6 
First 10 lines of data:
   id dose       eff group mdv cens occ ytype
1   1    0 102.12371     0   0    0   1     1
2   1  200  95.15902     0   0    0   1     1
3   1  400  81.28208     0   0    0   1     1
4   1  500  86.20081     0   0    0   1     1
5   1  700  58.21080     0   0    0   1     1
6   1 1000  59.03215     0   0    0   1     1
7   2    0 116.27521     0   0    0   1     1
8   2  200 111.43394     0   0    0   1     1
9   2  400 101.07353     0   0    0   1     1
10  2  500  88.63685     0   0    0   1     1
-----------------------------------
----          Model            ----
-----------------------------------
Nonlinear mixed-effects model
  Model function:  PD Imax model
  Model type:  structural
function (psi, id, xidep) 
{
    dose <- xidep[, 1]
    e0 <- psi[id, 1]
    imax <- psi[id, 2]
    ed50 <- psi[id, 3]
    gamma <- psi[id, 4]
    f <- e0 * (1 - imax * (dose^gamma)/((ed50^gamma) + (dose^gamma)))
    return(f)
}
<bytecode: 0x564c33fe6fb0>
  Nb of parameters: 4 
      parameter names:  E0 Imax ED50 gamma 
      distribution:
     Parameter Distribution Estimated
[1,] E0        log-normal   Estimated
[2,] Imax      log-normal   Estimated
[3,] ED50      log-normal   Estimated
[4,] gamma     log-normal   Estimated
  Variance-covariance matrix:
      E0 Imax ED50 gamma
E0     1    0    0     0
Imax   0    0    0     0
ED50   0    0    1     0
gamma  0    0    0     0
  Error model: constant , initial values: a.1=5 
  Covariate model:
      [,1] [,2] [,3] [,4]
group    0    0    1    0
    Initial values
              E0 Imax ED50 gamma
Pop.CondInit 100  0.7  500     2
Cov.CondInit   0  0.0    0     0
-----------------------------------
----    Key algorithm options  ----
-----------------------------------
    Estimation of individual parameters (MAP)
    Estimation of standard errors and linearised log-likelihood
    Estimation of log-likelihood by importance sampling
    Number of iterations:  K1=300, K2=100 
    Number of chains:  1 
    Seed:  7927570 
    Number of MCMC iterations for IS:  5000 
    Simulations:
        nb of simulated datasets used for npde:  1000 
        nb of simulated datasets used for VPC:  100 
    Input/output
        save the results to a file:  FALSE 
        save the graphs to files:  FALSE 
----------------------------------------------------
----                  Results                   ----
----------------------------------------------------
-----------------  Fixed effects  ------------------
----------------------------------------------------
     Parameter        Estimate SE     CV(%) p-value
[1,] E0               100.58    1.188  1.2  -      
[2,] Imax               0.69    0.012  1.8  -      
[3,] ED50             492.65   21.447  4.4  -      
[4,] beta_group(ED50)  -0.44    0.057 12.9  5.2e-15
[5,] gamma              2.10    0.081  3.9  -      
[6,] a.1                5.24    0.184  3.5  -      
----------------------------------------------------
-----------  Variance of random effects  -----------
----------------------------------------------------
     Parameter   Estimate SE     CV(%)
E0   omega2.E0   0.011    0.0019 17   
ED50 omega2.ED50 0.065    0.0114 18   
----------------------------------------------------
------  Correlation matrix of random effects  ------
----------------------------------------------------
            omega2.E0 omega2.ED50
omega2.E0   1         0          
omega2.ED50 0         1          
----------------------------------------------------
---------------  Statistical criteria  -------------
----------------------------------------------------
Likelihood computed by linearisation
      -2LL= 4106.724 
      AIC = 4122.724 
      BIC = 4143.565 

Likelihood computed by importance sampling
      -2LL= 4107.276 
      AIC = 4123.276 
      BIC = 4144.118 
----------------------------------------------------
----------------------------------------------------
-----------------  Fixed effects  ------------------
----------------------------------------------------
         Parameter Estimate     SE CV(%) p-value
1               E0   100.58  1.188  1.18       -
2             Imax     0.69  0.012  1.78       -
3             ED50   492.65 21.447  4.35       -
4 beta_group(ED50)    -0.44  0.057 12.93   1e-14
5            gamma     2.10  0.081  3.86       -
6              a.1     5.24  0.184  3.52       -
----------------------------------------------------
-----------  Variance of random effects  -----------
----------------------------------------------------
       Parameter Estimate     SE CV(%)
E0     omega2.E0    0.011 0.0019 16.61
ED50 omega2.ED50    0.065 0.0114 17.60
----------------------------------------------------
------  Correlation matrix of random effects  ------
----------------------------------------------------
            omega2.E0 omega2.ED50
omega2.E0   1.00      0.00       
omega2.ED50 0.00      1.00       
----------------------------------------------------
---------------  Statistical criteria  -------------
----------------------------------------------------
Likelihood computed by linearisation
      -2LL= 4106.724 
      AIC = 4122.724 
      BIC = 4143.565 

Likelihood computed by importance sampling
      -2LL= 4107.276 
      AIC = 4123.276 
      BIC = 4144.118 
----------------------------------------------------
Reading data from file /home/eco/work/saemix/saemixextension/simulationSuite/cont/imaxRichAdd/data/data_pdimax76.tab 
These are the first lines of the dataset as read into R. Please check the format of the data is appropriate, if not, modify the na and/or sep items and retry:
  id dose      eff group
1  1    0 84.85907     0
2  1  200 88.94538     0
3  1  400 63.42614     0
4  1  500 60.97283     0
5  1  700 51.48794     0
6  1 1000 35.18872     0


The following SaemixData object was successfully created:

Object of class SaemixData
    longitudinal data for use with the SAEM algorithm
Dataset /home/eco/work/saemix/saemixextension/simulationSuite/cont/imaxRichAdd/data/data_pdimax76.tab 
    Structured data: eff ~ dose | id 
    Predictor: dose (-) 
    covariates: group (-) 
      reference class for covariate group :  0 
Nonlinear mixed-effects model fit by the SAEM algorithm
-----------------------------------
----          Data             ----
-----------------------------------
Object of class SaemixData
    longitudinal data for use with the SAEM algorithm
Dataset /home/eco/work/saemix/saemixextension/simulationSuite/cont/imaxRichAdd/data/data_pdimax76.tab 
    Structured data: eff ~ dose | id 
    Predictor: dose (-) 
    covariates: group (-) 
      reference class for covariate group :  0 
Dataset characteristics:
    number of subjects:     100 
    number of observations: 600 
    average/min/max nb obs: 6.00  /  6  /  6 
First 10 lines of data:
   id dose      eff group mdv cens occ ytype
1   1    0 84.85907     0   0    0   1     1
2   1  200 88.94538     0   0    0   1     1
3   1  400 63.42614     0   0    0   1     1
4   1  500 60.97283     0   0    0   1     1
5   1  700 51.48794     0   0    0   1     1
6   1 1000 35.18872     0   0    0   1     1
7   2    0 81.93996     0   0    0   1     1
8   2  200 77.43182     0   0    0   1     1
9   2  400 69.38454     0   0    0   1     1
10  2  500 58.17375     0   0    0   1     1
-----------------------------------
----          Model            ----
-----------------------------------
Nonlinear mixed-effects model
  Model function:  PD Imax model
  Model type:  structural
function (psi, id, xidep) 
{
    dose <- xidep[, 1]
    e0 <- psi[id, 1]
    imax <- psi[id, 2]
    ed50 <- psi[id, 3]
    gamma <- psi[id, 4]
    f <- e0 * (1 - imax * (dose^gamma)/((ed50^gamma) + (dose^gamma)))
    return(f)
}
<bytecode: 0x564c33fe6fb0>
  Nb of parameters: 4 
      parameter names:  E0 Imax ED50 gamma 
      distribution:
     Parameter Distribution Estimated
[1,] E0        log-normal   Estimated
[2,] Imax      log-normal   Estimated
[3,] ED50      log-normal   Estimated
[4,] gamma     log-normal   Estimated
  Variance-covariance matrix:
      E0 Imax ED50 gamma
E0     1    0    0     0
Imax   0    0    0     0
ED50   0    0    1     0
gamma  0    0    0     0
  Error model: constant , initial values: a.1=5 
  Covariate model:
      [,1] [,2] [,3] [,4]
group    0    0    1    0
    Initial values
              E0 Imax ED50 gamma
Pop.CondInit 100  0.7  500     2
Cov.CondInit   0  0.0    0     0
-----------------------------------
----    Key algorithm options  ----
-----------------------------------
    Estimation of individual parameters (MAP)
    Estimation of standard errors and linearised log-likelihood
    Estimation of log-likelihood by importance sampling
    Number of iterations:  K1=300, K2=100 
    Number of chains:  1 
    Seed:  7927570 
    Number of MCMC iterations for IS:  5000 
    Simulations:
        nb of simulated datasets used for npde:  1000 
        nb of simulated datasets used for VPC:  100 
    Input/output
        save the results to a file:  FALSE 
        save the graphs to files:  FALSE 
----------------------------------------------------
----                  Results                   ----
----------------------------------------------------
-----------------  Fixed effects  ------------------
----------------------------------------------------
     Parameter        Estimate SE     CV(%) p-value
[1,] E0               100.60    1.009  1.0  -      
[2,] Imax               0.69    0.011  1.6  -      
[3,] ED50             487.21   22.597  4.6  -      
[4,] beta_group(ED50)  -0.52    0.062 12.1  1.1e-16
[5,] gamma              2.07    0.073  3.5  -      
[6,] a.1                4.87    0.171  3.5  -      
----------------------------------------------------
-----------  Variance of random effects  -----------
----------------------------------------------------
     Parameter   Estimate SE     CV(%)
E0   omega2.E0   0.0078   0.0014 17   
ED50 omega2.ED50 0.0827   0.0137 17   
----------------------------------------------------
------  Correlation matrix of random effects  ------
----------------------------------------------------
            omega2.E0 omega2.ED50
omega2.E0   1         0          
omega2.ED50 0         1          
----------------------------------------------------
---------------  Statistical criteria  -------------
----------------------------------------------------
Likelihood computed by linearisation
      -2LL= 4026.418 
      AIC = 4042.418 
      BIC = 4063.26 

Likelihood computed by importance sampling
      -2LL= 4026.421 
      AIC = 4042.421 
      BIC = 4063.262 
----------------------------------------------------
----------------------------------------------------
-----------------  Fixed effects  ------------------
----------------------------------------------------
         Parameter Estimate     SE CV(%) p-value
1               E0   100.60  1.009  1.00       -
2             Imax     0.69  0.011  1.55       -
3             ED50   487.21 22.597  4.64       -
4 beta_group(ED50)    -0.52  0.062 12.08 2.2e-16
5            gamma     2.07  0.073  3.55       -
6              a.1     4.87  0.171  3.52       -
----------------------------------------------------
-----------  Variance of random effects  -----------
----------------------------------------------------
       Parameter Estimate     SE CV(%)
E0     omega2.E0   0.0078 0.0014 17.39
ED50 omega2.ED50   0.0827 0.0137 16.59
----------------------------------------------------
------  Correlation matrix of random effects  ------
----------------------------------------------------
            omega2.E0 omega2.ED50
omega2.E0   1.00      0.00       
omega2.ED50 0.00      1.00       
----------------------------------------------------
---------------  Statistical criteria  -------------
----------------------------------------------------
Likelihood computed by linearisation
      -2LL= 4026.418 
      AIC = 4042.418 
      BIC = 4063.26 

Likelihood computed by importance sampling
      -2LL= 4026.421 
      AIC = 4042.421 
      BIC = 4063.262 
----------------------------------------------------
Reading data from file /home/eco/work/saemix/saemixextension/simulationSuite/cont/imaxRichAdd/data/data_pdimax77.tab 
These are the first lines of the dataset as read into R. Please check the format of the data is appropriate, if not, modify the na and/or sep items and retry:
  id dose      eff group
1  1    0 85.67712     0
2  1  200 87.68699     0
3  1  400 66.87730     0
4  1  500 59.77561     0
5  1  700 54.45862     0
6  1 1000 46.17756     0


The following SaemixData object was successfully created:

Object of class SaemixData
    longitudinal data for use with the SAEM algorithm
Dataset /home/eco/work/saemix/saemixextension/simulationSuite/cont/imaxRichAdd/data/data_pdimax77.tab 
    Structured data: eff ~ dose | id 
    Predictor: dose (-) 
    covariates: group (-) 
      reference class for covariate group :  0 
Nonlinear mixed-effects model fit by the SAEM algorithm
-----------------------------------
----          Data             ----
-----------------------------------
Object of class SaemixData
    longitudinal data for use with the SAEM algorithm
Dataset /home/eco/work/saemix/saemixextension/simulationSuite/cont/imaxRichAdd/data/data_pdimax77.tab 
    Structured data: eff ~ dose | id 
    Predictor: dose (-) 
    covariates: group (-) 
      reference class for covariate group :  0 
Dataset characteristics:
    number of subjects:     100 
    number of observations: 600 
    average/min/max nb obs: 6.00  /  6  /  6 
First 10 lines of data:
   id dose       eff group mdv cens occ ytype
1   1    0  85.67712     0   0    0   1     1
2   1  200  87.68699     0   0    0   1     1
3   1  400  66.87730     0   0    0   1     1
4   1  500  59.77561     0   0    0   1     1
5   1  700  54.45862     0   0    0   1     1
6   1 1000  46.17756     0   0    0   1     1
7   2    0 122.19884     0   0    0   1     1
8   2  200  89.15957     0   0    0   1     1
9   2  400  67.11659     0   0    0   1     1
10  2  500  54.88944     0   0    0   1     1
-----------------------------------
----          Model            ----
-----------------------------------
Nonlinear mixed-effects model
  Model function:  PD Imax model
  Model type:  structural
function (psi, id, xidep) 
{
    dose <- xidep[, 1]
    e0 <- psi[id, 1]
    imax <- psi[id, 2]
    ed50 <- psi[id, 3]
    gamma <- psi[id, 4]
    f <- e0 * (1 - imax * (dose^gamma)/((ed50^gamma) + (dose^gamma)))
    return(f)
}
<bytecode: 0x564c33fe6fb0>
  Nb of parameters: 4 
      parameter names:  E0 Imax ED50 gamma 
      distribution:
     Parameter Distribution Estimated
[1,] E0        log-normal   Estimated
[2,] Imax      log-normal   Estimated
[3,] ED50      log-normal   Estimated
[4,] gamma     log-normal   Estimated
  Variance-covariance matrix:
      E0 Imax ED50 gamma
E0     1    0    0     0
Imax   0    0    0     0
ED50   0    0    1     0
gamma  0    0    0     0
  Error model: constant , initial values: a.1=5 
  Covariate model:
      [,1] [,2] [,3] [,4]
group    0    0    1    0
    Initial values
              E0 Imax ED50 gamma
Pop.CondInit 100  0.7  500     2
Cov.CondInit   0  0.0    0     0
-----------------------------------
----    Key algorithm options  ----
-----------------------------------
    Estimation of individual parameters (MAP)
    Estimation of standard errors and linearised log-likelihood
    Estimation of log-likelihood by importance sampling
    Number of iterations:  K1=300, K2=100 
    Number of chains:  1 
    Seed:  7927570 
    Number of MCMC iterations for IS:  5000 
    Simulations:
        nb of simulated datasets used for npde:  1000 
        nb of simulated datasets used for VPC:  100 
    Input/output
        save the results to a file:  FALSE 
        save the graphs to files:  FALSE 
----------------------------------------------------
----                  Results                   ----
----------------------------------------------------
-----------------  Fixed effects  ------------------
----------------------------------------------------
     Parameter        Estimate SE     CV(%) p-value
[1,] E0                97.71    1.068  1.1  -      
[2,] Imax               0.70    0.012  1.7  -      
[3,] ED50             507.15   25.733  5.1  -      
[4,] beta_group(ED50)  -0.43    0.067 15.8  1.3e-10
[5,] gamma              2.02    0.075  3.7  -      
[6,] a.1                4.81    0.169  3.5  -      
----------------------------------------------------
-----------  Variance of random effects  -----------
----------------------------------------------------
     Parameter   Estimate SE     CV(%)
E0   omega2.E0   0.0097   0.0016 17   
ED50 omega2.ED50 0.0984   0.0160 16   
----------------------------------------------------
------  Correlation matrix of random effects  ------
----------------------------------------------------
            omega2.E0 omega2.ED50
omega2.E0   1         0          
omega2.ED50 0         1          
----------------------------------------------------
---------------  Statistical criteria  -------------
----------------------------------------------------
Likelihood computed by linearisation
      -2LL= 4043.22 
      AIC = 4059.22 
      BIC = 4080.062 

Likelihood computed by importance sampling
      -2LL= 4043.853 
      AIC = 4059.853 
      BIC = 4080.694 
----------------------------------------------------
----------------------------------------------------
-----------------  Fixed effects  ------------------
----------------------------------------------------
         Parameter Estimate     SE CV(%) p-value
1               E0    97.71  1.068  1.09       -
2             Imax     0.70  0.012  1.73       -
3             ED50   507.15 25.733  5.07       -
4 beta_group(ED50)    -0.43  0.067 15.81 2.5e-10
5            gamma     2.02  0.075  3.69       -
6              a.1     4.81  0.169  3.52       -
----------------------------------------------------
-----------  Variance of random effects  -----------
----------------------------------------------------
       Parameter Estimate     SE CV(%)
E0     omega2.E0   0.0097 0.0016 16.82
ED50 omega2.ED50   0.0984 0.0160 16.27
----------------------------------------------------
------  Correlation matrix of random effects  ------
----------------------------------------------------
            omega2.E0 omega2.ED50
omega2.E0   1.00      0.00       
omega2.ED50 0.00      1.00       
----------------------------------------------------
---------------  Statistical criteria  -------------
----------------------------------------------------
Likelihood computed by linearisation
      -2LL= 4043.22 
      AIC = 4059.22 
      BIC = 4080.062 

Likelihood computed by importance sampling
      -2LL= 4043.853 
      AIC = 4059.853 
      BIC = 4080.694 
----------------------------------------------------
Reading data from file /home/eco/work/saemix/saemixextension/simulationSuite/cont/imaxRichAdd/data/data_pdimax78.tab 
These are the first lines of the dataset as read into R. Please check the format of the data is appropriate, if not, modify the na and/or sep items and retry:
  id dose      eff group
1  1    0 82.23525     0
2  1  200 91.07127     0
3  1  400 63.15322     0
4  1  500 56.85165     0
5  1  700 45.12545     0
6  1 1000 46.24969     0


The following SaemixData object was successfully created:

Object of class SaemixData
    longitudinal data for use with the SAEM algorithm
Dataset /home/eco/work/saemix/saemixextension/simulationSuite/cont/imaxRichAdd/data/data_pdimax78.tab 
    Structured data: eff ~ dose | id 
    Predictor: dose (-) 
    covariates: group (-) 
      reference class for covariate group :  0 
Nonlinear mixed-effects model fit by the SAEM algorithm
-----------------------------------
----          Data             ----
-----------------------------------
Object of class SaemixData
    longitudinal data for use with the SAEM algorithm
Dataset /home/eco/work/saemix/saemixextension/simulationSuite/cont/imaxRichAdd/data/data_pdimax78.tab 
    Structured data: eff ~ dose | id 
    Predictor: dose (-) 
    covariates: group (-) 
      reference class for covariate group :  0 
Dataset characteristics:
    number of subjects:     100 
    number of observations: 600 
    average/min/max nb obs: 6.00  /  6  /  6 
First 10 lines of data:
   id dose       eff group mdv cens occ ytype
1   1    0  82.23525     0   0    0   1     1
2   1  200  91.07127     0   0    0   1     1
3   1  400  63.15322     0   0    0   1     1
4   1  500  56.85165     0   0    0   1     1
5   1  700  45.12545     0   0    0   1     1
6   1 1000  46.24969     0   0    0   1     1
7   2    0 101.00625     0   0    0   1     1
8   2  200  83.44293     0   0    0   1     1
9   2  400  67.79546     0   0    0   1     1
10  2  500  56.40711     0   0    0   1     1
-----------------------------------
----          Model            ----
-----------------------------------
Nonlinear mixed-effects model
  Model function:  PD Imax model
  Model type:  structural
function (psi, id, xidep) 
{
    dose <- xidep[, 1]
    e0 <- psi[id, 1]
    imax <- psi[id, 2]
    ed50 <- psi[id, 3]
    gamma <- psi[id, 4]
    f <- e0 * (1 - imax * (dose^gamma)/((ed50^gamma) + (dose^gamma)))
    return(f)
}
<bytecode: 0x564c33fe6fb0>
  Nb of parameters: 4 
      parameter names:  E0 Imax ED50 gamma 
      distribution:
     Parameter Distribution Estimated
[1,] E0        log-normal   Estimated
[2,] Imax      log-normal   Estimated
[3,] ED50      log-normal   Estimated
[4,] gamma     log-normal   Estimated
  Variance-covariance matrix:
      E0 Imax ED50 gamma
E0     1    0    0     0
Imax   0    0    0     0
ED50   0    0    1     0
gamma  0    0    0     0
  Error model: constant , initial values: a.1=5 
  Covariate model:
      [,1] [,2] [,3] [,4]
group    0    0    1    0
    Initial values
              E0 Imax ED50 gamma
Pop.CondInit 100  0.7  500     2
Cov.CondInit   0  0.0    0     0
-----------------------------------
----    Key algorithm options  ----
-----------------------------------
    Estimation of individual parameters (MAP)
    Estimation of standard errors and linearised log-likelihood
    Estimation of log-likelihood by importance sampling
    Number of iterations:  K1=300, K2=100 
    Number of chains:  1 
    Seed:  7927570 
    Number of MCMC iterations for IS:  5000 
    Simulations:
        nb of simulated datasets used for npde:  1000 
        nb of simulated datasets used for VPC:  100 
    Input/output
        save the results to a file:  FALSE 
        save the graphs to files:  FALSE 
----------------------------------------------------
----                  Results                   ----
----------------------------------------------------
-----------------  Fixed effects  ------------------
----------------------------------------------------
     Parameter        Estimate SE     CV(%) p-value
[1,] E0                99.68    1.135  1.1  -      
[2,] Imax               0.70    0.012  1.7  -      
[3,] ED50             496.40   23.440  4.7  -      
[4,] beta_group(ED50)  -0.49    0.063 12.8  2.7e-15
[5,] gamma              2.08    0.078  3.8  -      
[6,] a.1                5.23    0.184  3.5  -      
----------------------------------------------------
-----------  Variance of random effects  -----------
----------------------------------------------------
     Parameter   Estimate SE     CV(%)
E0   omega2.E0   0.010    0.0018 17   
ED50 omega2.ED50 0.083    0.0140 17   
----------------------------------------------------
------  Correlation matrix of random effects  ------
----------------------------------------------------
            omega2.E0 omega2.ED50
omega2.E0   1         0          
omega2.ED50 0         1          
----------------------------------------------------
---------------  Statistical criteria  -------------
----------------------------------------------------
Likelihood computed by linearisation
      -2LL= 4115.984 
      AIC = 4131.984 
      BIC = 4152.825 

Likelihood computed by importance sampling
      -2LL= 4116.723 
      AIC = 4132.723 
      BIC = 4153.564 
----------------------------------------------------
----------------------------------------------------
-----------------  Fixed effects  ------------------
----------------------------------------------------
         Parameter Estimate     SE CV(%) p-value
1               E0    99.68  1.135  1.14       -
2             Imax     0.70  0.012  1.66       -
3             ED50   496.40 23.440  4.72       -
4 beta_group(ED50)    -0.49  0.063 12.79 5.3e-15
5            gamma     2.08  0.078  3.77       -
6              a.1     5.23  0.184  3.52       -
----------------------------------------------------
-----------  Variance of random effects  -----------
----------------------------------------------------
       Parameter Estimate     SE CV(%)
E0     omega2.E0    0.010 0.0018 16.96
ED50 omega2.ED50    0.083 0.0140 16.86
----------------------------------------------------
------  Correlation matrix of random effects  ------
----------------------------------------------------
            omega2.E0 omega2.ED50
omega2.E0   1.00      0.00       
omega2.ED50 0.00      1.00       
----------------------------------------------------
---------------  Statistical criteria  -------------
----------------------------------------------------
Likelihood computed by linearisation
      -2LL= 4115.984 
      AIC = 4131.984 
      BIC = 4152.825 

Likelihood computed by importance sampling
      -2LL= 4116.723 
      AIC = 4132.723 
      BIC = 4153.564 
----------------------------------------------------
Reading data from file /home/eco/work/saemix/saemixextension/simulationSuite/cont/imaxRichAdd/data/data_pdimax79.tab 
These are the first lines of the dataset as read into R. Please check the format of the data is appropriate, if not, modify the na and/or sep items and retry:
  id dose      eff group
1  1    0 96.22338     0
2  1  200 92.56137     0
3  1  400 72.58232     0
4  1  500 69.75019     0
5  1  700 49.51030     0
6  1 1000 39.65031     0


The following SaemixData object was successfully created:

Object of class SaemixData
    longitudinal data for use with the SAEM algorithm
Dataset /home/eco/work/saemix/saemixextension/simulationSuite/cont/imaxRichAdd/data/data_pdimax79.tab 
    Structured data: eff ~ dose | id 
    Predictor: dose (-) 
    covariates: group (-) 
      reference class for covariate group :  0 
Nonlinear mixed-effects model fit by the SAEM algorithm
-----------------------------------
----          Data             ----
-----------------------------------
Object of class SaemixData
    longitudinal data for use with the SAEM algorithm
Dataset /home/eco/work/saemix/saemixextension/simulationSuite/cont/imaxRichAdd/data/data_pdimax79.tab 
    Structured data: eff ~ dose | id 
    Predictor: dose (-) 
    covariates: group (-) 
      reference class for covariate group :  0 
Dataset characteristics:
    number of subjects:     100 
    number of observations: 600 
    average/min/max nb obs: 6.00  /  6  /  6 
First 10 lines of data:
   id dose       eff group mdv cens occ ytype
1   1    0  96.22338     0   0    0   1     1
2   1  200  92.56137     0   0    0   1     1
3   1  400  72.58232     0   0    0   1     1
4   1  500  69.75019     0   0    0   1     1
5   1  700  49.51030     0   0    0   1     1
6   1 1000  39.65031     0   0    0   1     1
7   2    0 105.03431     0   0    0   1     1
8   2  200  98.78012     0   0    0   1     1
9   2  400  72.26889     0   0    0   1     1
10  2  500  64.28487     0   0    0   1     1
-----------------------------------
----          Model            ----
-----------------------------------
Nonlinear mixed-effects model
  Model function:  PD Imax model
  Model type:  structural
function (psi, id, xidep) 
{
    dose <- xidep[, 1]
    e0 <- psi[id, 1]
    imax <- psi[id, 2]
    ed50 <- psi[id, 3]
    gamma <- psi[id, 4]
    f <- e0 * (1 - imax * (dose^gamma)/((ed50^gamma) + (dose^gamma)))
    return(f)
}
<bytecode: 0x564c33fe6fb0>
  Nb of parameters: 4 
      parameter names:  E0 Imax ED50 gamma 
      distribution:
     Parameter Distribution Estimated
[1,] E0        log-normal   Estimated
[2,] Imax      log-normal   Estimated
[3,] ED50      log-normal   Estimated
[4,] gamma     log-normal   Estimated
  Variance-covariance matrix:
      E0 Imax ED50 gamma
E0     1    0    0     0
Imax   0    0    0     0
ED50   0    0    1     0
gamma  0    0    0     0
  Error model: constant , initial values: a.1=5 
  Covariate model:
      [,1] [,2] [,3] [,4]
group    0    0    1    0
    Initial values
              E0 Imax ED50 gamma
Pop.CondInit 100  0.7  500     2
Cov.CondInit   0  0.0    0     0
-----------------------------------
----    Key algorithm options  ----
-----------------------------------
    Estimation of individual parameters (MAP)
    Estimation of standard errors and linearised log-likelihood
    Estimation of log-likelihood by importance sampling
    Number of iterations:  K1=300, K2=100 
    Number of chains:  1 
    Seed:  7927570 
    Number of MCMC iterations for IS:  5000 
    Simulations:
        nb of simulated datasets used for npde:  1000 
        nb of simulated datasets used for VPC:  100 
    Input/output
        save the results to a file:  FALSE 
        save the graphs to files:  FALSE 
----------------------------------------------------
----                  Results                   ----
----------------------------------------------------
-----------------  Fixed effects  ------------------
----------------------------------------------------
     Parameter        Estimate SE     CV(%) p-value
[1,] E0               101.43    1.118  1.1  -      
[2,] Imax               0.72    0.013  1.8  -      
[3,] ED50             519.22   24.315  4.7  -      
[4,] beta_group(ED50)  -0.54    0.061 11.4  0      
[5,] gamma              1.94    0.072  3.7  -      
[6,] a.1                5.02    0.177  3.5  -      
----------------------------------------------------
-----------  Variance of random effects  -----------
----------------------------------------------------
     Parameter   Estimate SE     CV(%)
E0   omega2.E0   0.0098   0.0017 17   
ED50 omega2.ED50 0.0788   0.0133 17   
----------------------------------------------------
------  Correlation matrix of random effects  ------
----------------------------------------------------
            omega2.E0 omega2.ED50
omega2.E0   1         0          
omega2.ED50 0         1          
----------------------------------------------------
---------------  Statistical criteria  -------------
----------------------------------------------------
Likelihood computed by linearisation
      -2LL= 4067.607 
      AIC = 4083.607 
      BIC = 4104.449 

Likelihood computed by importance sampling
      -2LL= 4070.765 
      AIC = 4086.765 
      BIC = 4107.606 
----------------------------------------------------
----------------------------------------------------
-----------------  Fixed effects  ------------------
----------------------------------------------------
         Parameter Estimate     SE CV(%) p-value
1               E0   101.43  1.118  1.10       -
2             Imax     0.72  0.013  1.75       -
3             ED50   519.22 24.315  4.68       -
4 beta_group(ED50)    -0.54  0.061 11.40    0.00
5            gamma     1.94  0.072  3.70       -
6              a.1     5.02  0.177  3.52       -
----------------------------------------------------
-----------  Variance of random effects  -----------
----------------------------------------------------
       Parameter Estimate     SE CV(%)
E0     omega2.E0   0.0098 0.0017 16.84
ED50 omega2.ED50   0.0788 0.0133 16.86
----------------------------------------------------
------  Correlation matrix of random effects  ------
----------------------------------------------------
            omega2.E0 omega2.ED50
omega2.E0   1.00      0.00       
omega2.ED50 0.00      1.00       
----------------------------------------------------
---------------  Statistical criteria  -------------
----------------------------------------------------
Likelihood computed by linearisation
      -2LL= 4067.607 
      AIC = 4083.607 
      BIC = 4104.449 

Likelihood computed by importance sampling
      -2LL= 4070.765 
      AIC = 4086.765 
      BIC = 4107.606 
----------------------------------------------------
Reading data from file /home/eco/work/saemix/saemixextension/simulationSuite/cont/imaxRichAdd/data/data_pdimax80.tab 
These are the first lines of the dataset as read into R. Please check the format of the data is appropriate, if not, modify the na and/or sep items and retry:
  id dose       eff group
1  1    0 117.96370     0
2  1  200  99.10485     0
3  1  400  66.37514     0
4  1  500  67.71374     0
5  1  700  54.38666     0
6  1 1000  36.09707     0


The following SaemixData object was successfully created:

Object of class SaemixData
    longitudinal data for use with the SAEM algorithm
Dataset /home/eco/work/saemix/saemixextension/simulationSuite/cont/imaxRichAdd/data/data_pdimax80.tab 
    Structured data: eff ~ dose | id 
    Predictor: dose (-) 
    covariates: group (-) 
      reference class for covariate group :  0 
Nonlinear mixed-effects model fit by the SAEM algorithm
-----------------------------------
----          Data             ----
-----------------------------------
Object of class SaemixData
    longitudinal data for use with the SAEM algorithm
Dataset /home/eco/work/saemix/saemixextension/simulationSuite/cont/imaxRichAdd/data/data_pdimax80.tab 
    Structured data: eff ~ dose | id 
    Predictor: dose (-) 
    covariates: group (-) 
      reference class for covariate group :  0 
Dataset characteristics:
    number of subjects:     100 
    number of observations: 600 
    average/min/max nb obs: 6.00  /  6  /  6 
First 10 lines of data:
   id dose       eff group mdv cens occ ytype
1   1    0 117.96370     0   0    0   1     1
2   1  200  99.10485     0   0    0   1     1
3   1  400  66.37514     0   0    0   1     1
4   1  500  67.71374     0   0    0   1     1
5   1  700  54.38666     0   0    0   1     1
6   1 1000  36.09707     0   0    0   1     1
7   2    0  95.40845     0   0    0   1     1
8   2  200  87.45581     0   0    0   1     1
9   2  400  61.37179     0   0    0   1     1
10  2  500  59.31871     0   0    0   1     1
-----------------------------------
----          Model            ----
-----------------------------------
Nonlinear mixed-effects model
  Model function:  PD Imax model
  Model type:  structural
function (psi, id, xidep) 
{
    dose <- xidep[, 1]
    e0 <- psi[id, 1]
    imax <- psi[id, 2]
    ed50 <- psi[id, 3]
    gamma <- psi[id, 4]
    f <- e0 * (1 - imax * (dose^gamma)/((ed50^gamma) + (dose^gamma)))
    return(f)
}
<bytecode: 0x564c33fe6fb0>
  Nb of parameters: 4 
      parameter names:  E0 Imax ED50 gamma 
      distribution:
     Parameter Distribution Estimated
[1,] E0        log-normal   Estimated
[2,] Imax      log-normal   Estimated
[3,] ED50      log-normal   Estimated
[4,] gamma     log-normal   Estimated
  Variance-covariance matrix:
      E0 Imax ED50 gamma
E0     1    0    0     0
Imax   0    0    0     0
ED50   0    0    1     0
gamma  0    0    0     0
  Error model: constant , initial values: a.1=5 
  Covariate model:
      [,1] [,2] [,3] [,4]
group    0    0    1    0
    Initial values
              E0 Imax ED50 gamma
Pop.CondInit 100  0.7  500     2
Cov.CondInit   0  0.0    0     0
-----------------------------------
----    Key algorithm options  ----
-----------------------------------
    Estimation of individual parameters (MAP)
    Estimation of standard errors and linearised log-likelihood
    Estimation of log-likelihood by importance sampling
    Number of iterations:  K1=300, K2=100 
    Number of chains:  1 
    Seed:  7927570 
    Number of MCMC iterations for IS:  5000 
    Simulations:
        nb of simulated datasets used for npde:  1000 
        nb of simulated datasets used for VPC:  100 
    Input/output
        save the results to a file:  FALSE 
        save the graphs to files:  FALSE 
----------------------------------------------------
----                  Results                   ----
----------------------------------------------------
-----------------  Fixed effects  ------------------
----------------------------------------------------
     Parameter        Estimate SE     CV(%) p-value
[1,] E0                98.50    0.999  1.0  -      
[2,] Imax               0.71    0.013  1.9  -      
[3,] ED50             478.80   22.895  4.8  -      
[4,] beta_group(ED50)  -0.47    0.062 13.3  2.7e-14
[5,] gamma              1.95    0.078  4.0  -      
[6,] a.1                5.25    0.184  3.5  -      
----------------------------------------------------
-----------  Variance of random effects  -----------
----------------------------------------------------
     Parameter   Estimate SE     CV(%)
E0   omega2.E0   0.0075   0.0014 18   
ED50 omega2.ED50 0.0789   0.0136 17   
----------------------------------------------------
------  Correlation matrix of random effects  ------
----------------------------------------------------
            omega2.E0 omega2.ED50
omega2.E0   1         0          
omega2.ED50 0         1          
----------------------------------------------------
---------------  Statistical criteria  -------------
----------------------------------------------------
Likelihood computed by linearisation
      -2LL= 4083.126 
      AIC = 4099.126 
      BIC = 4119.967 

Likelihood computed by importance sampling
      -2LL= 4083.77 
      AIC = 4099.77 
      BIC = 4120.612 
----------------------------------------------------
----------------------------------------------------
-----------------  Fixed effects  ------------------
----------------------------------------------------
         Parameter Estimate     SE CV(%) p-value
1               E0    98.50  0.999  1.01       -
2             Imax     0.71  0.013  1.85       -
3             ED50   478.80 22.895  4.78       -
4 beta_group(ED50)    -0.47  0.062 13.29 5.3e-14
5            gamma     1.95  0.078  3.98       -
6              a.1     5.25  0.184  3.51       -
----------------------------------------------------
-----------  Variance of random effects  -----------
----------------------------------------------------
       Parameter Estimate     SE CV(%)
E0     omega2.E0   0.0075 0.0014 18.22
ED50 omega2.ED50   0.0789 0.0136 17.22
----------------------------------------------------
------  Correlation matrix of random effects  ------
----------------------------------------------------
            omega2.E0 omega2.ED50
omega2.E0   1.00      0.00       
omega2.ED50 0.00      1.00       
----------------------------------------------------
---------------  Statistical criteria  -------------
----------------------------------------------------
Likelihood computed by linearisation
      -2LL= 4083.126 
      AIC = 4099.126 
      BIC = 4119.967 

Likelihood computed by importance sampling
      -2LL= 4083.77 
      AIC = 4099.77 
      BIC = 4120.612 
----------------------------------------------------
Reading data from file /home/eco/work/saemix/saemixextension/simulationSuite/cont/imaxRichAdd/data/data_pdimax81.tab 
These are the first lines of the dataset as read into R. Please check the format of the data is appropriate, if not, modify the na and/or sep items and retry:
  id dose      eff group
1  1    0 93.16829     0
2  1  200 91.60937     0
3  1  400 78.20934     0
4  1  500 68.82508     0
5  1  700 62.57840     0
6  1 1000 47.34217     0


The following SaemixData object was successfully created:

Object of class SaemixData
    longitudinal data for use with the SAEM algorithm
Dataset /home/eco/work/saemix/saemixextension/simulationSuite/cont/imaxRichAdd/data/data_pdimax81.tab 
    Structured data: eff ~ dose | id 
    Predictor: dose (-) 
    covariates: group (-) 
      reference class for covariate group :  0 
Nonlinear mixed-effects model fit by the SAEM algorithm
-----------------------------------
----          Data             ----
-----------------------------------
Object of class SaemixData
    longitudinal data for use with the SAEM algorithm
Dataset /home/eco/work/saemix/saemixextension/simulationSuite/cont/imaxRichAdd/data/data_pdimax81.tab 
    Structured data: eff ~ dose | id 
    Predictor: dose (-) 
    covariates: group (-) 
      reference class for covariate group :  0 
Dataset characteristics:
    number of subjects:     100 
    number of observations: 600 
    average/min/max nb obs: 6.00  /  6  /  6 
First 10 lines of data:
   id dose       eff group mdv cens occ ytype
1   1    0  93.16829     0   0    0   1     1
2   1  200  91.60937     0   0    0   1     1
3   1  400  78.20934     0   0    0   1     1
4   1  500  68.82508     0   0    0   1     1
5   1  700  62.57840     0   0    0   1     1
6   1 1000  47.34217     0   0    0   1     1
7   2    0 100.32714     0   0    0   1     1
8   2  200  99.01391     0   0    0   1     1
9   2  400  76.81042     0   0    0   1     1
10  2  500  65.41493     0   0    0   1     1
-----------------------------------
----          Model            ----
-----------------------------------
Nonlinear mixed-effects model
  Model function:  PD Imax model
  Model type:  structural
function (psi, id, xidep) 
{
    dose <- xidep[, 1]
    e0 <- psi[id, 1]
    imax <- psi[id, 2]
    ed50 <- psi[id, 3]
    gamma <- psi[id, 4]
    f <- e0 * (1 - imax * (dose^gamma)/((ed50^gamma) + (dose^gamma)))
    return(f)
}
<bytecode: 0x564c33fe6fb0>
  Nb of parameters: 4 
      parameter names:  E0 Imax ED50 gamma 
      distribution:
     Parameter Distribution Estimated
[1,] E0        log-normal   Estimated
[2,] Imax      log-normal   Estimated
[3,] ED50      log-normal   Estimated
[4,] gamma     log-normal   Estimated
  Variance-covariance matrix:
      E0 Imax ED50 gamma
E0     1    0    0     0
Imax   0    0    0     0
ED50   0    0    1     0
gamma  0    0    0     0
  Error model: constant , initial values: a.1=5 
  Covariate model:
      [,1] [,2] [,3] [,4]
group    0    0    1    0
    Initial values
              E0 Imax ED50 gamma
Pop.CondInit 100  0.7  500     2
Cov.CondInit   0  0.0    0     0
-----------------------------------
----    Key algorithm options  ----
-----------------------------------
    Estimation of individual parameters (MAP)
    Estimation of standard errors and linearised log-likelihood
    Estimation of log-likelihood by importance sampling
    Number of iterations:  K1=300, K2=100 
    Number of chains:  1 
    Seed:  7927570 
    Number of MCMC iterations for IS:  5000 
    Simulations:
        nb of simulated datasets used for npde:  1000 
        nb of simulated datasets used for VPC:  100 
    Input/output
        save the results to a file:  FALSE 
        save the graphs to files:  FALSE 
----------------------------------------------------
----                  Results                   ----
----------------------------------------------------
-----------------  Fixed effects  ------------------
----------------------------------------------------
     Parameter        Estimate SE     CV(%) p-value
[1,] E0               100.24    1.106  1.1  -      
[2,] Imax               0.71    0.012  1.7  -      
[3,] ED50             520.75   22.471  4.3  -      
[4,] beta_group(ED50)  -0.50    0.056 11.1  0      
[5,] gamma              2.00    0.072  3.6  -      
[6,] a.1                4.86    0.171  3.5  -      
----------------------------------------------------
-----------  Variance of random effects  -----------
----------------------------------------------------
     Parameter   Estimate SE     CV(%)
E0   omega2.E0   0.0099   0.0017 17   
ED50 omega2.ED50 0.0642   0.0110 17   
----------------------------------------------------
------  Correlation matrix of random effects  ------
----------------------------------------------------
            omega2.E0 omega2.ED50
omega2.E0   1         0          
omega2.ED50 0         1          
----------------------------------------------------
---------------  Statistical criteria  -------------
----------------------------------------------------
Likelihood computed by linearisation
      -2LL= 4026.14 
      AIC = 4042.14 
      BIC = 4062.981 

Likelihood computed by importance sampling
      -2LL= 4028.731 
      AIC = 4044.731 
      BIC = 4065.573 
----------------------------------------------------
----------------------------------------------------
-----------------  Fixed effects  ------------------
----------------------------------------------------
         Parameter Estimate     SE CV(%) p-value
1               E0   100.24  1.106  1.10       -
2             Imax     0.71  0.012  1.73       -
3             ED50   520.75 22.471  4.32       -
4 beta_group(ED50)    -0.50  0.056 11.13    0.00
5            gamma     2.00  0.072  3.58       -
6              a.1     4.86  0.171  3.52       -
----------------------------------------------------
-----------  Variance of random effects  -----------
----------------------------------------------------
       Parameter Estimate     SE CV(%)
E0     omega2.E0   0.0099 0.0017 16.64
ED50 omega2.ED50   0.0642 0.0110 17.20
----------------------------------------------------
------  Correlation matrix of random effects  ------
----------------------------------------------------
            omega2.E0 omega2.ED50
omega2.E0   1.00      0.00       
omega2.ED50 0.00      1.00       
----------------------------------------------------
---------------  Statistical criteria  -------------
----------------------------------------------------
Likelihood computed by linearisation
      -2LL= 4026.14 
      AIC = 4042.14 
      BIC = 4062.981 

Likelihood computed by importance sampling
      -2LL= 4028.731 
      AIC = 4044.731 
      BIC = 4065.573 
----------------------------------------------------
Reading data from file /home/eco/work/saemix/saemixextension/simulationSuite/cont/imaxRichAdd/data/data_pdimax82.tab 
These are the first lines of the dataset as read into R. Please check the format of the data is appropriate, if not, modify the na and/or sep items and retry:
  id dose       eff group
1  1    0 119.06636     0
2  1  200 115.90498     0
3  1  400  96.64827     0
4  1  500  77.68618     0
5  1  700  72.88206     0
6  1 1000  63.46920     0


The following SaemixData object was successfully created:

Object of class SaemixData
    longitudinal data for use with the SAEM algorithm
Dataset /home/eco/work/saemix/saemixextension/simulationSuite/cont/imaxRichAdd/data/data_pdimax82.tab 
    Structured data: eff ~ dose | id 
    Predictor: dose (-) 
    covariates: group (-) 
      reference class for covariate group :  0 
Nonlinear mixed-effects model fit by the SAEM algorithm
-----------------------------------
----          Data             ----
-----------------------------------
Object of class SaemixData
    longitudinal data for use with the SAEM algorithm
Dataset /home/eco/work/saemix/saemixextension/simulationSuite/cont/imaxRichAdd/data/data_pdimax82.tab 
    Structured data: eff ~ dose | id 
    Predictor: dose (-) 
    covariates: group (-) 
      reference class for covariate group :  0 
Dataset characteristics:
    number of subjects:     100 
    number of observations: 600 
    average/min/max nb obs: 6.00  /  6  /  6 
First 10 lines of data:
   id dose       eff group mdv cens occ ytype
1   1    0 119.06636     0   0    0   1     1
2   1  200 115.90498     0   0    0   1     1
3   1  400  96.64827     0   0    0   1     1
4   1  500  77.68618     0   0    0   1     1
5   1  700  72.88206     0   0    0   1     1
6   1 1000  63.46920     0   0    0   1     1
7   2    0  85.12318     0   0    0   1     1
8   2  200  89.81064     0   0    0   1     1
9   2  400  68.64899     0   0    0   1     1
10  2  500  59.38608     0   0    0   1     1
-----------------------------------
----          Model            ----
-----------------------------------
Nonlinear mixed-effects model
  Model function:  PD Imax model
  Model type:  structural
function (psi, id, xidep) 
{
    dose <- xidep[, 1]
    e0 <- psi[id, 1]
    imax <- psi[id, 2]
    ed50 <- psi[id, 3]
    gamma <- psi[id, 4]
    f <- e0 * (1 - imax * (dose^gamma)/((ed50^gamma) + (dose^gamma)))
    return(f)
}
<bytecode: 0x564c33fe6fb0>
  Nb of parameters: 4 
      parameter names:  E0 Imax ED50 gamma 
      distribution:
     Parameter Distribution Estimated
[1,] E0        log-normal   Estimated
[2,] Imax      log-normal   Estimated
[3,] ED50      log-normal   Estimated
[4,] gamma     log-normal   Estimated
  Variance-covariance matrix:
      E0 Imax ED50 gamma
E0     1    0    0     0
Imax   0    0    0     0
ED50   0    0    1     0
gamma  0    0    0     0
  Error model: constant , initial values: a.1=5 
  Covariate model:
      [,1] [,2] [,3] [,4]
group    0    0    1    0
    Initial values
              E0 Imax ED50 gamma
Pop.CondInit 100  0.7  500     2
Cov.CondInit   0  0.0    0     0
-----------------------------------
----    Key algorithm options  ----
-----------------------------------
    Estimation of individual parameters (MAP)
    Estimation of standard errors and linearised log-likelihood
    Estimation of log-likelihood by importance sampling
    Number of iterations:  K1=300, K2=100 
    Number of chains:  1 
    Seed:  7927570 
    Number of MCMC iterations for IS:  5000 
    Simulations:
        nb of simulated datasets used for npde:  1000 
        nb of simulated datasets used for VPC:  100 
    Input/output
        save the results to a file:  FALSE 
        save the graphs to files:  FALSE 
----------------------------------------------------
----                  Results                   ----
----------------------------------------------------
-----------------  Fixed effects  ------------------
----------------------------------------------------
     Parameter        Estimate SE     CV(%) p-value
[1,] E0               100.31    1.177  1.2  -      
[2,] Imax               0.69    0.011  1.6  -      
[3,] ED50             477.50   21.151  4.4  -      
[4,] beta_group(ED50)  -0.51    0.059 11.5  0      
[5,] gamma              2.05    0.076  3.7  -      
[6,] a.1                5.06    0.178  3.5  -      
----------------------------------------------------
-----------  Variance of random effects  -----------
----------------------------------------------------
     Parameter   Estimate SE     CV(%)
E0   omega2.E0   0.011    0.0019 17   
ED50 omega2.ED50 0.070    0.0122 17   
----------------------------------------------------
------  Correlation matrix of random effects  ------
----------------------------------------------------
            omega2.E0 omega2.ED50
omega2.E0   1         0          
omega2.ED50 0         1          
----------------------------------------------------
---------------  Statistical criteria  -------------
----------------------------------------------------
Likelihood computed by linearisation
      -2LL= 4072.613 
      AIC = 4088.613 
      BIC = 4109.454 

Likelihood computed by importance sampling
      -2LL= 4072.785 
      AIC = 4088.785 
      BIC = 4109.626 
----------------------------------------------------
----------------------------------------------------
-----------------  Fixed effects  ------------------
----------------------------------------------------
         Parameter Estimate     SE CV(%) p-value
1               E0   100.31  1.177  1.17       -
2             Imax     0.69  0.011  1.63       -
3             ED50   477.50 21.151  4.43       -
4 beta_group(ED50)    -0.51  0.059 11.54    0.00
5            gamma     2.05  0.076  3.73       -
6              a.1     5.06  0.178  3.52       -
----------------------------------------------------
-----------  Variance of random effects  -----------
----------------------------------------------------
       Parameter Estimate     SE CV(%)
E0     omega2.E0    0.011 0.0019 16.56
ED50 omega2.ED50    0.070 0.0122 17.43
----------------------------------------------------
------  Correlation matrix of random effects  ------
----------------------------------------------------
            omega2.E0 omega2.ED50
omega2.E0   1.00      0.00       
omega2.ED50 0.00      1.00       
----------------------------------------------------
---------------  Statistical criteria  -------------
----------------------------------------------------
Likelihood computed by linearisation
      -2LL= 4072.613 
      AIC = 4088.613 
      BIC = 4109.454 

Likelihood computed by importance sampling
      -2LL= 4072.785 
      AIC = 4088.785 
      BIC = 4109.626 
----------------------------------------------------
Reading data from file /home/eco/work/saemix/saemixextension/simulationSuite/cont/imaxRichAdd/data/data_pdimax83.tab 
These are the first lines of the dataset as read into R. Please check the format of the data is appropriate, if not, modify the na and/or sep items and retry:
  id dose      eff group
1  1    0 90.92759     0
2  1  200 86.80809     0
3  1  400 76.28242     0
4  1  500 75.21331     0
5  1  700 61.62442     0
6  1 1000 49.17459     0


The following SaemixData object was successfully created:

Object of class SaemixData
    longitudinal data for use with the SAEM algorithm
Dataset /home/eco/work/saemix/saemixextension/simulationSuite/cont/imaxRichAdd/data/data_pdimax83.tab 
    Structured data: eff ~ dose | id 
    Predictor: dose (-) 
    covariates: group (-) 
      reference class for covariate group :  0 
Nonlinear mixed-effects model fit by the SAEM algorithm
-----------------------------------
----          Data             ----
-----------------------------------
Object of class SaemixData
    longitudinal data for use with the SAEM algorithm
Dataset /home/eco/work/saemix/saemixextension/simulationSuite/cont/imaxRichAdd/data/data_pdimax83.tab 
    Structured data: eff ~ dose | id 
    Predictor: dose (-) 
    covariates: group (-) 
      reference class for covariate group :  0 
Dataset characteristics:
    number of subjects:     100 
    number of observations: 600 
    average/min/max nb obs: 6.00  /  6  /  6 
First 10 lines of data:
   id dose      eff group mdv cens occ ytype
1   1    0 90.92759     0   0    0   1     1
2   1  200 86.80809     0   0    0   1     1
3   1  400 76.28242     0   0    0   1     1
4   1  500 75.21331     0   0    0   1     1
5   1  700 61.62442     0   0    0   1     1
6   1 1000 49.17459     0   0    0   1     1
7   2    0 86.15948     0   0    0   1     1
8   2  200 88.19919     0   0    0   1     1
9   2  400 63.33746     0   0    0   1     1
10  2  500 77.31410     0   0    0   1     1
-----------------------------------
----          Model            ----
-----------------------------------
Nonlinear mixed-effects model
  Model function:  PD Imax model
  Model type:  structural
function (psi, id, xidep) 
{
    dose <- xidep[, 1]
    e0 <- psi[id, 1]
    imax <- psi[id, 2]
    ed50 <- psi[id, 3]
    gamma <- psi[id, 4]
    f <- e0 * (1 - imax * (dose^gamma)/((ed50^gamma) + (dose^gamma)))
    return(f)
}
<bytecode: 0x564c33fe6fb0>
  Nb of parameters: 4 
      parameter names:  E0 Imax ED50 gamma 
      distribution:
     Parameter Distribution Estimated
[1,] E0        log-normal   Estimated
[2,] Imax      log-normal   Estimated
[3,] ED50      log-normal   Estimated
[4,] gamma     log-normal   Estimated
  Variance-covariance matrix:
      E0 Imax ED50 gamma
E0     1    0    0     0
Imax   0    0    0     0
ED50   0    0    1     0
gamma  0    0    0     0
  Error model: constant , initial values: a.1=5 
  Covariate model:
      [,1] [,2] [,3] [,4]
group    0    0    1    0
    Initial values
              E0 Imax ED50 gamma
Pop.CondInit 100  0.7  500     2
Cov.CondInit   0  0.0    0     0
-----------------------------------
----    Key algorithm options  ----
-----------------------------------
    Estimation of individual parameters (MAP)
    Estimation of standard errors and linearised log-likelihood
    Estimation of log-likelihood by importance sampling
    Number of iterations:  K1=300, K2=100 
    Number of chains:  1 
    Seed:  7927570 
    Number of MCMC iterations for IS:  5000 
    Simulations:
        nb of simulated datasets used for npde:  1000 
        nb of simulated datasets used for VPC:  100 
    Input/output
        save the results to a file:  FALSE 
        save the graphs to files:  FALSE 
----------------------------------------------------
----                  Results                   ----
----------------------------------------------------
-----------------  Fixed effects  ------------------
----------------------------------------------------
     Parameter        Estimate SE     CV(%) p-value
[1,] E0               100.04    1.118  1.1  -      
[2,] Imax               0.71    0.013  1.9  -      
[3,] ED50             532.84   26.470  5.0  -      
[4,] beta_group(ED50)  -0.48    0.064 13.4  5.2e-14
[5,] gamma              1.91    0.071  3.7  -      
[6,] a.1                4.89    0.172  3.5  -      
----------------------------------------------------
-----------  Variance of random effects  -----------
----------------------------------------------------
     Parameter   Estimate SE     CV(%)
E0   omega2.E0   0.010    0.0017 17   
ED50 omega2.ED50 0.088    0.0146 17   
----------------------------------------------------
------  Correlation matrix of random effects  ------
----------------------------------------------------
            omega2.E0 omega2.ED50
omega2.E0   1         0          
omega2.ED50 0         1          
----------------------------------------------------
---------------  Statistical criteria  -------------
----------------------------------------------------
Likelihood computed by linearisation
      -2LL= 4060.897 
      AIC = 4076.897 
      BIC = 4097.738 

Likelihood computed by importance sampling
      -2LL= 4061.449 
      AIC = 4077.449 
      BIC = 4098.29 
----------------------------------------------------
----------------------------------------------------
-----------------  Fixed effects  ------------------
----------------------------------------------------
         Parameter Estimate     SE CV(%) p-value
1               E0   100.04  1.118  1.12       -
2             Imax     0.71  0.013  1.90       -
3             ED50   532.84 26.470  4.97       -
4 beta_group(ED50)    -0.48  0.064 13.45   1e-13
5            gamma     1.91  0.071  3.73       -
6              a.1     4.89  0.172  3.52       -
----------------------------------------------------
-----------  Variance of random effects  -----------
----------------------------------------------------
       Parameter Estimate     SE CV(%)
E0     omega2.E0    0.010 0.0017 16.65
ED50 omega2.ED50    0.088 0.0146 16.60
----------------------------------------------------
------  Correlation matrix of random effects  ------
----------------------------------------------------
            omega2.E0 omega2.ED50
omega2.E0   1.00      0.00       
omega2.ED50 0.00      1.00       
----------------------------------------------------
---------------  Statistical criteria  -------------
----------------------------------------------------
Likelihood computed by linearisation
      -2LL= 4060.897 
      AIC = 4076.897 
      BIC = 4097.738 

Likelihood computed by importance sampling
      -2LL= 4061.449 
      AIC = 4077.449 
      BIC = 4098.29 
----------------------------------------------------
Reading data from file /home/eco/work/saemix/saemixextension/simulationSuite/cont/imaxRichAdd/data/data_pdimax84.tab 
These are the first lines of the dataset as read into R. Please check the format of the data is appropriate, if not, modify the na and/or sep items and retry:
  id dose       eff group
1  1    0 113.38558     0
2  1  200  93.47518     0
3  1  400  86.26635     0
4  1  500  82.11900     0
5  1  700  72.13902     0
6  1 1000  50.25045     0


The following SaemixData object was successfully created:

Object of class SaemixData
    longitudinal data for use with the SAEM algorithm
Dataset /home/eco/work/saemix/saemixextension/simulationSuite/cont/imaxRichAdd/data/data_pdimax84.tab 
    Structured data: eff ~ dose | id 
    Predictor: dose (-) 
    covariates: group (-) 
      reference class for covariate group :  0 
Nonlinear mixed-effects model fit by the SAEM algorithm
-----------------------------------
----          Data             ----
-----------------------------------
Object of class SaemixData
    longitudinal data for use with the SAEM algorithm
Dataset /home/eco/work/saemix/saemixextension/simulationSuite/cont/imaxRichAdd/data/data_pdimax84.tab 
    Structured data: eff ~ dose | id 
    Predictor: dose (-) 
    covariates: group (-) 
      reference class for covariate group :  0 
Dataset characteristics:
    number of subjects:     100 
    number of observations: 600 
    average/min/max nb obs: 6.00  /  6  /  6 
First 10 lines of data:
   id dose       eff group mdv cens occ ytype
1   1    0 113.38558     0   0    0   1     1
2   1  200  93.47518     0   0    0   1     1
3   1  400  86.26635     0   0    0   1     1
4   1  500  82.11900     0   0    0   1     1
5   1  700  72.13902     0   0    0   1     1
6   1 1000  50.25045     0   0    0   1     1
7   2    0 112.86921     0   0    0   1     1
8   2  200  86.27750     0   0    0   1     1
9   2  400  71.23435     0   0    0   1     1
10  2  500  68.06931     0   0    0   1     1
-----------------------------------
----          Model            ----
-----------------------------------
Nonlinear mixed-effects model
  Model function:  PD Imax model
  Model type:  structural
function (psi, id, xidep) 
{
    dose <- xidep[, 1]
    e0 <- psi[id, 1]
    imax <- psi[id, 2]
    ed50 <- psi[id, 3]
    gamma <- psi[id, 4]
    f <- e0 * (1 - imax * (dose^gamma)/((ed50^gamma) + (dose^gamma)))
    return(f)
}
<bytecode: 0x564c33fe6fb0>
  Nb of parameters: 4 
      parameter names:  E0 Imax ED50 gamma 
      distribution:
     Parameter Distribution Estimated
[1,] E0        log-normal   Estimated
[2,] Imax      log-normal   Estimated
[3,] ED50      log-normal   Estimated
[4,] gamma     log-normal   Estimated
  Variance-covariance matrix:
      E0 Imax ED50 gamma
E0     1    0    0     0
Imax   0    0    0     0
ED50   0    0    1     0
gamma  0    0    0     0
  Error model: constant , initial values: a.1=5 
  Covariate model:
      [,1] [,2] [,3] [,4]
group    0    0    1    0
    Initial values
              E0 Imax ED50 gamma
Pop.CondInit 100  0.7  500     2
Cov.CondInit   0  0.0    0     0
-----------------------------------
----    Key algorithm options  ----
-----------------------------------
    Estimation of individual parameters (MAP)
    Estimation of standard errors and linearised log-likelihood
    Estimation of log-likelihood by importance sampling
    Number of iterations:  K1=300, K2=100 
    Number of chains:  1 
    Seed:  7927570 
    Number of MCMC iterations for IS:  5000 
    Simulations:
        nb of simulated datasets used for npde:  1000 
        nb of simulated datasets used for VPC:  100 
    Input/output
        save the results to a file:  FALSE 
        save the graphs to files:  FALSE 
----------------------------------------------------
----                  Results                   ----
----------------------------------------------------
-----------------  Fixed effects  ------------------
----------------------------------------------------
     Parameter        Estimate SE     CV(%) p-value
[1,] E0                99.48    1.032  1.0  -      
[2,] Imax               0.71    0.011  1.6  -      
[3,] ED50             514.44   27.216  5.3  -      
[4,] beta_group(ED50)  -0.50    0.071 14.2  1e-12  
[5,] gamma              2.01    0.072  3.6  -      
[6,] a.1                4.95    0.174  3.5  -      
----------------------------------------------------
-----------  Variance of random effects  -----------
----------------------------------------------------
     Parameter   Estimate SE     CV(%)
E0   omega2.E0   0.0084   0.0015 17   
ED50 omega2.ED50 0.1128   0.0180 16   
----------------------------------------------------
------  Correlation matrix of random effects  ------
----------------------------------------------------
            omega2.E0 omega2.ED50
omega2.E0   1         0          
omega2.ED50 0         1          
----------------------------------------------------
---------------  Statistical criteria  -------------
----------------------------------------------------
Likelihood computed by linearisation
      -2LL= 4078.454 
      AIC = 4094.454 
      BIC = 4115.296 

Likelihood computed by importance sampling
      -2LL= 4078.492 
      AIC = 4094.492 
      BIC = 4115.333 
----------------------------------------------------
----------------------------------------------------
-----------------  Fixed effects  ------------------
----------------------------------------------------
         Parameter Estimate     SE CV(%) p-value
1               E0    99.48  1.032  1.04       -
2             Imax     0.71  0.011  1.62       -
3             ED50   514.44 27.216  5.29       -
4 beta_group(ED50)    -0.50  0.071 14.22   2e-12
5            gamma     2.01  0.072  3.58       -
6              a.1     4.95  0.174  3.52       -
----------------------------------------------------
-----------  Variance of random effects  -----------
----------------------------------------------------
       Parameter Estimate     SE CV(%)
E0     omega2.E0   0.0084 0.0015 17.32
ED50 omega2.ED50   0.1128 0.0180 15.97
----------------------------------------------------
------  Correlation matrix of random effects  ------
----------------------------------------------------
            omega2.E0 omega2.ED50
omega2.E0   1.00      0.00       
omega2.ED50 0.00      1.00       
----------------------------------------------------
---------------  Statistical criteria  -------------
----------------------------------------------------
Likelihood computed by linearisation
      -2LL= 4078.454 
      AIC = 4094.454 
      BIC = 4115.296 

Likelihood computed by importance sampling
      -2LL= 4078.492 
      AIC = 4094.492 
      BIC = 4115.333 
----------------------------------------------------
Reading data from file /home/eco/work/saemix/saemixextension/simulationSuite/cont/imaxRichAdd/data/data_pdimax85.tab 
These are the first lines of the dataset as read into R. Please check the format of the data is appropriate, if not, modify the na and/or sep items and retry:
  id dose       eff group
1  1    0 123.21739     0
2  1  200 106.37800     0
3  1  400  85.71602     0
4  1  500  77.67016     0
5  1  700  65.69800     0
6  1 1000  54.93094     0


The following SaemixData object was successfully created:

Object of class SaemixData
    longitudinal data for use with the SAEM algorithm
Dataset /home/eco/work/saemix/saemixextension/simulationSuite/cont/imaxRichAdd/data/data_pdimax85.tab 
    Structured data: eff ~ dose | id 
    Predictor: dose (-) 
    covariates: group (-) 
      reference class for covariate group :  0 
Nonlinear mixed-effects model fit by the SAEM algorithm
-----------------------------------
----          Data             ----
-----------------------------------
Object of class SaemixData
    longitudinal data for use with the SAEM algorithm
Dataset /home/eco/work/saemix/saemixextension/simulationSuite/cont/imaxRichAdd/data/data_pdimax85.tab 
    Structured data: eff ~ dose | id 
    Predictor: dose (-) 
    covariates: group (-) 
      reference class for covariate group :  0 
Dataset characteristics:
    number of subjects:     100 
    number of observations: 600 
    average/min/max nb obs: 6.00  /  6  /  6 
First 10 lines of data:
   id dose       eff group mdv cens occ ytype
1   1    0 123.21739     0   0    0   1     1
2   1  200 106.37800     0   0    0   1     1
3   1  400  85.71602     0   0    0   1     1
4   1  500  77.67016     0   0    0   1     1
5   1  700  65.69800     0   0    0   1     1
6   1 1000  54.93094     0   0    0   1     1
7   2    0  86.90828     0   0    0   1     1
8   2  200  73.22310     0   0    0   1     1
9   2  400  56.48736     0   0    0   1     1
10  2  500  46.89682     0   0    0   1     1
-----------------------------------
----          Model            ----
-----------------------------------
Nonlinear mixed-effects model
  Model function:  PD Imax model
  Model type:  structural
function (psi, id, xidep) 
{
    dose <- xidep[, 1]
    e0 <- psi[id, 1]
    imax <- psi[id, 2]
    ed50 <- psi[id, 3]
    gamma <- psi[id, 4]
    f <- e0 * (1 - imax * (dose^gamma)/((ed50^gamma) + (dose^gamma)))
    return(f)
}
<bytecode: 0x564c33fe6fb0>
  Nb of parameters: 4 
      parameter names:  E0 Imax ED50 gamma 
      distribution:
     Parameter Distribution Estimated
[1,] E0        log-normal   Estimated
[2,] Imax      log-normal   Estimated
[3,] ED50      log-normal   Estimated
[4,] gamma     log-normal   Estimated
  Variance-covariance matrix:
      E0 Imax ED50 gamma
E0     1    0    0     0
Imax   0    0    0     0
ED50   0    0    1     0
gamma  0    0    0     0
  Error model: constant , initial values: a.1=5 
  Covariate model:
      [,1] [,2] [,3] [,4]
group    0    0    1    0
    Initial values
              E0 Imax ED50 gamma
Pop.CondInit 100  0.7  500     2
Cov.CondInit   0  0.0    0     0
-----------------------------------
----    Key algorithm options  ----
-----------------------------------
    Estimation of individual parameters (MAP)
    Estimation of standard errors and linearised log-likelihood
    Estimation of log-likelihood by importance sampling
    Number of iterations:  K1=300, K2=100 
    Number of chains:  1 
    Seed:  7927570 
    Number of MCMC iterations for IS:  5000 
    Simulations:
        nb of simulated datasets used for npde:  1000 
        nb of simulated datasets used for VPC:  100 
    Input/output
        save the results to a file:  FALSE 
        save the graphs to files:  FALSE 
----------------------------------------------------
----                  Results                   ----
----------------------------------------------------
-----------------  Fixed effects  ------------------
----------------------------------------------------
     Parameter        Estimate SE     CV(%) p-value
[1,] E0               100.57    1.229  1.2  -      
[2,] Imax               0.70    0.012  1.7  -      
[3,] ED50             527.32   26.539  5.0  -      
[4,] beta_group(ED50)  -0.55    0.067 12.0  0      
[5,] gamma              1.90    0.068  3.6  -      
[6,] a.1                4.78    0.168  3.5  -      
----------------------------------------------------
-----------  Variance of random effects  -----------
----------------------------------------------------
     Parameter   Estimate SE     CV(%)
E0   omega2.E0   0.013    0.0021 16   
ED50 omega2.ED50 0.095    0.0157 17   
----------------------------------------------------
------  Correlation matrix of random effects  ------
----------------------------------------------------
            omega2.E0 omega2.ED50
omega2.E0   1         0          
omega2.ED50 0         1          
----------------------------------------------------
---------------  Statistical criteria  -------------
----------------------------------------------------
Likelihood computed by linearisation
      -2LL= 4061.021 
      AIC = 4077.021 
      BIC = 4097.863 

Likelihood computed by importance sampling
      -2LL= 4061.537 
      AIC = 4077.537 
      BIC = 4098.379 
----------------------------------------------------
----------------------------------------------------
-----------------  Fixed effects  ------------------
----------------------------------------------------
         Parameter Estimate     SE CV(%) p-value
1               E0   100.57  1.229  1.22       -
2             Imax     0.70  0.012  1.68       -
3             ED50   527.32 26.539  5.03       -
4 beta_group(ED50)    -0.55  0.067 12.03    0.00
5            gamma     1.90  0.068  3.58       -
6              a.1     4.78  0.168  3.52       -
----------------------------------------------------
-----------  Variance of random effects  -----------
----------------------------------------------------
       Parameter Estimate     SE CV(%)
E0     omega2.E0    0.013 0.0021 16.08
ED50 omega2.ED50    0.095 0.0157 16.51
----------------------------------------------------
------  Correlation matrix of random effects  ------
----------------------------------------------------
            omega2.E0 omega2.ED50
omega2.E0   1.00      0.00       
omega2.ED50 0.00      1.00       
----------------------------------------------------
---------------  Statistical criteria  -------------
----------------------------------------------------
Likelihood computed by linearisation
      -2LL= 4061.021 
      AIC = 4077.021 
      BIC = 4097.863 

Likelihood computed by importance sampling
      -2LL= 4061.537 
      AIC = 4077.537 
      BIC = 4098.379 
----------------------------------------------------
Reading data from file /home/eco/work/saemix/saemixextension/simulationSuite/cont/imaxRichAdd/data/data_pdimax86.tab 
These are the first lines of the dataset as read into R. Please check the format of the data is appropriate, if not, modify the na and/or sep items and retry:
  id dose       eff group
1  1    0 108.31267     0
2  1  200  90.27000     0
3  1  400  73.22363     0
4  1  500  58.47061     0
5  1  700  46.05535     0
6  1 1000  39.46323     0


The following SaemixData object was successfully created:

Object of class SaemixData
    longitudinal data for use with the SAEM algorithm
Dataset /home/eco/work/saemix/saemixextension/simulationSuite/cont/imaxRichAdd/data/data_pdimax86.tab 
    Structured data: eff ~ dose | id 
    Predictor: dose (-) 
    covariates: group (-) 
      reference class for covariate group :  0 
Nonlinear mixed-effects model fit by the SAEM algorithm
-----------------------------------
----          Data             ----
-----------------------------------
Object of class SaemixData
    longitudinal data for use with the SAEM algorithm
Dataset /home/eco/work/saemix/saemixextension/simulationSuite/cont/imaxRichAdd/data/data_pdimax86.tab 
    Structured data: eff ~ dose | id 
    Predictor: dose (-) 
    covariates: group (-) 
      reference class for covariate group :  0 
Dataset characteristics:
    number of subjects:     100 
    number of observations: 600 
    average/min/max nb obs: 6.00  /  6  /  6 
First 10 lines of data:
   id dose       eff group mdv cens occ ytype
1   1    0 108.31267     0   0    0   1     1
2   1  200  90.27000     0   0    0   1     1
3   1  400  73.22363     0   0    0   1     1
4   1  500  58.47061     0   0    0   1     1
5   1  700  46.05535     0   0    0   1     1
6   1 1000  39.46323     0   0    0   1     1
7   2    0  94.85053     0   0    0   1     1
8   2  200  83.80867     0   0    0   1     1
9   2  400  69.80926     0   0    0   1     1
10  2  500  50.08149     0   0    0   1     1
-----------------------------------
----          Model            ----
-----------------------------------
Nonlinear mixed-effects model
  Model function:  PD Imax model
  Model type:  structural
function (psi, id, xidep) 
{
    dose <- xidep[, 1]
    e0 <- psi[id, 1]
    imax <- psi[id, 2]
    ed50 <- psi[id, 3]
    gamma <- psi[id, 4]
    f <- e0 * (1 - imax * (dose^gamma)/((ed50^gamma) + (dose^gamma)))
    return(f)
}
<bytecode: 0x564c33fe6fb0>
  Nb of parameters: 4 
      parameter names:  E0 Imax ED50 gamma 
      distribution:
     Parameter Distribution Estimated
[1,] E0        log-normal   Estimated
[2,] Imax      log-normal   Estimated
[3,] ED50      log-normal   Estimated
[4,] gamma     log-normal   Estimated
  Variance-covariance matrix:
      E0 Imax ED50 gamma
E0     1    0    0     0
Imax   0    0    0     0
ED50   0    0    1     0
gamma  0    0    0     0
  Error model: constant , initial values: a.1=5 
  Covariate model:
      [,1] [,2] [,3] [,4]
group    0    0    1    0
    Initial values
              E0 Imax ED50 gamma
Pop.CondInit 100  0.7  500     2
Cov.CondInit   0  0.0    0     0
-----------------------------------
----    Key algorithm options  ----
-----------------------------------
    Estimation of individual parameters (MAP)
    Estimation of standard errors and linearised log-likelihood
    Estimation of log-likelihood by importance sampling
    Number of iterations:  K1=300, K2=100 
    Number of chains:  1 
    Seed:  7927570 
    Number of MCMC iterations for IS:  5000 
    Simulations:
        nb of simulated datasets used for npde:  1000 
        nb of simulated datasets used for VPC:  100 
    Input/output
        save the results to a file:  FALSE 
        save the graphs to files:  FALSE 
----------------------------------------------------
----                  Results                   ----
----------------------------------------------------
-----------------  Fixed effects  ------------------
----------------------------------------------------
     Parameter        Estimate SE     CV(%) p-value
[1,] E0                99.29    1.131  1.1  -      
[2,] Imax               0.71    0.012  1.6  -      
[3,] ED50             501.26   26.177  5.2  -      
[4,] beta_group(ED50)  -0.53    0.070 13.1  1.4e-14
[5,] gamma              1.92    0.068  3.5  -      
[6,] a.1                4.86    0.171  3.5  -      
----------------------------------------------------
-----------  Variance of random effects  -----------
----------------------------------------------------
     Parameter   Estimate SE     CV(%)
E0   omega2.E0   0.011    0.0018 17   
ED50 omega2.ED50 0.106    0.0172 16   
----------------------------------------------------
------  Correlation matrix of random effects  ------
----------------------------------------------------
            omega2.E0 omega2.ED50
omega2.E0   1         0          
omega2.ED50 0         1          
----------------------------------------------------
---------------  Statistical criteria  -------------
----------------------------------------------------
Likelihood computed by linearisation
      -2LL= 4060.583 
      AIC = 4076.583 
      BIC = 4097.424 

Likelihood computed by importance sampling
      -2LL= 4060.852 
      AIC = 4076.852 
      BIC = 4097.694 
----------------------------------------------------
----------------------------------------------------
-----------------  Fixed effects  ------------------
----------------------------------------------------
         Parameter Estimate     SE CV(%) p-value
1               E0    99.29  1.131  1.14       -
2             Imax     0.71  0.012  1.64       -
3             ED50   501.26 26.177  5.22       -
4 beta_group(ED50)    -0.53  0.070 13.14 2.7e-14
5            gamma     1.92  0.068  3.55       -
6              a.1     4.86  0.171  3.52       -
----------------------------------------------------
-----------  Variance of random effects  -----------
----------------------------------------------------
       Parameter Estimate     SE CV(%)
E0     omega2.E0    0.011 0.0018 16.64
ED50 omega2.ED50    0.106 0.0172 16.26
----------------------------------------------------
------  Correlation matrix of random effects  ------
----------------------------------------------------
            omega2.E0 omega2.ED50
omega2.E0   1.00      0.00       
omega2.ED50 0.00      1.00       
----------------------------------------------------
---------------  Statistical criteria  -------------
----------------------------------------------------
Likelihood computed by linearisation
      -2LL= 4060.583 
      AIC = 4076.583 
      BIC = 4097.424 

Likelihood computed by importance sampling
      -2LL= 4060.852 
      AIC = 4076.852 
      BIC = 4097.694 
----------------------------------------------------
Reading data from file /home/eco/work/saemix/saemixextension/simulationSuite/cont/imaxRichAdd/data/data_pdimax87.tab 
These are the first lines of the dataset as read into R. Please check the format of the data is appropriate, if not, modify the na and/or sep items and retry:
  id dose      eff group
1  1    0 98.34279     0
2  1  200 81.85848     0
3  1  400 57.86274     0
4  1  500 56.81835     0
5  1  700 41.08103     0
6  1 1000 33.12291     0


The following SaemixData object was successfully created:

Object of class SaemixData
    longitudinal data for use with the SAEM algorithm
Dataset /home/eco/work/saemix/saemixextension/simulationSuite/cont/imaxRichAdd/data/data_pdimax87.tab 
    Structured data: eff ~ dose | id 
    Predictor: dose (-) 
    covariates: group (-) 
      reference class for covariate group :  0 
Nonlinear mixed-effects model fit by the SAEM algorithm
-----------------------------------
----          Data             ----
-----------------------------------
Object of class SaemixData
    longitudinal data for use with the SAEM algorithm
Dataset /home/eco/work/saemix/saemixextension/simulationSuite/cont/imaxRichAdd/data/data_pdimax87.tab 
    Structured data: eff ~ dose | id 
    Predictor: dose (-) 
    covariates: group (-) 
      reference class for covariate group :  0 
Dataset characteristics:
    number of subjects:     100 
    number of observations: 600 
    average/min/max nb obs: 6.00  /  6  /  6 
First 10 lines of data:
   id dose      eff group mdv cens occ ytype
1   1    0 98.34279     0   0    0   1     1
2   1  200 81.85848     0   0    0   1     1
3   1  400 57.86274     0   0    0   1     1
4   1  500 56.81835     0   0    0   1     1
5   1  700 41.08103     0   0    0   1     1
6   1 1000 33.12291     0   0    0   1     1
7   2    0 88.73159     0   0    0   1     1
8   2  200 69.79825     0   0    0   1     1
9   2  400 50.80713     0   0    0   1     1
10  2  500 62.86380     0   0    0   1     1
-----------------------------------
----          Model            ----
-----------------------------------
Nonlinear mixed-effects model
  Model function:  PD Imax model
  Model type:  structural
function (psi, id, xidep) 
{
    dose <- xidep[, 1]
    e0 <- psi[id, 1]
    imax <- psi[id, 2]
    ed50 <- psi[id, 3]
    gamma <- psi[id, 4]
    f <- e0 * (1 - imax * (dose^gamma)/((ed50^gamma) + (dose^gamma)))
    return(f)
}
<bytecode: 0x564c33fe6fb0>
  Nb of parameters: 4 
      parameter names:  E0 Imax ED50 gamma 
      distribution:
     Parameter Distribution Estimated
[1,] E0        log-normal   Estimated
[2,] Imax      log-normal   Estimated
[3,] ED50      log-normal   Estimated
[4,] gamma     log-normal   Estimated
  Variance-covariance matrix:
      E0 Imax ED50 gamma
E0     1    0    0     0
Imax   0    0    0     0
ED50   0    0    1     0
gamma  0    0    0     0
  Error model: constant , initial values: a.1=5 
  Covariate model:
      [,1] [,2] [,3] [,4]
group    0    0    1    0
    Initial values
              E0 Imax ED50 gamma
Pop.CondInit 100  0.7  500     2
Cov.CondInit   0  0.0    0     0
-----------------------------------
----    Key algorithm options  ----
-----------------------------------
    Estimation of individual parameters (MAP)
    Estimation of standard errors and linearised log-likelihood
    Estimation of log-likelihood by importance sampling
    Number of iterations:  K1=300, K2=100 
    Number of chains:  1 
    Seed:  7927570 
    Number of MCMC iterations for IS:  5000 
    Simulations:
        nb of simulated datasets used for npde:  1000 
        nb of simulated datasets used for VPC:  100 
    Input/output
        save the results to a file:  FALSE 
        save the graphs to files:  FALSE 
----------------------------------------------------
----                  Results                   ----
----------------------------------------------------
-----------------  Fixed effects  ------------------
----------------------------------------------------
     Parameter        Estimate SE     CV(%) p-value
[1,] E0                99.52    1.176  1.2  -      
[2,] Imax               0.70    0.011  1.6  -      
[3,] ED50             457.96   22.295  4.9  -      
[4,] beta_group(ED50)  -0.44    0.065 14.8  7.3e-12
[5,] gamma              1.96    0.071  3.6  -      
[6,] a.1                4.89    0.172  3.5  -      
----------------------------------------------------
-----------  Variance of random effects  -----------
----------------------------------------------------
     Parameter   Estimate SE     CV(%)
E0   omega2.E0   0.012    0.0019 16   
ED50 omega2.ED50 0.089    0.0149 17   
----------------------------------------------------
------  Correlation matrix of random effects  ------
----------------------------------------------------
            omega2.E0 omega2.ED50
omega2.E0   1         0          
omega2.ED50 0         1          
----------------------------------------------------
---------------  Statistical criteria  -------------
----------------------------------------------------
Likelihood computed by linearisation
      -2LL= 4064.022 
      AIC = 4080.022 
      BIC = 4100.863 

Likelihood computed by importance sampling
      -2LL= 4064.533 
      AIC = 4080.533 
      BIC = 4101.375 
----------------------------------------------------
----------------------------------------------------
-----------------  Fixed effects  ------------------
----------------------------------------------------
         Parameter Estimate     SE CV(%) p-value
1               E0    99.52  1.176  1.18       -
2             Imax     0.70  0.011  1.61       -
3             ED50   457.96 22.295  4.87       -
4 beta_group(ED50)    -0.44  0.065 14.81 1.5e-11
5            gamma     1.96  0.071  3.63       -
6              a.1     4.89  0.172  3.53       -
----------------------------------------------------
-----------  Variance of random effects  -----------
----------------------------------------------------
       Parameter Estimate     SE CV(%)
E0     omega2.E0    0.012 0.0019 16.46
ED50 omega2.ED50    0.089 0.0149 16.66
----------------------------------------------------
------  Correlation matrix of random effects  ------
----------------------------------------------------
            omega2.E0 omega2.ED50
omega2.E0   1.00      0.00       
omega2.ED50 0.00      1.00       
----------------------------------------------------
---------------  Statistical criteria  -------------
----------------------------------------------------
Likelihood computed by linearisation
      -2LL= 4064.022 
      AIC = 4080.022 
      BIC = 4100.863 

Likelihood computed by importance sampling
      -2LL= 4064.533 
      AIC = 4080.533 
      BIC = 4101.375 
----------------------------------------------------
Reading data from file /home/eco/work/saemix/saemixextension/simulationSuite/cont/imaxRichAdd/data/data_pdimax88.tab 
These are the first lines of the dataset as read into R. Please check the format of the data is appropriate, if not, modify the na and/or sep items and retry:
  id dose       eff group
1  1    0 111.97949     0
2  1  200  93.81906     0
3  1  400  66.59807     0
4  1  500  72.80844     0
5  1  700  50.88093     0
6  1 1000  40.74835     0


The following SaemixData object was successfully created:

Object of class SaemixData
    longitudinal data for use with the SAEM algorithm
Dataset /home/eco/work/saemix/saemixextension/simulationSuite/cont/imaxRichAdd/data/data_pdimax88.tab 
    Structured data: eff ~ dose | id 
    Predictor: dose (-) 
    covariates: group (-) 
      reference class for covariate group :  0 
Nonlinear mixed-effects model fit by the SAEM algorithm
-----------------------------------
----          Data             ----
-----------------------------------
Object of class SaemixData
    longitudinal data for use with the SAEM algorithm
Dataset /home/eco/work/saemix/saemixextension/simulationSuite/cont/imaxRichAdd/data/data_pdimax88.tab 
    Structured data: eff ~ dose | id 
    Predictor: dose (-) 
    covariates: group (-) 
      reference class for covariate group :  0 
Dataset characteristics:
    number of subjects:     100 
    number of observations: 600 
    average/min/max nb obs: 6.00  /  6  /  6 
First 10 lines of data:
   id dose       eff group mdv cens occ ytype
1   1    0 111.97949     0   0    0   1     1
2   1  200  93.81906     0   0    0   1     1
3   1  400  66.59807     0   0    0   1     1
4   1  500  72.80844     0   0    0   1     1
5   1  700  50.88093     0   0    0   1     1
6   1 1000  40.74835     0   0    0   1     1
7   2    0 107.02172     0   0    0   1     1
8   2  200  94.73490     0   0    0   1     1
9   2  400  61.56531     0   0    0   1     1
10  2  500  46.95123     0   0    0   1     1
-----------------------------------
----          Model            ----
-----------------------------------
Nonlinear mixed-effects model
  Model function:  PD Imax model
  Model type:  structural
function (psi, id, xidep) 
{
    dose <- xidep[, 1]
    e0 <- psi[id, 1]
    imax <- psi[id, 2]
    ed50 <- psi[id, 3]
    gamma <- psi[id, 4]
    f <- e0 * (1 - imax * (dose^gamma)/((ed50^gamma) + (dose^gamma)))
    return(f)
}
<bytecode: 0x564c33fe6fb0>
  Nb of parameters: 4 
      parameter names:  E0 Imax ED50 gamma 
      distribution:
     Parameter Distribution Estimated
[1,] E0        log-normal   Estimated
[2,] Imax      log-normal   Estimated
[3,] ED50      log-normal   Estimated
[4,] gamma     log-normal   Estimated
  Variance-covariance matrix:
      E0 Imax ED50 gamma
E0     1    0    0     0
Imax   0    0    0     0
ED50   0    0    1     0
gamma  0    0    0     0
  Error model: constant , initial values: a.1=5 
  Covariate model:
      [,1] [,2] [,3] [,4]
group    0    0    1    0
    Initial values
              E0 Imax ED50 gamma
Pop.CondInit 100  0.7  500     2
Cov.CondInit   0  0.0    0     0
-----------------------------------
----    Key algorithm options  ----
-----------------------------------
    Estimation of individual parameters (MAP)
    Estimation of standard errors and linearised log-likelihood
    Estimation of log-likelihood by importance sampling
    Number of iterations:  K1=300, K2=100 
    Number of chains:  1 
    Seed:  7927570 
    Number of MCMC iterations for IS:  5000 
    Simulations:
        nb of simulated datasets used for npde:  1000 
        nb of simulated datasets used for VPC:  100 
    Input/output
        save the results to a file:  FALSE 
        save the graphs to files:  FALSE 
----------------------------------------------------
----                  Results                   ----
----------------------------------------------------
-----------------  Fixed effects  ------------------
----------------------------------------------------
     Parameter        Estimate SE     CV(%) p-value
[1,] E0                99.25    1.110  1.1  -      
[2,] Imax               0.70    0.012  1.7  -      
[3,] ED50             475.94   21.749  4.6  -      
[4,] beta_group(ED50)  -0.51    0.060 11.6  0      
[5,] gamma              1.95    0.075  3.8  -      
[6,] a.1                5.10    0.179  3.5  -      
----------------------------------------------------
-----------  Variance of random effects  -----------
----------------------------------------------------
     Parameter   Estimate SE     CV(%)
E0   omega2.E0   0.0099   0.0017 17   
ED50 omega2.ED50 0.0717   0.0126 18   
----------------------------------------------------
------  Correlation matrix of random effects  ------
----------------------------------------------------
            omega2.E0 omega2.ED50
omega2.E0   1         0          
omega2.ED50 0         1          
----------------------------------------------------
---------------  Statistical criteria  -------------
----------------------------------------------------
Likelihood computed by linearisation
      -2LL= 4067.385 
      AIC = 4083.385 
      BIC = 4104.227 

Likelihood computed by importance sampling
      -2LL= 4068.225 
      AIC = 4084.225 
      BIC = 4105.067 
----------------------------------------------------
----------------------------------------------------
-----------------  Fixed effects  ------------------
----------------------------------------------------
         Parameter Estimate     SE CV(%) p-value
1               E0    99.25  1.110  1.12       -
2             Imax     0.70  0.012  1.73       -
3             ED50   475.94 21.749  4.57       -
4 beta_group(ED50)    -0.51  0.060 11.63    0.00
5            gamma     1.95  0.075  3.85       -
6              a.1     5.10  0.179  3.52       -
----------------------------------------------------
-----------  Variance of random effects  -----------
----------------------------------------------------
       Parameter Estimate     SE CV(%)
E0     omega2.E0   0.0099 0.0017 17.01
ED50 omega2.ED50   0.0717 0.0126 17.58
----------------------------------------------------
------  Correlation matrix of random effects  ------
----------------------------------------------------
            omega2.E0 omega2.ED50
omega2.E0   1.00      0.00       
omega2.ED50 0.00      1.00       
----------------------------------------------------
---------------  Statistical criteria  -------------
----------------------------------------------------
Likelihood computed by linearisation
      -2LL= 4067.385 
      AIC = 4083.385 
      BIC = 4104.227 

Likelihood computed by importance sampling
      -2LL= 4068.225 
      AIC = 4084.225 
      BIC = 4105.067 
----------------------------------------------------
Reading data from file /home/eco/work/saemix/saemixextension/simulationSuite/cont/imaxRichAdd/data/data_pdimax89.tab 
These are the first lines of the dataset as read into R. Please check the format of the data is appropriate, if not, modify the na and/or sep items and retry:
  id dose       eff group
1  1    0 112.09112     0
2  1  200 105.13488     0
3  1  400  86.67160     0
4  1  500  77.71936     0
5  1  700  66.36880     0
6  1 1000  59.24104     0


The following SaemixData object was successfully created:

Object of class SaemixData
    longitudinal data for use with the SAEM algorithm
Dataset /home/eco/work/saemix/saemixextension/simulationSuite/cont/imaxRichAdd/data/data_pdimax89.tab 
    Structured data: eff ~ dose | id 
    Predictor: dose (-) 
    covariates: group (-) 
      reference class for covariate group :  0 
Nonlinear mixed-effects model fit by the SAEM algorithm
-----------------------------------
----          Data             ----
-----------------------------------
Object of class SaemixData
    longitudinal data for use with the SAEM algorithm
Dataset /home/eco/work/saemix/saemixextension/simulationSuite/cont/imaxRichAdd/data/data_pdimax89.tab 
    Structured data: eff ~ dose | id 
    Predictor: dose (-) 
    covariates: group (-) 
      reference class for covariate group :  0 
Dataset characteristics:
    number of subjects:     100 
    number of observations: 600 
    average/min/max nb obs: 6.00  /  6  /  6 
First 10 lines of data:
   id dose       eff group mdv cens occ ytype
1   1    0 112.09112     0   0    0   1     1
2   1  200 105.13488     0   0    0   1     1
3   1  400  86.67160     0   0    0   1     1
4   1  500  77.71936     0   0    0   1     1
5   1  700  66.36880     0   0    0   1     1
6   1 1000  59.24104     0   0    0   1     1
7   2    0 104.58009     0   0    0   1     1
8   2  200 107.75040     0   0    0   1     1
9   2  400  92.59075     0   0    0   1     1
10  2  500  83.75076     0   0    0   1     1
-----------------------------------
----          Model            ----
-----------------------------------
Nonlinear mixed-effects model
  Model function:  PD Imax model
  Model type:  structural
function (psi, id, xidep) 
{
    dose <- xidep[, 1]
    e0 <- psi[id, 1]
    imax <- psi[id, 2]
    ed50 <- psi[id, 3]
    gamma <- psi[id, 4]
    f <- e0 * (1 - imax * (dose^gamma)/((ed50^gamma) + (dose^gamma)))
    return(f)
}
<bytecode: 0x564c33fe6fb0>
  Nb of parameters: 4 
      parameter names:  E0 Imax ED50 gamma 
      distribution:
     Parameter Distribution Estimated
[1,] E0        log-normal   Estimated
[2,] Imax      log-normal   Estimated
[3,] ED50      log-normal   Estimated
[4,] gamma     log-normal   Estimated
  Variance-covariance matrix:
      E0 Imax ED50 gamma
E0     1    0    0     0
Imax   0    0    0     0
ED50   0    0    1     0
gamma  0    0    0     0
  Error model: constant , initial values: a.1=5 
  Covariate model:
      [,1] [,2] [,3] [,4]
group    0    0    1    0
    Initial values
              E0 Imax ED50 gamma
Pop.CondInit 100  0.7  500     2
Cov.CondInit   0  0.0    0     0
-----------------------------------
----    Key algorithm options  ----
-----------------------------------
    Estimation of individual parameters (MAP)
    Estimation of standard errors and linearised log-likelihood
    Estimation of log-likelihood by importance sampling
    Number of iterations:  K1=300, K2=100 
    Number of chains:  1 
    Seed:  7927570 
    Number of MCMC iterations for IS:  5000 
    Simulations:
        nb of simulated datasets used for npde:  1000 
        nb of simulated datasets used for VPC:  100 
    Input/output
        save the results to a file:  FALSE 
        save the graphs to files:  FALSE 
----------------------------------------------------
----                  Results                   ----
----------------------------------------------------
-----------------  Fixed effects  ------------------
----------------------------------------------------
     Parameter        Estimate SE     CV(%) p-value
[1,] E0                99.01    1.088  1.1  -      
[2,] Imax               0.68    0.011  1.6  -      
[3,] ED50             468.50   23.651  5.0  -      
[4,] beta_group(ED50)  -0.50    0.067 13.5  6.2e-14
[5,] gamma              1.98    0.075  3.8  -      
[6,] a.1                4.99    0.176  3.5  -      
----------------------------------------------------
-----------  Variance of random effects  -----------
----------------------------------------------------
     Parameter   Estimate SE     CV(%)
E0   omega2.E0   0.0096   0.0016 17   
ED50 omega2.ED50 0.0964   0.0161 17   
----------------------------------------------------
------  Correlation matrix of random effects  ------
----------------------------------------------------
            omega2.E0 omega2.ED50
omega2.E0   1         0          
omega2.ED50 0         1          
----------------------------------------------------
---------------  Statistical criteria  -------------
----------------------------------------------------
Likelihood computed by linearisation
      -2LL= 4063.939 
      AIC = 4079.939 
      BIC = 4100.78 

Likelihood computed by importance sampling
      -2LL= 4064.399 
      AIC = 4080.399 
      BIC = 4101.241 
----------------------------------------------------
----------------------------------------------------
-----------------  Fixed effects  ------------------
----------------------------------------------------
         Parameter Estimate     SE CV(%) p-value
1               E0    99.01  1.088  1.10       -
2             Imax     0.68  0.011  1.65       -
3             ED50   468.50 23.651  5.05       -
4 beta_group(ED50)    -0.50  0.067 13.49 1.2e-13
5            gamma     1.98  0.075  3.76       -
6              a.1     4.99  0.176  3.52       -
----------------------------------------------------
-----------  Variance of random effects  -----------
----------------------------------------------------
       Parameter Estimate     SE CV(%)
E0     omega2.E0   0.0096 0.0016 17.06
ED50 omega2.ED50   0.0964 0.0161 16.71
----------------------------------------------------
------  Correlation matrix of random effects  ------
----------------------------------------------------
            omega2.E0 omega2.ED50
omega2.E0   1.00      0.00       
omega2.ED50 0.00      1.00       
----------------------------------------------------
---------------  Statistical criteria  -------------
----------------------------------------------------
Likelihood computed by linearisation
      -2LL= 4063.939 
      AIC = 4079.939 
      BIC = 4100.78 

Likelihood computed by importance sampling
      -2LL= 4064.399 
      AIC = 4080.399 
      BIC = 4101.241 
----------------------------------------------------
Reading data from file /home/eco/work/saemix/saemixextension/simulationSuite/cont/imaxRichAdd/data/data_pdimax90.tab 
These are the first lines of the dataset as read into R. Please check the format of the data is appropriate, if not, modify the na and/or sep items and retry:
  id dose       eff group
1  1    0 103.30447     0
2  1  200  75.55981     0
3  1  400  66.83792     0
4  1  500  70.80096     0
5  1  700  45.40628     0
6  1 1000  34.33518     0


The following SaemixData object was successfully created:

Object of class SaemixData
    longitudinal data for use with the SAEM algorithm
Dataset /home/eco/work/saemix/saemixextension/simulationSuite/cont/imaxRichAdd/data/data_pdimax90.tab 
    Structured data: eff ~ dose | id 
    Predictor: dose (-) 
    covariates: group (-) 
      reference class for covariate group :  0 
Nonlinear mixed-effects model fit by the SAEM algorithm
-----------------------------------
----          Data             ----
-----------------------------------
Object of class SaemixData
    longitudinal data for use with the SAEM algorithm
Dataset /home/eco/work/saemix/saemixextension/simulationSuite/cont/imaxRichAdd/data/data_pdimax90.tab 
    Structured data: eff ~ dose | id 
    Predictor: dose (-) 
    covariates: group (-) 
      reference class for covariate group :  0 
Dataset characteristics:
    number of subjects:     100 
    number of observations: 600 
    average/min/max nb obs: 6.00  /  6  /  6 
First 10 lines of data:
   id dose       eff group mdv cens occ ytype
1   1    0 103.30447     0   0    0   1     1
2   1  200  75.55981     0   0    0   1     1
3   1  400  66.83792     0   0    0   1     1
4   1  500  70.80096     0   0    0   1     1
5   1  700  45.40628     0   0    0   1     1
6   1 1000  34.33518     0   0    0   1     1
7   2    0 111.58237     0   0    0   1     1
8   2  200 120.57889     0   0    0   1     1
9   2  400  86.05683     0   0    0   1     1
10  2  500  74.72070     0   0    0   1     1
-----------------------------------
----          Model            ----
-----------------------------------
Nonlinear mixed-effects model
  Model function:  PD Imax model
  Model type:  structural
function (psi, id, xidep) 
{
    dose <- xidep[, 1]
    e0 <- psi[id, 1]
    imax <- psi[id, 2]
    ed50 <- psi[id, 3]
    gamma <- psi[id, 4]
    f <- e0 * (1 - imax * (dose^gamma)/((ed50^gamma) + (dose^gamma)))
    return(f)
}
<bytecode: 0x564c33fe6fb0>
  Nb of parameters: 4 
      parameter names:  E0 Imax ED50 gamma 
      distribution:
     Parameter Distribution Estimated
[1,] E0        log-normal   Estimated
[2,] Imax      log-normal   Estimated
[3,] ED50      log-normal   Estimated
[4,] gamma     log-normal   Estimated
  Variance-covariance matrix:
      E0 Imax ED50 gamma
E0     1    0    0     0
Imax   0    0    0     0
ED50   0    0    1     0
gamma  0    0    0     0
  Error model: constant , initial values: a.1=5 
  Covariate model:
      [,1] [,2] [,3] [,4]
group    0    0    1    0
    Initial values
              E0 Imax ED50 gamma
Pop.CondInit 100  0.7  500     2
Cov.CondInit   0  0.0    0     0
-----------------------------------
----    Key algorithm options  ----
-----------------------------------
    Estimation of individual parameters (MAP)
    Estimation of standard errors and linearised log-likelihood
    Estimation of log-likelihood by importance sampling
    Number of iterations:  K1=300, K2=100 
    Number of chains:  1 
    Seed:  7927570 
    Number of MCMC iterations for IS:  5000 
    Simulations:
        nb of simulated datasets used for npde:  1000 
        nb of simulated datasets used for VPC:  100 
    Input/output
        save the results to a file:  FALSE 
        save the graphs to files:  FALSE 
----------------------------------------------------
----                  Results                   ----
----------------------------------------------------
-----------------  Fixed effects  ------------------
----------------------------------------------------
     Parameter        Estimate SE     CV(%) p-value
[1,] E0                98.8     1.019  1.0  -      
[2,] Imax               0.7     0.012  1.7  -      
[3,] ED50             490.0    24.557  5.0  -      
[4,] beta_group(ED50)  -0.4     0.066 16.7  1.2e-09
[5,] gamma              2.0     0.075  3.7  -      
[6,] a.1                4.9     0.173  3.5  -      
----------------------------------------------------
-----------  Variance of random effects  -----------
----------------------------------------------------
     Parameter   Estimate SE     CV(%)
E0   omega2.E0   0.0083   0.0014 17   
ED50 omega2.ED50 0.0953   0.0156 16   
----------------------------------------------------
------  Correlation matrix of random effects  ------
----------------------------------------------------
            omega2.E0 omega2.ED50
omega2.E0   1         0          
omega2.ED50 0         1          
----------------------------------------------------
---------------  Statistical criteria  -------------
----------------------------------------------------
Likelihood computed by linearisation
      -2LL= 4049.275 
      AIC = 4065.275 
      BIC = 4086.116 

Likelihood computed by importance sampling
      -2LL= 4049.884 
      AIC = 4065.884 
      BIC = 4086.725 
----------------------------------------------------
----------------------------------------------------
-----------------  Fixed effects  ------------------
----------------------------------------------------
         Parameter Estimate     SE CV(%) p-value
1               E0    98.82  1.019  1.03       -
2             Imax     0.70  0.012  1.74       -
3             ED50   489.95 24.557  5.01       -
4 beta_group(ED50)    -0.40  0.066 16.74 2.3e-09
5            gamma     2.02  0.075  3.72       -
6              a.1     4.91  0.173  3.52       -
----------------------------------------------------
-----------  Variance of random effects  -----------
----------------------------------------------------
       Parameter Estimate     SE CV(%)
E0     omega2.E0   0.0083 0.0014 17.35
ED50 omega2.ED50   0.0953 0.0156 16.34
----------------------------------------------------
------  Correlation matrix of random effects  ------
----------------------------------------------------
            omega2.E0 omega2.ED50
omega2.E0   1.00      0.00       
omega2.ED50 0.00      1.00       
----------------------------------------------------
---------------  Statistical criteria  -------------
----------------------------------------------------
Likelihood computed by linearisation
      -2LL= 4049.275 
      AIC = 4065.275 
      BIC = 4086.116 

Likelihood computed by importance sampling
      -2LL= 4049.884 
      AIC = 4065.884 
      BIC = 4086.725 
----------------------------------------------------
Reading data from file /home/eco/work/saemix/saemixextension/simulationSuite/cont/imaxRichAdd/data/data_pdimax91.tab 
These are the first lines of the dataset as read into R. Please check the format of the data is appropriate, if not, modify the na and/or sep items and retry:
  id dose       eff group
1  1    0 101.21142     0
2  1  200  87.23688     0
3  1  400  60.79865     0
4  1  500  61.01192     0
5  1  700  51.95490     0
6  1 1000  42.45652     0


The following SaemixData object was successfully created:

Object of class SaemixData
    longitudinal data for use with the SAEM algorithm
Dataset /home/eco/work/saemix/saemixextension/simulationSuite/cont/imaxRichAdd/data/data_pdimax91.tab 
    Structured data: eff ~ dose | id 
    Predictor: dose (-) 
    covariates: group (-) 
      reference class for covariate group :  0 
Nonlinear mixed-effects model fit by the SAEM algorithm
-----------------------------------
----          Data             ----
-----------------------------------
Object of class SaemixData
    longitudinal data for use with the SAEM algorithm
Dataset /home/eco/work/saemix/saemixextension/simulationSuite/cont/imaxRichAdd/data/data_pdimax91.tab 
    Structured data: eff ~ dose | id 
    Predictor: dose (-) 
    covariates: group (-) 
      reference class for covariate group :  0 
Dataset characteristics:
    number of subjects:     100 
    number of observations: 600 
    average/min/max nb obs: 6.00  /  6  /  6 
First 10 lines of data:
   id dose       eff group mdv cens occ ytype
1   1    0 101.21142     0   0    0   1     1
2   1  200  87.23688     0   0    0   1     1
3   1  400  60.79865     0   0    0   1     1
4   1  500  61.01192     0   0    0   1     1
5   1  700  51.95490     0   0    0   1     1
6   1 1000  42.45652     0   0    0   1     1
7   2    0 101.24145     0   0    0   1     1
8   2  200  98.70311     0   0    0   1     1
9   2  400  99.13764     0   0    0   1     1
10  2  500  78.58433     0   0    0   1     1
-----------------------------------
----          Model            ----
-----------------------------------
Nonlinear mixed-effects model
  Model function:  PD Imax model
  Model type:  structural
function (psi, id, xidep) 
{
    dose <- xidep[, 1]
    e0 <- psi[id, 1]
    imax <- psi[id, 2]
    ed50 <- psi[id, 3]
    gamma <- psi[id, 4]
    f <- e0 * (1 - imax * (dose^gamma)/((ed50^gamma) + (dose^gamma)))
    return(f)
}
<bytecode: 0x564c33fe6fb0>
  Nb of parameters: 4 
      parameter names:  E0 Imax ED50 gamma 
      distribution:
     Parameter Distribution Estimated
[1,] E0        log-normal   Estimated
[2,] Imax      log-normal   Estimated
[3,] ED50      log-normal   Estimated
[4,] gamma     log-normal   Estimated
  Variance-covariance matrix:
      E0 Imax ED50 gamma
E0     1    0    0     0
Imax   0    0    0     0
ED50   0    0    1     0
gamma  0    0    0     0
  Error model: constant , initial values: a.1=5 
  Covariate model:
      [,1] [,2] [,3] [,4]
group    0    0    1    0
    Initial values
              E0 Imax ED50 gamma
Pop.CondInit 100  0.7  500     2
Cov.CondInit   0  0.0    0     0
-----------------------------------
----    Key algorithm options  ----
-----------------------------------
    Estimation of individual parameters (MAP)
    Estimation of standard errors and linearised log-likelihood
    Estimation of log-likelihood by importance sampling
    Number of iterations:  K1=300, K2=100 
    Number of chains:  1 
    Seed:  7927570 
    Number of MCMC iterations for IS:  5000 
    Simulations:
        nb of simulated datasets used for npde:  1000 
        nb of simulated datasets used for VPC:  100 
    Input/output
        save the results to a file:  FALSE 
        save the graphs to files:  FALSE 
----------------------------------------------------
----                  Results                   ----
----------------------------------------------------
-----------------  Fixed effects  ------------------
----------------------------------------------------
     Parameter        Estimate SE     CV(%) p-value
[1,] E0               101.09    1.017  1.0  -      
[2,] Imax               0.70    0.011  1.6  -      
[3,] ED50             500.08   24.671  4.9  -      
[4,] beta_group(ED50)  -0.51    0.066 13.0  7.2e-15
[5,] gamma              2.04    0.072  3.5  -      
[6,] a.1                4.86    0.171  3.5  -      
----------------------------------------------------
-----------  Variance of random effects  -----------
----------------------------------------------------
     Parameter   Estimate SE     CV(%)
E0   omega2.E0   0.0079   0.0014 17   
ED50 omega2.ED50 0.0960   0.0156 16   
----------------------------------------------------
------  Correlation matrix of random effects  ------
----------------------------------------------------
            omega2.E0 omega2.ED50
omega2.E0   1         0          
omega2.ED50 0         1          
----------------------------------------------------
---------------  Statistical criteria  -------------
----------------------------------------------------
Likelihood computed by linearisation
      -2LL= 4043.958 
      AIC = 4059.958 
      BIC = 4080.8 

Likelihood computed by importance sampling
      -2LL= 4044.783 
      AIC = 4060.783 
      BIC = 4081.625 
----------------------------------------------------
----------------------------------------------------
-----------------  Fixed effects  ------------------
----------------------------------------------------
         Parameter Estimate     SE CV(%) p-value
1               E0   101.09  1.017  1.01       -
2             Imax     0.70  0.011  1.57       -
3             ED50   500.08 24.671  4.93       -
4 beta_group(ED50)    -0.51  0.066 13.00 1.4e-14
5            gamma     2.04  0.072  3.53       -
6              a.1     4.86  0.171  3.51       -
----------------------------------------------------
-----------  Variance of random effects  -----------
----------------------------------------------------
       Parameter Estimate     SE CV(%)
E0     omega2.E0   0.0079 0.0014 17.33
ED50 omega2.ED50   0.0960 0.0156 16.20
----------------------------------------------------
------  Correlation matrix of random effects  ------
----------------------------------------------------
            omega2.E0 omega2.ED50
omega2.E0   1.00      0.00       
omega2.ED50 0.00      1.00       
----------------------------------------------------
---------------  Statistical criteria  -------------
----------------------------------------------------
Likelihood computed by linearisation
      -2LL= 4043.958 
      AIC = 4059.958 
      BIC = 4080.8 

Likelihood computed by importance sampling
      -2LL= 4044.783 
      AIC = 4060.783 
      BIC = 4081.625 
----------------------------------------------------
Reading data from file /home/eco/work/saemix/saemixextension/simulationSuite/cont/imaxRichAdd/data/data_pdimax92.tab 
These are the first lines of the dataset as read into R. Please check the format of the data is appropriate, if not, modify the na and/or sep items and retry:
  id dose       eff group
1  1    0 100.79970     0
2  1  200  99.58000     0
3  1  400  82.48829     0
4  1  500  78.72409     0
5  1  700  66.69232     0
6  1 1000  51.48640     0


The following SaemixData object was successfully created:

Object of class SaemixData
    longitudinal data for use with the SAEM algorithm
Dataset /home/eco/work/saemix/saemixextension/simulationSuite/cont/imaxRichAdd/data/data_pdimax92.tab 
    Structured data: eff ~ dose | id 
    Predictor: dose (-) 
    covariates: group (-) 
      reference class for covariate group :  0 
Nonlinear mixed-effects model fit by the SAEM algorithm
-----------------------------------
----          Data             ----
-----------------------------------
Object of class SaemixData
    longitudinal data for use with the SAEM algorithm
Dataset /home/eco/work/saemix/saemixextension/simulationSuite/cont/imaxRichAdd/data/data_pdimax92.tab 
    Structured data: eff ~ dose | id 
    Predictor: dose (-) 
    covariates: group (-) 
      reference class for covariate group :  0 
Dataset characteristics:
    number of subjects:     100 
    number of observations: 600 
    average/min/max nb obs: 6.00  /  6  /  6 
First 10 lines of data:
   id dose       eff group mdv cens occ ytype
1   1    0 100.79970     0   0    0   1     1
2   1  200  99.58000     0   0    0   1     1
3   1  400  82.48829     0   0    0   1     1
4   1  500  78.72409     0   0    0   1     1
5   1  700  66.69232     0   0    0   1     1
6   1 1000  51.48640     0   0    0   1     1
7   2    0  98.63069     0   0    0   1     1
8   2  200  81.36132     0   0    0   1     1
9   2  400  62.09425     0   0    0   1     1
10  2  500  58.14396     0   0    0   1     1
-----------------------------------
----          Model            ----
-----------------------------------
Nonlinear mixed-effects model
  Model function:  PD Imax model
  Model type:  structural
function (psi, id, xidep) 
{
    dose <- xidep[, 1]
    e0 <- psi[id, 1]
    imax <- psi[id, 2]
    ed50 <- psi[id, 3]
    gamma <- psi[id, 4]
    f <- e0 * (1 - imax * (dose^gamma)/((ed50^gamma) + (dose^gamma)))
    return(f)
}
<bytecode: 0x564c33fe6fb0>
  Nb of parameters: 4 
      parameter names:  E0 Imax ED50 gamma 
      distribution:
     Parameter Distribution Estimated
[1,] E0        log-normal   Estimated
[2,] Imax      log-normal   Estimated
[3,] ED50      log-normal   Estimated
[4,] gamma     log-normal   Estimated
  Variance-covariance matrix:
      E0 Imax ED50 gamma
E0     1    0    0     0
Imax   0    0    0     0
ED50   0    0    1     0
gamma  0    0    0     0
  Error model: constant , initial values: a.1=5 
  Covariate model:
      [,1] [,2] [,3] [,4]
group    0    0    1    0
    Initial values
              E0 Imax ED50 gamma
Pop.CondInit 100  0.7  500     2
Cov.CondInit   0  0.0    0     0
-----------------------------------
----    Key algorithm options  ----
-----------------------------------
    Estimation of individual parameters (MAP)
    Estimation of standard errors and linearised log-likelihood
    Estimation of log-likelihood by importance sampling
    Number of iterations:  K1=300, K2=100 
    Number of chains:  1 
    Seed:  7927570 
    Number of MCMC iterations for IS:  5000 
    Simulations:
        nb of simulated datasets used for npde:  1000 
        nb of simulated datasets used for VPC:  100 
    Input/output
        save the results to a file:  FALSE 
        save the graphs to files:  FALSE 
----------------------------------------------------
----                  Results                   ----
----------------------------------------------------
-----------------  Fixed effects  ------------------
----------------------------------------------------
     Parameter        Estimate SE     CV(%) p-value
[1,] E0                99.52    1.225  1.2  -      
[2,] Imax               0.70    0.011  1.6  -      
[3,] ED50             505.11   25.047  5.0  -      
[4,] beta_group(ED50)  -0.52    0.067 12.9  4.6e-15
[5,] gamma              2.01    0.072  3.6  -      
[6,] a.1                4.88    0.172  3.5  -      
----------------------------------------------------
-----------  Variance of random effects  -----------
----------------------------------------------------
     Parameter   Estimate SE     CV(%)
E0   omega2.E0   0.013    0.0021 16   
ED50 omega2.ED50 0.095    0.0156 16   
----------------------------------------------------
------  Correlation matrix of random effects  ------
----------------------------------------------------
            omega2.E0 omega2.ED50
omega2.E0   1         0          
omega2.ED50 0         1          
----------------------------------------------------
---------------  Statistical criteria  -------------
----------------------------------------------------
Likelihood computed by linearisation
      -2LL= 4081.816 
      AIC = 4097.816 
      BIC = 4118.657 

Likelihood computed by importance sampling
      -2LL= 4082.42 
      AIC = 4098.42 
      BIC = 4119.261 
----------------------------------------------------
----------------------------------------------------
-----------------  Fixed effects  ------------------
----------------------------------------------------
         Parameter Estimate     SE CV(%) p-value
1               E0    99.52  1.225  1.23       -
2             Imax     0.70  0.011  1.61       -
3             ED50   505.11 25.047  4.96       -
4 beta_group(ED50)    -0.52  0.067 12.90 9.1e-15
5            gamma     2.01  0.072  3.59       -
6              a.1     4.88  0.172  3.52       -
----------------------------------------------------
-----------  Variance of random effects  -----------
----------------------------------------------------
       Parameter Estimate     SE CV(%)
E0     omega2.E0    0.013 0.0021 16.17
ED50 omega2.ED50    0.095 0.0156 16.46
----------------------------------------------------
------  Correlation matrix of random effects  ------
----------------------------------------------------
            omega2.E0 omega2.ED50
omega2.E0   1.00      0.00       
omega2.ED50 0.00      1.00       
----------------------------------------------------
---------------  Statistical criteria  -------------
----------------------------------------------------
Likelihood computed by linearisation
      -2LL= 4081.816 
      AIC = 4097.816 
      BIC = 4118.657 

Likelihood computed by importance sampling
      -2LL= 4082.42 
      AIC = 4098.42 
      BIC = 4119.261 
----------------------------------------------------
Reading data from file /home/eco/work/saemix/saemixextension/simulationSuite/cont/imaxRichAdd/data/data_pdimax93.tab 
These are the first lines of the dataset as read into R. Please check the format of the data is appropriate, if not, modify the na and/or sep items and retry:
  id dose       eff group
1  1    0 101.55857     0
2  1  200  96.59253     0
3  1  400  81.17318     0
4  1  500  70.86174     0
5  1  700  59.40566     0
6  1 1000  45.18722     0


The following SaemixData object was successfully created:

Object of class SaemixData
    longitudinal data for use with the SAEM algorithm
Dataset /home/eco/work/saemix/saemixextension/simulationSuite/cont/imaxRichAdd/data/data_pdimax93.tab 
    Structured data: eff ~ dose | id 
    Predictor: dose (-) 
    covariates: group (-) 
      reference class for covariate group :  0 
Nonlinear mixed-effects model fit by the SAEM algorithm
-----------------------------------
----          Data             ----
-----------------------------------
Object of class SaemixData
    longitudinal data for use with the SAEM algorithm
Dataset /home/eco/work/saemix/saemixextension/simulationSuite/cont/imaxRichAdd/data/data_pdimax93.tab 
    Structured data: eff ~ dose | id 
    Predictor: dose (-) 
    covariates: group (-) 
      reference class for covariate group :  0 
Dataset characteristics:
    number of subjects:     100 
    number of observations: 600 
    average/min/max nb obs: 6.00  /  6  /  6 
First 10 lines of data:
   id dose       eff group mdv cens occ ytype
1   1    0 101.55857     0   0    0   1     1
2   1  200  96.59253     0   0    0   1     1
3   1  400  81.17318     0   0    0   1     1
4   1  500  70.86174     0   0    0   1     1
5   1  700  59.40566     0   0    0   1     1
6   1 1000  45.18722     0   0    0   1     1
7   2    0 105.59249     0   0    0   1     1
8   2  200  90.03926     0   0    0   1     1
9   2  400  62.14908     0   0    0   1     1
10  2  500  52.28595     0   0    0   1     1
-----------------------------------
----          Model            ----
-----------------------------------
Nonlinear mixed-effects model
  Model function:  PD Imax model
  Model type:  structural
function (psi, id, xidep) 
{
    dose <- xidep[, 1]
    e0 <- psi[id, 1]
    imax <- psi[id, 2]
    ed50 <- psi[id, 3]
    gamma <- psi[id, 4]
    f <- e0 * (1 - imax * (dose^gamma)/((ed50^gamma) + (dose^gamma)))
    return(f)
}
<bytecode: 0x564c33fe6fb0>
  Nb of parameters: 4 
      parameter names:  E0 Imax ED50 gamma 
      distribution:
     Parameter Distribution Estimated
[1,] E0        log-normal   Estimated
[2,] Imax      log-normal   Estimated
[3,] ED50      log-normal   Estimated
[4,] gamma     log-normal   Estimated
  Variance-covariance matrix:
      E0 Imax ED50 gamma
E0     1    0    0     0
Imax   0    0    0     0
ED50   0    0    1     0
gamma  0    0    0     0
  Error model: constant , initial values: a.1=5 
  Covariate model:
      [,1] [,2] [,3] [,4]
group    0    0    1    0
    Initial values
              E0 Imax ED50 gamma
Pop.CondInit 100  0.7  500     2
Cov.CondInit   0  0.0    0     0
-----------------------------------
----    Key algorithm options  ----
-----------------------------------
    Estimation of individual parameters (MAP)
    Estimation of standard errors and linearised log-likelihood
    Estimation of log-likelihood by importance sampling
    Number of iterations:  K1=300, K2=100 
    Number of chains:  1 
    Seed:  7927570 
    Number of MCMC iterations for IS:  5000 
    Simulations:
        nb of simulated datasets used for npde:  1000 
        nb of simulated datasets used for VPC:  100 
    Input/output
        save the results to a file:  FALSE 
        save the graphs to files:  FALSE 
----------------------------------------------------
----                  Results                   ----
----------------------------------------------------
-----------------  Fixed effects  ------------------
----------------------------------------------------
     Parameter        Estimate SE     CV(%) p-value
[1,] E0                98.16    1.207  1.2  -      
[2,] Imax               0.68    0.012  1.7  -      
[3,] ED50             492.00   23.015  4.7  -      
[4,] beta_group(ED50)  -0.53    0.062 11.8  0      
[5,] gamma              2.10    0.083  3.9  -      
[6,] a.1                5.27    0.185  3.5  -      
----------------------------------------------------
-----------  Variance of random effects  -----------
----------------------------------------------------
     Parameter   Estimate SE     CV(%)
E0   omega2.E0   0.012    0.0021 17   
ED50 omega2.ED50 0.080    0.0138 17   
----------------------------------------------------
------  Correlation matrix of random effects  ------
----------------------------------------------------
            omega2.E0 omega2.ED50
omega2.E0   1         0          
omega2.ED50 0         1          
----------------------------------------------------
---------------  Statistical criteria  -------------
----------------------------------------------------
Likelihood computed by linearisation
      -2LL= 4125.306 
      AIC = 4141.306 
      BIC = 4162.147 

Likelihood computed by importance sampling
      -2LL= 4125.907 
      AIC = 4141.907 
      BIC = 4162.748 
----------------------------------------------------
----------------------------------------------------
-----------------  Fixed effects  ------------------
----------------------------------------------------
         Parameter Estimate     SE CV(%) p-value
1               E0    98.16  1.207  1.23       -
2             Imax     0.68  0.012  1.69       -
3             ED50   492.00 23.015  4.68       -
4 beta_group(ED50)    -0.53  0.062 11.82    0.00
5            gamma     2.10  0.083  3.93       -
6              a.1     5.27  0.185  3.52       -
----------------------------------------------------
-----------  Variance of random effects  -----------
----------------------------------------------------
       Parameter Estimate     SE CV(%)
E0     omega2.E0    0.012 0.0021 16.59
ED50 omega2.ED50    0.080 0.0138 17.34
----------------------------------------------------
------  Correlation matrix of random effects  ------
----------------------------------------------------
            omega2.E0 omega2.ED50
omega2.E0   1.00      0.00       
omega2.ED50 0.00      1.00       
----------------------------------------------------
---------------  Statistical criteria  -------------
----------------------------------------------------
Likelihood computed by linearisation
      -2LL= 4125.306 
      AIC = 4141.306 
      BIC = 4162.147 

Likelihood computed by importance sampling
      -2LL= 4125.907 
      AIC = 4141.907 
      BIC = 4162.748 
----------------------------------------------------
Reading data from file /home/eco/work/saemix/saemixextension/simulationSuite/cont/imaxRichAdd/data/data_pdimax94.tab 
These are the first lines of the dataset as read into R. Please check the format of the data is appropriate, if not, modify the na and/or sep items and retry:
  id dose      eff group
1  1    0 91.17555     0
2  1  200 92.15638     0
3  1  400 74.70507     0
4  1  500 70.45658     0
5  1  700 47.27376     0
6  1 1000 44.67025     0


The following SaemixData object was successfully created:

Object of class SaemixData
    longitudinal data for use with the SAEM algorithm
Dataset /home/eco/work/saemix/saemixextension/simulationSuite/cont/imaxRichAdd/data/data_pdimax94.tab 
    Structured data: eff ~ dose | id 
    Predictor: dose (-) 
    covariates: group (-) 
      reference class for covariate group :  0 
Nonlinear mixed-effects model fit by the SAEM algorithm
-----------------------------------
----          Data             ----
-----------------------------------
Object of class SaemixData
    longitudinal data for use with the SAEM algorithm
Dataset /home/eco/work/saemix/saemixextension/simulationSuite/cont/imaxRichAdd/data/data_pdimax94.tab 
    Structured data: eff ~ dose | id 
    Predictor: dose (-) 
    covariates: group (-) 
      reference class for covariate group :  0 
Dataset characteristics:
    number of subjects:     100 
    number of observations: 600 
    average/min/max nb obs: 6.00  /  6  /  6 
First 10 lines of data:
   id dose       eff group mdv cens occ ytype
1   1    0  91.17555     0   0    0   1     1
2   1  200  92.15638     0   0    0   1     1
3   1  400  74.70507     0   0    0   1     1
4   1  500  70.45658     0   0    0   1     1
5   1  700  47.27376     0   0    0   1     1
6   1 1000  44.67025     0   0    0   1     1
7   2    0 116.82498     0   0    0   1     1
8   2  200  91.35421     0   0    0   1     1
9   2  400  69.91381     0   0    0   1     1
10  2  500  70.26767     0   0    0   1     1
-----------------------------------
----          Model            ----
-----------------------------------
Nonlinear mixed-effects model
  Model function:  PD Imax model
  Model type:  structural
function (psi, id, xidep) 
{
    dose <- xidep[, 1]
    e0 <- psi[id, 1]
    imax <- psi[id, 2]
    ed50 <- psi[id, 3]
    gamma <- psi[id, 4]
    f <- e0 * (1 - imax * (dose^gamma)/((ed50^gamma) + (dose^gamma)))
    return(f)
}
<bytecode: 0x564c33fe6fb0>
  Nb of parameters: 4 
      parameter names:  E0 Imax ED50 gamma 
      distribution:
     Parameter Distribution Estimated
[1,] E0        log-normal   Estimated
[2,] Imax      log-normal   Estimated
[3,] ED50      log-normal   Estimated
[4,] gamma     log-normal   Estimated
  Variance-covariance matrix:
      E0 Imax ED50 gamma
E0     1    0    0     0
Imax   0    0    0     0
ED50   0    0    1     0
gamma  0    0    0     0
  Error model: constant , initial values: a.1=5 
  Covariate model:
      [,1] [,2] [,3] [,4]
group    0    0    1    0
    Initial values
              E0 Imax ED50 gamma
Pop.CondInit 100  0.7  500     2
Cov.CondInit   0  0.0    0     0
-----------------------------------
----    Key algorithm options  ----
-----------------------------------
    Estimation of individual parameters (MAP)
    Estimation of standard errors and linearised log-likelihood
    Estimation of log-likelihood by importance sampling
    Number of iterations:  K1=300, K2=100 
    Number of chains:  1 
    Seed:  7927570 
    Number of MCMC iterations for IS:  5000 
    Simulations:
        nb of simulated datasets used for npde:  1000 
        nb of simulated datasets used for VPC:  100 
    Input/output
        save the results to a file:  FALSE 
        save the graphs to files:  FALSE 
----------------------------------------------------
----                  Results                   ----
----------------------------------------------------
-----------------  Fixed effects  ------------------
----------------------------------------------------
     Parameter        Estimate SE     CV(%) p-value
[1,] E0               100.79    1.078  1.1  -      
[2,] Imax               0.69    0.012  1.7  -      
[3,] ED50             464.67   23.482  5.1  -      
[4,] beta_group(ED50)  -0.48    0.068 14.0  4.6e-13
[5,] gamma              2.06    0.082  4.0  -      
[6,] a.1                5.43    0.191  3.5  -      
----------------------------------------------------
-----------  Variance of random effects  -----------
----------------------------------------------------
     Parameter   Estimate SE     CV(%)
E0   omega2.E0   0.0087   0.0015 18   
ED50 omega2.ED50 0.0964   0.0162 17   
----------------------------------------------------
------  Correlation matrix of random effects  ------
----------------------------------------------------
            omega2.E0 omega2.ED50
omega2.E0   1         0          
omega2.ED50 0         1          
----------------------------------------------------
---------------  Statistical criteria  -------------
----------------------------------------------------
Likelihood computed by linearisation
      -2LL= 4139.085 
      AIC = 4155.085 
      BIC = 4175.926 

Likelihood computed by importance sampling
      -2LL= 4139.954 
      AIC = 4155.954 
      BIC = 4176.795 
----------------------------------------------------
----------------------------------------------------
-----------------  Fixed effects  ------------------
----------------------------------------------------
         Parameter Estimate     SE CV(%) p-value
1               E0   100.79  1.078  1.07       -
2             Imax     0.69  0.012  1.68       -
3             ED50   464.67 23.482  5.05       -
4 beta_group(ED50)    -0.48  0.068 14.00 9.3e-13
5            gamma     2.06  0.082  3.97       -
6              a.1     5.43  0.191  3.52       -
----------------------------------------------------
-----------  Variance of random effects  -----------
----------------------------------------------------
       Parameter Estimate     SE CV(%)
E0     omega2.E0   0.0087 0.0015 17.79
ED50 omega2.ED50   0.0964 0.0162 16.83
----------------------------------------------------
------  Correlation matrix of random effects  ------
----------------------------------------------------
            omega2.E0 omega2.ED50
omega2.E0   1.00      0.00       
omega2.ED50 0.00      1.00       
----------------------------------------------------
---------------  Statistical criteria  -------------
----------------------------------------------------
Likelihood computed by linearisation
      -2LL= 4139.085 
      AIC = 4155.085 
      BIC = 4175.926 

Likelihood computed by importance sampling
      -2LL= 4139.954 
      AIC = 4155.954 
      BIC = 4176.795 
----------------------------------------------------
Reading data from file /home/eco/work/saemix/saemixextension/simulationSuite/cont/imaxRichAdd/data/data_pdimax95.tab 
These are the first lines of the dataset as read into R. Please check the format of the data is appropriate, if not, modify the na and/or sep items and retry:
  id dose      eff group
1  1    0 96.55662     0
2  1  200 82.98451     0
3  1  400 56.12387     0
4  1  500 35.13364     0
5  1  700 51.55874     0
6  1 1000 27.28782     0


The following SaemixData object was successfully created:

Object of class SaemixData
    longitudinal data for use with the SAEM algorithm
Dataset /home/eco/work/saemix/saemixextension/simulationSuite/cont/imaxRichAdd/data/data_pdimax95.tab 
    Structured data: eff ~ dose | id 
    Predictor: dose (-) 
    covariates: group (-) 
      reference class for covariate group :  0 
Nonlinear mixed-effects model fit by the SAEM algorithm
-----------------------------------
----          Data             ----
-----------------------------------
Object of class SaemixData
    longitudinal data for use with the SAEM algorithm
Dataset /home/eco/work/saemix/saemixextension/simulationSuite/cont/imaxRichAdd/data/data_pdimax95.tab 
    Structured data: eff ~ dose | id 
    Predictor: dose (-) 
    covariates: group (-) 
      reference class for covariate group :  0 
Dataset characteristics:
    number of subjects:     100 
    number of observations: 600 
    average/min/max nb obs: 6.00  /  6  /  6 
First 10 lines of data:
   id dose      eff group mdv cens occ ytype
1   1    0 96.55662     0   0    0   1     1
2   1  200 82.98451     0   0    0   1     1
3   1  400 56.12387     0   0    0   1     1
4   1  500 35.13364     0   0    0   1     1
5   1  700 51.55874     0   0    0   1     1
6   1 1000 27.28782     0   0    0   1     1
7   2    0 86.69154     0   0    0   1     1
8   2  200 74.08263     0   0    0   1     1
9   2  400 63.24175     0   0    0   1     1
10  2  500 47.34623     0   0    0   1     1
-----------------------------------
----          Model            ----
-----------------------------------
Nonlinear mixed-effects model
  Model function:  PD Imax model
  Model type:  structural
function (psi, id, xidep) 
{
    dose <- xidep[, 1]
    e0 <- psi[id, 1]
    imax <- psi[id, 2]
    ed50 <- psi[id, 3]
    gamma <- psi[id, 4]
    f <- e0 * (1 - imax * (dose^gamma)/((ed50^gamma) + (dose^gamma)))
    return(f)
}
<bytecode: 0x564c33fe6fb0>
  Nb of parameters: 4 
      parameter names:  E0 Imax ED50 gamma 
      distribution:
     Parameter Distribution Estimated
[1,] E0        log-normal   Estimated
[2,] Imax      log-normal   Estimated
[3,] ED50      log-normal   Estimated
[4,] gamma     log-normal   Estimated
  Variance-covariance matrix:
      E0 Imax ED50 gamma
E0     1    0    0     0
Imax   0    0    0     0
ED50   0    0    1     0
gamma  0    0    0     0
  Error model: constant , initial values: a.1=5 
  Covariate model:
      [,1] [,2] [,3] [,4]
group    0    0    1    0
    Initial values
              E0 Imax ED50 gamma
Pop.CondInit 100  0.7  500     2
Cov.CondInit   0  0.0    0     0
-----------------------------------
----    Key algorithm options  ----
-----------------------------------
    Estimation of individual parameters (MAP)
    Estimation of standard errors and linearised log-likelihood
    Estimation of log-likelihood by importance sampling
    Number of iterations:  K1=300, K2=100 
    Number of chains:  1 
    Seed:  7927570 
    Number of MCMC iterations for IS:  5000 
    Simulations:
        nb of simulated datasets used for npde:  1000 
        nb of simulated datasets used for VPC:  100 
    Input/output
        save the results to a file:  FALSE 
        save the graphs to files:  FALSE 
----------------------------------------------------
----                  Results                   ----
----------------------------------------------------
-----------------  Fixed effects  ------------------
----------------------------------------------------
     Parameter        Estimate SE     CV(%) p-value
[1,] E0                99.55    0.985 0.99  -      
[2,] Imax               0.69    0.011 1.62  -      
[3,] ED50             499.25   21.844 4.38  -      
[4,] beta_group(ED50)  -0.60    0.058 9.74  0      
[5,] gamma              2.07    0.079 3.83  -      
[6,] a.1                5.20    0.182 3.50  -      
----------------------------------------------------
-----------  Variance of random effects  -----------
----------------------------------------------------
     Parameter   Estimate SE     CV(%)
E0   omega2.E0   0.0072   0.0013 18   
ED50 omega2.ED50 0.0683   0.0120 18   
----------------------------------------------------
------  Correlation matrix of random effects  ------
----------------------------------------------------
            omega2.E0 omega2.ED50
omega2.E0   1         0          
omega2.ED50 0         1          
----------------------------------------------------
---------------  Statistical criteria  -------------
----------------------------------------------------
Likelihood computed by linearisation
      -2LL= 4058.257 
      AIC = 4074.257 
      BIC = 4095.098 

Likelihood computed by importance sampling
      -2LL= 4060.57 
      AIC = 4076.57 
      BIC = 4097.411 
----------------------------------------------------
----------------------------------------------------
-----------------  Fixed effects  ------------------
----------------------------------------------------
         Parameter Estimate     SE CV(%) p-value
1               E0    99.55  0.985  0.99       -
2             Imax     0.69  0.011  1.62       -
3             ED50   499.25 21.844  4.38       -
4 beta_group(ED50)    -0.60  0.058  9.74    0.00
5            gamma     2.07  0.079  3.83       -
6              a.1     5.20  0.182  3.50       -
----------------------------------------------------
-----------  Variance of random effects  -----------
----------------------------------------------------
       Parameter Estimate     SE CV(%)
E0     omega2.E0   0.0072 0.0013 18.14
ED50 omega2.ED50   0.0683 0.0120 17.51
----------------------------------------------------
------  Correlation matrix of random effects  ------
----------------------------------------------------
            omega2.E0 omega2.ED50
omega2.E0   1.00      0.00       
omega2.ED50 0.00      1.00       
----------------------------------------------------
---------------  Statistical criteria  -------------
----------------------------------------------------
Likelihood computed by linearisation
      -2LL= 4058.257 
      AIC = 4074.257 
      BIC = 4095.098 

Likelihood computed by importance sampling
      -2LL= 4060.57 
      AIC = 4076.57 
      BIC = 4097.411 
----------------------------------------------------
Reading data from file /home/eco/work/saemix/saemixextension/simulationSuite/cont/imaxRichAdd/data/data_pdimax96.tab 
These are the first lines of the dataset as read into R. Please check the format of the data is appropriate, if not, modify the na and/or sep items and retry:
  id dose       eff group
1  1    0 112.21071     0
2  1  200  97.72404     0
3  1  400  85.81672     0
4  1  500  81.56739     0
5  1  700  65.32224     0
6  1 1000  51.64961     0


The following SaemixData object was successfully created:

Object of class SaemixData
    longitudinal data for use with the SAEM algorithm
Dataset /home/eco/work/saemix/saemixextension/simulationSuite/cont/imaxRichAdd/data/data_pdimax96.tab 
    Structured data: eff ~ dose | id 
    Predictor: dose (-) 
    covariates: group (-) 
      reference class for covariate group :  0 
Nonlinear mixed-effects model fit by the SAEM algorithm
-----------------------------------
----          Data             ----
-----------------------------------
Object of class SaemixData
    longitudinal data for use with the SAEM algorithm
Dataset /home/eco/work/saemix/saemixextension/simulationSuite/cont/imaxRichAdd/data/data_pdimax96.tab 
    Structured data: eff ~ dose | id 
    Predictor: dose (-) 
    covariates: group (-) 
      reference class for covariate group :  0 
Dataset characteristics:
    number of subjects:     100 
    number of observations: 600 
    average/min/max nb obs: 6.00  /  6  /  6 
First 10 lines of data:
   id dose       eff group mdv cens occ ytype
1   1    0 112.21071     0   0    0   1     1
2   1  200  97.72404     0   0    0   1     1
3   1  400  85.81672     0   0    0   1     1
4   1  500  81.56739     0   0    0   1     1
5   1  700  65.32224     0   0    0   1     1
6   1 1000  51.64961     0   0    0   1     1
7   2    0 117.39842     0   0    0   1     1
8   2  200  98.09495     0   0    0   1     1
9   2  400  75.46886     0   0    0   1     1
10  2  500  63.47392     0   0    0   1     1
-----------------------------------
----          Model            ----
-----------------------------------
Nonlinear mixed-effects model
  Model function:  PD Imax model
  Model type:  structural
function (psi, id, xidep) 
{
    dose <- xidep[, 1]
    e0 <- psi[id, 1]
    imax <- psi[id, 2]
    ed50 <- psi[id, 3]
    gamma <- psi[id, 4]
    f <- e0 * (1 - imax * (dose^gamma)/((ed50^gamma) + (dose^gamma)))
    return(f)
}
<bytecode: 0x564c33fe6fb0>
  Nb of parameters: 4 
      parameter names:  E0 Imax ED50 gamma 
      distribution:
     Parameter Distribution Estimated
[1,] E0        log-normal   Estimated
[2,] Imax      log-normal   Estimated
[3,] ED50      log-normal   Estimated
[4,] gamma     log-normal   Estimated
  Variance-covariance matrix:
      E0 Imax ED50 gamma
E0     1    0    0     0
Imax   0    0    0     0
ED50   0    0    1     0
gamma  0    0    0     0
  Error model: constant , initial values: a.1=5 
  Covariate model:
      [,1] [,2] [,3] [,4]
group    0    0    1    0
    Initial values
              E0 Imax ED50 gamma
Pop.CondInit 100  0.7  500     2
Cov.CondInit   0  0.0    0     0
-----------------------------------
----    Key algorithm options  ----
-----------------------------------
    Estimation of individual parameters (MAP)
    Estimation of standard errors and linearised log-likelihood
    Estimation of log-likelihood by importance sampling
    Number of iterations:  K1=300, K2=100 
    Number of chains:  1 
    Seed:  7927570 
    Number of MCMC iterations for IS:  5000 
    Simulations:
        nb of simulated datasets used for npde:  1000 
        nb of simulated datasets used for VPC:  100 
    Input/output
        save the results to a file:  FALSE 
        save the graphs to files:  FALSE 
----------------------------------------------------
----                  Results                   ----
----------------------------------------------------
-----------------  Fixed effects  ------------------
----------------------------------------------------
     Parameter        Estimate SE     CV(%) p-value
[1,] E0               100.54    1.083  1.1  -      
[2,] Imax               0.71    0.012  1.7  -      
[3,] ED50             498.28   24.714  5.0  -      
[4,] beta_group(ED50)  -0.52    0.065 12.5  6.7e-16
[5,] gamma              1.86    0.068  3.7  -      
[6,] a.1                4.87    0.172  3.5  -      
----------------------------------------------------
-----------  Variance of random effects  -----------
----------------------------------------------------
     Parameter   Estimate SE     CV(%)
E0   omega2.E0   0.0093   0.0016 17   
ED50 omega2.ED50 0.0899   0.0149 17   
----------------------------------------------------
------  Correlation matrix of random effects  ------
----------------------------------------------------
            omega2.E0 omega2.ED50
omega2.E0   1         0          
omega2.ED50 0         1          
----------------------------------------------------
---------------  Statistical criteria  -------------
----------------------------------------------------
Likelihood computed by linearisation
      -2LL= 4040.651 
      AIC = 4056.651 
      BIC = 4077.492 

Likelihood computed by importance sampling
      -2LL= 4040.632 
      AIC = 4056.632 
      BIC = 4077.473 
----------------------------------------------------
----------------------------------------------------
-----------------  Fixed effects  ------------------
----------------------------------------------------
         Parameter Estimate     SE CV(%) p-value
1               E0   100.54  1.083  1.08       -
2             Imax     0.71  0.012  1.73       -
3             ED50   498.28 24.714  4.96       -
4 beta_group(ED50)    -0.52  0.065 12.50 1.3e-15
5            gamma     1.86  0.068  3.66       -
6              a.1     4.87  0.172  3.52       -
----------------------------------------------------
-----------  Variance of random effects  -----------
----------------------------------------------------
       Parameter Estimate     SE CV(%)
E0     omega2.E0   0.0093 0.0016 16.93
ED50 omega2.ED50   0.0899 0.0149 16.61
----------------------------------------------------
------  Correlation matrix of random effects  ------
----------------------------------------------------
            omega2.E0 omega2.ED50
omega2.E0   1.00      0.00       
omega2.ED50 0.00      1.00       
----------------------------------------------------
---------------  Statistical criteria  -------------
----------------------------------------------------
Likelihood computed by linearisation
      -2LL= 4040.651 
      AIC = 4056.651 
      BIC = 4077.492 

Likelihood computed by importance sampling
      -2LL= 4040.632 
      AIC = 4056.632 
      BIC = 4077.473 
----------------------------------------------------
Reading data from file /home/eco/work/saemix/saemixextension/simulationSuite/cont/imaxRichAdd/data/data_pdimax97.tab 
These are the first lines of the dataset as read into R. Please check the format of the data is appropriate, if not, modify the na and/or sep items and retry:
  id dose       eff group
1  1    0 109.68112     0
2  1  200 112.65230     0
3  1  400  73.94064     0
4  1  500  75.44553     0
5  1  700  55.65575     0
6  1 1000  43.87750     0


The following SaemixData object was successfully created:

Object of class SaemixData
    longitudinal data for use with the SAEM algorithm
Dataset /home/eco/work/saemix/saemixextension/simulationSuite/cont/imaxRichAdd/data/data_pdimax97.tab 
    Structured data: eff ~ dose | id 
    Predictor: dose (-) 
    covariates: group (-) 
      reference class for covariate group :  0 
Nonlinear mixed-effects model fit by the SAEM algorithm
-----------------------------------
----          Data             ----
-----------------------------------
Object of class SaemixData
    longitudinal data for use with the SAEM algorithm
Dataset /home/eco/work/saemix/saemixextension/simulationSuite/cont/imaxRichAdd/data/data_pdimax97.tab 
    Structured data: eff ~ dose | id 
    Predictor: dose (-) 
    covariates: group (-) 
      reference class for covariate group :  0 
Dataset characteristics:
    number of subjects:     100 
    number of observations: 600 
    average/min/max nb obs: 6.00  /  6  /  6 
First 10 lines of data:
   id dose       eff group mdv cens occ ytype
1   1    0 109.68112     0   0    0   1     1
2   1  200 112.65230     0   0    0   1     1
3   1  400  73.94064     0   0    0   1     1
4   1  500  75.44553     0   0    0   1     1
5   1  700  55.65575     0   0    0   1     1
6   1 1000  43.87750     0   0    0   1     1
7   2    0 103.98981     0   0    0   1     1
8   2  200  88.42707     0   0    0   1     1
9   2  400  70.46051     0   0    0   1     1
10  2  500  67.04584     0   0    0   1     1
-----------------------------------
----          Model            ----
-----------------------------------
Nonlinear mixed-effects model
  Model function:  PD Imax model
  Model type:  structural
function (psi, id, xidep) 
{
    dose <- xidep[, 1]
    e0 <- psi[id, 1]
    imax <- psi[id, 2]
    ed50 <- psi[id, 3]
    gamma <- psi[id, 4]
    f <- e0 * (1 - imax * (dose^gamma)/((ed50^gamma) + (dose^gamma)))
    return(f)
}
<bytecode: 0x564c33fe6fb0>
  Nb of parameters: 4 
      parameter names:  E0 Imax ED50 gamma 
      distribution:
     Parameter Distribution Estimated
[1,] E0        log-normal   Estimated
[2,] Imax      log-normal   Estimated
[3,] ED50      log-normal   Estimated
[4,] gamma     log-normal   Estimated
  Variance-covariance matrix:
      E0 Imax ED50 gamma
E0     1    0    0     0
Imax   0    0    0     0
ED50   0    0    1     0
gamma  0    0    0     0
  Error model: constant , initial values: a.1=5 
  Covariate model:
      [,1] [,2] [,3] [,4]
group    0    0    1    0
    Initial values
              E0 Imax ED50 gamma
Pop.CondInit 100  0.7  500     2
Cov.CondInit   0  0.0    0     0
-----------------------------------
----    Key algorithm options  ----
-----------------------------------
    Estimation of individual parameters (MAP)
    Estimation of standard errors and linearised log-likelihood
    Estimation of log-likelihood by importance sampling
    Number of iterations:  K1=300, K2=100 
    Number of chains:  1 
    Seed:  7927570 
    Number of MCMC iterations for IS:  5000 
    Simulations:
        nb of simulated datasets used for npde:  1000 
        nb of simulated datasets used for VPC:  100 
    Input/output
        save the results to a file:  FALSE 
        save the graphs to files:  FALSE 
----------------------------------------------------
----                  Results                   ----
----------------------------------------------------
-----------------  Fixed effects  ------------------
----------------------------------------------------
     Parameter        Estimate SE     CV(%) p-value
[1,] E0                98.28    1.029  1.0  -      
[2,] Imax               0.70    0.012  1.7  -      
[3,] ED50             539.30   27.464  5.1  -      
[4,] beta_group(ED50)  -0.64    0.068 10.6  0      
[5,] gamma              2.00    0.075  3.8  -      
[6,] a.1                5.12    0.180  3.5  -      
----------------------------------------------------
-----------  Variance of random effects  -----------
----------------------------------------------------
     Parameter   Estimate SE     CV(%)
E0   omega2.E0   0.0084   0.0015 18   
ED50 omega2.ED50 0.0999   0.0165 17   
----------------------------------------------------
------  Correlation matrix of random effects  ------
----------------------------------------------------
            omega2.E0 omega2.ED50
omega2.E0   1         0          
omega2.ED50 0         1          
----------------------------------------------------
---------------  Statistical criteria  -------------
----------------------------------------------------
Likelihood computed by linearisation
      -2LL= 4087.915 
      AIC = 4103.915 
      BIC = 4124.756 

Likelihood computed by importance sampling
      -2LL= 4089.28 
      AIC = 4105.28 
      BIC = 4126.121 
----------------------------------------------------
----------------------------------------------------
-----------------  Fixed effects  ------------------
----------------------------------------------------
         Parameter Estimate     SE CV(%) p-value
1               E0    98.28  1.029  1.05       -
2             Imax     0.70  0.012  1.66       -
3             ED50   539.30 27.464  5.09       -
4 beta_group(ED50)    -0.64  0.068 10.62    0.00
5            gamma     2.00  0.075  3.75       -
6              a.1     5.12  0.180  3.52       -
----------------------------------------------------
-----------  Variance of random effects  -----------
----------------------------------------------------
       Parameter Estimate     SE CV(%)
E0     omega2.E0   0.0084 0.0015 17.59
ED50 omega2.ED50   0.0999 0.0165 16.54
----------------------------------------------------
------  Correlation matrix of random effects  ------
----------------------------------------------------
            omega2.E0 omega2.ED50
omega2.E0   1.00      0.00       
omega2.ED50 0.00      1.00       
----------------------------------------------------
---------------  Statistical criteria  -------------
----------------------------------------------------
Likelihood computed by linearisation
      -2LL= 4087.915 
      AIC = 4103.915 
      BIC = 4124.756 

Likelihood computed by importance sampling
      -2LL= 4089.28 
      AIC = 4105.28 
      BIC = 4126.121 
----------------------------------------------------
Reading data from file /home/eco/work/saemix/saemixextension/simulationSuite/cont/imaxRichAdd/data/data_pdimax98.tab 
These are the first lines of the dataset as read into R. Please check the format of the data is appropriate, if not, modify the na and/or sep items and retry:
  id dose       eff group
1  1    0 116.60098     0
2  1  200 101.20016     0
3  1  400  78.55513     0
4  1  500  59.12578     0
5  1  700  62.99211     0
6  1 1000  50.80006     0


The following SaemixData object was successfully created:

Object of class SaemixData
    longitudinal data for use with the SAEM algorithm
Dataset /home/eco/work/saemix/saemixextension/simulationSuite/cont/imaxRichAdd/data/data_pdimax98.tab 
    Structured data: eff ~ dose | id 
    Predictor: dose (-) 
    covariates: group (-) 
      reference class for covariate group :  0 
Nonlinear mixed-effects model fit by the SAEM algorithm
-----------------------------------
----          Data             ----
-----------------------------------
Object of class SaemixData
    longitudinal data for use with the SAEM algorithm
Dataset /home/eco/work/saemix/saemixextension/simulationSuite/cont/imaxRichAdd/data/data_pdimax98.tab 
    Structured data: eff ~ dose | id 
    Predictor: dose (-) 
    covariates: group (-) 
      reference class for covariate group :  0 
Dataset characteristics:
    number of subjects:     100 
    number of observations: 600 
    average/min/max nb obs: 6.00  /  6  /  6 
First 10 lines of data:
   id dose       eff group mdv cens occ ytype
1   1    0 116.60098     0   0    0   1     1
2   1  200 101.20016     0   0    0   1     1
3   1  400  78.55513     0   0    0   1     1
4   1  500  59.12578     0   0    0   1     1
5   1  700  62.99211     0   0    0   1     1
6   1 1000  50.80006     0   0    0   1     1
7   2    0 112.22069     0   0    0   1     1
8   2  200  94.56566     0   0    0   1     1
9   2  400  73.07226     0   0    0   1     1
10  2  500  62.55368     0   0    0   1     1
-----------------------------------
----          Model            ----
-----------------------------------
Nonlinear mixed-effects model
  Model function:  PD Imax model
  Model type:  structural
function (psi, id, xidep) 
{
    dose <- xidep[, 1]
    e0 <- psi[id, 1]
    imax <- psi[id, 2]
    ed50 <- psi[id, 3]
    gamma <- psi[id, 4]
    f <- e0 * (1 - imax * (dose^gamma)/((ed50^gamma) + (dose^gamma)))
    return(f)
}
<bytecode: 0x564c33fe6fb0>
  Nb of parameters: 4 
      parameter names:  E0 Imax ED50 gamma 
      distribution:
     Parameter Distribution Estimated
[1,] E0        log-normal   Estimated
[2,] Imax      log-normal   Estimated
[3,] ED50      log-normal   Estimated
[4,] gamma     log-normal   Estimated
  Variance-covariance matrix:
      E0 Imax ED50 gamma
E0     1    0    0     0
Imax   0    0    0     0
ED50   0    0    1     0
gamma  0    0    0     0
  Error model: constant , initial values: a.1=5 
  Covariate model:
      [,1] [,2] [,3] [,4]
group    0    0    1    0
    Initial values
              E0 Imax ED50 gamma
Pop.CondInit 100  0.7  500     2
Cov.CondInit   0  0.0    0     0
-----------------------------------
----    Key algorithm options  ----
-----------------------------------
    Estimation of individual parameters (MAP)
    Estimation of standard errors and linearised log-likelihood
    Estimation of log-likelihood by importance sampling
    Number of iterations:  K1=300, K2=100 
    Number of chains:  1 
    Seed:  7927570 
    Number of MCMC iterations for IS:  5000 
    Simulations:
        nb of simulated datasets used for npde:  1000 
        nb of simulated datasets used for VPC:  100 
    Input/output
        save the results to a file:  FALSE 
        save the graphs to files:  FALSE 
----------------------------------------------------
----                  Results                   ----
----------------------------------------------------
-----------------  Fixed effects  ------------------
----------------------------------------------------
     Parameter        Estimate SE     CV(%) p-value
[1,] E0               101.43    1.045  1.0  -      
[2,] Imax               0.69    0.011  1.6  -      
[3,] ED50             495.17   25.220  5.1  -      
[4,] beta_group(ED50)  -0.48    0.068 14.2  1e-12  
[5,] gamma              2.06    0.076  3.7  -      
[6,] a.1                5.07    0.178  3.5  -      
----------------------------------------------------
-----------  Variance of random effects  -----------
----------------------------------------------------
     Parameter   Estimate SE     CV(%)
E0   omega2.E0   0.0083   0.0014 17   
ED50 omega2.ED50 0.1016   0.0165 16   
----------------------------------------------------
------  Correlation matrix of random effects  ------
----------------------------------------------------
            omega2.E0 omega2.ED50
omega2.E0   1         0          
omega2.ED50 0         1          
----------------------------------------------------
---------------  Statistical criteria  -------------
----------------------------------------------------
Likelihood computed by linearisation
      -2LL= 4086.662 
      AIC = 4102.662 
      BIC = 4123.503 

Likelihood computed by importance sampling
      -2LL= 4088.047 
      AIC = 4104.047 
      BIC = 4124.889 
----------------------------------------------------
----------------------------------------------------
-----------------  Fixed effects  ------------------
----------------------------------------------------
         Parameter Estimate     SE CV(%) p-value
1               E0   101.43  1.045  1.03       -
2             Imax     0.69  0.011  1.64       -
3             ED50   495.17 25.220  5.09       -
4 beta_group(ED50)    -0.48  0.068 14.22 2.1e-12
5            gamma     2.06  0.076  3.68       -
6              a.1     5.07  0.178  3.52       -
----------------------------------------------------
-----------  Variance of random effects  -----------
----------------------------------------------------
       Parameter Estimate     SE CV(%)
E0     omega2.E0   0.0083 0.0014 17.43
ED50 omega2.ED50   0.1016 0.0165 16.26
----------------------------------------------------
------  Correlation matrix of random effects  ------
----------------------------------------------------
            omega2.E0 omega2.ED50
omega2.E0   1.00      0.00       
omega2.ED50 0.00      1.00       
----------------------------------------------------
---------------  Statistical criteria  -------------
----------------------------------------------------
Likelihood computed by linearisation
      -2LL= 4086.662 
      AIC = 4102.662 
      BIC = 4123.503 

Likelihood computed by importance sampling
      -2LL= 4088.047 
      AIC = 4104.047 
      BIC = 4124.889 
----------------------------------------------------
Reading data from file /home/eco/work/saemix/saemixextension/simulationSuite/cont/imaxRichAdd/data/data_pdimax99.tab 
These are the first lines of the dataset as read into R. Please check the format of the data is appropriate, if not, modify the na and/or sep items and retry:
  id dose      eff group
1  1    0 94.17044     0
2  1  200 81.02505     0
3  1  400 72.00562     0
4  1  500 57.91012     0
5  1  700 44.17379     0
6  1 1000 43.06239     0


The following SaemixData object was successfully created:

Object of class SaemixData
    longitudinal data for use with the SAEM algorithm
Dataset /home/eco/work/saemix/saemixextension/simulationSuite/cont/imaxRichAdd/data/data_pdimax99.tab 
    Structured data: eff ~ dose | id 
    Predictor: dose (-) 
    covariates: group (-) 
      reference class for covariate group :  0 
Nonlinear mixed-effects model fit by the SAEM algorithm
-----------------------------------
----          Data             ----
-----------------------------------
Object of class SaemixData
    longitudinal data for use with the SAEM algorithm
Dataset /home/eco/work/saemix/saemixextension/simulationSuite/cont/imaxRichAdd/data/data_pdimax99.tab 
    Structured data: eff ~ dose | id 
    Predictor: dose (-) 
    covariates: group (-) 
      reference class for covariate group :  0 
Dataset characteristics:
    number of subjects:     100 
    number of observations: 600 
    average/min/max nb obs: 6.00  /  6  /  6 
First 10 lines of data:
   id dose       eff group mdv cens occ ytype
1   1    0  94.17044     0   0    0   1     1
2   1  200  81.02505     0   0    0   1     1
3   1  400  72.00562     0   0    0   1     1
4   1  500  57.91012     0   0    0   1     1
5   1  700  44.17379     0   0    0   1     1
6   1 1000  43.06239     0   0    0   1     1
7   2    0 114.56991     0   0    0   1     1
8   2  200  96.90691     0   0    0   1     1
9   2  400  81.17183     0   0    0   1     1
10  2  500  74.77586     0   0    0   1     1
-----------------------------------
----          Model            ----
-----------------------------------
Nonlinear mixed-effects model
  Model function:  PD Imax model
  Model type:  structural
function (psi, id, xidep) 
{
    dose <- xidep[, 1]
    e0 <- psi[id, 1]
    imax <- psi[id, 2]
    ed50 <- psi[id, 3]
    gamma <- psi[id, 4]
    f <- e0 * (1 - imax * (dose^gamma)/((ed50^gamma) + (dose^gamma)))
    return(f)
}
<bytecode: 0x564c33fe6fb0>
  Nb of parameters: 4 
      parameter names:  E0 Imax ED50 gamma 
      distribution:
     Parameter Distribution Estimated
[1,] E0        log-normal   Estimated
[2,] Imax      log-normal   Estimated
[3,] ED50      log-normal   Estimated
[4,] gamma     log-normal   Estimated
  Variance-covariance matrix:
      E0 Imax ED50 gamma
E0     1    0    0     0
Imax   0    0    0     0
ED50   0    0    1     0
gamma  0    0    0     0
  Error model: constant , initial values: a.1=5 
  Covariate model:
      [,1] [,2] [,3] [,4]
group    0    0    1    0
    Initial values
              E0 Imax ED50 gamma
Pop.CondInit 100  0.7  500     2
Cov.CondInit   0  0.0    0     0
-----------------------------------
----    Key algorithm options  ----
-----------------------------------
    Estimation of individual parameters (MAP)
    Estimation of standard errors and linearised log-likelihood
    Estimation of log-likelihood by importance sampling
    Number of iterations:  K1=300, K2=100 
    Number of chains:  1 
    Seed:  7927570 
    Number of MCMC iterations for IS:  5000 
    Simulations:
        nb of simulated datasets used for npde:  1000 
        nb of simulated datasets used for VPC:  100 
    Input/output
        save the results to a file:  FALSE 
        save the graphs to files:  FALSE 
----------------------------------------------------
----                  Results                   ----
----------------------------------------------------
-----------------  Fixed effects  ------------------
----------------------------------------------------
     Parameter        Estimate SE     CV(%) p-value
[1,] E0                99.98    1.099  1.1  -      
[2,] Imax               0.69    0.011  1.6  -      
[3,] ED50             501.69   24.294  4.8  -      
[4,] beta_group(ED50)  -0.55    0.065 11.8  0      
[5,] gamma              2.06    0.078  3.8  -      
[6,] a.1                5.23    0.184  3.5  -      
----------------------------------------------------
-----------  Variance of random effects  -----------
----------------------------------------------------
     Parameter   Estimate SE     CV(%)
E0   omega2.E0   0.0095   0.0016 17   
ED50 omega2.ED50 0.0892   0.0150 17   
----------------------------------------------------
------  Correlation matrix of random effects  ------
----------------------------------------------------
            omega2.E0 omega2.ED50
omega2.E0   1         0          
omega2.ED50 0         1          
----------------------------------------------------
---------------  Statistical criteria  -------------
----------------------------------------------------
Likelihood computed by linearisation
      -2LL= 4108.726 
      AIC = 4124.726 
      BIC = 4145.568 

Likelihood computed by importance sampling
      -2LL= 4109.53 
      AIC = 4125.53 
      BIC = 4146.372 
----------------------------------------------------
----------------------------------------------------
-----------------  Fixed effects  ------------------
----------------------------------------------------
         Parameter Estimate     SE CV(%) p-value
1               E0    99.98  1.099  1.10       -
2             Imax     0.69  0.011  1.64       -
3             ED50   501.69 24.294  4.84       -
4 beta_group(ED50)    -0.55  0.065 11.81    0.00
5            gamma     2.06  0.078  3.79       -
6              a.1     5.23  0.184  3.52       -
----------------------------------------------------
-----------  Variance of random effects  -----------
----------------------------------------------------
       Parameter Estimate     SE CV(%)
E0     omega2.E0   0.0095 0.0016 17.22
ED50 omega2.ED50   0.0892 0.0150 16.83
----------------------------------------------------
------  Correlation matrix of random effects  ------
----------------------------------------------------
            omega2.E0 omega2.ED50
omega2.E0   1.00      0.00       
omega2.ED50 0.00      1.00       
----------------------------------------------------
---------------  Statistical criteria  -------------
----------------------------------------------------
Likelihood computed by linearisation
      -2LL= 4108.726 
      AIC = 4124.726 
      BIC = 4145.568 

Likelihood computed by importance sampling
      -2LL= 4109.53 
      AIC = 4125.53 
      BIC = 4146.372 
----------------------------------------------------
Reading data from file /home/eco/work/saemix/saemixextension/simulationSuite/cont/imaxRichAdd/data/data_pdimax100.tab 
These are the first lines of the dataset as read into R. Please check the format of the data is appropriate, if not, modify the na and/or sep items and retry:
  id dose       eff group
1  1    0 105.32420     0
2  1  200  97.25637     0
3  1  400  84.90090     0
4  1  500  77.60696     0
5  1  700  67.14803     0
6  1 1000  53.53262     0


The following SaemixData object was successfully created:

Object of class SaemixData
    longitudinal data for use with the SAEM algorithm
Dataset /home/eco/work/saemix/saemixextension/simulationSuite/cont/imaxRichAdd/data/data_pdimax100.tab 
    Structured data: eff ~ dose | id 
    Predictor: dose (-) 
    covariates: group (-) 
      reference class for covariate group :  0 
Nonlinear mixed-effects model fit by the SAEM algorithm
-----------------------------------
----          Data             ----
-----------------------------------
Object of class SaemixData
    longitudinal data for use with the SAEM algorithm
Dataset /home/eco/work/saemix/saemixextension/simulationSuite/cont/imaxRichAdd/data/data_pdimax100.tab 
    Structured data: eff ~ dose | id 
    Predictor: dose (-) 
    covariates: group (-) 
      reference class for covariate group :  0 
Dataset characteristics:
    number of subjects:     100 
    number of observations: 600 
    average/min/max nb obs: 6.00  /  6  /  6 
First 10 lines of data:
   id dose       eff group mdv cens occ ytype
1   1    0 105.32420     0   0    0   1     1
2   1  200  97.25637     0   0    0   1     1
3   1  400  84.90090     0   0    0   1     1
4   1  500  77.60696     0   0    0   1     1
5   1  700  67.14803     0   0    0   1     1
6   1 1000  53.53262     0   0    0   1     1
7   2    0  95.87896     0   0    0   1     1
8   2  200  83.93990     0   0    0   1     1
9   2  400  70.07771     0   0    0   1     1
10  2  500  63.80277     0   0    0   1     1
-----------------------------------
----          Model            ----
-----------------------------------
Nonlinear mixed-effects model
  Model function:  PD Imax model
  Model type:  structural
function (psi, id, xidep) 
{
    dose <- xidep[, 1]
    e0 <- psi[id, 1]
    imax <- psi[id, 2]
    ed50 <- psi[id, 3]
    gamma <- psi[id, 4]
    f <- e0 * (1 - imax * (dose^gamma)/((ed50^gamma) + (dose^gamma)))
    return(f)
}
<bytecode: 0x564c33fe6fb0>
  Nb of parameters: 4 
      parameter names:  E0 Imax ED50 gamma 
      distribution:
     Parameter Distribution Estimated
[1,] E0        log-normal   Estimated
[2,] Imax      log-normal   Estimated
[3,] ED50      log-normal   Estimated
[4,] gamma     log-normal   Estimated
  Variance-covariance matrix:
      E0 Imax ED50 gamma
E0     1    0    0     0
Imax   0    0    0     0
ED50   0    0    1     0
gamma  0    0    0     0
  Error model: constant , initial values: a.1=5 
  Covariate model:
      [,1] [,2] [,3] [,4]
group    0    0    1    0
    Initial values
              E0 Imax ED50 gamma
Pop.CondInit 100  0.7  500     2
Cov.CondInit   0  0.0    0     0
-----------------------------------
----    Key algorithm options  ----
-----------------------------------
    Estimation of individual parameters (MAP)
    Estimation of standard errors and linearised log-likelihood
    Estimation of log-likelihood by importance sampling
    Number of iterations:  K1=300, K2=100 
    Number of chains:  1 
    Seed:  7927570 
    Number of MCMC iterations for IS:  5000 
    Simulations:
        nb of simulated datasets used for npde:  1000 
        nb of simulated datasets used for VPC:  100 
    Input/output
        save the results to a file:  FALSE 
        save the graphs to files:  FALSE 
----------------------------------------------------
----                  Results                   ----
----------------------------------------------------
-----------------  Fixed effects  ------------------
----------------------------------------------------
     Parameter        Estimate SE     CV(%) p-value
[1,] E0                98.55    1.052  1.1  -      
[2,] Imax               0.68    0.011  1.6  -      
[3,] ED50             427.52   20.835  4.9  -      
[4,] beta_group(ED50)  -0.40    0.065 16.5  7e-10  
[5,] gamma              2.03    0.078  3.8  -      
[6,] a.1                5.00    0.176  3.5  -      
----------------------------------------------------
-----------  Variance of random effects  -----------
----------------------------------------------------
     Parameter   Estimate SE     CV(%)
E0   omega2.E0   0.0089   0.0015 17   
ED50 omega2.ED50 0.0892   0.0151 17   
----------------------------------------------------
------  Correlation matrix of random effects  ------
----------------------------------------------------
            omega2.E0 omega2.ED50
omega2.E0   1         0          
omega2.ED50 0         1          
----------------------------------------------------
---------------  Statistical criteria  -------------
----------------------------------------------------
Likelihood computed by linearisation
      -2LL= 4041.905 
      AIC = 4057.905 
      BIC = 4078.747 

Likelihood computed by importance sampling
      -2LL= 4048.857 
      AIC = 4064.857 
      BIC = 4085.698 
----------------------------------------------------
----------------------------------------------------
-----------------  Fixed effects  ------------------
----------------------------------------------------
         Parameter Estimate     SE CV(%) p-value
1               E0    98.55  1.052  1.07       -
2             Imax     0.68  0.011  1.61       -
3             ED50   427.52 20.835  4.87       -
4 beta_group(ED50)    -0.40  0.065 16.51 1.4e-09
5            gamma     2.03  0.078  3.82       -
6              a.1     5.00  0.176  3.52       -
----------------------------------------------------
-----------  Variance of random effects  -----------
----------------------------------------------------
       Parameter Estimate     SE CV(%)
E0     omega2.E0   0.0089 0.0015 17.34
ED50 omega2.ED50   0.0892 0.0151 16.89
----------------------------------------------------
------  Correlation matrix of random effects  ------
----------------------------------------------------
            omega2.E0 omega2.ED50
omega2.E0   1.00      0.00       
omega2.ED50 0.00      1.00       
----------------------------------------------------
---------------  Statistical criteria  -------------
----------------------------------------------------
Likelihood computed by linearisation
      -2LL= 4041.905 
      AIC = 4057.905 
      BIC = 4078.747 

Likelihood computed by importance sampling
      -2LL= 4048.857 
      AIC = 4064.857 
      BIC = 4085.698 
----------------------------------------------------
 50 件以上の警告がありました (最初の 50 個の警告を見るには warnings() を使って下さい) 
d> 
d> dev_mode() # development mode
✔ Dev mode: OFF
> 
> proc.time()
utilisateur     système      écoulé 
    559.121       1.624     560.738 
