
R version 3.6.3 (2020-02-29) -- "Holding the Windsock"
Copyright (C) 2020 The R Foundation for Statistical Computing
Platform: x86_64-pc-linux-gnu (64-bit)

R est un logiciel libre livré sans AUCUNE GARANTIE.
Vous pouvez le redistribuer sous certaines conditions.
Tapez 'license()' ou 'licence()' pour plus de détails.

  Natural language support but running in an English locale

R is a collaborative project with many contributors.
Type 'contributors()' for more information and
'citation()' on how to cite R or R packages in publications.

Tapez 'demo()' pour des démonstrations, 'help()' pour l'aide
en ligne ou 'help.start()' pour obtenir l'aide au format HTML.
Tapez 'q()' pour quitter R.

[Sauvegarde de la session précédente restaurée]

> # Folders
> saemixDir <- "/home/eco/work/saemix/saemixextension"
> progDir<-file.path(saemixDir,"R")
> saemixVersion <- "tweakSA"
> simulDir <-"/home/eco/work/saemix/saemixextension"
> 
> # Libraries
> library(ggplot2)
> library(MASS)
> library(rlang)
> 
> # Source functions
> source(file.path(progDir,"aaa_generics.R"))
> source(file.path(progDir,"SaemixData.R"))
> source(file.path(progDir,"SaemixRes.R"))
> source(file.path(progDir,"SaemixModel.R"))
> source(file.path(progDir,"SaemixObject.R"))
> source(file.path(progDir,"func_aux.R"))
> source(file.path(progDir,"main_initialiseMainAlgo.R"))
> 
> # Main files from package
> #source(file.path(progDir,"main.R"))
> source(file.path(progDir,"main_estep.R"))
> #source(file.path(progDir,"main_mstep.R"))
> source(file.path(progDir,"func_FIM.R"))
> source(file.path(progDir,"func_plots.R"))
> source(file.path(progDir,"func_distcond.R"))
> source(file.path(progDir,"func_simulations.R"))
> source(file.path(progDir,"compute_LL.R"))
> source(file.path(progDir,"func_estimParam.R"))
> 
> # Testing alternate versions
> source(file.path(saemixDir,"newCode","alternateMain.R"))
> source(file.path(saemixDir,"newCode","alternate_mstep.R"))
> 
> # Details
> today <- '220914'
> who <- "eco"
> settings <- "defaultFalse"
> computeIndPar <- FALSE # can be set to TRUE to compute individual parameter estimates
> set.seed(1409221725)
> zeseed <- trunc(runif(100, 0, 1)*10^7)
> 
> # Scenario
> scenario <- "emaxRichProp"
> datDir <- file.path(simulDir,"simulationSuite","cont", scenario,"data")
> resDir <- file.path(simulDir,"simulationSuite","cont", scenario,"results")
> namRes <- file.path(resDir, paste0(today,"_",who,"_",saemixVersion,"_",scenario,"_",settings,".res"))
> nsim<-100
> namsimdat<-"pdemax"
> parpop<-c(5,30,500)
> nampar<-c("E0","Emax","ED50")
> omega<-diag(c(0.09,0.49,0.49))
> omega[3,2]<-omega[2,3]<-0.245
> respar<-c(0.1)
> pvrai <- c(parpop, diag(omega)[1:2], omega[2,3],omega[3,3], respar)
> pfaux<-c(10,60,1000,0.1,0.1,0.01,0.1,sqrt(0.0625))
> 
> if(settings=="defaultTrue") {
+   psi0 <- pvrai[1:3]
+   omega0 <- omega
+   res0 <- respar
+ }
> if(settings %in% c("defaultFalse", "longFalse")) {
+   psi0 <- pfaux[1:3]
+   omega0 <- diag(c(1,1,1))
+   res0 <- respar*2
+ }
> 
> modelemax<-function(psi,id,xidep) {
+   # input:
+   #   psi : matrix of parameters (3 columns, E0, Emax, E50)
+   #   id : vector of indices 
+   #   xidep : dependent variables (same nb of rows as length of id)
+   # returns:
+   #   a vector of predictions of length equal to length of id
+   dose<-xidep[,1]
+   e0<-psi[id,1]
+   emax<-psi[id,2]
+   e50<-psi[id,3]
+   f<-e0+emax*dose/(e50+dose)
+   return(f)
+ }
> 
> saemix.model<-saemixModel(model=modelemax, description="PD Emax model",
+                           psi0=matrix(psi0, ncol=3, byrow = TRUE, dimnames=list(NULL, nampar)),transform.par=c(1,1,1),
+                           covariance.model=matrix(c(1,0,0,0,1,1,0,1,1),ncol=3,byrow=TRUE),
+                           omega.init = omega0, error.init=c(0,res0), error.model="proportional")


The following SaemixModel object was successfully created:

Nonlinear mixed-effects model
  Model function:  PD Emax model
  Model type:  structural
function (psi, id, xidep) 
{
    dose <- xidep[, 1]
    e0 <- psi[id, 1]
    emax <- psi[id, 2]
    e50 <- psi[id, 3]
    f <- e0 + emax * dose/(e50 + dose)
    return(f)
}
  Nb of parameters: 3 
      parameter names:  E0 Emax ED50 
      distribution:
     Parameter Distribution Estimated
[1,] E0        log-normal   Estimated
[2,] Emax      log-normal   Estimated
[3,] ED50      log-normal   Estimated
  Variance-covariance matrix:
     E0 Emax ED50
E0    1    0    0
Emax  0    1    1
ED50  0    1    1
  Error model: proportional , initial values: b.1=0.2 
    No covariate in the model.
    Initial values
             E0 Emax ED50
Pop.CondInit 10   60 1000
> saemix.options<-list(seed=zeseed[1], save=FALSE, save.graphss=FALSE, displayProgress=FALSE)
> if(settings=="longFalse") {
+   saemix.options$nchains <- 5
+   saemix.options$nbiter.saemix <- c(800, 300)
+ }
> 
> isim <- 1
> for(isim in 1:nsim) {
+   # data
+   namfich<-paste('data_',namsimdat,isim,".tab",sep="")
+   saemix.data<-saemixData(file.path(datDir,namfich),header=T,name.group="id",name.predictors="dose",name.response="y",units=list(x="-",y="-"))
+   
+   yfit <- saemixAlternate(saemix.model, saemix.data, saemix.options)
+   if(computeIndPar)
+     yfit <- conddist.saemix(yfit)
+   # Saving population parameters
+   idx.eps<-yfit@model@indx.res
+   idx.iiv<-yfit@model@indx.omega
+   vec<-summary(yfit@results)
+   l1<-unlist(c(isim,vec$fixed.effects[,2],vec$random.effects[,2],vec$logLik[1:2,2]))
+   l2<-unlist(c(vec$fixed.effects[,3],vec$random.effects[,3]))
+   if(isim==1) {
+     headersOrig<-c("Simulation",vec$fixed.effects[,1],as.character(vec$random.effects[,1]),"LL.lin","LL.IS")
+     headersSE<-headersOrig[1:(length(headersOrig)-2)]
+     headersSE[-c(1)]<-paste("SE.", headersSE[-c(1)],sep="")
+     headersOrig <- c(headersOrig, headersSE[-c(1)])
+     write(headersOrig,namRes,ncol=length(headersOrig))
+   }
+   write(c(l1,l2),namRes,ncol=length((headersOrig)),append=T)
+ }
Reading data from file /home/eco/work/saemix/saemixextension/simulationSuite/cont/emaxRichProp/data/data_pdemax1.tab 
These are the first lines of the dataset as read into R. Please check the format of the data is appropriate, if not, modify the na and/or sep items and retry:
  id dose         y
1  1    0  3.692130
2  1  100  7.821146
3  1  300 16.456962
4  1 1000 21.083246
5  2    0  4.879268
6  2  100 11.411758


The following SaemixData object was successfully created:

Object of class SaemixData
    longitudinal data for use with the SAEM algorithm
Dataset /home/eco/work/saemix/saemixextension/simulationSuite/cont/emaxRichProp/data/data_pdemax1.tab 
    Structured data: y ~ dose | id 
    Predictor: dose (-) 
Nonlinear mixed-effects model fit by the SAEM algorithm
-----------------------------------
----          Data             ----
-----------------------------------
Object of class SaemixData
    longitudinal data for use with the SAEM algorithm
Dataset /home/eco/work/saemix/saemixextension/simulationSuite/cont/emaxRichProp/data/data_pdemax1.tab 
    Structured data: y ~ dose | id 
    Predictor: dose (-) 
Dataset characteristics:
    number of subjects:     100 
    number of observations: 400 
    average/min/max nb obs: 4.00  /  4  /  4 
First 10 lines of data:
   id dose         y mdv cens occ ytype
1   1    0  3.692130   0    0   1     1
2   1  100  7.821146   0    0   1     1
3   1  300 16.456962   0    0   1     1
4   1 1000 21.083246   0    0   1     1
5   2    0  4.879268   0    0   1     1
6   2  100 11.411758   0    0   1     1
7   2  300 17.531801   0    0   1     1
8   2 1000 16.924296   0    0   1     1
9   3    0  4.718086   0    0   1     1
10  3  100 16.136243   0    0   1     1
-----------------------------------
----          Model            ----
-----------------------------------
Nonlinear mixed-effects model
  Model function:  PD Emax model
  Model type:  structural
function (psi, id, xidep) 
{
    dose <- xidep[, 1]
    e0 <- psi[id, 1]
    emax <- psi[id, 2]
    e50 <- psi[id, 3]
    f <- e0 + emax * dose/(e50 + dose)
    return(f)
}
<bytecode: 0x557685349418>
  Nb of parameters: 3 
      parameter names:  E0 Emax ED50 
      distribution:
     Parameter Distribution Estimated
[1,] E0        log-normal   Estimated
[2,] Emax      log-normal   Estimated
[3,] ED50      log-normal   Estimated
  Variance-covariance matrix:
     E0 Emax ED50
E0    1    0    0
Emax  0    1    1
ED50  0    1    1
  Error model: proportional , initial values: b.1=0.2 
    No covariate in the model.
    Initial values
             E0 Emax ED50
Pop.CondInit 10   60 1000
-----------------------------------
----    Key algorithm options  ----
-----------------------------------
    Estimation of individual parameters (MAP)
    Estimation of standard errors and linearised log-likelihood
    Estimation of log-likelihood by importance sampling
    Number of iterations:  K1=300, K2=100 
    Number of chains:  1 
    Seed:  2014341 
    Number of MCMC iterations for IS:  5000 
    Simulations:
        nb of simulated datasets used for npde:  1000 
        nb of simulated datasets used for VPC:  100 
    Input/output
        save the results to a file:  FALSE 
        save the graphs to files:  TRUE 
        directory where results should be saved:  newdir 
----------------------------------------------------
----                  Results                   ----
----------------------------------------------------
-----------------  Fixed effects  ------------------
----------------------------------------------------
     Parameter Estimate SE      CV(%)
[1,] E0          5.020   0.1623 3.2  
[2,] Emax       31.063   2.2578 7.3  
[3,] ED50      554.563  53.5715 9.7  
[4,] b.1         0.088   0.0061 6.9  
----------------------------------------------------
-----------  Variance of random effects  -----------
----------------------------------------------------
      Parameter     Estimate SE    CV(%)
E0    omega2.E0     0.097    0.015 15   
Emax  omega2.Emax   0.445    0.074 17   
ED50  omega2.ED50   0.689    0.133 19   
covar cov.Emax.ED50 0.332    0.084 25   
----------------------------------------------------
------  Correlation matrix of random effects  ------
----------------------------------------------------
            omega2.E0 omega2.Emax omega2.ED50
omega2.E0   1         0.0         0.0        
omega2.Emax 0         1.0         0.6        
omega2.ED50 0         0.6         1.0        
----------------------------------------------------
---------------  Statistical criteria  -------------
----------------------------------------------------
Likelihood computed by linearisation
      -2LL= 1969.33 
      AIC = 1985.33 
      BIC = 2006.171 

Likelihood computed by importance sampling
      -2LL= 1966.512 
      AIC = 1982.512 
      BIC = 2003.353 
----------------------------------------------------
----------------------------------------------------
-----------------  Fixed effects  ------------------
----------------------------------------------------
  Parameter Estimate      SE CV(%)
1        E0    5.020  0.1623  3.23
2      Emax   31.063  2.2578  7.27
3      ED50  554.563 53.5715  9.66
4       b.1    0.088  0.0061  6.91
----------------------------------------------------
-----------  Variance of random effects  -----------
----------------------------------------------------
         Parameter Estimate    SE CV(%)
E0       omega2.E0    0.097 0.015 15.23
Emax   omega2.Emax    0.445 0.074 16.73
ED50   omega2.ED50    0.689 0.133 19.32
1    cov.Emax.ED50    0.332 0.084 25.30
----------------------------------------------------
------  Correlation matrix of random effects  ------
----------------------------------------------------
            omega2.E0 omega2.Emax omega2.ED50
omega2.E0   1.00      0.00        0.00       
omega2.Emax 0.00      1.00        0.60       
omega2.ED50 0.00      0.60        1.00       
----------------------------------------------------
---------------  Statistical criteria  -------------
----------------------------------------------------
Likelihood computed by linearisation
      -2LL= 1969.33 
      AIC = 1985.33 
      BIC = 2006.171 

Likelihood computed by importance sampling
      -2LL= 1966.512 
      AIC = 1982.512 
      BIC = 2003.353 
----------------------------------------------------
Reading data from file /home/eco/work/saemix/saemixextension/simulationSuite/cont/emaxRichProp/data/data_pdemax2.tab 
These are the first lines of the dataset as read into R. Please check the format of the data is appropriate, if not, modify the na and/or sep items and retry:
  id dose         y
1  1    0  4.835030
2  1  100  9.954601
3  1  300 15.405968
4  1 1000 16.942815
5  2    0  5.992699
6  2  100 12.493367


The following SaemixData object was successfully created:

Object of class SaemixData
    longitudinal data for use with the SAEM algorithm
Dataset /home/eco/work/saemix/saemixextension/simulationSuite/cont/emaxRichProp/data/data_pdemax2.tab 
    Structured data: y ~ dose | id 
    Predictor: dose (-) 
Nonlinear mixed-effects model fit by the SAEM algorithm
-----------------------------------
----          Data             ----
-----------------------------------
Object of class SaemixData
    longitudinal data for use with the SAEM algorithm
Dataset /home/eco/work/saemix/saemixextension/simulationSuite/cont/emaxRichProp/data/data_pdemax2.tab 
    Structured data: y ~ dose | id 
    Predictor: dose (-) 
Dataset characteristics:
    number of subjects:     100 
    number of observations: 400 
    average/min/max nb obs: 4.00  /  4  /  4 
First 10 lines of data:
   id dose         y mdv cens occ ytype
1   1    0  4.835030   0    0   1     1
2   1  100  9.954601   0    0   1     1
3   1  300 15.405968   0    0   1     1
4   1 1000 16.942815   0    0   1     1
5   2    0  5.992699   0    0   1     1
6   2  100 12.493367   0    0   1     1
7   2  300 26.244172   0    0   1     1
8   2 1000 40.203201   0    0   1     1
9   3    0  6.624720   0    0   1     1
10  3  100 11.933572   0    0   1     1
-----------------------------------
----          Model            ----
-----------------------------------
Nonlinear mixed-effects model
  Model function:  PD Emax model
  Model type:  structural
function (psi, id, xidep) 
{
    dose <- xidep[, 1]
    e0 <- psi[id, 1]
    emax <- psi[id, 2]
    e50 <- psi[id, 3]
    f <- e0 + emax * dose/(e50 + dose)
    return(f)
}
<bytecode: 0x557685349418>
  Nb of parameters: 3 
      parameter names:  E0 Emax ED50 
      distribution:
     Parameter Distribution Estimated
[1,] E0        log-normal   Estimated
[2,] Emax      log-normal   Estimated
[3,] ED50      log-normal   Estimated
  Variance-covariance matrix:
     E0 Emax ED50
E0    1    0    0
Emax  0    1    1
ED50  0    1    1
  Error model: proportional , initial values: b.1=0.2 
    No covariate in the model.
    Initial values
             E0 Emax ED50
Pop.CondInit 10   60 1000
-----------------------------------
----    Key algorithm options  ----
-----------------------------------
    Estimation of individual parameters (MAP)
    Estimation of standard errors and linearised log-likelihood
    Estimation of log-likelihood by importance sampling
    Number of iterations:  K1=300, K2=100 
    Number of chains:  1 
    Seed:  2014341 
    Number of MCMC iterations for IS:  5000 
    Simulations:
        nb of simulated datasets used for npde:  1000 
        nb of simulated datasets used for VPC:  100 
    Input/output
        save the results to a file:  FALSE 
        save the graphs to files:  TRUE 
        directory where results should be saved:  newdir 
----------------------------------------------------
----                  Results                   ----
----------------------------------------------------
-----------------  Fixed effects  ------------------
----------------------------------------------------
     Parameter Estimate SE      CV(%)
[1,] E0          4.8     0.1420  2.9 
[2,] Emax       30.7     2.2290  7.3 
[3,] ED50      498.9    52.9988 10.6 
[4,] b.1         0.1     0.0069  6.9 
----------------------------------------------------
-----------  Variance of random effects  -----------
----------------------------------------------------
      Parameter     Estimate SE    CV(%)
E0    omega2.E0     0.077    0.012 16   
Emax  omega2.Emax   0.434    0.074 17   
ED50  omega2.ED50   0.839    0.161 19   
covar cov.Emax.ED50 0.313    0.090 29   
----------------------------------------------------
------  Correlation matrix of random effects  ------
----------------------------------------------------
            omega2.E0 omega2.Emax omega2.ED50
omega2.E0   1         0.00        0.00       
omega2.Emax 0         1.00        0.52       
omega2.ED50 0         0.52        1.00       
----------------------------------------------------
---------------  Statistical criteria  -------------
----------------------------------------------------
Likelihood computed by linearisation
      -2LL= 2017.758 
      AIC = 2033.758 
      BIC = 2054.6 

Likelihood computed by importance sampling
      -2LL= 2014.051 
      AIC = 2030.051 
      BIC = 2050.892 
----------------------------------------------------
----------------------------------------------------
-----------------  Fixed effects  ------------------
----------------------------------------------------
  Parameter Estimate      SE CV(%)
1        E0     4.83  0.1420  2.94
2      Emax    30.66  2.2290  7.27
3      ED50   498.88 52.9988 10.62
4       b.1     0.10  0.0069  6.90
----------------------------------------------------
-----------  Variance of random effects  -----------
----------------------------------------------------
         Parameter Estimate    SE CV(%)
E0       omega2.E0    0.077 0.012 15.96
Emax   omega2.Emax    0.434 0.074 17.17
ED50   omega2.ED50    0.839 0.161 19.20
1    cov.Emax.ED50    0.313 0.090 28.81
----------------------------------------------------
------  Correlation matrix of random effects  ------
----------------------------------------------------
            omega2.E0 omega2.Emax omega2.ED50
omega2.E0   1.00      0.00        0.00       
omega2.Emax 0.00      1.00        0.52       
omega2.ED50 0.00      0.52        1.00       
----------------------------------------------------
---------------  Statistical criteria  -------------
----------------------------------------------------
Likelihood computed by linearisation
      -2LL= 2017.758 
      AIC = 2033.758 
      BIC = 2054.6 

Likelihood computed by importance sampling
      -2LL= 2014.051 
      AIC = 2030.051 
      BIC = 2050.892 
----------------------------------------------------
Reading data from file /home/eco/work/saemix/saemixextension/simulationSuite/cont/emaxRichProp/data/data_pdemax3.tab 
These are the first lines of the dataset as read into R. Please check the format of the data is appropriate, if not, modify the na and/or sep items and retry:
  id dose         y
1  1    0  3.314363
2  1  100  7.623262
3  1  300 10.291326
4  1 1000 16.785029
5  2    0  5.259621
6  2  100  7.705391


The following SaemixData object was successfully created:

Object of class SaemixData
    longitudinal data for use with the SAEM algorithm
Dataset /home/eco/work/saemix/saemixextension/simulationSuite/cont/emaxRichProp/data/data_pdemax3.tab 
    Structured data: y ~ dose | id 
    Predictor: dose (-) 
Nonlinear mixed-effects model fit by the SAEM algorithm
-----------------------------------
----          Data             ----
-----------------------------------
Object of class SaemixData
    longitudinal data for use with the SAEM algorithm
Dataset /home/eco/work/saemix/saemixextension/simulationSuite/cont/emaxRichProp/data/data_pdemax3.tab 
    Structured data: y ~ dose | id 
    Predictor: dose (-) 
Dataset characteristics:
    number of subjects:     100 
    number of observations: 400 
    average/min/max nb obs: 4.00  /  4  /  4 
First 10 lines of data:
   id dose         y mdv cens occ ytype
1   1    0  3.314363   0    0   1     1
2   1  100  7.623262   0    0   1     1
3   1  300 10.291326   0    0   1     1
4   1 1000 16.785029   0    0   1     1
5   2    0  5.259621   0    0   1     1
6   2  100  7.705391   0    0   1     1
7   2  300 11.716207   0    0   1     1
8   2 1000 16.219022   0    0   1     1
9   3    0  5.992682   0    0   1     1
10  3  100 16.608671   0    0   1     1
-----------------------------------
----          Model            ----
-----------------------------------
Nonlinear mixed-effects model
  Model function:  PD Emax model
  Model type:  structural
function (psi, id, xidep) 
{
    dose <- xidep[, 1]
    e0 <- psi[id, 1]
    emax <- psi[id, 2]
    e50 <- psi[id, 3]
    f <- e0 + emax * dose/(e50 + dose)
    return(f)
}
<bytecode: 0x557685349418>
  Nb of parameters: 3 
      parameter names:  E0 Emax ED50 
      distribution:
     Parameter Distribution Estimated
[1,] E0        log-normal   Estimated
[2,] Emax      log-normal   Estimated
[3,] ED50      log-normal   Estimated
  Variance-covariance matrix:
     E0 Emax ED50
E0    1    0    0
Emax  0    1    1
ED50  0    1    1
  Error model: proportional , initial values: b.1=0.2 
    No covariate in the model.
    Initial values
             E0 Emax ED50
Pop.CondInit 10   60 1000
-----------------------------------
----    Key algorithm options  ----
-----------------------------------
    Estimation of individual parameters (MAP)
    Estimation of standard errors and linearised log-likelihood
    Estimation of log-likelihood by importance sampling
    Number of iterations:  K1=300, K2=100 
    Number of chains:  1 
    Seed:  2014341 
    Number of MCMC iterations for IS:  5000 
    Simulations:
        nb of simulated datasets used for npde:  1000 
        nb of simulated datasets used for VPC:  100 
    Input/output
        save the results to a file:  FALSE 
        save the graphs to files:  TRUE 
        directory where results should be saved:  newdir 
----------------------------------------------------
----                  Results                   ----
----------------------------------------------------
-----------------  Fixed effects  ------------------
----------------------------------------------------
     Parameter Estimate SE      CV(%)
[1,] E0          4.7     0.1441 3.0  
[2,] Emax       28.4     1.8099 6.4  
[3,] ED50      464.8    38.8157 8.4  
[4,] b.1         0.1     0.0071 6.9  
----------------------------------------------------
-----------  Variance of random effects  -----------
----------------------------------------------------
      Parameter     Estimate SE    CV(%)
E0    omega2.E0     0.082    0.013 16   
Emax  omega2.Emax   0.331    0.058 17   
ED50  omega2.ED50   0.441    0.101 23   
covar cov.Emax.ED50 0.137    0.060 44   
----------------------------------------------------
------  Correlation matrix of random effects  ------
----------------------------------------------------
            omega2.E0 omega2.Emax omega2.ED50
omega2.E0   1         0.00        0.00       
omega2.Emax 0         1.00        0.36       
omega2.ED50 0         0.36        1.00       
----------------------------------------------------
---------------  Statistical criteria  -------------
----------------------------------------------------
Likelihood computed by linearisation
      -2LL= 1971.423 
      AIC = 1987.423 
      BIC = 2008.265 

Likelihood computed by importance sampling
      -2LL= 1968.035 
      AIC = 1984.035 
      BIC = 2004.876 
----------------------------------------------------
----------------------------------------------------
-----------------  Fixed effects  ------------------
----------------------------------------------------
  Parameter Estimate      SE CV(%)
1        E0     4.74  0.1441  3.04
2      Emax    28.41  1.8099  6.37
3      ED50   464.81 38.8157  8.35
4       b.1     0.10  0.0071  6.89
----------------------------------------------------
-----------  Variance of random effects  -----------
----------------------------------------------------
         Parameter Estimate    SE CV(%)
E0       omega2.E0    0.082 0.013 15.93
Emax   omega2.Emax    0.331 0.058 17.42
ED50   omega2.ED50    0.441 0.101 22.97
1    cov.Emax.ED50    0.137 0.060 43.98
----------------------------------------------------
------  Correlation matrix of random effects  ------
----------------------------------------------------
            omega2.E0 omega2.Emax omega2.ED50
omega2.E0   1.00      0.00        0.00       
omega2.Emax 0.00      1.00        0.36       
omega2.ED50 0.00      0.36        1.00       
----------------------------------------------------
---------------  Statistical criteria  -------------
----------------------------------------------------
Likelihood computed by linearisation
      -2LL= 1971.423 
      AIC = 1987.423 
      BIC = 2008.265 

Likelihood computed by importance sampling
      -2LL= 1968.035 
      AIC = 1984.035 
      BIC = 2004.876 
----------------------------------------------------
Reading data from file /home/eco/work/saemix/saemixextension/simulationSuite/cont/emaxRichProp/data/data_pdemax4.tab 
These are the first lines of the dataset as read into R. Please check the format of the data is appropriate, if not, modify the na and/or sep items and retry:
  id dose         y
1  1    0  2.832632
2  1  100 10.203664
3  1  300 19.598732
4  1 1000 20.540184
5  2    0  5.670422
6  2  100 24.720427


The following SaemixData object was successfully created:

Object of class SaemixData
    longitudinal data for use with the SAEM algorithm
Dataset /home/eco/work/saemix/saemixextension/simulationSuite/cont/emaxRichProp/data/data_pdemax4.tab 
    Structured data: y ~ dose | id 
    Predictor: dose (-) 
Nonlinear mixed-effects model fit by the SAEM algorithm
-----------------------------------
----          Data             ----
-----------------------------------
Object of class SaemixData
    longitudinal data for use with the SAEM algorithm
Dataset /home/eco/work/saemix/saemixextension/simulationSuite/cont/emaxRichProp/data/data_pdemax4.tab 
    Structured data: y ~ dose | id 
    Predictor: dose (-) 
Dataset characteristics:
    number of subjects:     100 
    number of observations: 400 
    average/min/max nb obs: 4.00  /  4  /  4 
First 10 lines of data:
   id dose         y mdv cens occ ytype
1   1    0  2.832632   0    0   1     1
2   1  100 10.203664   0    0   1     1
3   1  300 19.598732   0    0   1     1
4   1 1000 20.540184   0    0   1     1
5   2    0  5.670422   0    0   1     1
6   2  100 24.720427   0    0   1     1
7   2  300 38.282437   0    0   1     1
8   2 1000 46.251970   0    0   1     1
9   3    0  4.189548   0    0   1     1
10  3  100  6.214985   0    0   1     1
-----------------------------------
----          Model            ----
-----------------------------------
Nonlinear mixed-effects model
  Model function:  PD Emax model
  Model type:  structural
function (psi, id, xidep) 
{
    dose <- xidep[, 1]
    e0 <- psi[id, 1]
    emax <- psi[id, 2]
    e50 <- psi[id, 3]
    f <- e0 + emax * dose/(e50 + dose)
    return(f)
}
<bytecode: 0x557685349418>
  Nb of parameters: 3 
      parameter names:  E0 Emax ED50 
      distribution:
     Parameter Distribution Estimated
[1,] E0        log-normal   Estimated
[2,] Emax      log-normal   Estimated
[3,] ED50      log-normal   Estimated
  Variance-covariance matrix:
     E0 Emax ED50
E0    1    0    0
Emax  0    1    1
ED50  0    1    1
  Error model: proportional , initial values: b.1=0.2 
    No covariate in the model.
    Initial values
             E0 Emax ED50
Pop.CondInit 10   60 1000
-----------------------------------
----    Key algorithm options  ----
-----------------------------------
    Estimation of individual parameters (MAP)
    Estimation of standard errors and linearised log-likelihood
    Estimation of log-likelihood by importance sampling
    Number of iterations:  K1=300, K2=100 
    Number of chains:  1 
    Seed:  2014341 
    Number of MCMC iterations for IS:  5000 
    Simulations:
        nb of simulated datasets used for npde:  1000 
        nb of simulated datasets used for VPC:  100 
    Input/output
        save the results to a file:  FALSE 
        save the graphs to files:  TRUE 
        directory where results should be saved:  newdir 
----------------------------------------------------
----                  Results                   ----
----------------------------------------------------
-----------------  Fixed effects  ------------------
----------------------------------------------------
     Parameter Estimate SE      CV(%)
[1,] E0          4.94    0.1460 3.0  
[2,] Emax       30.09    2.0820 6.9  
[3,] ED50      502.57   34.6174 6.9  
[4,] b.1         0.11    0.0077 6.7  
----------------------------------------------------
-----------  Variance of random effects  -----------
----------------------------------------------------
      Parameter     Estimate SE    CV(%)
E0    omega2.E0     0.075    0.012 17   
Emax  omega2.Emax   0.391    0.068 17   
ED50  omega2.ED50   0.178    0.072 41   
covar cov.Emax.ED50 0.059    0.054 91   
----------------------------------------------------
------  Correlation matrix of random effects  ------
----------------------------------------------------
            omega2.E0 omega2.Emax omega2.ED50
omega2.E0   1         0.00        0.00       
omega2.Emax 0         1.00        0.22       
omega2.ED50 0         0.22        1.00       
----------------------------------------------------
---------------  Statistical criteria  -------------
----------------------------------------------------
Likelihood computed by linearisation
      -2LL= 2013.383 
      AIC = 2029.383 
      BIC = 2050.224 

Likelihood computed by importance sampling
      -2LL= 2014.209 
      AIC = 2030.209 
      BIC = 2051.051 
----------------------------------------------------
----------------------------------------------------
-----------------  Fixed effects  ------------------
----------------------------------------------------
  Parameter Estimate      SE CV(%)
1        E0     4.94  0.1460  2.96
2      Emax    30.09  2.0820  6.92
3      ED50   502.57 34.6174  6.89
4       b.1     0.11  0.0077  6.74
----------------------------------------------------
-----------  Variance of random effects  -----------
----------------------------------------------------
         Parameter Estimate    SE CV(%)
E0       omega2.E0    0.075 0.012 16.54
Emax   omega2.Emax    0.391 0.068 17.45
ED50   omega2.ED50    0.178 0.072 40.66
1    cov.Emax.ED50    0.059 0.054 91.49
----------------------------------------------------
------  Correlation matrix of random effects  ------
----------------------------------------------------
            omega2.E0 omega2.Emax omega2.ED50
omega2.E0   1.00      0.00        0.00       
omega2.Emax 0.00      1.00        0.22       
omega2.ED50 0.00      0.22        1.00       
----------------------------------------------------
---------------  Statistical criteria  -------------
----------------------------------------------------
Likelihood computed by linearisation
      -2LL= 2013.383 
      AIC = 2029.383 
      BIC = 2050.224 

Likelihood computed by importance sampling
      -2LL= 2014.209 
      AIC = 2030.209 
      BIC = 2051.051 
----------------------------------------------------
Reading data from file /home/eco/work/saemix/saemixextension/simulationSuite/cont/emaxRichProp/data/data_pdemax5.tab 
These are the first lines of the dataset as read into R. Please check the format of the data is appropriate, if not, modify the na and/or sep items and retry:
  id dose         y
1  1    0  4.104665
2  1  100 16.544887
3  1  300 26.113587
4  1 1000 35.819070
5  2    0  4.328438
6  2  100  6.684136


The following SaemixData object was successfully created:

Object of class SaemixData
    longitudinal data for use with the SAEM algorithm
Dataset /home/eco/work/saemix/saemixextension/simulationSuite/cont/emaxRichProp/data/data_pdemax5.tab 
    Structured data: y ~ dose | id 
    Predictor: dose (-) 
Nonlinear mixed-effects model fit by the SAEM algorithm
-----------------------------------
----          Data             ----
-----------------------------------
Object of class SaemixData
    longitudinal data for use with the SAEM algorithm
Dataset /home/eco/work/saemix/saemixextension/simulationSuite/cont/emaxRichProp/data/data_pdemax5.tab 
    Structured data: y ~ dose | id 
    Predictor: dose (-) 
Dataset characteristics:
    number of subjects:     100 
    number of observations: 400 
    average/min/max nb obs: 4.00  /  4  /  4 
First 10 lines of data:
   id dose         y mdv cens occ ytype
1   1    0  4.104665   0    0   1     1
2   1  100 16.544887   0    0   1     1
3   1  300 26.113587   0    0   1     1
4   1 1000 35.819070   0    0   1     1
5   2    0  4.328438   0    0   1     1
6   2  100  6.684136   0    0   1     1
7   2  300  9.605019   0    0   1     1
8   2 1000 12.495909   0    0   1     1
9   3    0  1.784227   0    0   1     1
10  3  100  5.750298   0    0   1     1
-----------------------------------
----          Model            ----
-----------------------------------
Nonlinear mixed-effects model
  Model function:  PD Emax model
  Model type:  structural
function (psi, id, xidep) 
{
    dose <- xidep[, 1]
    e0 <- psi[id, 1]
    emax <- psi[id, 2]
    e50 <- psi[id, 3]
    f <- e0 + emax * dose/(e50 + dose)
    return(f)
}
<bytecode: 0x557685349418>
  Nb of parameters: 3 
      parameter names:  E0 Emax ED50 
      distribution:
     Parameter Distribution Estimated
[1,] E0        log-normal   Estimated
[2,] Emax      log-normal   Estimated
[3,] ED50      log-normal   Estimated
  Variance-covariance matrix:
     E0 Emax ED50
E0    1    0    0
Emax  0    1    1
ED50  0    1    1
  Error model: proportional , initial values: b.1=0.2 
    No covariate in the model.
    Initial values
             E0 Emax ED50
Pop.CondInit 10   60 1000
-----------------------------------
----    Key algorithm options  ----
-----------------------------------
    Estimation of individual parameters (MAP)
    Estimation of standard errors and linearised log-likelihood
    Estimation of log-likelihood by importance sampling
    Number of iterations:  K1=300, K2=100 
    Number of chains:  1 
    Seed:  2014341 
    Number of MCMC iterations for IS:  5000 
    Simulations:
        nb of simulated datasets used for npde:  1000 
        nb of simulated datasets used for VPC:  100 
    Input/output
        save the results to a file:  FALSE 
        save the graphs to files:  TRUE 
        directory where results should be saved:  newdir 
----------------------------------------------------
----                  Results                   ----
----------------------------------------------------
-----------------  Fixed effects  ------------------
----------------------------------------------------
     Parameter Estimate SE      CV(%)
[1,] E0          5.15    0.1785 3.5  
[2,] Emax       27.21    1.5855 5.8  
[3,] ED50      518.44   33.7121 6.5  
[4,] b.1         0.12    0.0082 6.6  
----------------------------------------------------
-----------  Variance of random effects  -----------
----------------------------------------------------
      Parameter     Estimate SE    CV(%)
E0    omega2.E0      0.105   0.017   16 
Emax  omega2.Emax    0.232   0.049   21 
ED50  omega2.ED50    0.057   0.068  120 
covar cov.Emax.ED50 -0.012   0.045 -366 
----------------------------------------------------
------  Correlation matrix of random effects  ------
----------------------------------------------------
            omega2.E0 omega2.Emax omega2.ED50
omega2.E0   1          0.00        0.00      
omega2.Emax 0          1.00       -0.11      
omega2.ED50 0         -0.11        1.00      
----------------------------------------------------
---------------  Statistical criteria  -------------
----------------------------------------------------
Likelihood computed by linearisation
      -2LL= 1975.509 
      AIC = 1991.509 
      BIC = 2012.35 

Likelihood computed by importance sampling
      -2LL= 1977.551 
      AIC = 1993.551 
      BIC = 2014.393 
----------------------------------------------------
----------------------------------------------------
-----------------  Fixed effects  ------------------
----------------------------------------------------
  Parameter Estimate      SE CV(%)
1        E0     5.15  0.1785  3.47
2      Emax    27.21  1.5855  5.83
3      ED50   518.44 33.7121  6.50
4       b.1     0.12  0.0082  6.59
----------------------------------------------------
-----------  Variance of random effects  -----------
----------------------------------------------------
         Parameter Estimate    SE   CV(%)
E0       omega2.E0    0.105 0.017   16.06
Emax   omega2.Emax    0.232 0.049   21.27
ED50   omega2.ED50    0.057 0.068  119.82
1    cov.Emax.ED50   -0.012 0.045 -365.52
----------------------------------------------------
------  Correlation matrix of random effects  ------
----------------------------------------------------
            omega2.E0 omega2.Emax omega2.ED50
omega2.E0   1.00       0.00        0.00      
omega2.Emax 0.00       1.00       -0.11      
omega2.ED50 0.00      -0.11        1.00      
----------------------------------------------------
---------------  Statistical criteria  -------------
----------------------------------------------------
Likelihood computed by linearisation
      -2LL= 1975.509 
      AIC = 1991.509 
      BIC = 2012.35 

Likelihood computed by importance sampling
      -2LL= 1977.551 
      AIC = 1993.551 
      BIC = 2014.393 
----------------------------------------------------
Reading data from file /home/eco/work/saemix/saemixextension/simulationSuite/cont/emaxRichProp/data/data_pdemax6.tab 
These are the first lines of the dataset as read into R. Please check the format of the data is appropriate, if not, modify the na and/or sep items and retry:
  id dose         y
1  1    0  2.441128
2  1  100  6.454758
3  1  300 15.337037
4  1 1000 19.795749
5  2    0  6.977001
6  2  100 11.700290


The following SaemixData object was successfully created:

Object of class SaemixData
    longitudinal data for use with the SAEM algorithm
Dataset /home/eco/work/saemix/saemixextension/simulationSuite/cont/emaxRichProp/data/data_pdemax6.tab 
    Structured data: y ~ dose | id 
    Predictor: dose (-) 
Nonlinear mixed-effects model fit by the SAEM algorithm
-----------------------------------
----          Data             ----
-----------------------------------
Object of class SaemixData
    longitudinal data for use with the SAEM algorithm
Dataset /home/eco/work/saemix/saemixextension/simulationSuite/cont/emaxRichProp/data/data_pdemax6.tab 
    Structured data: y ~ dose | id 
    Predictor: dose (-) 
Dataset characteristics:
    number of subjects:     100 
    number of observations: 400 
    average/min/max nb obs: 4.00  /  4  /  4 
First 10 lines of data:
   id dose         y mdv cens occ ytype
1   1    0  2.441128   0    0   1     1
2   1  100  6.454758   0    0   1     1
3   1  300 15.337037   0    0   1     1
4   1 1000 19.795749   0    0   1     1
5   2    0  6.977001   0    0   1     1
6   2  100 11.700290   0    0   1     1
7   2  300 18.833261   0    0   1     1
8   2 1000 29.897567   0    0   1     1
9   3    0  7.685797   0    0   1     1
10  3  100 10.694185   0    0   1     1
-----------------------------------
----          Model            ----
-----------------------------------
Nonlinear mixed-effects model
  Model function:  PD Emax model
  Model type:  structural
function (psi, id, xidep) 
{
    dose <- xidep[, 1]
    e0 <- psi[id, 1]
    emax <- psi[id, 2]
    e50 <- psi[id, 3]
    f <- e0 + emax * dose/(e50 + dose)
    return(f)
}
<bytecode: 0x557685349418>
  Nb of parameters: 3 
      parameter names:  E0 Emax ED50 
      distribution:
     Parameter Distribution Estimated
[1,] E0        log-normal   Estimated
[2,] Emax      log-normal   Estimated
[3,] ED50      log-normal   Estimated
  Variance-covariance matrix:
     E0 Emax ED50
E0    1    0    0
Emax  0    1    1
ED50  0    1    1
  Error model: proportional , initial values: b.1=0.2 
    No covariate in the model.
    Initial values
             E0 Emax ED50
Pop.CondInit 10   60 1000
-----------------------------------
----    Key algorithm options  ----
-----------------------------------
    Estimation of individual parameters (MAP)
    Estimation of standard errors and linearised log-likelihood
    Estimation of log-likelihood by importance sampling
    Number of iterations:  K1=300, K2=100 
    Number of chains:  1 
    Seed:  2014341 
    Number of MCMC iterations for IS:  5000 
    Simulations:
        nb of simulated datasets used for npde:  1000 
        nb of simulated datasets used for VPC:  100 
    Input/output
        save the results to a file:  FALSE 
        save the graphs to files:  TRUE 
        directory where results should be saved:  newdir 
----------------------------------------------------
----                  Results                   ----
----------------------------------------------------
-----------------  Fixed effects  ------------------
----------------------------------------------------
     Parameter Estimate SE      CV(%)
[1,] E0          5.37    0.1641 3.1  
[2,] Emax       33.64    2.7115 8.1  
[3,] ED50      547.04   53.4836 9.8  
[4,] b.1         0.11    0.0075 6.9  
----------------------------------------------------
-----------  Variance of random effects  -----------
----------------------------------------------------
      Parameter     Estimate SE    CV(%)
E0    omega2.E0     0.082    0.013 16   
Emax  omega2.Emax   0.541    0.092 17   
ED50  omega2.ED50   0.620    0.138 22   
covar cov.Emax.ED50 0.374    0.097 26   
----------------------------------------------------
------  Correlation matrix of random effects  ------
----------------------------------------------------
            omega2.E0 omega2.Emax omega2.ED50
omega2.E0   1         0.00        0.00       
omega2.Emax 0         1.00        0.65       
omega2.ED50 0         0.65        1.00       
----------------------------------------------------
---------------  Statistical criteria  -------------
----------------------------------------------------
Likelihood computed by linearisation
      -2LL= 2084.667 
      AIC = 2100.667 
      BIC = 2121.508 

Likelihood computed by importance sampling
      -2LL= 2085.007 
      AIC = 2101.007 
      BIC = 2121.848 
----------------------------------------------------
----------------------------------------------------
-----------------  Fixed effects  ------------------
----------------------------------------------------
  Parameter Estimate      SE CV(%)
1        E0     5.37  0.1641  3.05
2      Emax    33.64  2.7115  8.06
3      ED50   547.04 53.4836  9.78
4       b.1     0.11  0.0075  6.87
----------------------------------------------------
-----------  Variance of random effects  -----------
----------------------------------------------------
         Parameter Estimate    SE CV(%)
E0       omega2.E0    0.082 0.013 16.13
Emax   omega2.Emax    0.541 0.092 17.03
ED50   omega2.ED50    0.620 0.138 22.32
1    cov.Emax.ED50    0.374 0.097 25.93
----------------------------------------------------
------  Correlation matrix of random effects  ------
----------------------------------------------------
            omega2.E0 omega2.Emax omega2.ED50
omega2.E0   1.00      0.00        0.00       
omega2.Emax 0.00      1.00        0.65       
omega2.ED50 0.00      0.65        1.00       
----------------------------------------------------
---------------  Statistical criteria  -------------
----------------------------------------------------
Likelihood computed by linearisation
      -2LL= 2084.667 
      AIC = 2100.667 
      BIC = 2121.508 

Likelihood computed by importance sampling
      -2LL= 2085.007 
      AIC = 2101.007 
      BIC = 2121.848 
----------------------------------------------------
Reading data from file /home/eco/work/saemix/saemixextension/simulationSuite/cont/emaxRichProp/data/data_pdemax7.tab 
These are the first lines of the dataset as read into R. Please check the format of the data is appropriate, if not, modify the na and/or sep items and retry:
  id dose         y
1  1    0  6.230131
2  1  100 11.226828
3  1  300 14.260596
4  1 1000 17.135684
5  2    0  5.151837
6  2  100  6.434978


The following SaemixData object was successfully created:

Object of class SaemixData
    longitudinal data for use with the SAEM algorithm
Dataset /home/eco/work/saemix/saemixextension/simulationSuite/cont/emaxRichProp/data/data_pdemax7.tab 
    Structured data: y ~ dose | id 
    Predictor: dose (-) 
Nonlinear mixed-effects model fit by the SAEM algorithm
-----------------------------------
----          Data             ----
-----------------------------------
Object of class SaemixData
    longitudinal data for use with the SAEM algorithm
Dataset /home/eco/work/saemix/saemixextension/simulationSuite/cont/emaxRichProp/data/data_pdemax7.tab 
    Structured data: y ~ dose | id 
    Predictor: dose (-) 
Dataset characteristics:
    number of subjects:     100 
    number of observations: 400 
    average/min/max nb obs: 4.00  /  4  /  4 
First 10 lines of data:
   id dose         y mdv cens occ ytype
1   1    0  6.230131   0    0   1     1
2   1  100 11.226828   0    0   1     1
3   1  300 14.260596   0    0   1     1
4   1 1000 17.135684   0    0   1     1
5   2    0  5.151837   0    0   1     1
6   2  100  6.434978   0    0   1     1
7   2  300  8.140591   0    0   1     1
8   2 1000 12.433406   0    0   1     1
9   3    0  6.283500   0    0   1     1
10  3  100  9.219368   0    0   1     1
-----------------------------------
----          Model            ----
-----------------------------------
Nonlinear mixed-effects model
  Model function:  PD Emax model
  Model type:  structural
function (psi, id, xidep) 
{
    dose <- xidep[, 1]
    e0 <- psi[id, 1]
    emax <- psi[id, 2]
    e50 <- psi[id, 3]
    f <- e0 + emax * dose/(e50 + dose)
    return(f)
}
<bytecode: 0x557685349418>
  Nb of parameters: 3 
      parameter names:  E0 Emax ED50 
      distribution:
     Parameter Distribution Estimated
[1,] E0        log-normal   Estimated
[2,] Emax      log-normal   Estimated
[3,] ED50      log-normal   Estimated
  Variance-covariance matrix:
     E0 Emax ED50
E0    1    0    0
Emax  0    1    1
ED50  0    1    1
  Error model: proportional , initial values: b.1=0.2 
    No covariate in the model.
    Initial values
             E0 Emax ED50
Pop.CondInit 10   60 1000
-----------------------------------
----    Key algorithm options  ----
-----------------------------------
    Estimation of individual parameters (MAP)
    Estimation of standard errors and linearised log-likelihood
    Estimation of log-likelihood by importance sampling
    Number of iterations:  K1=300, K2=100 
    Number of chains:  1 
    Seed:  2014341 
    Number of MCMC iterations for IS:  5000 
    Simulations:
        nb of simulated datasets used for npde:  1000 
        nb of simulated datasets used for VPC:  100 
    Input/output
        save the results to a file:  FALSE 
        save the graphs to files:  TRUE 
        directory where results should be saved:  newdir 
----------------------------------------------------
----                  Results                   ----
----------------------------------------------------
-----------------  Fixed effects  ------------------
----------------------------------------------------
     Parameter Estimate SE      CV(%)
[1,] E0          4.97    0.1533 3.1  
[2,] Emax       28.61    2.0701 7.2  
[3,] ED50      472.29   32.7662 6.9  
[4,] b.1         0.11    0.0076 6.8  
----------------------------------------------------
-----------  Variance of random effects  -----------
----------------------------------------------------
      Parameter     Estimate SE    CV(%)
E0    omega2.E0     0.083    0.013 16   
Emax  omega2.Emax   0.444    0.075 17   
ED50  omega2.ED50   0.205    0.074 36   
covar cov.Emax.ED50 0.208    0.063 30   
----------------------------------------------------
------  Correlation matrix of random effects  ------
----------------------------------------------------
            omega2.E0 omega2.Emax omega2.ED50
omega2.E0   1         0.00        0.00       
omega2.Emax 0         1.00        0.69       
omega2.ED50 0         0.69        1.00       
----------------------------------------------------
---------------  Statistical criteria  -------------
----------------------------------------------------
Likelihood computed by linearisation
      -2LL= 1980.323 
      AIC = 1996.323 
      BIC = 2017.164 

Likelihood computed by importance sampling
      -2LL= 1982.551 
      AIC = 1998.551 
      BIC = 2019.393 
----------------------------------------------------
----------------------------------------------------
-----------------  Fixed effects  ------------------
----------------------------------------------------
  Parameter Estimate      SE CV(%)
1        E0     4.97  0.1533  3.09
2      Emax    28.61  2.0701  7.23
3      ED50   472.29 32.7662  6.94
4       b.1     0.11  0.0076  6.80
----------------------------------------------------
-----------  Variance of random effects  -----------
----------------------------------------------------
         Parameter Estimate    SE CV(%)
E0       omega2.E0    0.083 0.013 16.17
Emax   omega2.Emax    0.444 0.075 16.81
ED50   omega2.ED50    0.205 0.074 36.28
1    cov.Emax.ED50    0.208 0.063 30.22
----------------------------------------------------
------  Correlation matrix of random effects  ------
----------------------------------------------------
            omega2.E0 omega2.Emax omega2.ED50
omega2.E0   1.00      0.00        0.00       
omega2.Emax 0.00      1.00        0.69       
omega2.ED50 0.00      0.69        1.00       
----------------------------------------------------
---------------  Statistical criteria  -------------
----------------------------------------------------
Likelihood computed by linearisation
      -2LL= 1980.323 
      AIC = 1996.323 
      BIC = 2017.164 

Likelihood computed by importance sampling
      -2LL= 1982.551 
      AIC = 1998.551 
      BIC = 2019.393 
----------------------------------------------------
Reading data from file /home/eco/work/saemix/saemixextension/simulationSuite/cont/emaxRichProp/data/data_pdemax8.tab 
These are the first lines of the dataset as read into R. Please check the format of the data is appropriate, if not, modify the na and/or sep items and retry:
  id dose         y
1  1    0  6.356008
2  1  100 13.689874
3  1  300 26.912292
4  1 1000 45.552144
5  2    0  5.644063
6  2  100 12.141611


The following SaemixData object was successfully created:

Object of class SaemixData
    longitudinal data for use with the SAEM algorithm
Dataset /home/eco/work/saemix/saemixextension/simulationSuite/cont/emaxRichProp/data/data_pdemax8.tab 
    Structured data: y ~ dose | id 
    Predictor: dose (-) 
Nonlinear mixed-effects model fit by the SAEM algorithm
-----------------------------------
----          Data             ----
-----------------------------------
Object of class SaemixData
    longitudinal data for use with the SAEM algorithm
Dataset /home/eco/work/saemix/saemixextension/simulationSuite/cont/emaxRichProp/data/data_pdemax8.tab 
    Structured data: y ~ dose | id 
    Predictor: dose (-) 
Dataset characteristics:
    number of subjects:     100 
    number of observations: 400 
    average/min/max nb obs: 4.00  /  4  /  4 
First 10 lines of data:
   id dose         y mdv cens occ ytype
1   1    0  6.356008   0    0   1     1
2   1  100 13.689874   0    0   1     1
3   1  300 26.912292   0    0   1     1
4   1 1000 45.552144   0    0   1     1
5   2    0  5.644063   0    0   1     1
6   2  100 12.141611   0    0   1     1
7   2  300 18.755851   0    0   1     1
8   2 1000 29.724161   0    0   1     1
9   3    0  4.895454   0    0   1     1
10  3  100 19.643335   0    0   1     1
-----------------------------------
----          Model            ----
-----------------------------------
Nonlinear mixed-effects model
  Model function:  PD Emax model
  Model type:  structural
function (psi, id, xidep) 
{
    dose <- xidep[, 1]
    e0 <- psi[id, 1]
    emax <- psi[id, 2]
    e50 <- psi[id, 3]
    f <- e0 + emax * dose/(e50 + dose)
    return(f)
}
<bytecode: 0x557685349418>
  Nb of parameters: 3 
      parameter names:  E0 Emax ED50 
      distribution:
     Parameter Distribution Estimated
[1,] E0        log-normal   Estimated
[2,] Emax      log-normal   Estimated
[3,] ED50      log-normal   Estimated
  Variance-covariance matrix:
     E0 Emax ED50
E0    1    0    0
Emax  0    1    1
ED50  0    1    1
  Error model: proportional , initial values: b.1=0.2 
    No covariate in the model.
    Initial values
             E0 Emax ED50
Pop.CondInit 10   60 1000
-----------------------------------
----    Key algorithm options  ----
-----------------------------------
    Estimation of individual parameters (MAP)
    Estimation of standard errors and linearised log-likelihood
    Estimation of log-likelihood by importance sampling
    Number of iterations:  K1=300, K2=100 
    Number of chains:  1 
    Seed:  2014341 
    Number of MCMC iterations for IS:  5000 
    Simulations:
        nb of simulated datasets used for npde:  1000 
        nb of simulated datasets used for VPC:  100 
    Input/output
        save the results to a file:  FALSE 
        save the graphs to files:  TRUE 
        directory where results should be saved:  newdir 
----------------------------------------------------
----                  Results                   ----
----------------------------------------------------
-----------------  Fixed effects  ------------------
----------------------------------------------------
     Parameter Estimate SE      CV(%)
[1,] E0          4.90    0.1515 3.1  
[2,] Emax       30.93    2.2388 7.2  
[3,] ED50      488.27   33.8706 6.9  
[4,] b.1         0.11    0.0073 6.9  
----------------------------------------------------
-----------  Variance of random effects  -----------
----------------------------------------------------
      Parameter     Estimate SE    CV(%)
E0    omega2.E0     0.085    0.014 16   
Emax  omega2.Emax   0.451    0.075 17   
ED50  omega2.ED50   0.233    0.073 31   
covar cov.Emax.ED50 0.157    0.059 38   
----------------------------------------------------
------  Correlation matrix of random effects  ------
----------------------------------------------------
            omega2.E0 omega2.Emax omega2.ED50
omega2.E0   1         0.00        0.00       
omega2.Emax 0         1.00        0.48       
omega2.ED50 0         0.48        1.00       
----------------------------------------------------
---------------  Statistical criteria  -------------
----------------------------------------------------
Likelihood computed by linearisation
      -2LL= 2018.341 
      AIC = 2034.341 
      BIC = 2055.182 

Likelihood computed by importance sampling
      -2LL= 2018.668 
      AIC = 2034.668 
      BIC = 2055.509 
----------------------------------------------------
----------------------------------------------------
-----------------  Fixed effects  ------------------
----------------------------------------------------
  Parameter Estimate      SE CV(%)
1        E0     4.90  0.1515  3.10
2      Emax    30.93  2.2388  7.24
3      ED50   488.27 33.8706  6.94
4       b.1     0.11  0.0073  6.86
----------------------------------------------------
-----------  Variance of random effects  -----------
----------------------------------------------------
         Parameter Estimate    SE CV(%)
E0       omega2.E0    0.085 0.014 15.97
Emax   omega2.Emax    0.451 0.075 16.53
ED50   omega2.ED50    0.233 0.073 31.29
1    cov.Emax.ED50    0.157 0.059 37.58
----------------------------------------------------
------  Correlation matrix of random effects  ------
----------------------------------------------------
            omega2.E0 omega2.Emax omega2.ED50
omega2.E0   1.00      0.00        0.00       
omega2.Emax 0.00      1.00        0.48       
omega2.ED50 0.00      0.48        1.00       
----------------------------------------------------
---------------  Statistical criteria  -------------
----------------------------------------------------
Likelihood computed by linearisation
      -2LL= 2018.341 
      AIC = 2034.341 
      BIC = 2055.182 

Likelihood computed by importance sampling
      -2LL= 2018.668 
      AIC = 2034.668 
      BIC = 2055.509 
----------------------------------------------------
Reading data from file /home/eco/work/saemix/saemixextension/simulationSuite/cont/emaxRichProp/data/data_pdemax9.tab 
These are the first lines of the dataset as read into R. Please check the format of the data is appropriate, if not, modify the na and/or sep items and retry:
  id dose         y
1  1    0  5.633947
2  1  100  9.453053
3  1  300 17.469068
4  1 1000 29.564097
5  2    0  7.040868
6  2  100 14.212124


The following SaemixData object was successfully created:

Object of class SaemixData
    longitudinal data for use with the SAEM algorithm
Dataset /home/eco/work/saemix/saemixextension/simulationSuite/cont/emaxRichProp/data/data_pdemax9.tab 
    Structured data: y ~ dose | id 
    Predictor: dose (-) 
Nonlinear mixed-effects model fit by the SAEM algorithm
-----------------------------------
----          Data             ----
-----------------------------------
Object of class SaemixData
    longitudinal data for use with the SAEM algorithm
Dataset /home/eco/work/saemix/saemixextension/simulationSuite/cont/emaxRichProp/data/data_pdemax9.tab 
    Structured data: y ~ dose | id 
    Predictor: dose (-) 
Dataset characteristics:
    number of subjects:     100 
    number of observations: 400 
    average/min/max nb obs: 4.00  /  4  /  4 
First 10 lines of data:
   id dose         y mdv cens occ ytype
1   1    0  5.633947   0    0   1     1
2   1  100  9.453053   0    0   1     1
3   1  300 17.469068   0    0   1     1
4   1 1000 29.564097   0    0   1     1
5   2    0  7.040868   0    0   1     1
6   2  100 14.212124   0    0   1     1
7   2  300 17.427181   0    0   1     1
8   2 1000 19.132961   0    0   1     1
9   3    0  4.036638   0    0   1     1
10  3  100  6.281777   0    0   1     1
-----------------------------------
----          Model            ----
-----------------------------------
Nonlinear mixed-effects model
  Model function:  PD Emax model
  Model type:  structural
function (psi, id, xidep) 
{
    dose <- xidep[, 1]
    e0 <- psi[id, 1]
    emax <- psi[id, 2]
    e50 <- psi[id, 3]
    f <- e0 + emax * dose/(e50 + dose)
    return(f)
}
<bytecode: 0x557685349418>
  Nb of parameters: 3 
      parameter names:  E0 Emax ED50 
      distribution:
     Parameter Distribution Estimated
[1,] E0        log-normal   Estimated
[2,] Emax      log-normal   Estimated
[3,] ED50      log-normal   Estimated
  Variance-covariance matrix:
     E0 Emax ED50
E0    1    0    0
Emax  0    1    1
ED50  0    1    1
  Error model: proportional , initial values: b.1=0.2 
    No covariate in the model.
    Initial values
             E0 Emax ED50
Pop.CondInit 10   60 1000
-----------------------------------
----    Key algorithm options  ----
-----------------------------------
    Estimation of individual parameters (MAP)
    Estimation of standard errors and linearised log-likelihood
    Estimation of log-likelihood by importance sampling
    Number of iterations:  K1=300, K2=100 
    Number of chains:  1 
    Seed:  2014341 
    Number of MCMC iterations for IS:  5000 
    Simulations:
        nb of simulated datasets used for npde:  1000 
        nb of simulated datasets used for VPC:  100 
    Input/output
        save the results to a file:  FALSE 
        save the graphs to files:  TRUE 
        directory where results should be saved:  newdir 
----------------------------------------------------
----                  Results                   ----
----------------------------------------------------
-----------------  Fixed effects  ------------------
----------------------------------------------------
     Parameter Estimate SE      CV(%)
[1,] E0          5.064   0.1621 3.2  
[2,] Emax       31.608   2.4237 7.7  
[3,] ED50      513.962  49.6857 9.7  
[4,] b.1         0.095   0.0066 6.9  
----------------------------------------------------
-----------  Variance of random effects  -----------
----------------------------------------------------
      Parameter     Estimate SE    CV(%)
E0    omega2.E0     0.094    0.015 15   
Emax  omega2.Emax   0.501    0.083 17   
ED50  omega2.ED50   0.666    0.133 20   
covar cov.Emax.ED50 0.286    0.085 30   
----------------------------------------------------
------  Correlation matrix of random effects  ------
----------------------------------------------------
            omega2.E0 omega2.Emax omega2.ED50
omega2.E0   1         0.0         0.0        
omega2.Emax 0         1.0         0.5        
omega2.ED50 0         0.5         1.0        
----------------------------------------------------
---------------  Statistical criteria  -------------
----------------------------------------------------
Likelihood computed by linearisation
      -2LL= 2055.849 
      AIC = 2071.849 
      BIC = 2092.691 

Likelihood computed by importance sampling
      -2LL= 2056.758 
      AIC = 2072.758 
      BIC = 2093.599 
----------------------------------------------------
----------------------------------------------------
-----------------  Fixed effects  ------------------
----------------------------------------------------
  Parameter Estimate      SE CV(%)
1        E0    5.064  0.1621  3.20
2      Emax   31.608  2.4237  7.67
3      ED50  513.962 49.6857  9.67
4       b.1    0.095  0.0066  6.89
----------------------------------------------------
-----------  Variance of random effects  -----------
----------------------------------------------------
         Parameter Estimate    SE CV(%)
E0       omega2.E0    0.094 0.015 15.47
Emax   omega2.Emax    0.501 0.083 16.56
ED50   omega2.ED50    0.666 0.133 20.02
1    cov.Emax.ED50    0.286 0.085 29.87
----------------------------------------------------
------  Correlation matrix of random effects  ------
----------------------------------------------------
            omega2.E0 omega2.Emax omega2.ED50
omega2.E0   1.00      0.00        0.00       
omega2.Emax 0.00      1.00        0.50       
omega2.ED50 0.00      0.50        1.00       
----------------------------------------------------
---------------  Statistical criteria  -------------
----------------------------------------------------
Likelihood computed by linearisation
      -2LL= 2055.849 
      AIC = 2071.849 
      BIC = 2092.691 

Likelihood computed by importance sampling
      -2LL= 2056.758 
      AIC = 2072.758 
      BIC = 2093.599 
----------------------------------------------------
Reading data from file /home/eco/work/saemix/saemixextension/simulationSuite/cont/emaxRichProp/data/data_pdemax10.tab 
These are the first lines of the dataset as read into R. Please check the format of the data is appropriate, if not, modify the na and/or sep items and retry:
  id dose         y
1  1    0  4.382065
2  1  100 27.107889
3  1  300 41.736352
4  1 1000 93.482744
5  2    0  2.870725
6  2  100  5.970916


The following SaemixData object was successfully created:

Object of class SaemixData
    longitudinal data for use with the SAEM algorithm
Dataset /home/eco/work/saemix/saemixextension/simulationSuite/cont/emaxRichProp/data/data_pdemax10.tab 
    Structured data: y ~ dose | id 
    Predictor: dose (-) 
Nonlinear mixed-effects model fit by the SAEM algorithm
-----------------------------------
----          Data             ----
-----------------------------------
Object of class SaemixData
    longitudinal data for use with the SAEM algorithm
Dataset /home/eco/work/saemix/saemixextension/simulationSuite/cont/emaxRichProp/data/data_pdemax10.tab 
    Structured data: y ~ dose | id 
    Predictor: dose (-) 
Dataset characteristics:
    number of subjects:     100 
    number of observations: 400 
    average/min/max nb obs: 4.00  /  4  /  4 
First 10 lines of data:
   id dose         y mdv cens occ ytype
1   1    0  4.382065   0    0   1     1
2   1  100 27.107889   0    0   1     1
3   1  300 41.736352   0    0   1     1
4   1 1000 93.482744   0    0   1     1
5   2    0  2.870725   0    0   1     1
6   2  100  5.970916   0    0   1     1
7   2  300  8.130048   0    0   1     1
8   2 1000 12.596271   0    0   1     1
9   3    0  5.937306   0    0   1     1
10  3  100  8.969584   0    0   1     1
-----------------------------------
----          Model            ----
-----------------------------------
Nonlinear mixed-effects model
  Model function:  PD Emax model
  Model type:  structural
function (psi, id, xidep) 
{
    dose <- xidep[, 1]
    e0 <- psi[id, 1]
    emax <- psi[id, 2]
    e50 <- psi[id, 3]
    f <- e0 + emax * dose/(e50 + dose)
    return(f)
}
<bytecode: 0x557685349418>
  Nb of parameters: 3 
      parameter names:  E0 Emax ED50 
      distribution:
     Parameter Distribution Estimated
[1,] E0        log-normal   Estimated
[2,] Emax      log-normal   Estimated
[3,] ED50      log-normal   Estimated
  Variance-covariance matrix:
     E0 Emax ED50
E0    1    0    0
Emax  0    1    1
ED50  0    1    1
  Error model: proportional , initial values: b.1=0.2 
    No covariate in the model.
    Initial values
             E0 Emax ED50
Pop.CondInit 10   60 1000
-----------------------------------
----    Key algorithm options  ----
-----------------------------------
    Estimation of individual parameters (MAP)
    Estimation of standard errors and linearised log-likelihood
    Estimation of log-likelihood by importance sampling
    Number of iterations:  K1=300, K2=100 
    Number of chains:  1 
    Seed:  2014341 
    Number of MCMC iterations for IS:  5000 
    Simulations:
        nb of simulated datasets used for npde:  1000 
        nb of simulated datasets used for VPC:  100 
    Input/output
        save the results to a file:  FALSE 
        save the graphs to files:  TRUE 
        directory where results should be saved:  newdir 
----------------------------------------------------
----                  Results                   ----
----------------------------------------------------
-----------------  Fixed effects  ------------------
----------------------------------------------------
     Parameter Estimate SE      CV(%)
[1,] E0          4.889   0.1620 3.3  
[2,] Emax       29.793   2.2603 7.6  
[3,] ED50      627.003  59.0439 9.4  
[4,] b.1         0.093   0.0064 6.9  
----------------------------------------------------
-----------  Variance of random effects  -----------
----------------------------------------------------
      Parameter     Estimate SE    CV(%)
E0    omega2.E0     0.10     0.016 15   
Emax  omega2.Emax   0.47     0.082 17   
ED50  omega2.ED50   0.59     0.128 22   
covar cov.Emax.ED50 0.29     0.085 29   
----------------------------------------------------
------  Correlation matrix of random effects  ------
----------------------------------------------------
            omega2.E0 omega2.Emax omega2.ED50
omega2.E0   1         0.00        0.00       
omega2.Emax 0         1.00        0.55       
omega2.ED50 0         0.55        1.00       
----------------------------------------------------
---------------  Statistical criteria  -------------
----------------------------------------------------
Likelihood computed by linearisation
      -2LL= 1934.597 
      AIC = 1950.597 
      BIC = 1971.439 

Likelihood computed by importance sampling
      -2LL= 1933.59 
      AIC = 1949.59 
      BIC = 1970.432 
----------------------------------------------------
----------------------------------------------------
-----------------  Fixed effects  ------------------
----------------------------------------------------
  Parameter Estimate      SE CV(%)
1        E0    4.889  0.1620  3.31
2      Emax   29.793  2.2603  7.59
3      ED50  627.003 59.0439  9.42
4       b.1    0.093  0.0064  6.89
----------------------------------------------------
-----------  Variance of random effects  -----------
----------------------------------------------------
         Parameter Estimate    SE CV(%)
E0       omega2.E0     0.10 0.016 15.30
Emax   omega2.Emax     0.47 0.082 17.21
ED50   omega2.ED50     0.59 0.128 21.61
1    cov.Emax.ED50     0.29 0.085 29.42
----------------------------------------------------
------  Correlation matrix of random effects  ------
----------------------------------------------------
            omega2.E0 omega2.Emax omega2.ED50
omega2.E0   1.00      0.00        0.00       
omega2.Emax 0.00      1.00        0.55       
omega2.ED50 0.00      0.55        1.00       
----------------------------------------------------
---------------  Statistical criteria  -------------
----------------------------------------------------
Likelihood computed by linearisation
      -2LL= 1934.597 
      AIC = 1950.597 
      BIC = 1971.439 

Likelihood computed by importance sampling
      -2LL= 1933.59 
      AIC = 1949.59 
      BIC = 1970.432 
----------------------------------------------------
Reading data from file /home/eco/work/saemix/saemixextension/simulationSuite/cont/emaxRichProp/data/data_pdemax11.tab 
These are the first lines of the dataset as read into R. Please check the format of the data is appropriate, if not, modify the na and/or sep items and retry:
  id dose         y
1  1    0  4.922498
2  1  100 10.577783
3  1  300 15.255172
4  1 1000 22.907048
5  2    0  6.798373
6  2  100  9.488204


The following SaemixData object was successfully created:

Object of class SaemixData
    longitudinal data for use with the SAEM algorithm
Dataset /home/eco/work/saemix/saemixextension/simulationSuite/cont/emaxRichProp/data/data_pdemax11.tab 
    Structured data: y ~ dose | id 
    Predictor: dose (-) 
Nonlinear mixed-effects model fit by the SAEM algorithm
-----------------------------------
----          Data             ----
-----------------------------------
Object of class SaemixData
    longitudinal data for use with the SAEM algorithm
Dataset /home/eco/work/saemix/saemixextension/simulationSuite/cont/emaxRichProp/data/data_pdemax11.tab 
    Structured data: y ~ dose | id 
    Predictor: dose (-) 
Dataset characteristics:
    number of subjects:     100 
    number of observations: 400 
    average/min/max nb obs: 4.00  /  4  /  4 
First 10 lines of data:
   id dose         y mdv cens occ ytype
1   1    0  4.922498   0    0   1     1
2   1  100 10.577783   0    0   1     1
3   1  300 15.255172   0    0   1     1
4   1 1000 22.907048   0    0   1     1
5   2    0  6.798373   0    0   1     1
6   2  100  9.488204   0    0   1     1
7   2  300 13.590097   0    0   1     1
8   2 1000 31.523436   0    0   1     1
9   3    0  5.331169   0    0   1     1
10  3  100 11.840274   0    0   1     1
-----------------------------------
----          Model            ----
-----------------------------------
Nonlinear mixed-effects model
  Model function:  PD Emax model
  Model type:  structural
function (psi, id, xidep) 
{
    dose <- xidep[, 1]
    e0 <- psi[id, 1]
    emax <- psi[id, 2]
    e50 <- psi[id, 3]
    f <- e0 + emax * dose/(e50 + dose)
    return(f)
}
<bytecode: 0x557685349418>
  Nb of parameters: 3 
      parameter names:  E0 Emax ED50 
      distribution:
     Parameter Distribution Estimated
[1,] E0        log-normal   Estimated
[2,] Emax      log-normal   Estimated
[3,] ED50      log-normal   Estimated
  Variance-covariance matrix:
     E0 Emax ED50
E0    1    0    0
Emax  0    1    1
ED50  0    1    1
  Error model: proportional , initial values: b.1=0.2 
    No covariate in the model.
    Initial values
             E0 Emax ED50
Pop.CondInit 10   60 1000
-----------------------------------
----    Key algorithm options  ----
-----------------------------------
    Estimation of individual parameters (MAP)
    Estimation of standard errors and linearised log-likelihood
    Estimation of log-likelihood by importance sampling
    Number of iterations:  K1=300, K2=100 
    Number of chains:  1 
    Seed:  2014341 
    Number of MCMC iterations for IS:  5000 
    Simulations:
        nb of simulated datasets used for npde:  1000 
        nb of simulated datasets used for VPC:  100 
    Input/output
        save the results to a file:  FALSE 
        save the graphs to files:  TRUE 
        directory where results should be saved:  newdir 
----------------------------------------------------
----                  Results                   ----
----------------------------------------------------
-----------------  Fixed effects  ------------------
----------------------------------------------------
     Parameter Estimate SE      CV(%)
[1,] E0          4.69    0.1508 3.2  
[2,] Emax       27.27    1.9594 7.2  
[3,] ED50      467.99   34.4685 7.4  
[4,] b.1         0.09    0.0062 6.9  
----------------------------------------------------
-----------  Variance of random effects  -----------
----------------------------------------------------
      Parameter     Estimate SE    CV(%)
E0    omega2.E0     0.096    0.015 15   
Emax  omega2.Emax   0.460    0.073 16   
ED50  omega2.ED50   0.344    0.079 23   
covar cov.Emax.ED50 0.235    0.063 27   
----------------------------------------------------
------  Correlation matrix of random effects  ------
----------------------------------------------------
            omega2.E0 omega2.Emax omega2.ED50
omega2.E0   1         0.00        0.00       
omega2.Emax 0         1.00        0.59       
omega2.ED50 0         0.59        1.00       
----------------------------------------------------
---------------  Statistical criteria  -------------
----------------------------------------------------
Likelihood computed by linearisation
      -2LL= 1923.07 
      AIC = 1939.07 
      BIC = 1959.911 

Likelihood computed by importance sampling
      -2LL= 1923.235 
      AIC = 1939.235 
      BIC = 1960.076 
----------------------------------------------------
----------------------------------------------------
-----------------  Fixed effects  ------------------
----------------------------------------------------
  Parameter Estimate      SE CV(%)
1        E0     4.69  0.1508  3.22
2      Emax    27.27  1.9594  7.19
3      ED50   467.99 34.4685  7.37
4       b.1     0.09  0.0062  6.92
----------------------------------------------------
-----------  Variance of random effects  -----------
----------------------------------------------------
         Parameter Estimate    SE CV(%)
E0       omega2.E0    0.096 0.015 15.30
Emax   omega2.Emax    0.460 0.073 15.95
ED50   omega2.ED50    0.344 0.079 23.14
1    cov.Emax.ED50    0.235 0.063 26.95
----------------------------------------------------
------  Correlation matrix of random effects  ------
----------------------------------------------------
            omega2.E0 omega2.Emax omega2.ED50
omega2.E0   1.00      0.00        0.00       
omega2.Emax 0.00      1.00        0.59       
omega2.ED50 0.00      0.59        1.00       
----------------------------------------------------
---------------  Statistical criteria  -------------
----------------------------------------------------
Likelihood computed by linearisation
      -2LL= 1923.07 
      AIC = 1939.07 
      BIC = 1959.911 

Likelihood computed by importance sampling
      -2LL= 1923.235 
      AIC = 1939.235 
      BIC = 1960.076 
----------------------------------------------------
Reading data from file /home/eco/work/saemix/saemixextension/simulationSuite/cont/emaxRichProp/data/data_pdemax12.tab 
These are the first lines of the dataset as read into R. Please check the format of the data is appropriate, if not, modify the na and/or sep items and retry:
  id dose         y
1  1    0  4.190387
2  1  100  6.810532
3  1  300 10.663779
4  1 1000 15.521627
5  2    0  6.355571
6  2  100 16.651924


The following SaemixData object was successfully created:

Object of class SaemixData
    longitudinal data for use with the SAEM algorithm
Dataset /home/eco/work/saemix/saemixextension/simulationSuite/cont/emaxRichProp/data/data_pdemax12.tab 
    Structured data: y ~ dose | id 
    Predictor: dose (-) 
Nonlinear mixed-effects model fit by the SAEM algorithm
-----------------------------------
----          Data             ----
-----------------------------------
Object of class SaemixData
    longitudinal data for use with the SAEM algorithm
Dataset /home/eco/work/saemix/saemixextension/simulationSuite/cont/emaxRichProp/data/data_pdemax12.tab 
    Structured data: y ~ dose | id 
    Predictor: dose (-) 
Dataset characteristics:
    number of subjects:     100 
    number of observations: 400 
    average/min/max nb obs: 4.00  /  4  /  4 
First 10 lines of data:
   id dose         y mdv cens occ ytype
1   1    0  4.190387   0    0   1     1
2   1  100  6.810532   0    0   1     1
3   1  300 10.663779   0    0   1     1
4   1 1000 15.521627   0    0   1     1
5   2    0  6.355571   0    0   1     1
6   2  100 16.651924   0    0   1     1
7   2  300 25.800826   0    0   1     1
8   2 1000 40.126784   0    0   1     1
9   3    0  5.302458   0    0   1     1
10  3  100 11.078404   0    0   1     1
-----------------------------------
----          Model            ----
-----------------------------------
Nonlinear mixed-effects model
  Model function:  PD Emax model
  Model type:  structural
function (psi, id, xidep) 
{
    dose <- xidep[, 1]
    e0 <- psi[id, 1]
    emax <- psi[id, 2]
    e50 <- psi[id, 3]
    f <- e0 + emax * dose/(e50 + dose)
    return(f)
}
<bytecode: 0x557685349418>
  Nb of parameters: 3 
      parameter names:  E0 Emax ED50 
      distribution:
     Parameter Distribution Estimated
[1,] E0        log-normal   Estimated
[2,] Emax      log-normal   Estimated
[3,] ED50      log-normal   Estimated
  Variance-covariance matrix:
     E0 Emax ED50
E0    1    0    0
Emax  0    1    1
ED50  0    1    1
  Error model: proportional , initial values: b.1=0.2 
    No covariate in the model.
    Initial values
             E0 Emax ED50
Pop.CondInit 10   60 1000
-----------------------------------
----    Key algorithm options  ----
-----------------------------------
    Estimation of individual parameters (MAP)
    Estimation of standard errors and linearised log-likelihood
    Estimation of log-likelihood by importance sampling
    Number of iterations:  K1=300, K2=100 
    Number of chains:  1 
    Seed:  2014341 
    Number of MCMC iterations for IS:  5000 
    Simulations:
        nb of simulated datasets used for npde:  1000 
        nb of simulated datasets used for VPC:  100 
    Input/output
        save the results to a file:  FALSE 
        save the graphs to files:  TRUE 
        directory where results should be saved:  newdir 
----------------------------------------------------
----                  Results                   ----
----------------------------------------------------
-----------------  Fixed effects  ------------------
----------------------------------------------------
     Parameter Estimate SE      CV(%)
[1,] E0          5.131   0.1638 3.2  
[2,] Emax       30.925   2.4054 7.8  
[3,] ED50      556.977  40.1593 7.2  
[4,] b.1         0.099   0.0067 6.8  
----------------------------------------------------
-----------  Variance of random effects  -----------
----------------------------------------------------
      Parameter     Estimate SE    CV(%)
E0    omega2.E0     0.093    0.014 16   
Emax  omega2.Emax   0.525    0.086 16   
ED50  omega2.ED50   0.259    0.077 30   
covar cov.Emax.ED50 0.160    0.064 40   
----------------------------------------------------
------  Correlation matrix of random effects  ------
----------------------------------------------------
            omega2.E0 omega2.Emax omega2.ED50
omega2.E0   1         0.00        0.00       
omega2.Emax 0         1.00        0.43       
omega2.ED50 0         0.43        1.00       
----------------------------------------------------
---------------  Statistical criteria  -------------
----------------------------------------------------
Likelihood computed by linearisation
      -2LL= 2016.235 
      AIC = 2032.235 
      BIC = 2053.077 

Likelihood computed by importance sampling
      -2LL= 2014.7 
      AIC = 2030.7 
      BIC = 2051.542 
----------------------------------------------------
----------------------------------------------------
-----------------  Fixed effects  ------------------
----------------------------------------------------
  Parameter Estimate      SE CV(%)
1        E0    5.131  0.1638  3.19
2      Emax   30.925  2.4054  7.78
3      ED50  556.977 40.1593  7.21
4       b.1    0.099  0.0067  6.79
----------------------------------------------------
-----------  Variance of random effects  -----------
----------------------------------------------------
         Parameter Estimate    SE CV(%)
E0       omega2.E0    0.093 0.014 15.56
Emax   omega2.Emax    0.525 0.086 16.38
ED50   omega2.ED50    0.259 0.077 29.58
1    cov.Emax.ED50    0.160 0.064 40.22
----------------------------------------------------
------  Correlation matrix of random effects  ------
----------------------------------------------------
            omega2.E0 omega2.Emax omega2.ED50
omega2.E0   1.00      0.00        0.00       
omega2.Emax 0.00      1.00        0.43       
omega2.ED50 0.00      0.43        1.00       
----------------------------------------------------
---------------  Statistical criteria  -------------
----------------------------------------------------
Likelihood computed by linearisation
      -2LL= 2016.235 
      AIC = 2032.235 
      BIC = 2053.077 

Likelihood computed by importance sampling
      -2LL= 2014.7 
      AIC = 2030.7 
      BIC = 2051.542 
----------------------------------------------------
Reading data from file /home/eco/work/saemix/saemixextension/simulationSuite/cont/emaxRichProp/data/data_pdemax13.tab 
These are the first lines of the dataset as read into R. Please check the format of the data is appropriate, if not, modify the na and/or sep items and retry:
  id dose         y
1  1    0  8.370390
2  1  100 13.440254
3  1  300 23.271580
4  1 1000 32.298496
5  2    0  5.283097
6  2  100 26.569624


The following SaemixData object was successfully created:

Object of class SaemixData
    longitudinal data for use with the SAEM algorithm
Dataset /home/eco/work/saemix/saemixextension/simulationSuite/cont/emaxRichProp/data/data_pdemax13.tab 
    Structured data: y ~ dose | id 
    Predictor: dose (-) 
Nonlinear mixed-effects model fit by the SAEM algorithm
-----------------------------------
----          Data             ----
-----------------------------------
Object of class SaemixData
    longitudinal data for use with the SAEM algorithm
Dataset /home/eco/work/saemix/saemixextension/simulationSuite/cont/emaxRichProp/data/data_pdemax13.tab 
    Structured data: y ~ dose | id 
    Predictor: dose (-) 
Dataset characteristics:
    number of subjects:     100 
    number of observations: 400 
    average/min/max nb obs: 4.00  /  4  /  4 
First 10 lines of data:
   id dose         y mdv cens occ ytype
1   1    0  8.370390   0    0   1     1
2   1  100 13.440254   0    0   1     1
3   1  300 23.271580   0    0   1     1
4   1 1000 32.298496   0    0   1     1
5   2    0  5.283097   0    0   1     1
6   2  100 26.569624   0    0   1     1
7   2  300 48.042758   0    0   1     1
8   2 1000 61.963664   0    0   1     1
9   3    0  5.900418   0    0   1     1
10  3  100 27.267211   0    0   1     1
-----------------------------------
----          Model            ----
-----------------------------------
Nonlinear mixed-effects model
  Model function:  PD Emax model
  Model type:  structural
function (psi, id, xidep) 
{
    dose <- xidep[, 1]
    e0 <- psi[id, 1]
    emax <- psi[id, 2]
    e50 <- psi[id, 3]
    f <- e0 + emax * dose/(e50 + dose)
    return(f)
}
<bytecode: 0x557685349418>
  Nb of parameters: 3 
      parameter names:  E0 Emax ED50 
      distribution:
     Parameter Distribution Estimated
[1,] E0        log-normal   Estimated
[2,] Emax      log-normal   Estimated
[3,] ED50      log-normal   Estimated
  Variance-covariance matrix:
     E0 Emax ED50
E0    1    0    0
Emax  0    1    1
ED50  0    1    1
  Error model: proportional , initial values: b.1=0.2 
    No covariate in the model.
    Initial values
             E0 Emax ED50
Pop.CondInit 10   60 1000
-----------------------------------
----    Key algorithm options  ----
-----------------------------------
    Estimation of individual parameters (MAP)
    Estimation of standard errors and linearised log-likelihood
    Estimation of log-likelihood by importance sampling
    Number of iterations:  K1=300, K2=100 
    Number of chains:  1 
    Seed:  2014341 
    Number of MCMC iterations for IS:  5000 
    Simulations:
        nb of simulated datasets used for npde:  1000 
        nb of simulated datasets used for VPC:  100 
    Input/output
        save the results to a file:  FALSE 
        save the graphs to files:  TRUE 
        directory where results should be saved:  newdir 
----------------------------------------------------
----                  Results                   ----
----------------------------------------------------
-----------------  Fixed effects  ------------------
----------------------------------------------------
     Parameter Estimate SE      CV(%)
[1,] E0          5.307   0.1558 2.9  
[2,] Emax       30.752   2.1808 7.1  
[3,] ED50      485.617  38.3655 7.9  
[4,] b.1         0.085   0.0059 6.9  
----------------------------------------------------
-----------  Variance of random effects  -----------
----------------------------------------------------
      Parameter     Estimate SE    CV(%)
E0    omega2.E0     0.079    0.012 15   
Emax  omega2.Emax   0.445    0.071 16   
ED50  omega2.ED50   0.429    0.090 21   
covar cov.Emax.ED50 0.154    0.062 40   
----------------------------------------------------
------  Correlation matrix of random effects  ------
----------------------------------------------------
            omega2.E0 omega2.Emax omega2.ED50
omega2.E0   1         0.00        0.00       
omega2.Emax 0         1.00        0.35       
omega2.ED50 0         0.35        1.00       
----------------------------------------------------
---------------  Statistical criteria  -------------
----------------------------------------------------
Likelihood computed by linearisation
      -2LL= 2006.913 
      AIC = 2022.913 
      BIC = 2043.754 

Likelihood computed by importance sampling
      -2LL= 2005.215 
      AIC = 2021.215 
      BIC = 2042.056 
----------------------------------------------------
----------------------------------------------------
-----------------  Fixed effects  ------------------
----------------------------------------------------
  Parameter Estimate      SE CV(%)
1        E0    5.307  0.1558  2.94
2      Emax   30.752  2.1808  7.09
3      ED50  485.617 38.3655  7.90
4       b.1    0.085  0.0059  6.93
----------------------------------------------------
-----------  Variance of random effects  -----------
----------------------------------------------------
         Parameter Estimate    SE CV(%)
E0       omega2.E0    0.079 0.012 15.41
Emax   omega2.Emax    0.445 0.071 16.01
ED50   omega2.ED50    0.429 0.090 20.96
1    cov.Emax.ED50    0.154 0.062 40.12
----------------------------------------------------
------  Correlation matrix of random effects  ------
----------------------------------------------------
            omega2.E0 omega2.Emax omega2.ED50
omega2.E0   1.00      0.00        0.00       
omega2.Emax 0.00      1.00        0.35       
omega2.ED50 0.00      0.35        1.00       
----------------------------------------------------
---------------  Statistical criteria  -------------
----------------------------------------------------
Likelihood computed by linearisation
      -2LL= 2006.913 
      AIC = 2022.913 
      BIC = 2043.754 

Likelihood computed by importance sampling
      -2LL= 2005.215 
      AIC = 2021.215 
      BIC = 2042.056 
----------------------------------------------------
Reading data from file /home/eco/work/saemix/saemixextension/simulationSuite/cont/emaxRichProp/data/data_pdemax14.tab 
These are the first lines of the dataset as read into R. Please check the format of the data is appropriate, if not, modify the na and/or sep items and retry:
  id dose         y
1  1    0  4.689756
2  1  100  7.979341
3  1  300 15.088024
4  1 1000 27.808564
5  2    0  5.981459
6  2  100  9.009063


The following SaemixData object was successfully created:

Object of class SaemixData
    longitudinal data for use with the SAEM algorithm
Dataset /home/eco/work/saemix/saemixextension/simulationSuite/cont/emaxRichProp/data/data_pdemax14.tab 
    Structured data: y ~ dose | id 
    Predictor: dose (-) 
Nonlinear mixed-effects model fit by the SAEM algorithm
-----------------------------------
----          Data             ----
-----------------------------------
Object of class SaemixData
    longitudinal data for use with the SAEM algorithm
Dataset /home/eco/work/saemix/saemixextension/simulationSuite/cont/emaxRichProp/data/data_pdemax14.tab 
    Structured data: y ~ dose | id 
    Predictor: dose (-) 
Dataset characteristics:
    number of subjects:     100 
    number of observations: 400 
    average/min/max nb obs: 4.00  /  4  /  4 
First 10 lines of data:
   id dose         y mdv cens occ ytype
1   1    0  4.689756   0    0   1     1
2   1  100  7.979341   0    0   1     1
3   1  300 15.088024   0    0   1     1
4   1 1000 27.808564   0    0   1     1
5   2    0  5.981459   0    0   1     1
6   2  100  9.009063   0    0   1     1
7   2  300 10.186635   0    0   1     1
8   2 1000 12.637480   0    0   1     1
9   3    0  4.905081   0    0   1     1
10  3  100  6.448004   0    0   1     1
-----------------------------------
----          Model            ----
-----------------------------------
Nonlinear mixed-effects model
  Model function:  PD Emax model
  Model type:  structural
function (psi, id, xidep) 
{
    dose <- xidep[, 1]
    e0 <- psi[id, 1]
    emax <- psi[id, 2]
    e50 <- psi[id, 3]
    f <- e0 + emax * dose/(e50 + dose)
    return(f)
}
<bytecode: 0x557685349418>
  Nb of parameters: 3 
      parameter names:  E0 Emax ED50 
      distribution:
     Parameter Distribution Estimated
[1,] E0        log-normal   Estimated
[2,] Emax      log-normal   Estimated
[3,] ED50      log-normal   Estimated
  Variance-covariance matrix:
     E0 Emax ED50
E0    1    0    0
Emax  0    1    1
ED50  0    1    1
  Error model: proportional , initial values: b.1=0.2 
    No covariate in the model.
    Initial values
             E0 Emax ED50
Pop.CondInit 10   60 1000
-----------------------------------
----    Key algorithm options  ----
-----------------------------------
    Estimation of individual parameters (MAP)
    Estimation of standard errors and linearised log-likelihood
    Estimation of log-likelihood by importance sampling
    Number of iterations:  K1=300, K2=100 
    Number of chains:  1 
    Seed:  2014341 
    Number of MCMC iterations for IS:  5000 
    Simulations:
        nb of simulated datasets used for npde:  1000 
        nb of simulated datasets used for VPC:  100 
    Input/output
        save the results to a file:  FALSE 
        save the graphs to files:  TRUE 
        directory where results should be saved:  newdir 
----------------------------------------------------
----                  Results                   ----
----------------------------------------------------
-----------------  Fixed effects  ------------------
----------------------------------------------------
     Parameter Estimate SE      CV(%)
[1,] E0          5.3     0.1611 3.1  
[2,] Emax       31.1     2.4076 7.7  
[3,] ED50      507.3    44.2370 8.7  
[4,] b.1         0.1     0.0072 6.9  
----------------------------------------------------
-----------  Variance of random effects  -----------
----------------------------------------------------
      Parameter     Estimate SE    CV(%)
E0    omega2.E0     0.084    0.013 16   
Emax  omega2.Emax   0.511    0.085 17   
ED50  omega2.ED50   0.469    0.111 24   
covar cov.Emax.ED50 0.262    0.080 30   
----------------------------------------------------
------  Correlation matrix of random effects  ------
----------------------------------------------------
            omega2.E0 omega2.Emax omega2.ED50
omega2.E0   1         0.00        0.00       
omega2.Emax 0         1.00        0.54       
omega2.ED50 0         0.54        1.00       
----------------------------------------------------
---------------  Statistical criteria  -------------
----------------------------------------------------
Likelihood computed by linearisation
      -2LL= 2061.6 
      AIC = 2077.6 
      BIC = 2098.441 

Likelihood computed by importance sampling
      -2LL= 2061.351 
      AIC = 2077.351 
      BIC = 2098.193 
----------------------------------------------------
----------------------------------------------------
-----------------  Fixed effects  ------------------
----------------------------------------------------
  Parameter Estimate      SE CV(%)
1        E0     5.25  0.1611  3.07
2      Emax    31.11  2.4076  7.74
3      ED50   507.33 44.2370  8.72
4       b.1     0.10  0.0072  6.88
----------------------------------------------------
-----------  Variance of random effects  -----------
----------------------------------------------------
         Parameter Estimate    SE CV(%)
E0       omega2.E0    0.084 0.013 15.92
Emax   omega2.Emax    0.511 0.085 16.63
ED50   omega2.ED50    0.469 0.111 23.63
1    cov.Emax.ED50    0.262 0.080 30.45
----------------------------------------------------
------  Correlation matrix of random effects  ------
----------------------------------------------------
            omega2.E0 omega2.Emax omega2.ED50
omega2.E0   1.00      0.00        0.00       
omega2.Emax 0.00      1.00        0.54       
omega2.ED50 0.00      0.54        1.00       
----------------------------------------------------
---------------  Statistical criteria  -------------
----------------------------------------------------
Likelihood computed by linearisation
      -2LL= 2061.6 
      AIC = 2077.6 
      BIC = 2098.441 

Likelihood computed by importance sampling
      -2LL= 2061.351 
      AIC = 2077.351 
      BIC = 2098.193 
----------------------------------------------------
Reading data from file /home/eco/work/saemix/saemixextension/simulationSuite/cont/emaxRichProp/data/data_pdemax15.tab 
These are the first lines of the dataset as read into R. Please check the format of the data is appropriate, if not, modify the na and/or sep items and retry:
  id dose         y
1  1    0  4.659867
2  1  100 12.344373
3  1  300 16.928376
4  1 1000 18.644087
5  2    0  6.200774
6  2  100 11.737712


The following SaemixData object was successfully created:

Object of class SaemixData
    longitudinal data for use with the SAEM algorithm
Dataset /home/eco/work/saemix/saemixextension/simulationSuite/cont/emaxRichProp/data/data_pdemax15.tab 
    Structured data: y ~ dose | id 
    Predictor: dose (-) 
Nonlinear mixed-effects model fit by the SAEM algorithm
-----------------------------------
----          Data             ----
-----------------------------------
Object of class SaemixData
    longitudinal data for use with the SAEM algorithm
Dataset /home/eco/work/saemix/saemixextension/simulationSuite/cont/emaxRichProp/data/data_pdemax15.tab 
    Structured data: y ~ dose | id 
    Predictor: dose (-) 
Dataset characteristics:
    number of subjects:     100 
    number of observations: 400 
    average/min/max nb obs: 4.00  /  4  /  4 
First 10 lines of data:
   id dose         y mdv cens occ ytype
1   1    0  4.659867   0    0   1     1
2   1  100 12.344373   0    0   1     1
3   1  300 16.928376   0    0   1     1
4   1 1000 18.644087   0    0   1     1
5   2    0  6.200774   0    0   1     1
6   2  100 11.737712   0    0   1     1
7   2  300 16.511401   0    0   1     1
8   2 1000 18.511411   0    0   1     1
9   3    0  3.534809   0    0   1     1
10  3  100 10.401098   0    0   1     1
-----------------------------------
----          Model            ----
-----------------------------------
Nonlinear mixed-effects model
  Model function:  PD Emax model
  Model type:  structural
function (psi, id, xidep) 
{
    dose <- xidep[, 1]
    e0 <- psi[id, 1]
    emax <- psi[id, 2]
    e50 <- psi[id, 3]
    f <- e0 + emax * dose/(e50 + dose)
    return(f)
}
<bytecode: 0x557685349418>
  Nb of parameters: 3 
      parameter names:  E0 Emax ED50 
      distribution:
     Parameter Distribution Estimated
[1,] E0        log-normal   Estimated
[2,] Emax      log-normal   Estimated
[3,] ED50      log-normal   Estimated
  Variance-covariance matrix:
     E0 Emax ED50
E0    1    0    0
Emax  0    1    1
ED50  0    1    1
  Error model: proportional , initial values: b.1=0.2 
    No covariate in the model.
    Initial values
             E0 Emax ED50
Pop.CondInit 10   60 1000
-----------------------------------
----    Key algorithm options  ----
-----------------------------------
    Estimation of individual parameters (MAP)
    Estimation of standard errors and linearised log-likelihood
    Estimation of log-likelihood by importance sampling
    Number of iterations:  K1=300, K2=100 
    Number of chains:  1 
    Seed:  2014341 
    Number of MCMC iterations for IS:  5000 
    Simulations:
        nb of simulated datasets used for npde:  1000 
        nb of simulated datasets used for VPC:  100 
    Input/output
        save the results to a file:  FALSE 
        save the graphs to files:  TRUE 
        directory where results should be saved:  newdir 
----------------------------------------------------
----                  Results                   ----
----------------------------------------------------
-----------------  Fixed effects  ------------------
----------------------------------------------------
     Parameter Estimate SE     CV(%)
[1,] E0          4.9     0.156 3.2  
[2,] Emax       28.8     2.238 7.8  
[3,] ED50      463.6    42.562 9.2  
[4,] b.1         0.1     0.007 6.9  
----------------------------------------------------
-----------  Variance of random effects  -----------
----------------------------------------------------
      Parameter     Estimate SE    CV(%)
E0    omega2.E0     0.09     0.014 16   
Emax  omega2.Emax   0.53     0.086 16   
ED50  omega2.ED50   0.57     0.122 21   
covar cov.Emax.ED50 0.28     0.083 30   
----------------------------------------------------
------  Correlation matrix of random effects  ------
----------------------------------------------------
            omega2.E0 omega2.Emax omega2.ED50
omega2.E0   1         0.00        0.00       
omega2.Emax 0         1.00        0.51       
omega2.ED50 0         0.51        1.00       
----------------------------------------------------
---------------  Statistical criteria  -------------
----------------------------------------------------
Likelihood computed by linearisation
      -2LL= 2033.95 
      AIC = 2049.95 
      BIC = 2070.792 

Likelihood computed by importance sampling
      -2LL= 2030.601 
      AIC = 2046.601 
      BIC = 2067.442 
----------------------------------------------------
----------------------------------------------------
-----------------  Fixed effects  ------------------
----------------------------------------------------
  Parameter Estimate     SE CV(%)
1        E0     4.94  0.156  3.15
2      Emax    28.77  2.238  7.78
3      ED50   463.61 42.562  9.18
4       b.1     0.10  0.007  6.92
----------------------------------------------------
-----------  Variance of random effects  -----------
----------------------------------------------------
         Parameter Estimate    SE CV(%)
E0       omega2.E0     0.09 0.014 15.71
Emax   omega2.Emax     0.53 0.086 16.30
ED50   omega2.ED50     0.57 0.122 21.39
1    cov.Emax.ED50     0.28 0.083 29.71
----------------------------------------------------
------  Correlation matrix of random effects  ------
----------------------------------------------------
            omega2.E0 omega2.Emax omega2.ED50
omega2.E0   1.00      0.00        0.00       
omega2.Emax 0.00      1.00        0.51       
omega2.ED50 0.00      0.51        1.00       
----------------------------------------------------
---------------  Statistical criteria  -------------
----------------------------------------------------
Likelihood computed by linearisation
      -2LL= 2033.95 
      AIC = 2049.95 
      BIC = 2070.792 

Likelihood computed by importance sampling
      -2LL= 2030.601 
      AIC = 2046.601 
      BIC = 2067.442 
----------------------------------------------------
Reading data from file /home/eco/work/saemix/saemixextension/simulationSuite/cont/emaxRichProp/data/data_pdemax16.tab 
These are the first lines of the dataset as read into R. Please check the format of the data is appropriate, if not, modify the na and/or sep items and retry:
  id dose         y
1  1    0  3.400354
2  1  100  5.170192
3  1  300  7.937186
4  1 1000 11.212863
5  2    0  4.233236
6  2  100  6.669340


The following SaemixData object was successfully created:

Object of class SaemixData
    longitudinal data for use with the SAEM algorithm
Dataset /home/eco/work/saemix/saemixextension/simulationSuite/cont/emaxRichProp/data/data_pdemax16.tab 
    Structured data: y ~ dose | id 
    Predictor: dose (-) 
Nonlinear mixed-effects model fit by the SAEM algorithm
-----------------------------------
----          Data             ----
-----------------------------------
Object of class SaemixData
    longitudinal data for use with the SAEM algorithm
Dataset /home/eco/work/saemix/saemixextension/simulationSuite/cont/emaxRichProp/data/data_pdemax16.tab 
    Structured data: y ~ dose | id 
    Predictor: dose (-) 
Dataset characteristics:
    number of subjects:     100 
    number of observations: 400 
    average/min/max nb obs: 4.00  /  4  /  4 
First 10 lines of data:
   id dose         y mdv cens occ ytype
1   1    0  3.400354   0    0   1     1
2   1  100  5.170192   0    0   1     1
3   1  300  7.937186   0    0   1     1
4   1 1000 11.212863   0    0   1     1
5   2    0  4.233236   0    0   1     1
6   2  100  6.669340   0    0   1     1
7   2  300 10.437998   0    0   1     1
8   2 1000 12.312360   0    0   1     1
9   3    0  3.802478   0    0   1     1
10  3  100  7.314481   0    0   1     1
-----------------------------------
----          Model            ----
-----------------------------------
Nonlinear mixed-effects model
  Model function:  PD Emax model
  Model type:  structural
function (psi, id, xidep) 
{
    dose <- xidep[, 1]
    e0 <- psi[id, 1]
    emax <- psi[id, 2]
    e50 <- psi[id, 3]
    f <- e0 + emax * dose/(e50 + dose)
    return(f)
}
<bytecode: 0x557685349418>
  Nb of parameters: 3 
      parameter names:  E0 Emax ED50 
      distribution:
     Parameter Distribution Estimated
[1,] E0        log-normal   Estimated
[2,] Emax      log-normal   Estimated
[3,] ED50      log-normal   Estimated
  Variance-covariance matrix:
     E0 Emax ED50
E0    1    0    0
Emax  0    1    1
ED50  0    1    1
  Error model: proportional , initial values: b.1=0.2 
    No covariate in the model.
    Initial values
             E0 Emax ED50
Pop.CondInit 10   60 1000
-----------------------------------
----    Key algorithm options  ----
-----------------------------------
    Estimation of individual parameters (MAP)
    Estimation of standard errors and linearised log-likelihood
    Estimation of log-likelihood by importance sampling
    Number of iterations:  K1=300, K2=100 
    Number of chains:  1 
    Seed:  2014341 
    Number of MCMC iterations for IS:  5000 
    Simulations:
        nb of simulated datasets used for npde:  1000 
        nb of simulated datasets used for VPC:  100 
    Input/output
        save the results to a file:  FALSE 
        save the graphs to files:  TRUE 
        directory where results should be saved:  newdir 
----------------------------------------------------
----                  Results                   ----
----------------------------------------------------
-----------------  Fixed effects  ------------------
----------------------------------------------------
     Parameter Estimate SE      CV(%)
[1,] E0          5.109   0.1574 3.1  
[2,] Emax       29.219   2.2310 7.6  
[3,] ED50      509.313  43.1651 8.5  
[4,] b.1         0.094   0.0065 6.9  
----------------------------------------------------
-----------  Variance of random effects  -----------
----------------------------------------------------
      Parameter     Estimate SE    CV(%)
E0    omega2.E0     0.086    0.013 16   
Emax  omega2.Emax   0.509    0.083 16   
ED50  omega2.ED50   0.471    0.104 22   
covar cov.Emax.ED50 0.275    0.077 28   
----------------------------------------------------
------  Correlation matrix of random effects  ------
----------------------------------------------------
            omega2.E0 omega2.Emax omega2.ED50
omega2.E0   1         0.00        0.00       
omega2.Emax 0         1.00        0.56       
omega2.ED50 0         0.56        1.00       
----------------------------------------------------
---------------  Statistical criteria  -------------
----------------------------------------------------
Likelihood computed by linearisation
      -2LL= 1975.919 
      AIC = 1991.919 
      BIC = 2012.76 

Likelihood computed by importance sampling
      -2LL= 1973.311 
      AIC = 1989.311 
      BIC = 2010.152 
----------------------------------------------------
----------------------------------------------------
-----------------  Fixed effects  ------------------
----------------------------------------------------
  Parameter Estimate      SE CV(%)
1        E0    5.109  0.1574  3.08
2      Emax   29.219  2.2310  7.64
3      ED50  509.313 43.1651  8.48
4       b.1    0.094  0.0065  6.92
----------------------------------------------------
-----------  Variance of random effects  -----------
----------------------------------------------------
         Parameter Estimate    SE CV(%)
E0       omega2.E0    0.086 0.013 15.55
Emax   omega2.Emax    0.509 0.083 16.26
ED50   omega2.ED50    0.471 0.104 22.16
1    cov.Emax.ED50    0.275 0.077 27.98
----------------------------------------------------
------  Correlation matrix of random effects  ------
----------------------------------------------------
            omega2.E0 omega2.Emax omega2.ED50
omega2.E0   1.00      0.00        0.00       
omega2.Emax 0.00      1.00        0.56       
omega2.ED50 0.00      0.56        1.00       
----------------------------------------------------
---------------  Statistical criteria  -------------
----------------------------------------------------
Likelihood computed by linearisation
      -2LL= 1975.919 
      AIC = 1991.919 
      BIC = 2012.76 

Likelihood computed by importance sampling
      -2LL= 1973.311 
      AIC = 1989.311 
      BIC = 2010.152 
----------------------------------------------------
Reading data from file /home/eco/work/saemix/saemixextension/simulationSuite/cont/emaxRichProp/data/data_pdemax17.tab 
These are the first lines of the dataset as read into R. Please check the format of the data is appropriate, if not, modify the na and/or sep items and retry:
  id dose         y
1  1    0  7.810723
2  1  100  9.914503
3  1  300 12.653269
4  1 1000 17.017828
5  2    0  8.260582
6  2  100 20.698980


The following SaemixData object was successfully created:

Object of class SaemixData
    longitudinal data for use with the SAEM algorithm
Dataset /home/eco/work/saemix/saemixextension/simulationSuite/cont/emaxRichProp/data/data_pdemax17.tab 
    Structured data: y ~ dose | id 
    Predictor: dose (-) 
Nonlinear mixed-effects model fit by the SAEM algorithm
-----------------------------------
----          Data             ----
-----------------------------------
Object of class SaemixData
    longitudinal data for use with the SAEM algorithm
Dataset /home/eco/work/saemix/saemixextension/simulationSuite/cont/emaxRichProp/data/data_pdemax17.tab 
    Structured data: y ~ dose | id 
    Predictor: dose (-) 
Dataset characteristics:
    number of subjects:     100 
    number of observations: 400 
    average/min/max nb obs: 4.00  /  4  /  4 
First 10 lines of data:
   id dose         y mdv cens occ ytype
1   1    0  7.810723   0    0   1     1
2   1  100  9.914503   0    0   1     1
3   1  300 12.653269   0    0   1     1
4   1 1000 17.017828   0    0   1     1
5   2    0  8.260582   0    0   1     1
6   2  100 20.698980   0    0   1     1
7   2  300 32.489365   0    0   1     1
8   2 1000 51.632684   0    0   1     1
9   3    0  7.925135   0    0   1     1
10  3  100 13.453386   0    0   1     1
-----------------------------------
----          Model            ----
-----------------------------------
Nonlinear mixed-effects model
  Model function:  PD Emax model
  Model type:  structural
function (psi, id, xidep) 
{
    dose <- xidep[, 1]
    e0 <- psi[id, 1]
    emax <- psi[id, 2]
    e50 <- psi[id, 3]
    f <- e0 + emax * dose/(e50 + dose)
    return(f)
}
<bytecode: 0x557685349418>
  Nb of parameters: 3 
      parameter names:  E0 Emax ED50 
      distribution:
     Parameter Distribution Estimated
[1,] E0        log-normal   Estimated
[2,] Emax      log-normal   Estimated
[3,] ED50      log-normal   Estimated
  Variance-covariance matrix:
     E0 Emax ED50
E0    1    0    0
Emax  0    1    1
ED50  0    1    1
  Error model: proportional , initial values: b.1=0.2 
    No covariate in the model.
    Initial values
             E0 Emax ED50
Pop.CondInit 10   60 1000
-----------------------------------
----    Key algorithm options  ----
-----------------------------------
    Estimation of individual parameters (MAP)
    Estimation of standard errors and linearised log-likelihood
    Estimation of log-likelihood by importance sampling
    Number of iterations:  K1=300, K2=100 
    Number of chains:  1 
    Seed:  2014341 
    Number of MCMC iterations for IS:  5000 
    Simulations:
        nb of simulated datasets used for npde:  1000 
        nb of simulated datasets used for VPC:  100 
    Input/output
        save the results to a file:  FALSE 
        save the graphs to files:  TRUE 
        directory where results should be saved:  newdir 
----------------------------------------------------
----                  Results                   ----
----------------------------------------------------
-----------------  Fixed effects  ------------------
----------------------------------------------------
     Parameter Estimate SE      CV(%)
[1,] E0          5.078   0.1843 3.6  
[2,] Emax       31.170   2.1126 6.8  
[3,] ED50      452.780  36.1961 8.0  
[4,] b.1         0.087   0.0061 6.9  
----------------------------------------------------
-----------  Variance of random effects  -----------
----------------------------------------------------
      Parameter     Estimate SE    CV(%)
E0    omega2.E0     0.12     0.019 15   
Emax  omega2.Emax   0.41     0.065 16   
ED50  omega2.ED50   0.45     0.092 20   
covar cov.Emax.ED50 0.21     0.062 30   
----------------------------------------------------
------  Correlation matrix of random effects  ------
----------------------------------------------------
            omega2.E0 omega2.Emax omega2.ED50
omega2.E0   1         0.00        0.00       
omega2.Emax 0         1.00        0.48       
omega2.ED50 0         0.48        1.00       
----------------------------------------------------
---------------  Statistical criteria  -------------
----------------------------------------------------
Likelihood computed by linearisation
      -2LL= 2049.866 
      AIC = 2065.866 
      BIC = 2086.707 

Likelihood computed by importance sampling
      -2LL= 2048.461 
      AIC = 2064.461 
      BIC = 2085.303 
----------------------------------------------------
----------------------------------------------------
-----------------  Fixed effects  ------------------
----------------------------------------------------
  Parameter Estimate      SE CV(%)
1        E0    5.078  0.1843  3.63
2      Emax   31.170  2.1126  6.78
3      ED50  452.780 36.1961  7.99
4       b.1    0.087  0.0061  6.94
----------------------------------------------------
-----------  Variance of random effects  -----------
----------------------------------------------------
         Parameter Estimate    SE CV(%)
E0       omega2.E0     0.12 0.019 14.98
Emax   omega2.Emax     0.41 0.065 16.07
ED50   omega2.ED50     0.45 0.092 20.46
1    cov.Emax.ED50     0.21 0.062 30.28
----------------------------------------------------
------  Correlation matrix of random effects  ------
----------------------------------------------------
            omega2.E0 omega2.Emax omega2.ED50
omega2.E0   1.00      0.00        0.00       
omega2.Emax 0.00      1.00        0.48       
omega2.ED50 0.00      0.48        1.00       
----------------------------------------------------
---------------  Statistical criteria  -------------
----------------------------------------------------
Likelihood computed by linearisation
      -2LL= 2049.866 
      AIC = 2065.866 
      BIC = 2086.707 

Likelihood computed by importance sampling
      -2LL= 2048.461 
      AIC = 2064.461 
      BIC = 2085.303 
----------------------------------------------------
Reading data from file /home/eco/work/saemix/saemixextension/simulationSuite/cont/emaxRichProp/data/data_pdemax18.tab 
These are the first lines of the dataset as read into R. Please check the format of the data is appropriate, if not, modify the na and/or sep items and retry:
  id dose         y
1  1    0  7.326531
2  1  100 15.163392
3  1  300 21.104203
4  1 1000 39.834425
5  2    0  5.687587
6  2  100 10.603361


The following SaemixData object was successfully created:

Object of class SaemixData
    longitudinal data for use with the SAEM algorithm
Dataset /home/eco/work/saemix/saemixextension/simulationSuite/cont/emaxRichProp/data/data_pdemax18.tab 
    Structured data: y ~ dose | id 
    Predictor: dose (-) 
Nonlinear mixed-effects model fit by the SAEM algorithm
-----------------------------------
----          Data             ----
-----------------------------------
Object of class SaemixData
    longitudinal data for use with the SAEM algorithm
Dataset /home/eco/work/saemix/saemixextension/simulationSuite/cont/emaxRichProp/data/data_pdemax18.tab 
    Structured data: y ~ dose | id 
    Predictor: dose (-) 
Dataset characteristics:
    number of subjects:     100 
    number of observations: 400 
    average/min/max nb obs: 4.00  /  4  /  4 
First 10 lines of data:
   id dose         y mdv cens occ ytype
1   1    0  7.326531   0    0   1     1
2   1  100 15.163392   0    0   1     1
3   1  300 21.104203   0    0   1     1
4   1 1000 39.834425   0    0   1     1
5   2    0  5.687587   0    0   1     1
6   2  100 10.603361   0    0   1     1
7   2  300 20.268583   0    0   1     1
8   2 1000 23.768317   0    0   1     1
9   3    0  4.428447   0    0   1     1
10  3  100  6.371857   0    0   1     1
-----------------------------------
----          Model            ----
-----------------------------------
Nonlinear mixed-effects model
  Model function:  PD Emax model
  Model type:  structural
function (psi, id, xidep) 
{
    dose <- xidep[, 1]
    e0 <- psi[id, 1]
    emax <- psi[id, 2]
    e50 <- psi[id, 3]
    f <- e0 + emax * dose/(e50 + dose)
    return(f)
}
<bytecode: 0x557685349418>
  Nb of parameters: 3 
      parameter names:  E0 Emax ED50 
      distribution:
     Parameter Distribution Estimated
[1,] E0        log-normal   Estimated
[2,] Emax      log-normal   Estimated
[3,] ED50      log-normal   Estimated
  Variance-covariance matrix:
     E0 Emax ED50
E0    1    0    0
Emax  0    1    1
ED50  0    1    1
  Error model: proportional , initial values: b.1=0.2 
    No covariate in the model.
    Initial values
             E0 Emax ED50
Pop.CondInit 10   60 1000
-----------------------------------
----    Key algorithm options  ----
-----------------------------------
    Estimation of individual parameters (MAP)
    Estimation of standard errors and linearised log-likelihood
    Estimation of log-likelihood by importance sampling
    Number of iterations:  K1=300, K2=100 
    Number of chains:  1 
    Seed:  2014341 
    Number of MCMC iterations for IS:  5000 
    Simulations:
        nb of simulated datasets used for npde:  1000 
        nb of simulated datasets used for VPC:  100 
    Input/output
        save the results to a file:  FALSE 
        save the graphs to files:  TRUE 
        directory where results should be saved:  newdir 
----------------------------------------------------
----                  Results                   ----
----------------------------------------------------
-----------------  Fixed effects  ------------------
----------------------------------------------------
     Parameter Estimate SE      CV(%)
[1,] E0          4.83    0.1553 3.2  
[2,] Emax       29.25    2.0315 6.9  
[3,] ED50      512.03   38.4343 7.5  
[4,] b.1         0.11    0.0077 6.8  
----------------------------------------------------
-----------  Variance of random effects  -----------
----------------------------------------------------
      Parameter     Estimate SE    CV(%)
E0    omega2.E0     0.091    0.015 16   
Emax  omega2.Emax   0.392    0.069 18   
ED50  omega2.ED50   0.262    0.086 33   
covar cov.Emax.ED50 0.177    0.064 36   
----------------------------------------------------
------  Correlation matrix of random effects  ------
----------------------------------------------------
            omega2.E0 omega2.Emax omega2.ED50
omega2.E0   1         0.00        0.00       
omega2.Emax 0         1.00        0.55       
omega2.ED50 0         0.55        1.00       
----------------------------------------------------
---------------  Statistical criteria  -------------
----------------------------------------------------
Likelihood computed by linearisation
      -2LL= 1978.969 
      AIC = 1994.969 
      BIC = 2015.81 

Likelihood computed by importance sampling
      -2LL= 1979.067 
      AIC = 1995.067 
      BIC = 2015.908 
----------------------------------------------------
----------------------------------------------------
-----------------  Fixed effects  ------------------
----------------------------------------------------
  Parameter Estimate      SE CV(%)
1        E0     4.83  0.1553  3.21
2      Emax    29.25  2.0315  6.94
3      ED50   512.03 38.4343  7.51
4       b.1     0.11  0.0077  6.84
----------------------------------------------------
-----------  Variance of random effects  -----------
----------------------------------------------------
         Parameter Estimate    SE CV(%)
E0       omega2.E0    0.091 0.015 16.05
Emax   omega2.Emax    0.392 0.069 17.58
ED50   omega2.ED50    0.262 0.086 32.76
1    cov.Emax.ED50    0.177 0.064 36.04
----------------------------------------------------
------  Correlation matrix of random effects  ------
----------------------------------------------------
            omega2.E0 omega2.Emax omega2.ED50
omega2.E0   1.00      0.00        0.00       
omega2.Emax 0.00      1.00        0.55       
omega2.ED50 0.00      0.55        1.00       
----------------------------------------------------
---------------  Statistical criteria  -------------
----------------------------------------------------
Likelihood computed by linearisation
      -2LL= 1978.969 
      AIC = 1994.969 
      BIC = 2015.81 

Likelihood computed by importance sampling
      -2LL= 1979.067 
      AIC = 1995.067 
      BIC = 2015.908 
----------------------------------------------------
Reading data from file /home/eco/work/saemix/saemixextension/simulationSuite/cont/emaxRichProp/data/data_pdemax19.tab 
These are the first lines of the dataset as read into R. Please check the format of the data is appropriate, if not, modify the na and/or sep items and retry:
  id dose         y
1  1    0  5.058979
2  1  100  7.842848
3  1  300 13.292367
4  1 1000 23.916530
5  2    0  4.268435
6  2  100  9.385477


The following SaemixData object was successfully created:

Object of class SaemixData
    longitudinal data for use with the SAEM algorithm
Dataset /home/eco/work/saemix/saemixextension/simulationSuite/cont/emaxRichProp/data/data_pdemax19.tab 
    Structured data: y ~ dose | id 
    Predictor: dose (-) 
Nonlinear mixed-effects model fit by the SAEM algorithm
-----------------------------------
----          Data             ----
-----------------------------------
Object of class SaemixData
    longitudinal data for use with the SAEM algorithm
Dataset /home/eco/work/saemix/saemixextension/simulationSuite/cont/emaxRichProp/data/data_pdemax19.tab 
    Structured data: y ~ dose | id 
    Predictor: dose (-) 
Dataset characteristics:
    number of subjects:     100 
    number of observations: 400 
    average/min/max nb obs: 4.00  /  4  /  4 
First 10 lines of data:
   id dose         y mdv cens occ ytype
1   1    0  5.058979   0    0   1     1
2   1  100  7.842848   0    0   1     1
3   1  300 13.292367   0    0   1     1
4   1 1000 23.916530   0    0   1     1
5   2    0  4.268435   0    0   1     1
6   2  100  9.385477   0    0   1     1
7   2  300 23.909291   0    0   1     1
8   2 1000 32.218542   0    0   1     1
9   3    0  6.457848   0    0   1     1
10  3  100  9.411498   0    0   1     1
-----------------------------------
----          Model            ----
-----------------------------------
Nonlinear mixed-effects model
  Model function:  PD Emax model
  Model type:  structural
function (psi, id, xidep) 
{
    dose <- xidep[, 1]
    e0 <- psi[id, 1]
    emax <- psi[id, 2]
    e50 <- psi[id, 3]
    f <- e0 + emax * dose/(e50 + dose)
    return(f)
}
<bytecode: 0x557685349418>
  Nb of parameters: 3 
      parameter names:  E0 Emax ED50 
      distribution:
     Parameter Distribution Estimated
[1,] E0        log-normal   Estimated
[2,] Emax      log-normal   Estimated
[3,] ED50      log-normal   Estimated
  Variance-covariance matrix:
     E0 Emax ED50
E0    1    0    0
Emax  0    1    1
ED50  0    1    1
  Error model: proportional , initial values: b.1=0.2 
    No covariate in the model.
    Initial values
             E0 Emax ED50
Pop.CondInit 10   60 1000
-----------------------------------
----    Key algorithm options  ----
-----------------------------------
    Estimation of individual parameters (MAP)
    Estimation of standard errors and linearised log-likelihood
    Estimation of log-likelihood by importance sampling
    Number of iterations:  K1=300, K2=100 
    Number of chains:  1 
    Seed:  2014341 
    Number of MCMC iterations for IS:  5000 
    Simulations:
        nb of simulated datasets used for npde:  1000 
        nb of simulated datasets used for VPC:  100 
    Input/output
        save the results to a file:  FALSE 
        save the graphs to files:  TRUE 
        directory where results should be saved:  newdir 
----------------------------------------------------
----                  Results                   ----
----------------------------------------------------
-----------------  Fixed effects  ------------------
----------------------------------------------------
     Parameter Estimate SE      CV(%)
[1,] E0          4.93    0.1428 2.9  
[2,] Emax       28.72    1.9930 6.9  
[3,] ED50      460.40   35.4866 7.7  
[4,] b.1         0.12    0.0084 6.8  
----------------------------------------------------
-----------  Variance of random effects  -----------
----------------------------------------------------
      Parameter     Estimate SE    CV(%)
E0    omega2.E0     0.069    0.012 17   
Emax  omega2.Emax   0.386    0.069 18   
ED50  omega2.ED50   0.255    0.090 35   
covar cov.Emax.ED50 0.082    0.061 74   
----------------------------------------------------
------  Correlation matrix of random effects  ------
----------------------------------------------------
            omega2.E0 omega2.Emax omega2.ED50
omega2.E0   1         0.00        0.00       
omega2.Emax 0         1.00        0.26       
omega2.ED50 0         0.26        1.00       
----------------------------------------------------
---------------  Statistical criteria  -------------
----------------------------------------------------
Likelihood computed by linearisation
      -2LL= 2035.173 
      AIC = 2051.173 
      BIC = 2072.014 

Likelihood computed by importance sampling
      -2LL= 2035.64 
      AIC = 2051.64 
      BIC = 2072.481 
----------------------------------------------------
----------------------------------------------------
-----------------  Fixed effects  ------------------
----------------------------------------------------
  Parameter Estimate      SE CV(%)
1        E0     4.93  0.1428  2.90
2      Emax    28.72  1.9930  6.94
3      ED50   460.40 35.4866  7.71
4       b.1     0.12  0.0084  6.79
----------------------------------------------------
-----------  Variance of random effects  -----------
----------------------------------------------------
         Parameter Estimate    SE CV(%)
E0       omega2.E0    0.069 0.012 17.25
Emax   omega2.Emax    0.386 0.069 17.84
ED50   omega2.ED50    0.255 0.090 35.31
1    cov.Emax.ED50    0.082 0.061 74.09
----------------------------------------------------
------  Correlation matrix of random effects  ------
----------------------------------------------------
            omega2.E0 omega2.Emax omega2.ED50
omega2.E0   1.00      0.00        0.00       
omega2.Emax 0.00      1.00        0.26       
omega2.ED50 0.00      0.26        1.00       
----------------------------------------------------
---------------  Statistical criteria  -------------
----------------------------------------------------
Likelihood computed by linearisation
      -2LL= 2035.173 
      AIC = 2051.173 
      BIC = 2072.014 

Likelihood computed by importance sampling
      -2LL= 2035.64 
      AIC = 2051.64 
      BIC = 2072.481 
----------------------------------------------------
Reading data from file /home/eco/work/saemix/saemixextension/simulationSuite/cont/emaxRichProp/data/data_pdemax20.tab 
These are the first lines of the dataset as read into R. Please check the format of the data is appropriate, if not, modify the na and/or sep items and retry:
  id dose         y
1  1    0  7.963477
2  1  100 10.168229
3  1  300 13.529488
4  1 1000 19.871568
5  2    0  6.507204
6  2  100  9.191540


The following SaemixData object was successfully created:

Object of class SaemixData
    longitudinal data for use with the SAEM algorithm
Dataset /home/eco/work/saemix/saemixextension/simulationSuite/cont/emaxRichProp/data/data_pdemax20.tab 
    Structured data: y ~ dose | id 
    Predictor: dose (-) 
Nonlinear mixed-effects model fit by the SAEM algorithm
-----------------------------------
----          Data             ----
-----------------------------------
Object of class SaemixData
    longitudinal data for use with the SAEM algorithm
Dataset /home/eco/work/saemix/saemixextension/simulationSuite/cont/emaxRichProp/data/data_pdemax20.tab 
    Structured data: y ~ dose | id 
    Predictor: dose (-) 
Dataset characteristics:
    number of subjects:     100 
    number of observations: 400 
    average/min/max nb obs: 4.00  /  4  /  4 
First 10 lines of data:
   id dose         y mdv cens occ ytype
1   1    0  7.963477   0    0   1     1
2   1  100 10.168229   0    0   1     1
3   1  300 13.529488   0    0   1     1
4   1 1000 19.871568   0    0   1     1
5   2    0  6.507204   0    0   1     1
6   2  100  9.191540   0    0   1     1
7   2  300 15.959622   0    0   1     1
8   2 1000 22.718534   0    0   1     1
9   3    0  4.196679   0    0   1     1
10  3  100 16.318872   0    0   1     1
-----------------------------------
----          Model            ----
-----------------------------------
Nonlinear mixed-effects model
  Model function:  PD Emax model
  Model type:  structural
function (psi, id, xidep) 
{
    dose <- xidep[, 1]
    e0 <- psi[id, 1]
    emax <- psi[id, 2]
    e50 <- psi[id, 3]
    f <- e0 + emax * dose/(e50 + dose)
    return(f)
}
<bytecode: 0x557685349418>
  Nb of parameters: 3 
      parameter names:  E0 Emax ED50 
      distribution:
     Parameter Distribution Estimated
[1,] E0        log-normal   Estimated
[2,] Emax      log-normal   Estimated
[3,] ED50      log-normal   Estimated
  Variance-covariance matrix:
     E0 Emax ED50
E0    1    0    0
Emax  0    1    1
ED50  0    1    1
  Error model: proportional , initial values: b.1=0.2 
    No covariate in the model.
    Initial values
             E0 Emax ED50
Pop.CondInit 10   60 1000
-----------------------------------
----    Key algorithm options  ----
-----------------------------------
    Estimation of individual parameters (MAP)
    Estimation of standard errors and linearised log-likelihood
    Estimation of log-likelihood by importance sampling
    Number of iterations:  K1=300, K2=100 
    Number of chains:  1 
    Seed:  2014341 
    Number of MCMC iterations for IS:  5000 
    Simulations:
        nb of simulated datasets used for npde:  1000 
        nb of simulated datasets used for VPC:  100 
    Input/output
        save the results to a file:  FALSE 
        save the graphs to files:  TRUE 
        directory where results should be saved:  newdir 
----------------------------------------------------
----                  Results                   ----
----------------------------------------------------
-----------------  Fixed effects  ------------------
----------------------------------------------------
     Parameter Estimate SE      CV(%)
[1,] E0          5.1     0.1557 3.1  
[2,] Emax       26.3     1.8562 7.1  
[3,] ED50      422.2    34.8139 8.2  
[4,] b.1         0.1     0.0071 6.9  
----------------------------------------------------
-----------  Variance of random effects  -----------
----------------------------------------------------
      Parameter     Estimate SE    CV(%)
E0    omega2.E0     0.083    0.013 16   
Emax  omega2.Emax   0.426    0.071 17   
ED50  omega2.ED50   0.410    0.100 24   
covar cov.Emax.ED50 0.224    0.069 31   
----------------------------------------------------
------  Correlation matrix of random effects  ------
----------------------------------------------------
            omega2.E0 omega2.Emax omega2.ED50
omega2.E0   1         0.00        0.00       
omega2.Emax 0         1.00        0.54       
omega2.ED50 0         0.54        1.00       
----------------------------------------------------
---------------  Statistical criteria  -------------
----------------------------------------------------
Likelihood computed by linearisation
      -2LL= 1998.435 
      AIC = 2014.435 
      BIC = 2035.276 

Likelihood computed by importance sampling
      -2LL= 1999.582 
      AIC = 2015.582 
      BIC = 2036.424 
----------------------------------------------------
----------------------------------------------------
-----------------  Fixed effects  ------------------
----------------------------------------------------
  Parameter Estimate      SE CV(%)
1        E0     5.09  0.1557  3.06
2      Emax    26.29  1.8562  7.06
3      ED50   422.24 34.8139  8.25
4       b.1     0.10  0.0071  6.88
----------------------------------------------------
-----------  Variance of random effects  -----------
----------------------------------------------------
         Parameter Estimate    SE CV(%)
E0       omega2.E0    0.083 0.013 15.91
Emax   omega2.Emax    0.426 0.071 16.61
ED50   omega2.ED50    0.410 0.100 24.27
1    cov.Emax.ED50    0.224 0.069 30.76
----------------------------------------------------
------  Correlation matrix of random effects  ------
----------------------------------------------------
            omega2.E0 omega2.Emax omega2.ED50
omega2.E0   1.00      0.00        0.00       
omega2.Emax 0.00      1.00        0.54       
omega2.ED50 0.00      0.54        1.00       
----------------------------------------------------
---------------  Statistical criteria  -------------
----------------------------------------------------
Likelihood computed by linearisation
      -2LL= 1998.435 
      AIC = 2014.435 
      BIC = 2035.276 

Likelihood computed by importance sampling
      -2LL= 1999.582 
      AIC = 2015.582 
      BIC = 2036.424 
----------------------------------------------------
Reading data from file /home/eco/work/saemix/saemixextension/simulationSuite/cont/emaxRichProp/data/data_pdemax21.tab 
These are the first lines of the dataset as read into R. Please check the format of the data is appropriate, if not, modify the na and/or sep items and retry:
  id dose         y
1  1    0  7.767470
2  1  100  8.891869
3  1  300 13.545153
4  1 1000 13.607629
5  2    0  8.108174
6  2  100 17.846616


The following SaemixData object was successfully created:

Object of class SaemixData
    longitudinal data for use with the SAEM algorithm
Dataset /home/eco/work/saemix/saemixextension/simulationSuite/cont/emaxRichProp/data/data_pdemax21.tab 
    Structured data: y ~ dose | id 
    Predictor: dose (-) 
Nonlinear mixed-effects model fit by the SAEM algorithm
-----------------------------------
----          Data             ----
-----------------------------------
Object of class SaemixData
    longitudinal data for use with the SAEM algorithm
Dataset /home/eco/work/saemix/saemixextension/simulationSuite/cont/emaxRichProp/data/data_pdemax21.tab 
    Structured data: y ~ dose | id 
    Predictor: dose (-) 
Dataset characteristics:
    number of subjects:     100 
    number of observations: 400 
    average/min/max nb obs: 4.00  /  4  /  4 
First 10 lines of data:
   id dose         y mdv cens occ ytype
1   1    0  7.767470   0    0   1     1
2   1  100  8.891869   0    0   1     1
3   1  300 13.545153   0    0   1     1
4   1 1000 13.607629   0    0   1     1
5   2    0  8.108174   0    0   1     1
6   2  100 17.846616   0    0   1     1
7   2  300 25.422500   0    0   1     1
8   2 1000 38.677982   0    0   1     1
9   3    0  5.240451   0    0   1     1
10  3  100 11.448887   0    0   1     1
-----------------------------------
----          Model            ----
-----------------------------------
Nonlinear mixed-effects model
  Model function:  PD Emax model
  Model type:  structural
function (psi, id, xidep) 
{
    dose <- xidep[, 1]
    e0 <- psi[id, 1]
    emax <- psi[id, 2]
    e50 <- psi[id, 3]
    f <- e0 + emax * dose/(e50 + dose)
    return(f)
}
<bytecode: 0x557685349418>
  Nb of parameters: 3 
      parameter names:  E0 Emax ED50 
      distribution:
     Parameter Distribution Estimated
[1,] E0        log-normal   Estimated
[2,] Emax      log-normal   Estimated
[3,] ED50      log-normal   Estimated
  Variance-covariance matrix:
     E0 Emax ED50
E0    1    0    0
Emax  0    1    1
ED50  0    1    1
  Error model: proportional , initial values: b.1=0.2 
    No covariate in the model.
    Initial values
             E0 Emax ED50
Pop.CondInit 10   60 1000
-----------------------------------
----    Key algorithm options  ----
-----------------------------------
    Estimation of individual parameters (MAP)
    Estimation of standard errors and linearised log-likelihood
    Estimation of log-likelihood by importance sampling
    Number of iterations:  K1=300, K2=100 
    Number of chains:  1 
    Seed:  2014341 
    Number of MCMC iterations for IS:  5000 
    Simulations:
        nb of simulated datasets used for npde:  1000 
        nb of simulated datasets used for VPC:  100 
    Input/output
        save the results to a file:  FALSE 
        save the graphs to files:  TRUE 
        directory where results should be saved:  newdir 
----------------------------------------------------
----                  Results                   ----
----------------------------------------------------
-----------------  Fixed effects  ------------------
----------------------------------------------------
     Parameter Estimate SE      CV(%)
[1,] E0          5.221   0.1652 3.2  
[2,] Emax       30.327   2.3999 7.9  
[3,] ED50      553.678  48.0928 8.7  
[4,] b.1         0.091   0.0063 6.9  
----------------------------------------------------
-----------  Variance of random effects  -----------
----------------------------------------------------
      Parameter     Estimate SE    CV(%)
E0    omega2.E0     0.092    0.014 15   
Emax  omega2.Emax   0.545    0.089 16   
ED50  omega2.ED50   0.501    0.109 22   
covar cov.Emax.ED50 0.272    0.080 29   
----------------------------------------------------
------  Correlation matrix of random effects  ------
----------------------------------------------------
            omega2.E0 omega2.Emax omega2.ED50
omega2.E0   1         0.00        0.00       
omega2.Emax 0         1.00        0.52       
omega2.ED50 0         0.52        1.00       
----------------------------------------------------
---------------  Statistical criteria  -------------
----------------------------------------------------
Likelihood computed by linearisation
      -2LL= 2004.672 
      AIC = 2020.672 
      BIC = 2041.514 

Likelihood computed by importance sampling
      -2LL= 2007.183 
      AIC = 2023.183 
      BIC = 2044.024 
----------------------------------------------------
----------------------------------------------------
-----------------  Fixed effects  ------------------
----------------------------------------------------
  Parameter Estimate      SE CV(%)
1        E0    5.221  0.1652  3.16
2      Emax   30.327  2.3999  7.91
3      ED50  553.678 48.0928  8.69
4       b.1    0.091  0.0063  6.89
----------------------------------------------------
-----------  Variance of random effects  -----------
----------------------------------------------------
         Parameter Estimate    SE CV(%)
E0       omega2.E0    0.092 0.014 15.37
Emax   omega2.Emax    0.545 0.089 16.28
ED50   omega2.ED50    0.501 0.109 21.69
1    cov.Emax.ED50    0.272 0.080 29.46
----------------------------------------------------
------  Correlation matrix of random effects  ------
----------------------------------------------------
            omega2.E0 omega2.Emax omega2.ED50
omega2.E0   1.00      0.00        0.00       
omega2.Emax 0.00      1.00        0.52       
omega2.ED50 0.00      0.52        1.00       
----------------------------------------------------
---------------  Statistical criteria  -------------
----------------------------------------------------
Likelihood computed by linearisation
      -2LL= 2004.672 
      AIC = 2020.672 
      BIC = 2041.514 

Likelihood computed by importance sampling
      -2LL= 2007.183 
      AIC = 2023.183 
      BIC = 2044.024 
----------------------------------------------------
Reading data from file /home/eco/work/saemix/saemixextension/simulationSuite/cont/emaxRichProp/data/data_pdemax22.tab 
These are the first lines of the dataset as read into R. Please check the format of the data is appropriate, if not, modify the na and/or sep items and retry:
  id dose         y
1  1    0  5.632024
2  1  100 10.575829
3  1  300 13.934739
4  1 1000 23.210323
5  2    0  6.257017
6  2  100 13.294515


The following SaemixData object was successfully created:

Object of class SaemixData
    longitudinal data for use with the SAEM algorithm
Dataset /home/eco/work/saemix/saemixextension/simulationSuite/cont/emaxRichProp/data/data_pdemax22.tab 
    Structured data: y ~ dose | id 
    Predictor: dose (-) 
Nonlinear mixed-effects model fit by the SAEM algorithm
-----------------------------------
----          Data             ----
-----------------------------------
Object of class SaemixData
    longitudinal data for use with the SAEM algorithm
Dataset /home/eco/work/saemix/saemixextension/simulationSuite/cont/emaxRichProp/data/data_pdemax22.tab 
    Structured data: y ~ dose | id 
    Predictor: dose (-) 
Dataset characteristics:
    number of subjects:     100 
    number of observations: 400 
    average/min/max nb obs: 4.00  /  4  /  4 
First 10 lines of data:
   id dose         y mdv cens occ ytype
1   1    0  5.632024   0    0   1     1
2   1  100 10.575829   0    0   1     1
3   1  300 13.934739   0    0   1     1
4   1 1000 23.210323   0    0   1     1
5   2    0  6.257017   0    0   1     1
6   2  100 13.294515   0    0   1     1
7   2  300 21.223664   0    0   1     1
8   2 1000 23.736811   0    0   1     1
9   3    0  3.425719   0    0   1     1
10  3  100  4.717869   0    0   1     1
-----------------------------------
----          Model            ----
-----------------------------------
Nonlinear mixed-effects model
  Model function:  PD Emax model
  Model type:  structural
function (psi, id, xidep) 
{
    dose <- xidep[, 1]
    e0 <- psi[id, 1]
    emax <- psi[id, 2]
    e50 <- psi[id, 3]
    f <- e0 + emax * dose/(e50 + dose)
    return(f)
}
<bytecode: 0x557685349418>
  Nb of parameters: 3 
      parameter names:  E0 Emax ED50 
      distribution:
     Parameter Distribution Estimated
[1,] E0        log-normal   Estimated
[2,] Emax      log-normal   Estimated
[3,] ED50      log-normal   Estimated
  Variance-covariance matrix:
     E0 Emax ED50
E0    1    0    0
Emax  0    1    1
ED50  0    1    1
  Error model: proportional , initial values: b.1=0.2 
    No covariate in the model.
    Initial values
             E0 Emax ED50
Pop.CondInit 10   60 1000
-----------------------------------
----    Key algorithm options  ----
-----------------------------------
    Estimation of individual parameters (MAP)
    Estimation of standard errors and linearised log-likelihood
    Estimation of log-likelihood by importance sampling
    Number of iterations:  K1=300, K2=100 
    Number of chains:  1 
    Seed:  2014341 
    Number of MCMC iterations for IS:  5000 
    Simulations:
        nb of simulated datasets used for npde:  1000 
        nb of simulated datasets used for VPC:  100 
    Input/output
        save the results to a file:  FALSE 
        save the graphs to files:  TRUE 
        directory where results should be saved:  newdir 
----------------------------------------------------
----                  Results                   ----
----------------------------------------------------
-----------------  Fixed effects  ------------------
----------------------------------------------------
     Parameter Estimate SE      CV(%)
[1,] E0          5.0     0.1451 2.9  
[2,] Emax       27.3     1.9491 7.1  
[3,] ED50      472.0    40.3499 8.5  
[4,] b.1         0.1     0.0071 6.9  
----------------------------------------------------
-----------  Variance of random effects  -----------
----------------------------------------------------
      Parameter     Estimate SE    CV(%)
E0    omega2.E0     0.075    0.012 16   
Emax  omega2.Emax   0.432    0.073 17   
ED50  omega2.ED50   0.461    0.107 23   
covar cov.Emax.ED50 0.280    0.075 27   
----------------------------------------------------
------  Correlation matrix of random effects  ------
----------------------------------------------------
            omega2.E0 omega2.Emax omega2.ED50
omega2.E0   1         0.00        0.00       
omega2.Emax 0         1.00        0.63       
omega2.ED50 0         0.63        1.00       
----------------------------------------------------
---------------  Statistical criteria  -------------
----------------------------------------------------
Likelihood computed by linearisation
      -2LL= 1942.78 
      AIC = 1958.78 
      BIC = 1979.622 

Likelihood computed by importance sampling
      -2LL= 1943.75 
      AIC = 1959.75 
      BIC = 1980.592 
----------------------------------------------------
----------------------------------------------------
-----------------  Fixed effects  ------------------
----------------------------------------------------
  Parameter Estimate      SE CV(%)
1        E0     4.98  0.1451  2.92
2      Emax    27.30  1.9491  7.14
3      ED50   471.97 40.3499  8.55
4       b.1     0.10  0.0071  6.92
----------------------------------------------------
-----------  Variance of random effects  -----------
----------------------------------------------------
         Parameter Estimate    SE CV(%)
E0       omega2.E0    0.075 0.012 16.08
Emax   omega2.Emax    0.432 0.073 16.80
ED50   omega2.ED50    0.461 0.107 23.30
1    cov.Emax.ED50    0.280 0.075 26.78
----------------------------------------------------
------  Correlation matrix of random effects  ------
----------------------------------------------------
            omega2.E0 omega2.Emax omega2.ED50
omega2.E0   1.00      0.00        0.00       
omega2.Emax 0.00      1.00        0.63       
omega2.ED50 0.00      0.63        1.00       
----------------------------------------------------
---------------  Statistical criteria  -------------
----------------------------------------------------
Likelihood computed by linearisation
      -2LL= 1942.78 
      AIC = 1958.78 
      BIC = 1979.622 

Likelihood computed by importance sampling
      -2LL= 1943.75 
      AIC = 1959.75 
      BIC = 1980.592 
----------------------------------------------------
Reading data from file /home/eco/work/saemix/saemixextension/simulationSuite/cont/emaxRichProp/data/data_pdemax23.tab 
These are the first lines of the dataset as read into R. Please check the format of the data is appropriate, if not, modify the na and/or sep items and retry:
  id dose         y
1  1    0  2.745926
2  1  100  9.315456
3  1  300 11.493745
4  1 1000 14.012922
5  2    0  5.169193
6  2  100  8.271305


The following SaemixData object was successfully created:

Object of class SaemixData
    longitudinal data for use with the SAEM algorithm
Dataset /home/eco/work/saemix/saemixextension/simulationSuite/cont/emaxRichProp/data/data_pdemax23.tab 
    Structured data: y ~ dose | id 
    Predictor: dose (-) 
Nonlinear mixed-effects model fit by the SAEM algorithm
-----------------------------------
----          Data             ----
-----------------------------------
Object of class SaemixData
    longitudinal data for use with the SAEM algorithm
Dataset /home/eco/work/saemix/saemixextension/simulationSuite/cont/emaxRichProp/data/data_pdemax23.tab 
    Structured data: y ~ dose | id 
    Predictor: dose (-) 
Dataset characteristics:
    number of subjects:     100 
    number of observations: 400 
    average/min/max nb obs: 4.00  /  4  /  4 
First 10 lines of data:
   id dose         y mdv cens occ ytype
1   1    0  2.745926   0    0   1     1
2   1  100  9.315456   0    0   1     1
3   1  300 11.493745   0    0   1     1
4   1 1000 14.012922   0    0   1     1
5   2    0  5.169193   0    0   1     1
6   2  100  8.271305   0    0   1     1
7   2  300 13.771700   0    0   1     1
8   2 1000 23.574067   0    0   1     1
9   3    0  7.315145   0    0   1     1
10  3  100 10.338783   0    0   1     1
-----------------------------------
----          Model            ----
-----------------------------------
Nonlinear mixed-effects model
  Model function:  PD Emax model
  Model type:  structural
function (psi, id, xidep) 
{
    dose <- xidep[, 1]
    e0 <- psi[id, 1]
    emax <- psi[id, 2]
    e50 <- psi[id, 3]
    f <- e0 + emax * dose/(e50 + dose)
    return(f)
}
<bytecode: 0x557685349418>
  Nb of parameters: 3 
      parameter names:  E0 Emax ED50 
      distribution:
     Parameter Distribution Estimated
[1,] E0        log-normal   Estimated
[2,] Emax      log-normal   Estimated
[3,] ED50      log-normal   Estimated
  Variance-covariance matrix:
     E0 Emax ED50
E0    1    0    0
Emax  0    1    1
ED50  0    1    1
  Error model: proportional , initial values: b.1=0.2 
    No covariate in the model.
    Initial values
             E0 Emax ED50
Pop.CondInit 10   60 1000
-----------------------------------
----    Key algorithm options  ----
-----------------------------------
    Estimation of individual parameters (MAP)
    Estimation of standard errors and linearised log-likelihood
    Estimation of log-likelihood by importance sampling
    Number of iterations:  K1=300, K2=100 
    Number of chains:  1 
    Seed:  2014341 
    Number of MCMC iterations for IS:  5000 
    Simulations:
        nb of simulated datasets used for npde:  1000 
        nb of simulated datasets used for VPC:  100 
    Input/output
        save the results to a file:  FALSE 
        save the graphs to files:  TRUE 
        directory where results should be saved:  newdir 
----------------------------------------------------
----                  Results                   ----
----------------------------------------------------
-----------------  Fixed effects  ------------------
----------------------------------------------------
     Parameter Estimate SE      CV(%)
[1,] E0          5.1     0.1569 3.1  
[2,] Emax       28.0     2.0979 7.5  
[3,] ED50      458.4    42.6994 9.3  
[4,] b.1         0.1     0.0072 6.9  
----------------------------------------------------
-----------  Variance of random effects  -----------
----------------------------------------------------
      Parameter     Estimate SE    CV(%)
E0    omega2.E0     0.084    0.013 16   
Emax  omega2.Emax   0.474    0.079 17   
ED50  omega2.ED50   0.572    0.126 22   
covar cov.Emax.ED50 0.299    0.083 28   
----------------------------------------------------
------  Correlation matrix of random effects  ------
----------------------------------------------------
            omega2.E0 omega2.Emax omega2.ED50
omega2.E0   1         0.00        0.00       
omega2.Emax 0         1.00        0.57       
omega2.ED50 0         0.57        1.00       
----------------------------------------------------
---------------  Statistical criteria  -------------
----------------------------------------------------
Likelihood computed by linearisation
      -2LL= 2015.415 
      AIC = 2031.415 
      BIC = 2052.256 

Likelihood computed by importance sampling
      -2LL= 2014.23 
      AIC = 2030.23 
      BIC = 2051.071 
----------------------------------------------------
----------------------------------------------------
-----------------  Fixed effects  ------------------
----------------------------------------------------
  Parameter Estimate      SE CV(%)
1        E0     5.10  0.1569  3.08
2      Emax    28.04  2.0979  7.48
3      ED50   458.42 42.6994  9.31
4       b.1     0.10  0.0072  6.90
----------------------------------------------------
-----------  Variance of random effects  -----------
----------------------------------------------------
         Parameter Estimate    SE CV(%)
E0       omega2.E0    0.084 0.013 15.94
Emax   omega2.Emax    0.474 0.079 16.74
ED50   omega2.ED50    0.572 0.126 21.99
1    cov.Emax.ED50    0.299 0.083 27.89
----------------------------------------------------
------  Correlation matrix of random effects  ------
----------------------------------------------------
            omega2.E0 omega2.Emax omega2.ED50
omega2.E0   1.00      0.00        0.00       
omega2.Emax 0.00      1.00        0.57       
omega2.ED50 0.00      0.57        1.00       
----------------------------------------------------
---------------  Statistical criteria  -------------
----------------------------------------------------
Likelihood computed by linearisation
      -2LL= 2015.415 
      AIC = 2031.415 
      BIC = 2052.256 

Likelihood computed by importance sampling
      -2LL= 2014.23 
      AIC = 2030.23 
      BIC = 2051.071 
----------------------------------------------------
Reading data from file /home/eco/work/saemix/saemixextension/simulationSuite/cont/emaxRichProp/data/data_pdemax24.tab 
These are the first lines of the dataset as read into R. Please check the format of the data is appropriate, if not, modify the na and/or sep items and retry:
  id dose         y
1  1    0  6.076226
2  1  100 10.691739
3  1  300 14.531036
4  1 1000 23.456464
5  2    0  5.026461
6  2  100 11.580363


The following SaemixData object was successfully created:

Object of class SaemixData
    longitudinal data for use with the SAEM algorithm
Dataset /home/eco/work/saemix/saemixextension/simulationSuite/cont/emaxRichProp/data/data_pdemax24.tab 
    Structured data: y ~ dose | id 
    Predictor: dose (-) 
Nonlinear mixed-effects model fit by the SAEM algorithm
-----------------------------------
----          Data             ----
-----------------------------------
Object of class SaemixData
    longitudinal data for use with the SAEM algorithm
Dataset /home/eco/work/saemix/saemixextension/simulationSuite/cont/emaxRichProp/data/data_pdemax24.tab 
    Structured data: y ~ dose | id 
    Predictor: dose (-) 
Dataset characteristics:
    number of subjects:     100 
    number of observations: 400 
    average/min/max nb obs: 4.00  /  4  /  4 
First 10 lines of data:
   id dose         y mdv cens occ ytype
1   1    0  6.076226   0    0   1     1
2   1  100 10.691739   0    0   1     1
3   1  300 14.531036   0    0   1     1
4   1 1000 23.456464   0    0   1     1
5   2    0  5.026461   0    0   1     1
6   2  100 11.580363   0    0   1     1
7   2  300 21.974236   0    0   1     1
8   2 1000 26.754915   0    0   1     1
9   3    0  5.342081   0    0   1     1
10  3  100 14.133224   0    0   1     1
-----------------------------------
----          Model            ----
-----------------------------------
Nonlinear mixed-effects model
  Model function:  PD Emax model
  Model type:  structural
function (psi, id, xidep) 
{
    dose <- xidep[, 1]
    e0 <- psi[id, 1]
    emax <- psi[id, 2]
    e50 <- psi[id, 3]
    f <- e0 + emax * dose/(e50 + dose)
    return(f)
}
<bytecode: 0x557685349418>
  Nb of parameters: 3 
      parameter names:  E0 Emax ED50 
      distribution:
     Parameter Distribution Estimated
[1,] E0        log-normal   Estimated
[2,] Emax      log-normal   Estimated
[3,] ED50      log-normal   Estimated
  Variance-covariance matrix:
     E0 Emax ED50
E0    1    0    0
Emax  0    1    1
ED50  0    1    1
  Error model: proportional , initial values: b.1=0.2 
    No covariate in the model.
    Initial values
             E0 Emax ED50
Pop.CondInit 10   60 1000
-----------------------------------
----    Key algorithm options  ----
-----------------------------------
    Estimation of individual parameters (MAP)
    Estimation of standard errors and linearised log-likelihood
    Estimation of log-likelihood by importance sampling
    Number of iterations:  K1=300, K2=100 
    Number of chains:  1 
    Seed:  2014341 
    Number of MCMC iterations for IS:  5000 
    Simulations:
        nb of simulated datasets used for npde:  1000 
        nb of simulated datasets used for VPC:  100 
    Input/output
        save the results to a file:  FALSE 
        save the graphs to files:  TRUE 
        directory where results should be saved:  newdir 
----------------------------------------------------
----                  Results                   ----
----------------------------------------------------
-----------------  Fixed effects  ------------------
----------------------------------------------------
     Parameter Estimate SE      CV(%)
[1,] E0          4.987   0.1453 2.9  
[2,] Emax       29.326   2.3508 8.0  
[3,] ED50      503.403  43.1478 8.6  
[4,] b.1         0.099   0.0068 6.9  
----------------------------------------------------
-----------  Variance of random effects  -----------
----------------------------------------------------
      Parameter     Estimate SE    CV(%)
E0    omega2.E0     0.075    0.012 16   
Emax  omega2.Emax   0.564    0.091 16   
ED50  omega2.ED50   0.470    0.107 23   
covar cov.Emax.ED50 0.298    0.082 27   
----------------------------------------------------
------  Correlation matrix of random effects  ------
----------------------------------------------------
            omega2.E0 omega2.Emax omega2.ED50
omega2.E0   1         0.00        0.00       
omega2.Emax 0         1.00        0.58       
omega2.ED50 0         0.58        1.00       
----------------------------------------------------
---------------  Statistical criteria  -------------
----------------------------------------------------
Likelihood computed by linearisation
      -2LL= 1990.421 
      AIC = 2006.421 
      BIC = 2027.263 

Likelihood computed by importance sampling
      -2LL= 1988.576 
      AIC = 2004.576 
      BIC = 2025.417 
----------------------------------------------------
----------------------------------------------------
-----------------  Fixed effects  ------------------
----------------------------------------------------
  Parameter Estimate      SE CV(%)
1        E0    4.987  0.1453  2.91
2      Emax   29.326  2.3508  8.02
3      ED50  503.403 43.1478  8.57
4       b.1    0.099  0.0068  6.89
----------------------------------------------------
-----------  Variance of random effects  -----------
----------------------------------------------------
         Parameter Estimate    SE CV(%)
E0       omega2.E0    0.075 0.012 15.93
Emax   omega2.Emax    0.564 0.091 16.17
ED50   omega2.ED50    0.470 0.107 22.75
1    cov.Emax.ED50    0.298 0.082 27.50
----------------------------------------------------
------  Correlation matrix of random effects  ------
----------------------------------------------------
            omega2.E0 omega2.Emax omega2.ED50
omega2.E0   1.00      0.00        0.00       
omega2.Emax 0.00      1.00        0.58       
omega2.ED50 0.00      0.58        1.00       
----------------------------------------------------
---------------  Statistical criteria  -------------
----------------------------------------------------
Likelihood computed by linearisation
      -2LL= 1990.421 
      AIC = 2006.421 
      BIC = 2027.263 

Likelihood computed by importance sampling
      -2LL= 1988.576 
      AIC = 2004.576 
      BIC = 2025.417 
----------------------------------------------------
Reading data from file /home/eco/work/saemix/saemixextension/simulationSuite/cont/emaxRichProp/data/data_pdemax25.tab 
These are the first lines of the dataset as read into R. Please check the format of the data is appropriate, if not, modify the na and/or sep items and retry:
  id dose         y
1  1    0  2.945332
2  1  100 13.920214
3  1  300 25.402203
4  1 1000 42.154770
5  2    0  3.114861
6  2  100  4.884806


The following SaemixData object was successfully created:

Object of class SaemixData
    longitudinal data for use with the SAEM algorithm
Dataset /home/eco/work/saemix/saemixextension/simulationSuite/cont/emaxRichProp/data/data_pdemax25.tab 
    Structured data: y ~ dose | id 
    Predictor: dose (-) 
Nonlinear mixed-effects model fit by the SAEM algorithm
-----------------------------------
----          Data             ----
-----------------------------------
Object of class SaemixData
    longitudinal data for use with the SAEM algorithm
Dataset /home/eco/work/saemix/saemixextension/simulationSuite/cont/emaxRichProp/data/data_pdemax25.tab 
    Structured data: y ~ dose | id 
    Predictor: dose (-) 
Dataset characteristics:
    number of subjects:     100 
    number of observations: 400 
    average/min/max nb obs: 4.00  /  4  /  4 
First 10 lines of data:
   id dose         y mdv cens occ ytype
1   1    0  2.945332   0    0   1     1
2   1  100 13.920214   0    0   1     1
3   1  300 25.402203   0    0   1     1
4   1 1000 42.154770   0    0   1     1
5   2    0  3.114861   0    0   1     1
6   2  100  4.884806   0    0   1     1
7   2  300  7.192294   0    0   1     1
8   2 1000 11.427554   0    0   1     1
9   3    0  6.523544   0    0   1     1
10  3  100 10.166863   0    0   1     1
-----------------------------------
----          Model            ----
-----------------------------------
Nonlinear mixed-effects model
  Model function:  PD Emax model
  Model type:  structural
function (psi, id, xidep) 
{
    dose <- xidep[, 1]
    e0 <- psi[id, 1]
    emax <- psi[id, 2]
    e50 <- psi[id, 3]
    f <- e0 + emax * dose/(e50 + dose)
    return(f)
}
<bytecode: 0x557685349418>
  Nb of parameters: 3 
      parameter names:  E0 Emax ED50 
      distribution:
     Parameter Distribution Estimated
[1,] E0        log-normal   Estimated
[2,] Emax      log-normal   Estimated
[3,] ED50      log-normal   Estimated
  Variance-covariance matrix:
     E0 Emax ED50
E0    1    0    0
Emax  0    1    1
ED50  0    1    1
  Error model: proportional , initial values: b.1=0.2 
    No covariate in the model.
    Initial values
             E0 Emax ED50
Pop.CondInit 10   60 1000
-----------------------------------
----    Key algorithm options  ----
-----------------------------------
    Estimation of individual parameters (MAP)
    Estimation of standard errors and linearised log-likelihood
    Estimation of log-likelihood by importance sampling
    Number of iterations:  K1=300, K2=100 
    Number of chains:  1 
    Seed:  2014341 
    Number of MCMC iterations for IS:  5000 
    Simulations:
        nb of simulated datasets used for npde:  1000 
        nb of simulated datasets used for VPC:  100 
    Input/output
        save the results to a file:  FALSE 
        save the graphs to files:  TRUE 
        directory where results should be saved:  newdir 
----------------------------------------------------
----                  Results                   ----
----------------------------------------------------
-----------------  Fixed effects  ------------------
----------------------------------------------------
     Parameter Estimate SE      CV(%)
[1,] E0          5.10    0.1502 2.9  
[2,] Emax       30.75    2.3934 7.8  
[3,] ED50      461.01   39.6865 8.6  
[4,] b.1         0.09    0.0063 7.0  
----------------------------------------------------
-----------  Variance of random effects  -----------
----------------------------------------------------
      Parameter     Estimate SE    CV(%)
E0    omega2.E0     0.079    0.012 16   
Emax  omega2.Emax   0.544    0.086 16   
ED50  omega2.ED50   0.529    0.107 20   
covar cov.Emax.ED50 0.289    0.078 27   
----------------------------------------------------
------  Correlation matrix of random effects  ------
----------------------------------------------------
            omega2.E0 omega2.Emax omega2.ED50
omega2.E0   1         0.00        0.00       
omega2.Emax 0         1.00        0.54       
omega2.ED50 0         0.54        1.00       
----------------------------------------------------
---------------  Statistical criteria  -------------
----------------------------------------------------
Likelihood computed by linearisation
      -2LL= 2037.414 
      AIC = 2053.414 
      BIC = 2074.255 

Likelihood computed by importance sampling
      -2LL= 2037.769 
      AIC = 2053.769 
      BIC = 2074.61 
----------------------------------------------------
----------------------------------------------------
-----------------  Fixed effects  ------------------
----------------------------------------------------
  Parameter Estimate      SE CV(%)
1        E0     5.10  0.1502  2.94
2      Emax    30.75  2.3934  7.78
3      ED50   461.01 39.6865  8.61
4       b.1     0.09  0.0063  6.96
----------------------------------------------------
-----------  Variance of random effects  -----------
----------------------------------------------------
         Parameter Estimate    SE CV(%)
E0       omega2.E0    0.079 0.012 15.57
Emax   omega2.Emax    0.544 0.086 15.78
ED50   omega2.ED50    0.529 0.107 20.19
1    cov.Emax.ED50    0.289 0.078 27.09
----------------------------------------------------
------  Correlation matrix of random effects  ------
----------------------------------------------------
            omega2.E0 omega2.Emax omega2.ED50
omega2.E0   1.00      0.00        0.00       
omega2.Emax 0.00      1.00        0.54       
omega2.ED50 0.00      0.54        1.00       
----------------------------------------------------
---------------  Statistical criteria  -------------
----------------------------------------------------
Likelihood computed by linearisation
      -2LL= 2037.414 
      AIC = 2053.414 
      BIC = 2074.255 

Likelihood computed by importance sampling
      -2LL= 2037.769 
      AIC = 2053.769 
      BIC = 2074.61 
----------------------------------------------------
Reading data from file /home/eco/work/saemix/saemixextension/simulationSuite/cont/emaxRichProp/data/data_pdemax26.tab 
These are the first lines of the dataset as read into R. Please check the format of the data is appropriate, if not, modify the na and/or sep items and retry:
  id dose         y
1  1    0  6.504849
2  1  100 10.187728
3  1  300 17.179665
4  1 1000 28.072237
5  2    0  4.183986
6  2  100 12.735811


The following SaemixData object was successfully created:

Object of class SaemixData
    longitudinal data for use with the SAEM algorithm
Dataset /home/eco/work/saemix/saemixextension/simulationSuite/cont/emaxRichProp/data/data_pdemax26.tab 
    Structured data: y ~ dose | id 
    Predictor: dose (-) 
Nonlinear mixed-effects model fit by the SAEM algorithm
-----------------------------------
----          Data             ----
-----------------------------------
Object of class SaemixData
    longitudinal data for use with the SAEM algorithm
Dataset /home/eco/work/saemix/saemixextension/simulationSuite/cont/emaxRichProp/data/data_pdemax26.tab 
    Structured data: y ~ dose | id 
    Predictor: dose (-) 
Dataset characteristics:
    number of subjects:     100 
    number of observations: 400 
    average/min/max nb obs: 4.00  /  4  /  4 
First 10 lines of data:
   id dose         y mdv cens occ ytype
1   1    0  6.504849   0    0   1     1
2   1  100 10.187728   0    0   1     1
3   1  300 17.179665   0    0   1     1
4   1 1000 28.072237   0    0   1     1
5   2    0  4.183986   0    0   1     1
6   2  100 12.735811   0    0   1     1
7   2  300 23.592078   0    0   1     1
8   2 1000 29.233198   0    0   1     1
9   3    0  4.167194   0    0   1     1
10  3  100  5.911574   0    0   1     1
-----------------------------------
----          Model            ----
-----------------------------------
Nonlinear mixed-effects model
  Model function:  PD Emax model
  Model type:  structural
function (psi, id, xidep) 
{
    dose <- xidep[, 1]
    e0 <- psi[id, 1]
    emax <- psi[id, 2]
    e50 <- psi[id, 3]
    f <- e0 + emax * dose/(e50 + dose)
    return(f)
}
<bytecode: 0x557685349418>
  Nb of parameters: 3 
      parameter names:  E0 Emax ED50 
      distribution:
     Parameter Distribution Estimated
[1,] E0        log-normal   Estimated
[2,] Emax      log-normal   Estimated
[3,] ED50      log-normal   Estimated
  Variance-covariance matrix:
     E0 Emax ED50
E0    1    0    0
Emax  0    1    1
ED50  0    1    1
  Error model: proportional , initial values: b.1=0.2 
    No covariate in the model.
    Initial values
             E0 Emax ED50
Pop.CondInit 10   60 1000
-----------------------------------
----    Key algorithm options  ----
-----------------------------------
    Estimation of individual parameters (MAP)
    Estimation of standard errors and linearised log-likelihood
    Estimation of log-likelihood by importance sampling
    Number of iterations:  K1=300, K2=100 
    Number of chains:  1 
    Seed:  2014341 
    Number of MCMC iterations for IS:  5000 
    Simulations:
        nb of simulated datasets used for npde:  1000 
        nb of simulated datasets used for VPC:  100 
    Input/output
        save the results to a file:  FALSE 
        save the graphs to files:  TRUE 
        directory where results should be saved:  newdir 
----------------------------------------------------
----                  Results                   ----
----------------------------------------------------
-----------------  Fixed effects  ------------------
----------------------------------------------------
     Parameter Estimate SE      CV(%)
[1,] E0          4.8     0.1586 3.3  
[2,] Emax       28.7     2.0738 7.2  
[3,] ED50      485.3    40.4895 8.3  
[4,] b.1         0.1     0.0072 6.9  
----------------------------------------------------
-----------  Variance of random effects  -----------
----------------------------------------------------
      Parameter     Estimate SE    CV(%)
E0    omega2.E0     0.097    0.015 16   
Emax  omega2.Emax   0.441    0.074 17   
ED50  omega2.ED50   0.425    0.102 24   
covar cov.Emax.ED50 0.214    0.071 33   
----------------------------------------------------
------  Correlation matrix of random effects  ------
----------------------------------------------------
            omega2.E0 omega2.Emax omega2.ED50
omega2.E0   1         0.00        0.00       
omega2.Emax 0         1.00        0.49       
omega2.ED50 0         0.49        1.00       
----------------------------------------------------
---------------  Statistical criteria  -------------
----------------------------------------------------
Likelihood computed by linearisation
      -2LL= 2002.836 
      AIC = 2018.836 
      BIC = 2039.677 

Likelihood computed by importance sampling
      -2LL= 2002.908 
      AIC = 2018.908 
      BIC = 2039.75 
----------------------------------------------------
----------------------------------------------------
-----------------  Fixed effects  ------------------
----------------------------------------------------
  Parameter Estimate      SE CV(%)
1        E0     4.84  0.1586  3.28
2      Emax    28.74  2.0738  7.21
3      ED50   485.32 40.4895  8.34
4       b.1     0.10  0.0072  6.90
----------------------------------------------------
-----------  Variance of random effects  -----------
----------------------------------------------------
         Parameter Estimate    SE CV(%)
E0       omega2.E0    0.097 0.015 15.68
Emax   omega2.Emax    0.441 0.074 16.78
ED50   omega2.ED50    0.425 0.102 23.99
1    cov.Emax.ED50    0.214 0.071 33.01
----------------------------------------------------
------  Correlation matrix of random effects  ------
----------------------------------------------------
            omega2.E0 omega2.Emax omega2.ED50
omega2.E0   1.00      0.00        0.00       
omega2.Emax 0.00      1.00        0.49       
omega2.ED50 0.00      0.49        1.00       
----------------------------------------------------
---------------  Statistical criteria  -------------
----------------------------------------------------
Likelihood computed by linearisation
      -2LL= 2002.836 
      AIC = 2018.836 
      BIC = 2039.677 

Likelihood computed by importance sampling
      -2LL= 2002.908 
      AIC = 2018.908 
      BIC = 2039.75 
----------------------------------------------------
Reading data from file /home/eco/work/saemix/saemixextension/simulationSuite/cont/emaxRichProp/data/data_pdemax27.tab 
These are the first lines of the dataset as read into R. Please check the format of the data is appropriate, if not, modify the na and/or sep items and retry:
  id dose         y
1  1    0  5.955244
2  1  100 15.900561
3  1  300 33.956915
4  1 1000 60.736193
5  2    0  3.873349
6  2  100  8.209516


The following SaemixData object was successfully created:

Object of class SaemixData
    longitudinal data for use with the SAEM algorithm
Dataset /home/eco/work/saemix/saemixextension/simulationSuite/cont/emaxRichProp/data/data_pdemax27.tab 
    Structured data: y ~ dose | id 
    Predictor: dose (-) 
Nonlinear mixed-effects model fit by the SAEM algorithm
-----------------------------------
----          Data             ----
-----------------------------------
Object of class SaemixData
    longitudinal data for use with the SAEM algorithm
Dataset /home/eco/work/saemix/saemixextension/simulationSuite/cont/emaxRichProp/data/data_pdemax27.tab 
    Structured data: y ~ dose | id 
    Predictor: dose (-) 
Dataset characteristics:
    number of subjects:     100 
    number of observations: 400 
    average/min/max nb obs: 4.00  /  4  /  4 
First 10 lines of data:
   id dose         y mdv cens occ ytype
1   1    0  5.955244   0    0   1     1
2   1  100 15.900561   0    0   1     1
3   1  300 33.956915   0    0   1     1
4   1 1000 60.736193   0    0   1     1
5   2    0  3.873349   0    0   1     1
6   2  100  8.209516   0    0   1     1
7   2  300 11.087546   0    0   1     1
8   2 1000 15.592097   0    0   1     1
9   3    0  4.740079   0    0   1     1
10  3  100  7.264490   0    0   1     1
-----------------------------------
----          Model            ----
-----------------------------------
Nonlinear mixed-effects model
  Model function:  PD Emax model
  Model type:  structural
function (psi, id, xidep) 
{
    dose <- xidep[, 1]
    e0 <- psi[id, 1]
    emax <- psi[id, 2]
    e50 <- psi[id, 3]
    f <- e0 + emax * dose/(e50 + dose)
    return(f)
}
<bytecode: 0x557685349418>
  Nb of parameters: 3 
      parameter names:  E0 Emax ED50 
      distribution:
     Parameter Distribution Estimated
[1,] E0        log-normal   Estimated
[2,] Emax      log-normal   Estimated
[3,] ED50      log-normal   Estimated
  Variance-covariance matrix:
     E0 Emax ED50
E0    1    0    0
Emax  0    1    1
ED50  0    1    1
  Error model: proportional , initial values: b.1=0.2 
    No covariate in the model.
    Initial values
             E0 Emax ED50
Pop.CondInit 10   60 1000
-----------------------------------
----    Key algorithm options  ----
-----------------------------------
    Estimation of individual parameters (MAP)
    Estimation of standard errors and linearised log-likelihood
    Estimation of log-likelihood by importance sampling
    Number of iterations:  K1=300, K2=100 
    Number of chains:  1 
    Seed:  2014341 
    Number of MCMC iterations for IS:  5000 
    Simulations:
        nb of simulated datasets used for npde:  1000 
        nb of simulated datasets used for VPC:  100 
    Input/output
        save the results to a file:  FALSE 
        save the graphs to files:  TRUE 
        directory where results should be saved:  newdir 
----------------------------------------------------
----                  Results                   ----
----------------------------------------------------
-----------------  Fixed effects  ------------------
----------------------------------------------------
     Parameter Estimate SE      CV(%)
[1,] E0          4.912   0.1437 2.9  
[2,] Emax       30.422   2.2880 7.5  
[3,] ED50      518.620  47.9922 9.3  
[4,] b.1         0.099   0.0068 6.9  
----------------------------------------------------
-----------  Variance of random effects  -----------
----------------------------------------------------
      Parameter     Estimate SE    CV(%)
E0    omega2.E0     0.076    0.012 16   
Emax  omega2.Emax   0.479    0.080 17   
ED50  omega2.ED50   0.581    0.123 21   
covar cov.Emax.ED50 0.214    0.078 37   
----------------------------------------------------
------  Correlation matrix of random effects  ------
----------------------------------------------------
            omega2.E0 omega2.Emax omega2.ED50
omega2.E0   1         0.00        0.00       
omega2.Emax 0         1.00        0.41       
omega2.ED50 0         0.41        1.00       
----------------------------------------------------
---------------  Statistical criteria  -------------
----------------------------------------------------
Likelihood computed by linearisation
      -2LL= 2014.544 
      AIC = 2030.544 
      BIC = 2051.385 

Likelihood computed by importance sampling
      -2LL= 2009.892 
      AIC = 2025.892 
      BIC = 2046.734 
----------------------------------------------------
----------------------------------------------------
-----------------  Fixed effects  ------------------
----------------------------------------------------
  Parameter Estimate      SE CV(%)
1        E0    4.912  0.1437  2.93
2      Emax   30.422  2.2880  7.52
3      ED50  518.620 47.9922  9.25
4       b.1    0.099  0.0068  6.88
----------------------------------------------------
-----------  Variance of random effects  -----------
----------------------------------------------------
         Parameter Estimate    SE CV(%)
E0       omega2.E0    0.076 0.012 15.94
Emax   omega2.Emax    0.479 0.080 16.72
ED50   omega2.ED50    0.581 0.123 21.12
1    cov.Emax.ED50    0.214 0.078 36.63
----------------------------------------------------
------  Correlation matrix of random effects  ------
----------------------------------------------------
            omega2.E0 omega2.Emax omega2.ED50
omega2.E0   1.00      0.00        0.00       
omega2.Emax 0.00      1.00        0.41       
omega2.ED50 0.00      0.41        1.00       
----------------------------------------------------
---------------  Statistical criteria  -------------
----------------------------------------------------
Likelihood computed by linearisation
      -2LL= 2014.544 
      AIC = 2030.544 
      BIC = 2051.385 

Likelihood computed by importance sampling
      -2LL= 2009.892 
      AIC = 2025.892 
      BIC = 2046.734 
----------------------------------------------------
Reading data from file /home/eco/work/saemix/saemixextension/simulationSuite/cont/emaxRichProp/data/data_pdemax28.tab 
These are the first lines of the dataset as read into R. Please check the format of the data is appropriate, if not, modify the na and/or sep items and retry:
  id dose         y
1  1    0  4.603453
2  1  100  8.846915
3  1  300 14.817209
4  1 1000 18.128962
5  2    0  5.372543
6  2  100  9.562594


The following SaemixData object was successfully created:

Object of class SaemixData
    longitudinal data for use with the SAEM algorithm
Dataset /home/eco/work/saemix/saemixextension/simulationSuite/cont/emaxRichProp/data/data_pdemax28.tab 
    Structured data: y ~ dose | id 
    Predictor: dose (-) 
Nonlinear mixed-effects model fit by the SAEM algorithm
-----------------------------------
----          Data             ----
-----------------------------------
Object of class SaemixData
    longitudinal data for use with the SAEM algorithm
Dataset /home/eco/work/saemix/saemixextension/simulationSuite/cont/emaxRichProp/data/data_pdemax28.tab 
    Structured data: y ~ dose | id 
    Predictor: dose (-) 
Dataset characteristics:
    number of subjects:     100 
    number of observations: 400 
    average/min/max nb obs: 4.00  /  4  /  4 
First 10 lines of data:
   id dose         y mdv cens occ ytype
1   1    0  4.603453   0    0   1     1
2   1  100  8.846915   0    0   1     1
3   1  300 14.817209   0    0   1     1
4   1 1000 18.128962   0    0   1     1
5   2    0  5.372543   0    0   1     1
6   2  100  9.562594   0    0   1     1
7   2  300 15.589693   0    0   1     1
8   2 1000 30.847634   0    0   1     1
9   3    0  5.342394   0    0   1     1
10  3  100 13.408786   0    0   1     1
-----------------------------------
----          Model            ----
-----------------------------------
Nonlinear mixed-effects model
  Model function:  PD Emax model
  Model type:  structural
function (psi, id, xidep) 
{
    dose <- xidep[, 1]
    e0 <- psi[id, 1]
    emax <- psi[id, 2]
    e50 <- psi[id, 3]
    f <- e0 + emax * dose/(e50 + dose)
    return(f)
}
<bytecode: 0x557685349418>
  Nb of parameters: 3 
      parameter names:  E0 Emax ED50 
      distribution:
     Parameter Distribution Estimated
[1,] E0        log-normal   Estimated
[2,] Emax      log-normal   Estimated
[3,] ED50      log-normal   Estimated
  Variance-covariance matrix:
     E0 Emax ED50
E0    1    0    0
Emax  0    1    1
ED50  0    1    1
  Error model: proportional , initial values: b.1=0.2 
    No covariate in the model.
    Initial values
             E0 Emax ED50
Pop.CondInit 10   60 1000
-----------------------------------
----    Key algorithm options  ----
-----------------------------------
    Estimation of individual parameters (MAP)
    Estimation of standard errors and linearised log-likelihood
    Estimation of log-likelihood by importance sampling
    Number of iterations:  K1=300, K2=100 
    Number of chains:  1 
    Seed:  2014341 
    Number of MCMC iterations for IS:  5000 
    Simulations:
        nb of simulated datasets used for npde:  1000 
        nb of simulated datasets used for VPC:  100 
    Input/output
        save the results to a file:  FALSE 
        save the graphs to files:  TRUE 
        directory where results should be saved:  newdir 
----------------------------------------------------
----                  Results                   ----
----------------------------------------------------
-----------------  Fixed effects  ------------------
----------------------------------------------------
     Parameter Estimate SE      CV(%)
[1,] E0          5.14    0.1526 3.0  
[2,] Emax       28.51    2.1304 7.5  
[3,] ED50      456.40   33.7197 7.4  
[4,] b.1         0.11    0.0077 6.8  
----------------------------------------------------
-----------  Variance of random effects  -----------
----------------------------------------------------
      Parameter     Estimate SE    CV(%)
E0    omega2.E0     0.076    0.012 16   
Emax  omega2.Emax   0.473    0.079 17   
ED50  omega2.ED50   0.247    0.082 33   
covar cov.Emax.ED50 0.170    0.065 38   
----------------------------------------------------
------  Correlation matrix of random effects  ------
----------------------------------------------------
            omega2.E0 omega2.Emax omega2.ED50
omega2.E0   1         0.0         0.0        
omega2.Emax 0         1.0         0.5        
omega2.ED50 0         0.5         1.0        
----------------------------------------------------
---------------  Statistical criteria  -------------
----------------------------------------------------
Likelihood computed by linearisation
      -2LL= 2038.602 
      AIC = 2054.602 
      BIC = 2075.443 

Likelihood computed by importance sampling
      -2LL= 2040.128 
      AIC = 2056.128 
      BIC = 2076.97 
----------------------------------------------------
----------------------------------------------------
-----------------  Fixed effects  ------------------
----------------------------------------------------
  Parameter Estimate      SE CV(%)
1        E0     5.14  0.1526  2.97
2      Emax    28.51  2.1304  7.47
3      ED50   456.40 33.7197  7.39
4       b.1     0.11  0.0077  6.77
----------------------------------------------------
-----------  Variance of random effects  -----------
----------------------------------------------------
         Parameter Estimate    SE CV(%)
E0       omega2.E0    0.076 0.012 16.49
Emax   omega2.Emax    0.473 0.079 16.79
ED50   omega2.ED50    0.247 0.082 33.17
1    cov.Emax.ED50    0.170 0.065 38.28
----------------------------------------------------
------  Correlation matrix of random effects  ------
----------------------------------------------------
            omega2.E0 omega2.Emax omega2.ED50
omega2.E0   1.00      0.00        0.00       
omega2.Emax 0.00      1.00        0.50       
omega2.ED50 0.00      0.50        1.00       
----------------------------------------------------
---------------  Statistical criteria  -------------
----------------------------------------------------
Likelihood computed by linearisation
      -2LL= 2038.602 
      AIC = 2054.602 
      BIC = 2075.443 

Likelihood computed by importance sampling
      -2LL= 2040.128 
      AIC = 2056.128 
      BIC = 2076.97 
----------------------------------------------------
Reading data from file /home/eco/work/saemix/saemixextension/simulationSuite/cont/emaxRichProp/data/data_pdemax29.tab 
These are the first lines of the dataset as read into R. Please check the format of the data is appropriate, if not, modify the na and/or sep items and retry:
  id dose         y
1  1    0  4.074528
2  1  100 11.648077
3  1  300 21.934055
4  1 1000 27.855951
5  2    0  8.420631
6  2  100 11.250776


The following SaemixData object was successfully created:

Object of class SaemixData
    longitudinal data for use with the SAEM algorithm
Dataset /home/eco/work/saemix/saemixextension/simulationSuite/cont/emaxRichProp/data/data_pdemax29.tab 
    Structured data: y ~ dose | id 
    Predictor: dose (-) 
Nonlinear mixed-effects model fit by the SAEM algorithm
-----------------------------------
----          Data             ----
-----------------------------------
Object of class SaemixData
    longitudinal data for use with the SAEM algorithm
Dataset /home/eco/work/saemix/saemixextension/simulationSuite/cont/emaxRichProp/data/data_pdemax29.tab 
    Structured data: y ~ dose | id 
    Predictor: dose (-) 
Dataset characteristics:
    number of subjects:     100 
    number of observations: 400 
    average/min/max nb obs: 4.00  /  4  /  4 
First 10 lines of data:
   id dose         y mdv cens occ ytype
1   1    0  4.074528   0    0   1     1
2   1  100 11.648077   0    0   1     1
3   1  300 21.934055   0    0   1     1
4   1 1000 27.855951   0    0   1     1
5   2    0  8.420631   0    0   1     1
6   2  100 11.250776   0    0   1     1
7   2  300 17.629556   0    0   1     1
8   2 1000 25.698808   0    0   1     1
9   3    0  7.705167   0    0   1     1
10  3  100 12.656607   0    0   1     1
-----------------------------------
----          Model            ----
-----------------------------------
Nonlinear mixed-effects model
  Model function:  PD Emax model
  Model type:  structural
function (psi, id, xidep) 
{
    dose <- xidep[, 1]
    e0 <- psi[id, 1]
    emax <- psi[id, 2]
    e50 <- psi[id, 3]
    f <- e0 + emax * dose/(e50 + dose)
    return(f)
}
<bytecode: 0x557685349418>
  Nb of parameters: 3 
      parameter names:  E0 Emax ED50 
      distribution:
     Parameter Distribution Estimated
[1,] E0        log-normal   Estimated
[2,] Emax      log-normal   Estimated
[3,] ED50      log-normal   Estimated
  Variance-covariance matrix:
     E0 Emax ED50
E0    1    0    0
Emax  0    1    1
ED50  0    1    1
  Error model: proportional , initial values: b.1=0.2 
    No covariate in the model.
    Initial values
             E0 Emax ED50
Pop.CondInit 10   60 1000
-----------------------------------
----    Key algorithm options  ----
-----------------------------------
    Estimation of individual parameters (MAP)
    Estimation of standard errors and linearised log-likelihood
    Estimation of log-likelihood by importance sampling
    Number of iterations:  K1=300, K2=100 
    Number of chains:  1 
    Seed:  2014341 
    Number of MCMC iterations for IS:  5000 
    Simulations:
        nb of simulated datasets used for npde:  1000 
        nb of simulated datasets used for VPC:  100 
    Input/output
        save the results to a file:  FALSE 
        save the graphs to files:  TRUE 
        directory where results should be saved:  newdir 
----------------------------------------------------
----                  Results                   ----
----------------------------------------------------
-----------------  Fixed effects  ------------------
----------------------------------------------------
     Parameter Estimate SE     CV(%)
[1,] E0          4.9     0.163 3.3  
[2,] Emax       28.9     1.878 6.5  
[3,] ED50      436.4    31.008 7.1  
[4,] b.1         0.1     0.007 6.9  
----------------------------------------------------
-----------  Variance of random effects  -----------
----------------------------------------------------
      Parameter     Estimate SE    CV(%)
E0    omega2.E0     0.10     0.016 16   
Emax  omega2.Emax   0.36     0.060 17   
ED50  omega2.ED50   0.28     0.075 27   
covar cov.Emax.ED50 0.15     0.054 37   
----------------------------------------------------
------  Correlation matrix of random effects  ------
----------------------------------------------------
            omega2.E0 omega2.Emax omega2.ED50
omega2.E0   1         0.00        0.00       
omega2.Emax 0         1.00        0.46       
omega2.ED50 0         0.46        1.00       
----------------------------------------------------
---------------  Statistical criteria  -------------
----------------------------------------------------
Likelihood computed by linearisation
      -2LL= 2001.419 
      AIC = 2017.419 
      BIC = 2038.261 

Likelihood computed by importance sampling
      -2LL= 2001.153 
      AIC = 2017.153 
      BIC = 2037.995 
----------------------------------------------------
----------------------------------------------------
-----------------  Fixed effects  ------------------
----------------------------------------------------
  Parameter Estimate     SE CV(%)
1        E0     4.91  0.163  3.32
2      Emax    28.89  1.878  6.50
3      ED50   436.38 31.008  7.11
4       b.1     0.10  0.007  6.89
----------------------------------------------------
-----------  Variance of random effects  -----------
----------------------------------------------------
         Parameter Estimate    SE CV(%)
E0       omega2.E0     0.10 0.016 15.55
Emax   omega2.Emax     0.36 0.060 16.70
ED50   omega2.ED50     0.28 0.075 27.11
1    cov.Emax.ED50     0.15 0.054 37.00
----------------------------------------------------
------  Correlation matrix of random effects  ------
----------------------------------------------------
            omega2.E0 omega2.Emax omega2.ED50
omega2.E0   1.00      0.00        0.00       
omega2.Emax 0.00      1.00        0.46       
omega2.ED50 0.00      0.46        1.00       
----------------------------------------------------
---------------  Statistical criteria  -------------
----------------------------------------------------
Likelihood computed by linearisation
      -2LL= 2001.419 
      AIC = 2017.419 
      BIC = 2038.261 

Likelihood computed by importance sampling
      -2LL= 2001.153 
      AIC = 2017.153 
      BIC = 2037.995 
----------------------------------------------------
Reading data from file /home/eco/work/saemix/saemixextension/simulationSuite/cont/emaxRichProp/data/data_pdemax30.tab 
These are the first lines of the dataset as read into R. Please check the format of the data is appropriate, if not, modify the na and/or sep items and retry:
  id dose         y
1  1    0  6.291046
2  1  100  7.959830
3  1  300  9.195094
4  1 1000 11.808328
5  2    0  7.244347
6  2  100 11.844448


The following SaemixData object was successfully created:

Object of class SaemixData
    longitudinal data for use with the SAEM algorithm
Dataset /home/eco/work/saemix/saemixextension/simulationSuite/cont/emaxRichProp/data/data_pdemax30.tab 
    Structured data: y ~ dose | id 
    Predictor: dose (-) 
Nonlinear mixed-effects model fit by the SAEM algorithm
-----------------------------------
----          Data             ----
-----------------------------------
Object of class SaemixData
    longitudinal data for use with the SAEM algorithm
Dataset /home/eco/work/saemix/saemixextension/simulationSuite/cont/emaxRichProp/data/data_pdemax30.tab 
    Structured data: y ~ dose | id 
    Predictor: dose (-) 
Dataset characteristics:
    number of subjects:     100 
    number of observations: 400 
    average/min/max nb obs: 4.00  /  4  /  4 
First 10 lines of data:
   id dose         y mdv cens occ ytype
1   1    0  6.291046   0    0   1     1
2   1  100  7.959830   0    0   1     1
3   1  300  9.195094   0    0   1     1
4   1 1000 11.808328   0    0   1     1
5   2    0  7.244347   0    0   1     1
6   2  100 11.844448   0    0   1     1
7   2  300 14.270196   0    0   1     1
8   2 1000 18.994095   0    0   1     1
9   3    0  7.627146   0    0   1     1
10  3  100 11.988086   0    0   1     1
-----------------------------------
----          Model            ----
-----------------------------------
Nonlinear mixed-effects model
  Model function:  PD Emax model
  Model type:  structural
function (psi, id, xidep) 
{
    dose <- xidep[, 1]
    e0 <- psi[id, 1]
    emax <- psi[id, 2]
    e50 <- psi[id, 3]
    f <- e0 + emax * dose/(e50 + dose)
    return(f)
}
<bytecode: 0x557685349418>
  Nb of parameters: 3 
      parameter names:  E0 Emax ED50 
      distribution:
     Parameter Distribution Estimated
[1,] E0        log-normal   Estimated
[2,] Emax      log-normal   Estimated
[3,] ED50      log-normal   Estimated
  Variance-covariance matrix:
     E0 Emax ED50
E0    1    0    0
Emax  0    1    1
ED50  0    1    1
  Error model: proportional , initial values: b.1=0.2 
    No covariate in the model.
    Initial values
             E0 Emax ED50
Pop.CondInit 10   60 1000
-----------------------------------
----    Key algorithm options  ----
-----------------------------------
    Estimation of individual parameters (MAP)
    Estimation of standard errors and linearised log-likelihood
    Estimation of log-likelihood by importance sampling
    Number of iterations:  K1=300, K2=100 
    Number of chains:  1 
    Seed:  2014341 
    Number of MCMC iterations for IS:  5000 
    Simulations:
        nb of simulated datasets used for npde:  1000 
        nb of simulated datasets used for VPC:  100 
    Input/output
        save the results to a file:  FALSE 
        save the graphs to files:  TRUE 
        directory where results should be saved:  newdir 
----------------------------------------------------
----                  Results                   ----
----------------------------------------------------
-----------------  Fixed effects  ------------------
----------------------------------------------------
     Parameter Estimate SE      CV(%)
[1,] E0          5.124   0.1481 2.9  
[2,] Emax       29.752   2.2224 7.5  
[3,] ED50      482.476  37.7050 7.8  
[4,] b.1         0.094   0.0065 6.9  
----------------------------------------------------
-----------  Variance of random effects  -----------
----------------------------------------------------
      Parameter     Estimate SE    CV(%)
E0    omega2.E0     0.075    0.012 16   
Emax  omega2.Emax   0.493    0.079 16   
ED50  omega2.ED50   0.384    0.089 23   
covar cov.Emax.ED50 0.254    0.070 27   
----------------------------------------------------
------  Correlation matrix of random effects  ------
----------------------------------------------------
            omega2.E0 omega2.Emax omega2.ED50
omega2.E0   1         0.00        0.00       
omega2.Emax 0         1.00        0.58       
omega2.ED50 0         0.58        1.00       
----------------------------------------------------
---------------  Statistical criteria  -------------
----------------------------------------------------
Likelihood computed by linearisation
      -2LL= 1986.595 
      AIC = 2002.595 
      BIC = 2023.436 

Likelihood computed by importance sampling
      -2LL= 1985.458 
      AIC = 2001.458 
      BIC = 2022.299 
----------------------------------------------------
----------------------------------------------------
-----------------  Fixed effects  ------------------
----------------------------------------------------
  Parameter Estimate      SE CV(%)
1        E0    5.124  0.1481  2.89
2      Emax   29.752  2.2224  7.47
3      ED50  482.476 37.7050  7.81
4       b.1    0.094  0.0065  6.90
----------------------------------------------------
-----------  Variance of random effects  -----------
----------------------------------------------------
         Parameter Estimate    SE CV(%)
E0       omega2.E0    0.075 0.012 15.78
Emax   omega2.Emax    0.493 0.079 16.08
ED50   omega2.ED50    0.384 0.089 23.26
1    cov.Emax.ED50    0.254 0.070 27.43
----------------------------------------------------
------  Correlation matrix of random effects  ------
----------------------------------------------------
            omega2.E0 omega2.Emax omega2.ED50
omega2.E0   1.00      0.00        0.00       
omega2.Emax 0.00      1.00        0.58       
omega2.ED50 0.00      0.58        1.00       
----------------------------------------------------
---------------  Statistical criteria  -------------
----------------------------------------------------
Likelihood computed by linearisation
      -2LL= 1986.595 
      AIC = 2002.595 
      BIC = 2023.436 

Likelihood computed by importance sampling
      -2LL= 1985.458 
      AIC = 2001.458 
      BIC = 2022.299 
----------------------------------------------------
Reading data from file /home/eco/work/saemix/saemixextension/simulationSuite/cont/emaxRichProp/data/data_pdemax31.tab 
These are the first lines of the dataset as read into R. Please check the format of the data is appropriate, if not, modify the na and/or sep items and retry:
  id dose         y
1  1    0  5.722633
2  1  100 10.782086
3  1  300 17.414634
4  1 1000 28.247478
5  2    0  6.885333
6  2  100 12.807461


The following SaemixData object was successfully created:

Object of class SaemixData
    longitudinal data for use with the SAEM algorithm
Dataset /home/eco/work/saemix/saemixextension/simulationSuite/cont/emaxRichProp/data/data_pdemax31.tab 
    Structured data: y ~ dose | id 
    Predictor: dose (-) 
Nonlinear mixed-effects model fit by the SAEM algorithm
-----------------------------------
----          Data             ----
-----------------------------------
Object of class SaemixData
    longitudinal data for use with the SAEM algorithm
Dataset /home/eco/work/saemix/saemixextension/simulationSuite/cont/emaxRichProp/data/data_pdemax31.tab 
    Structured data: y ~ dose | id 
    Predictor: dose (-) 
Dataset characteristics:
    number of subjects:     100 
    number of observations: 400 
    average/min/max nb obs: 4.00  /  4  /  4 
First 10 lines of data:
   id dose         y mdv cens occ ytype
1   1    0  5.722633   0    0   1     1
2   1  100 10.782086   0    0   1     1
3   1  300 17.414634   0    0   1     1
4   1 1000 28.247478   0    0   1     1
5   2    0  6.885333   0    0   1     1
6   2  100 12.807461   0    0   1     1
7   2  300 25.749699   0    0   1     1
8   2 1000 37.083344   0    0   1     1
9   3    0  4.538756   0    0   1     1
10  3  100 13.561091   0    0   1     1
-----------------------------------
----          Model            ----
-----------------------------------
Nonlinear mixed-effects model
  Model function:  PD Emax model
  Model type:  structural
function (psi, id, xidep) 
{
    dose <- xidep[, 1]
    e0 <- psi[id, 1]
    emax <- psi[id, 2]
    e50 <- psi[id, 3]
    f <- e0 + emax * dose/(e50 + dose)
    return(f)
}
<bytecode: 0x557685349418>
  Nb of parameters: 3 
      parameter names:  E0 Emax ED50 
      distribution:
     Parameter Distribution Estimated
[1,] E0        log-normal   Estimated
[2,] Emax      log-normal   Estimated
[3,] ED50      log-normal   Estimated
  Variance-covariance matrix:
     E0 Emax ED50
E0    1    0    0
Emax  0    1    1
ED50  0    1    1
  Error model: proportional , initial values: b.1=0.2 
    No covariate in the model.
    Initial values
             E0 Emax ED50
Pop.CondInit 10   60 1000
-----------------------------------
----    Key algorithm options  ----
-----------------------------------
    Estimation of individual parameters (MAP)
    Estimation of standard errors and linearised log-likelihood
    Estimation of log-likelihood by importance sampling
    Number of iterations:  K1=300, K2=100 
    Number of chains:  1 
    Seed:  2014341 
    Number of MCMC iterations for IS:  5000 
    Simulations:
        nb of simulated datasets used for npde:  1000 
        nb of simulated datasets used for VPC:  100 
    Input/output
        save the results to a file:  FALSE 
        save the graphs to files:  TRUE 
        directory where results should be saved:  newdir 
----------------------------------------------------
----                  Results                   ----
----------------------------------------------------
-----------------  Fixed effects  ------------------
----------------------------------------------------
     Parameter Estimate SE      CV(%)
[1,] E0          5.030   0.1523 3.0  
[2,] Emax       30.640   2.1157 6.9  
[3,] ED50      479.443  43.6239 9.1  
[4,] b.1         0.094   0.0065 6.9  
----------------------------------------------------
-----------  Variance of random effects  -----------
----------------------------------------------------
      Parameter     Estimate SE    CV(%)
E0    omega2.E0     0.083    0.013 16   
Emax  omega2.Emax   0.402    0.067 17   
ED50  omega2.ED50   0.584    0.118 20   
covar cov.Emax.ED50 0.120    0.067 56   
----------------------------------------------------
------  Correlation matrix of random effects  ------
----------------------------------------------------
            omega2.E0 omega2.Emax omega2.ED50
omega2.E0   1         0.00        0.00       
omega2.Emax 0         1.00        0.25       
omega2.ED50 0         0.25        1.00       
----------------------------------------------------
---------------  Statistical criteria  -------------
----------------------------------------------------
Likelihood computed by linearisation
      -2LL= 2048.733 
      AIC = 2064.733 
      BIC = 2085.575 

Likelihood computed by importance sampling
      -2LL= 2046.797 
      AIC = 2062.797 
      BIC = 2083.638 
----------------------------------------------------
----------------------------------------------------
-----------------  Fixed effects  ------------------
----------------------------------------------------
  Parameter Estimate      SE CV(%)
1        E0    5.030  0.1523  3.03
2      Emax   30.640  2.1157  6.91
3      ED50  479.443 43.6239  9.10
4       b.1    0.094  0.0065  6.86
----------------------------------------------------
-----------  Variance of random effects  -----------
----------------------------------------------------
         Parameter Estimate    SE CV(%)
E0       omega2.E0    0.083 0.013 15.62
Emax   omega2.Emax    0.402 0.067 16.75
ED50   omega2.ED50    0.584 0.118 20.20
1    cov.Emax.ED50    0.120 0.067 56.29
----------------------------------------------------
------  Correlation matrix of random effects  ------
----------------------------------------------------
            omega2.E0 omega2.Emax omega2.ED50
omega2.E0   1.00      0.00        0.00       
omega2.Emax 0.00      1.00        0.25       
omega2.ED50 0.00      0.25        1.00       
----------------------------------------------------
---------------  Statistical criteria  -------------
----------------------------------------------------
Likelihood computed by linearisation
      -2LL= 2048.733 
      AIC = 2064.733 
      BIC = 2085.575 

Likelihood computed by importance sampling
      -2LL= 2046.797 
      AIC = 2062.797 
      BIC = 2083.638 
----------------------------------------------------
Reading data from file /home/eco/work/saemix/saemixextension/simulationSuite/cont/emaxRichProp/data/data_pdemax32.tab 
These are the first lines of the dataset as read into R. Please check the format of the data is appropriate, if not, modify the na and/or sep items and retry:
  id dose         y
1  1    0  5.587630
2  1  100  7.379604
3  1  300 10.997096
4  1 1000 15.534715
5  2    0  5.547451
6  2  100 11.964057


The following SaemixData object was successfully created:

Object of class SaemixData
    longitudinal data for use with the SAEM algorithm
Dataset /home/eco/work/saemix/saemixextension/simulationSuite/cont/emaxRichProp/data/data_pdemax32.tab 
    Structured data: y ~ dose | id 
    Predictor: dose (-) 
Nonlinear mixed-effects model fit by the SAEM algorithm
-----------------------------------
----          Data             ----
-----------------------------------
Object of class SaemixData
    longitudinal data for use with the SAEM algorithm
Dataset /home/eco/work/saemix/saemixextension/simulationSuite/cont/emaxRichProp/data/data_pdemax32.tab 
    Structured data: y ~ dose | id 
    Predictor: dose (-) 
Dataset characteristics:
    number of subjects:     100 
    number of observations: 400 
    average/min/max nb obs: 4.00  /  4  /  4 
First 10 lines of data:
   id dose         y mdv cens occ ytype
1   1    0  5.587630   0    0   1     1
2   1  100  7.379604   0    0   1     1
3   1  300 10.997096   0    0   1     1
4   1 1000 15.534715   0    0   1     1
5   2    0  5.547451   0    0   1     1
6   2  100 11.964057   0    0   1     1
7   2  300 15.749124   0    0   1     1
8   2 1000 20.662139   0    0   1     1
9   3    0  9.148709   0    0   1     1
10  3  100 19.162166   0    0   1     1
-----------------------------------
----          Model            ----
-----------------------------------
Nonlinear mixed-effects model
  Model function:  PD Emax model
  Model type:  structural
function (psi, id, xidep) 
{
    dose <- xidep[, 1]
    e0 <- psi[id, 1]
    emax <- psi[id, 2]
    e50 <- psi[id, 3]
    f <- e0 + emax * dose/(e50 + dose)
    return(f)
}
<bytecode: 0x557685349418>
  Nb of parameters: 3 
      parameter names:  E0 Emax ED50 
      distribution:
     Parameter Distribution Estimated
[1,] E0        log-normal   Estimated
[2,] Emax      log-normal   Estimated
[3,] ED50      log-normal   Estimated
  Variance-covariance matrix:
     E0 Emax ED50
E0    1    0    0
Emax  0    1    1
ED50  0    1    1
  Error model: proportional , initial values: b.1=0.2 
    No covariate in the model.
    Initial values
             E0 Emax ED50
Pop.CondInit 10   60 1000
-----------------------------------
----    Key algorithm options  ----
-----------------------------------
    Estimation of individual parameters (MAP)
    Estimation of standard errors and linearised log-likelihood
    Estimation of log-likelihood by importance sampling
    Number of iterations:  K1=300, K2=100 
    Number of chains:  1 
    Seed:  2014341 
    Number of MCMC iterations for IS:  5000 
    Simulations:
        nb of simulated datasets used for npde:  1000 
        nb of simulated datasets used for VPC:  100 
    Input/output
        save the results to a file:  FALSE 
        save the graphs to files:  TRUE 
        directory where results should be saved:  newdir 
----------------------------------------------------
----                  Results                   ----
----------------------------------------------------
-----------------  Fixed effects  ------------------
----------------------------------------------------
     Parameter Estimate SE      CV(%)
[1,] E0          4.986   0.1664 3.3  
[2,] Emax       28.531   1.9807 6.9  
[3,] ED50      423.252  34.9759 8.3  
[4,] b.1         0.088   0.0061 7.0  
----------------------------------------------------
-----------  Variance of random effects  -----------
----------------------------------------------------
      Parameter     Estimate SE    CV(%)
E0    omega2.E0     0.10     0.016 15   
Emax  omega2.Emax   0.43     0.068 16   
ED50  omega2.ED50   0.49     0.098 20   
covar cov.Emax.ED50 0.20     0.065 32   
----------------------------------------------------
------  Correlation matrix of random effects  ------
----------------------------------------------------
            omega2.E0 omega2.Emax omega2.ED50
omega2.E0   1         0.00        0.00       
omega2.Emax 0         1.00        0.44       
omega2.ED50 0         0.44        1.00       
----------------------------------------------------
---------------  Statistical criteria  -------------
----------------------------------------------------
Likelihood computed by linearisation
      -2LL= 2006.768 
      AIC = 2022.768 
      BIC = 2043.609 

Likelihood computed by importance sampling
      -2LL= 2007.361 
      AIC = 2023.361 
      BIC = 2044.202 
----------------------------------------------------
----------------------------------------------------
-----------------  Fixed effects  ------------------
----------------------------------------------------
  Parameter Estimate      SE CV(%)
1        E0    4.986  0.1664  3.34
2      Emax   28.531  1.9807  6.94
3      ED50  423.252 34.9759  8.26
4       b.1    0.088  0.0061  6.95
----------------------------------------------------
-----------  Variance of random effects  -----------
----------------------------------------------------
         Parameter Estimate    SE CV(%)
E0       omega2.E0     0.10 0.016 15.18
Emax   omega2.Emax     0.43 0.068 15.98
ED50   omega2.ED50     0.49 0.098 20.27
1    cov.Emax.ED50     0.20 0.065 32.14
----------------------------------------------------
------  Correlation matrix of random effects  ------
----------------------------------------------------
            omega2.E0 omega2.Emax omega2.ED50
omega2.E0   1.00      0.00        0.00       
omega2.Emax 0.00      1.00        0.44       
omega2.ED50 0.00      0.44        1.00       
----------------------------------------------------
---------------  Statistical criteria  -------------
----------------------------------------------------
Likelihood computed by linearisation
      -2LL= 2006.768 
      AIC = 2022.768 
      BIC = 2043.609 

Likelihood computed by importance sampling
      -2LL= 2007.361 
      AIC = 2023.361 
      BIC = 2044.202 
----------------------------------------------------
Reading data from file /home/eco/work/saemix/saemixextension/simulationSuite/cont/emaxRichProp/data/data_pdemax33.tab 
These are the first lines of the dataset as read into R. Please check the format of the data is appropriate, if not, modify the na and/or sep items and retry:
  id dose         y
1  1    0  3.935206
2  1  100  5.291137
3  1  300  8.796203
4  1 1000 10.486180
5  2    0  5.167493
6  2  100 11.498213


The following SaemixData object was successfully created:

Object of class SaemixData
    longitudinal data for use with the SAEM algorithm
Dataset /home/eco/work/saemix/saemixextension/simulationSuite/cont/emaxRichProp/data/data_pdemax33.tab 
    Structured data: y ~ dose | id 
    Predictor: dose (-) 
Nonlinear mixed-effects model fit by the SAEM algorithm
-----------------------------------
----          Data             ----
-----------------------------------
Object of class SaemixData
    longitudinal data for use with the SAEM algorithm
Dataset /home/eco/work/saemix/saemixextension/simulationSuite/cont/emaxRichProp/data/data_pdemax33.tab 
    Structured data: y ~ dose | id 
    Predictor: dose (-) 
Dataset characteristics:
    number of subjects:     100 
    number of observations: 400 
    average/min/max nb obs: 4.00  /  4  /  4 
First 10 lines of data:
   id dose         y mdv cens occ ytype
1   1    0  3.935206   0    0   1     1
2   1  100  5.291137   0    0   1     1
3   1  300  8.796203   0    0   1     1
4   1 1000 10.486180   0    0   1     1
5   2    0  5.167493   0    0   1     1
6   2  100 11.498213   0    0   1     1
7   2  300 18.946216   0    0   1     1
8   2 1000 23.257583   0    0   1     1
9   3    0  6.974205   0    0   1     1
10  3  100 12.797229   0    0   1     1
-----------------------------------
----          Model            ----
-----------------------------------
Nonlinear mixed-effects model
  Model function:  PD Emax model
  Model type:  structural
function (psi, id, xidep) 
{
    dose <- xidep[, 1]
    e0 <- psi[id, 1]
    emax <- psi[id, 2]
    e50 <- psi[id, 3]
    f <- e0 + emax * dose/(e50 + dose)
    return(f)
}
<bytecode: 0x557685349418>
  Nb of parameters: 3 
      parameter names:  E0 Emax ED50 
      distribution:
     Parameter Distribution Estimated
[1,] E0        log-normal   Estimated
[2,] Emax      log-normal   Estimated
[3,] ED50      log-normal   Estimated
  Variance-covariance matrix:
     E0 Emax ED50
E0    1    0    0
Emax  0    1    1
ED50  0    1    1
  Error model: proportional , initial values: b.1=0.2 
    No covariate in the model.
    Initial values
             E0 Emax ED50
Pop.CondInit 10   60 1000
-----------------------------------
----    Key algorithm options  ----
-----------------------------------
    Estimation of individual parameters (MAP)
    Estimation of standard errors and linearised log-likelihood
    Estimation of log-likelihood by importance sampling
    Number of iterations:  K1=300, K2=100 
    Number of chains:  1 
    Seed:  2014341 
    Number of MCMC iterations for IS:  5000 
    Simulations:
        nb of simulated datasets used for npde:  1000 
        nb of simulated datasets used for VPC:  100 
    Input/output
        save the results to a file:  FALSE 
        save the graphs to files:  TRUE 
        directory where results should be saved:  newdir 
----------------------------------------------------
----                  Results                   ----
----------------------------------------------------
-----------------  Fixed effects  ------------------
----------------------------------------------------
     Parameter Estimate SE      CV(%)
[1,] E0          5.2     0.1545 3.0  
[2,] Emax       28.5     1.9415 6.8  
[3,] ED50      521.6    43.1590 8.3  
[4,] b.1         0.1     0.0069 6.8  
----------------------------------------------------
-----------  Variance of random effects  -----------
----------------------------------------------------
      Parameter     Estimate SE    CV(%)
E0    omega2.E0     0.078    0.012 16   
Emax  omega2.Emax   0.380    0.066 17   
ED50  omega2.ED50   0.395    0.100 25   
covar cov.Emax.ED50 0.143    0.064 45   
----------------------------------------------------
------  Correlation matrix of random effects  ------
----------------------------------------------------
            omega2.E0 omega2.Emax omega2.ED50
omega2.E0   1         0.00        0.00       
omega2.Emax 0         1.00        0.37       
omega2.ED50 0         0.37        1.00       
----------------------------------------------------
---------------  Statistical criteria  -------------
----------------------------------------------------
Likelihood computed by linearisation
      -2LL= 1977.888 
      AIC = 1993.888 
      BIC = 2014.729 

Likelihood computed by importance sampling
      -2LL= 1976.761 
      AIC = 1992.761 
      BIC = 2013.603 
----------------------------------------------------
----------------------------------------------------
-----------------  Fixed effects  ------------------
----------------------------------------------------
  Parameter Estimate      SE CV(%)
1        E0     5.21  0.1545  2.96
2      Emax    28.46  1.9415  6.82
3      ED50   521.60 43.1590  8.27
4       b.1     0.10  0.0069  6.85
----------------------------------------------------
-----------  Variance of random effects  -----------
----------------------------------------------------
         Parameter Estimate    SE CV(%)
E0       omega2.E0    0.078 0.012 15.94
Emax   omega2.Emax    0.380 0.066 17.44
ED50   omega2.ED50    0.395 0.100 25.32
1    cov.Emax.ED50    0.143 0.064 44.99
----------------------------------------------------
------  Correlation matrix of random effects  ------
----------------------------------------------------
            omega2.E0 omega2.Emax omega2.ED50
omega2.E0   1.00      0.00        0.00       
omega2.Emax 0.00      1.00        0.37       
omega2.ED50 0.00      0.37        1.00       
----------------------------------------------------
---------------  Statistical criteria  -------------
----------------------------------------------------
Likelihood computed by linearisation
      -2LL= 1977.888 
      AIC = 1993.888 
      BIC = 2014.729 

Likelihood computed by importance sampling
      -2LL= 1976.761 
      AIC = 1992.761 
      BIC = 2013.603 
----------------------------------------------------
Reading data from file /home/eco/work/saemix/saemixextension/simulationSuite/cont/emaxRichProp/data/data_pdemax34.tab 
These are the first lines of the dataset as read into R. Please check the format of the data is appropriate, if not, modify the na and/or sep items and retry:
  id dose         y
1  1    0  3.708949
2  1  100  9.691776
3  1  300 14.557704
4  1 1000 18.363598
5  2    0  4.410930
6  2  100  9.695400


The following SaemixData object was successfully created:

Object of class SaemixData
    longitudinal data for use with the SAEM algorithm
Dataset /home/eco/work/saemix/saemixextension/simulationSuite/cont/emaxRichProp/data/data_pdemax34.tab 
    Structured data: y ~ dose | id 
    Predictor: dose (-) 
Nonlinear mixed-effects model fit by the SAEM algorithm
-----------------------------------
----          Data             ----
-----------------------------------
Object of class SaemixData
    longitudinal data for use with the SAEM algorithm
Dataset /home/eco/work/saemix/saemixextension/simulationSuite/cont/emaxRichProp/data/data_pdemax34.tab 
    Structured data: y ~ dose | id 
    Predictor: dose (-) 
Dataset characteristics:
    number of subjects:     100 
    number of observations: 400 
    average/min/max nb obs: 4.00  /  4  /  4 
First 10 lines of data:
   id dose         y mdv cens occ ytype
1   1    0  3.708949   0    0   1     1
2   1  100  9.691776   0    0   1     1
3   1  300 14.557704   0    0   1     1
4   1 1000 18.363598   0    0   1     1
5   2    0  4.410930   0    0   1     1
6   2  100  9.695400   0    0   1     1
7   2  300 11.948832   0    0   1     1
8   2 1000 12.567424   0    0   1     1
9   3    0  2.901400   0    0   1     1
10  3  100  9.242911   0    0   1     1
-----------------------------------
----          Model            ----
-----------------------------------
Nonlinear mixed-effects model
  Model function:  PD Emax model
  Model type:  structural
function (psi, id, xidep) 
{
    dose <- xidep[, 1]
    e0 <- psi[id, 1]
    emax <- psi[id, 2]
    e50 <- psi[id, 3]
    f <- e0 + emax * dose/(e50 + dose)
    return(f)
}
<bytecode: 0x557685349418>
  Nb of parameters: 3 
      parameter names:  E0 Emax ED50 
      distribution:
     Parameter Distribution Estimated
[1,] E0        log-normal   Estimated
[2,] Emax      log-normal   Estimated
[3,] ED50      log-normal   Estimated
  Variance-covariance matrix:
     E0 Emax ED50
E0    1    0    0
Emax  0    1    1
ED50  0    1    1
  Error model: proportional , initial values: b.1=0.2 
    No covariate in the model.
    Initial values
             E0 Emax ED50
Pop.CondInit 10   60 1000
-----------------------------------
----    Key algorithm options  ----
-----------------------------------
    Estimation of individual parameters (MAP)
    Estimation of standard errors and linearised log-likelihood
    Estimation of log-likelihood by importance sampling
    Number of iterations:  K1=300, K2=100 
    Number of chains:  1 
    Seed:  2014341 
    Number of MCMC iterations for IS:  5000 
    Simulations:
        nb of simulated datasets used for npde:  1000 
        nb of simulated datasets used for VPC:  100 
    Input/output
        save the results to a file:  FALSE 
        save the graphs to files:  TRUE 
        directory where results should be saved:  newdir 
----------------------------------------------------
----                  Results                   ----
----------------------------------------------------
-----------------  Fixed effects  ------------------
----------------------------------------------------
     Parameter Estimate SE      CV(%)
[1,] E0          5.07    0.1708 3.4  
[2,] Emax       28.08    1.9117 6.8  
[3,] ED50      412.38   33.9474 8.2  
[4,] b.1         0.08    0.0056 7.0  
----------------------------------------------------
-----------  Variance of random effects  -----------
----------------------------------------------------
      Parameter     Estimate SE    CV(%)
E0    omega2.E0     0.11     0.016 15   
Emax  omega2.Emax   0.42     0.066 16   
ED50  omega2.ED50   0.51     0.097 19   
covar cov.Emax.ED50 0.23     0.064 28   
----------------------------------------------------
------  Correlation matrix of random effects  ------
----------------------------------------------------
            omega2.E0 omega2.Emax omega2.ED50
omega2.E0   1         0.00        0.00       
omega2.Emax 0         1.00        0.49       
omega2.ED50 0         0.49        1.00       
----------------------------------------------------
---------------  Statistical criteria  -------------
----------------------------------------------------
Likelihood computed by linearisation
      -2LL= 1994.68 
      AIC = 2010.68 
      BIC = 2031.521 

Likelihood computed by importance sampling
      -2LL= 1993.162 
      AIC = 2009.162 
      BIC = 2030.003 
----------------------------------------------------
----------------------------------------------------
-----------------  Fixed effects  ------------------
----------------------------------------------------
  Parameter Estimate      SE CV(%)
1        E0     5.07  0.1708  3.37
2      Emax    28.08  1.9117  6.81
3      ED50   412.38 33.9474  8.23
4       b.1     0.08  0.0056  6.98
----------------------------------------------------
-----------  Variance of random effects  -----------
----------------------------------------------------
         Parameter Estimate    SE CV(%)
E0       omega2.E0     0.11 0.016 14.97
Emax   omega2.Emax     0.42 0.066 15.71
ED50   omega2.ED50     0.51 0.097 19.13
1    cov.Emax.ED50     0.23 0.064 28.20
----------------------------------------------------
------  Correlation matrix of random effects  ------
----------------------------------------------------
            omega2.E0 omega2.Emax omega2.ED50
omega2.E0   1.00      0.00        0.00       
omega2.Emax 0.00      1.00        0.49       
omega2.ED50 0.00      0.49        1.00       
----------------------------------------------------
---------------  Statistical criteria  -------------
----------------------------------------------------
Likelihood computed by linearisation
      -2LL= 1994.68 
      AIC = 2010.68 
      BIC = 2031.521 

Likelihood computed by importance sampling
      -2LL= 1993.162 
      AIC = 2009.162 
      BIC = 2030.003 
----------------------------------------------------
Reading data from file /home/eco/work/saemix/saemixextension/simulationSuite/cont/emaxRichProp/data/data_pdemax35.tab 
These are the first lines of the dataset as read into R. Please check the format of the data is appropriate, if not, modify the na and/or sep items and retry:
  id dose         y
1  1    0  4.736920
2  1  100  9.584550
3  1  300 11.322151
4  1 1000 16.412878
5  2    0  5.288586
6  2  100  9.152978


The following SaemixData object was successfully created:

Object of class SaemixData
    longitudinal data for use with the SAEM algorithm
Dataset /home/eco/work/saemix/saemixextension/simulationSuite/cont/emaxRichProp/data/data_pdemax35.tab 
    Structured data: y ~ dose | id 
    Predictor: dose (-) 
Nonlinear mixed-effects model fit by the SAEM algorithm
-----------------------------------
----          Data             ----
-----------------------------------
Object of class SaemixData
    longitudinal data for use with the SAEM algorithm
Dataset /home/eco/work/saemix/saemixextension/simulationSuite/cont/emaxRichProp/data/data_pdemax35.tab 
    Structured data: y ~ dose | id 
    Predictor: dose (-) 
Dataset characteristics:
    number of subjects:     100 
    number of observations: 400 
    average/min/max nb obs: 4.00  /  4  /  4 
First 10 lines of data:
   id dose         y mdv cens occ ytype
1   1    0  4.736920   0    0   1     1
2   1  100  9.584550   0    0   1     1
3   1  300 11.322151   0    0   1     1
4   1 1000 16.412878   0    0   1     1
5   2    0  5.288586   0    0   1     1
6   2  100  9.152978   0    0   1     1
7   2  300 12.789149   0    0   1     1
8   2 1000 17.630420   0    0   1     1
9   3    0  5.266268   0    0   1     1
10  3  100 11.583848   0    0   1     1
-----------------------------------
----          Model            ----
-----------------------------------
Nonlinear mixed-effects model
  Model function:  PD Emax model
  Model type:  structural
function (psi, id, xidep) 
{
    dose <- xidep[, 1]
    e0 <- psi[id, 1]
    emax <- psi[id, 2]
    e50 <- psi[id, 3]
    f <- e0 + emax * dose/(e50 + dose)
    return(f)
}
<bytecode: 0x557685349418>
  Nb of parameters: 3 
      parameter names:  E0 Emax ED50 
      distribution:
     Parameter Distribution Estimated
[1,] E0        log-normal   Estimated
[2,] Emax      log-normal   Estimated
[3,] ED50      log-normal   Estimated
  Variance-covariance matrix:
     E0 Emax ED50
E0    1    0    0
Emax  0    1    1
ED50  0    1    1
  Error model: proportional , initial values: b.1=0.2 
    No covariate in the model.
    Initial values
             E0 Emax ED50
Pop.CondInit 10   60 1000
-----------------------------------
----    Key algorithm options  ----
-----------------------------------
    Estimation of individual parameters (MAP)
    Estimation of standard errors and linearised log-likelihood
    Estimation of log-likelihood by importance sampling
    Number of iterations:  K1=300, K2=100 
    Number of chains:  1 
    Seed:  2014341 
    Number of MCMC iterations for IS:  5000 
    Simulations:
        nb of simulated datasets used for npde:  1000 
        nb of simulated datasets used for VPC:  100 
    Input/output
        save the results to a file:  FALSE 
        save the graphs to files:  TRUE 
        directory where results should be saved:  newdir 
----------------------------------------------------
----                  Results                   ----
----------------------------------------------------
-----------------  Fixed effects  ------------------
----------------------------------------------------
     Parameter Estimate SE      CV(%)
[1,] E0          5.08    0.1538 3.0  
[2,] Emax       29.22    2.1446 7.3  
[3,] ED50      504.55   39.5644 7.8  
[4,] b.1         0.11    0.0074 6.8  
----------------------------------------------------
-----------  Variance of random effects  -----------
----------------------------------------------------
      Parameter     Estimate SE    CV(%)
E0    omega2.E0     0.08     0.013 16   
Emax  omega2.Emax   0.45     0.077 17   
ED50  omega2.ED50   0.32     0.091 29   
covar cov.Emax.ED50 0.14     0.065 48   
----------------------------------------------------
------  Correlation matrix of random effects  ------
----------------------------------------------------
            omega2.E0 omega2.Emax omega2.ED50
omega2.E0   1         0.00        0.00       
omega2.Emax 0         1.00        0.36       
omega2.ED50 0         0.36        1.00       
----------------------------------------------------
---------------  Statistical criteria  -------------
----------------------------------------------------
Likelihood computed by linearisation
      -2LL= 2019.443 
      AIC = 2035.443 
      BIC = 2056.284 

Likelihood computed by importance sampling
      -2LL= 2018.321 
      AIC = 2034.321 
      BIC = 2055.162 
----------------------------------------------------
----------------------------------------------------
-----------------  Fixed effects  ------------------
----------------------------------------------------
  Parameter Estimate      SE CV(%)
1        E0     5.08  0.1538  3.03
2      Emax    29.22  2.1446  7.34
3      ED50   504.55 39.5644  7.84
4       b.1     0.11  0.0074  6.81
----------------------------------------------------
-----------  Variance of random effects  -----------
----------------------------------------------------
         Parameter Estimate    SE CV(%)
E0       omega2.E0     0.08 0.013 16.14
Emax   omega2.Emax     0.45 0.077 16.99
ED50   omega2.ED50     0.32 0.091 28.71
1    cov.Emax.ED50     0.14 0.065 48.00
----------------------------------------------------
------  Correlation matrix of random effects  ------
----------------------------------------------------
            omega2.E0 omega2.Emax omega2.ED50
omega2.E0   1.00      0.00        0.00       
omega2.Emax 0.00      1.00        0.36       
omega2.ED50 0.00      0.36        1.00       
----------------------------------------------------
---------------  Statistical criteria  -------------
----------------------------------------------------
Likelihood computed by linearisation
      -2LL= 2019.443 
      AIC = 2035.443 
      BIC = 2056.284 

Likelihood computed by importance sampling
      -2LL= 2018.321 
      AIC = 2034.321 
      BIC = 2055.162 
----------------------------------------------------
Reading data from file /home/eco/work/saemix/saemixextension/simulationSuite/cont/emaxRichProp/data/data_pdemax36.tab 
These are the first lines of the dataset as read into R. Please check the format of the data is appropriate, if not, modify the na and/or sep items and retry:
  id dose         y
1  1    0  3.278268
2  1  100  6.483370
3  1  300  8.100527
4  1 1000 13.275581
5  2    0  3.668606
6  2  100  7.100630


The following SaemixData object was successfully created:

Object of class SaemixData
    longitudinal data for use with the SAEM algorithm
Dataset /home/eco/work/saemix/saemixextension/simulationSuite/cont/emaxRichProp/data/data_pdemax36.tab 
    Structured data: y ~ dose | id 
    Predictor: dose (-) 
Nonlinear mixed-effects model fit by the SAEM algorithm
-----------------------------------
----          Data             ----
-----------------------------------
Object of class SaemixData
    longitudinal data for use with the SAEM algorithm
Dataset /home/eco/work/saemix/saemixextension/simulationSuite/cont/emaxRichProp/data/data_pdemax36.tab 
    Structured data: y ~ dose | id 
    Predictor: dose (-) 
Dataset characteristics:
    number of subjects:     100 
    number of observations: 400 
    average/min/max nb obs: 4.00  /  4  /  4 
First 10 lines of data:
   id dose         y mdv cens occ ytype
1   1    0  3.278268   0    0   1     1
2   1  100  6.483370   0    0   1     1
3   1  300  8.100527   0    0   1     1
4   1 1000 13.275581   0    0   1     1
5   2    0  3.668606   0    0   1     1
6   2  100  7.100630   0    0   1     1
7   2  300  7.462695   0    0   1     1
8   2 1000 13.124913   0    0   1     1
9   3    0  7.780169   0    0   1     1
10  3  100 11.885716   0    0   1     1
-----------------------------------
----          Model            ----
-----------------------------------
Nonlinear mixed-effects model
  Model function:  PD Emax model
  Model type:  structural
function (psi, id, xidep) 
{
    dose <- xidep[, 1]
    e0 <- psi[id, 1]
    emax <- psi[id, 2]
    e50 <- psi[id, 3]
    f <- e0 + emax * dose/(e50 + dose)
    return(f)
}
<bytecode: 0x557685349418>
  Nb of parameters: 3 
      parameter names:  E0 Emax ED50 
      distribution:
     Parameter Distribution Estimated
[1,] E0        log-normal   Estimated
[2,] Emax      log-normal   Estimated
[3,] ED50      log-normal   Estimated
  Variance-covariance matrix:
     E0 Emax ED50
E0    1    0    0
Emax  0    1    1
ED50  0    1    1
  Error model: proportional , initial values: b.1=0.2 
    No covariate in the model.
    Initial values
             E0 Emax ED50
Pop.CondInit 10   60 1000
-----------------------------------
----    Key algorithm options  ----
-----------------------------------
    Estimation of individual parameters (MAP)
    Estimation of standard errors and linearised log-likelihood
    Estimation of log-likelihood by importance sampling
    Number of iterations:  K1=300, K2=100 
    Number of chains:  1 
    Seed:  2014341 
    Number of MCMC iterations for IS:  5000 
    Simulations:
        nb of simulated datasets used for npde:  1000 
        nb of simulated datasets used for VPC:  100 
    Input/output
        save the results to a file:  FALSE 
        save the graphs to files:  TRUE 
        directory where results should be saved:  newdir 
----------------------------------------------------
----                  Results                   ----
----------------------------------------------------
-----------------  Fixed effects  ------------------
----------------------------------------------------
     Parameter Estimate SE      CV(%)
[1,] E0          4.84    0.1625 3.4  
[2,] Emax       31.19    2.5083 8.0  
[3,] ED50      496.79   40.0684 8.1  
[4,] b.1         0.11    0.0073 6.9  
----------------------------------------------------
-----------  Variance of random effects  -----------
----------------------------------------------------
      Parameter     Estimate SE    CV(%)
E0    omega2.E0     0.10     0.016 16   
Emax  omega2.Emax   0.57     0.092 16   
ED50  omega2.ED50   0.37     0.096 26   
covar cov.Emax.ED50 0.21     0.075 36   
----------------------------------------------------
------  Correlation matrix of random effects  ------
----------------------------------------------------
            omega2.E0 omega2.Emax omega2.ED50
omega2.E0   1         0.00        0.00       
omega2.Emax 0         1.00        0.46       
omega2.ED50 0         0.46        1.00       
----------------------------------------------------
---------------  Statistical criteria  -------------
----------------------------------------------------
Likelihood computed by linearisation
      -2LL= 2080.064 
      AIC = 2096.064 
      BIC = 2116.906 

Likelihood computed by importance sampling
      -2LL= 2079.047 
      AIC = 2095.047 
      BIC = 2115.888 
----------------------------------------------------
----------------------------------------------------
-----------------  Fixed effects  ------------------
----------------------------------------------------
  Parameter Estimate      SE CV(%)
1        E0     4.84  0.1625  3.36
2      Emax    31.19  2.5083  8.04
3      ED50   496.79 40.0684  8.07
4       b.1     0.11  0.0073  6.87
----------------------------------------------------
-----------  Variance of random effects  -----------
----------------------------------------------------
         Parameter Estimate    SE CV(%)
E0       omega2.E0     0.10 0.016 15.68
Emax   omega2.Emax     0.57 0.092 16.26
ED50   omega2.ED50     0.37 0.096 25.54
1    cov.Emax.ED50     0.21 0.075 35.69
----------------------------------------------------
------  Correlation matrix of random effects  ------
----------------------------------------------------
            omega2.E0 omega2.Emax omega2.ED50
omega2.E0   1.00      0.00        0.00       
omega2.Emax 0.00      1.00        0.46       
omega2.ED50 0.00      0.46        1.00       
----------------------------------------------------
---------------  Statistical criteria  -------------
----------------------------------------------------
Likelihood computed by linearisation
      -2LL= 2080.064 
      AIC = 2096.064 
      BIC = 2116.906 

Likelihood computed by importance sampling
      -2LL= 2079.047 
      AIC = 2095.047 
      BIC = 2115.888 
----------------------------------------------------
Reading data from file /home/eco/work/saemix/saemixextension/simulationSuite/cont/emaxRichProp/data/data_pdemax37.tab 
These are the first lines of the dataset as read into R. Please check the format of the data is appropriate, if not, modify the na and/or sep items and retry:
  id dose         y
1  1    0  5.044380
2  1  100 11.784772
3  1  300 19.764395
4  1 1000 36.978625
5  2    0  6.107104
6  2  100  8.848313


The following SaemixData object was successfully created:

Object of class SaemixData
    longitudinal data for use with the SAEM algorithm
Dataset /home/eco/work/saemix/saemixextension/simulationSuite/cont/emaxRichProp/data/data_pdemax37.tab 
    Structured data: y ~ dose | id 
    Predictor: dose (-) 
Nonlinear mixed-effects model fit by the SAEM algorithm
-----------------------------------
----          Data             ----
-----------------------------------
Object of class SaemixData
    longitudinal data for use with the SAEM algorithm
Dataset /home/eco/work/saemix/saemixextension/simulationSuite/cont/emaxRichProp/data/data_pdemax37.tab 
    Structured data: y ~ dose | id 
    Predictor: dose (-) 
Dataset characteristics:
    number of subjects:     100 
    number of observations: 400 
    average/min/max nb obs: 4.00  /  4  /  4 
First 10 lines of data:
   id dose         y mdv cens occ ytype
1   1    0  5.044380   0    0   1     1
2   1  100 11.784772   0    0   1     1
3   1  300 19.764395   0    0   1     1
4   1 1000 36.978625   0    0   1     1
5   2    0  6.107104   0    0   1     1
6   2  100  8.848313   0    0   1     1
7   2  300 16.167208   0    0   1     1
8   2 1000 22.506038   0    0   1     1
9   3    0  6.467007   0    0   1     1
10  3  100 15.298199   0    0   1     1
-----------------------------------
----          Model            ----
-----------------------------------
Nonlinear mixed-effects model
  Model function:  PD Emax model
  Model type:  structural
function (psi, id, xidep) 
{
    dose <- xidep[, 1]
    e0 <- psi[id, 1]
    emax <- psi[id, 2]
    e50 <- psi[id, 3]
    f <- e0 + emax * dose/(e50 + dose)
    return(f)
}
<bytecode: 0x557685349418>
  Nb of parameters: 3 
      parameter names:  E0 Emax ED50 
      distribution:
     Parameter Distribution Estimated
[1,] E0        log-normal   Estimated
[2,] Emax      log-normal   Estimated
[3,] ED50      log-normal   Estimated
  Variance-covariance matrix:
     E0 Emax ED50
E0    1    0    0
Emax  0    1    1
ED50  0    1    1
  Error model: proportional , initial values: b.1=0.2 
    No covariate in the model.
    Initial values
             E0 Emax ED50
Pop.CondInit 10   60 1000
-----------------------------------
----    Key algorithm options  ----
-----------------------------------
    Estimation of individual parameters (MAP)
    Estimation of standard errors and linearised log-likelihood
    Estimation of log-likelihood by importance sampling
    Number of iterations:  K1=300, K2=100 
    Number of chains:  1 
    Seed:  2014341 
    Number of MCMC iterations for IS:  5000 
    Simulations:
        nb of simulated datasets used for npde:  1000 
        nb of simulated datasets used for VPC:  100 
    Input/output
        save the results to a file:  FALSE 
        save the graphs to files:  TRUE 
        directory where results should be saved:  newdir 
----------------------------------------------------
----                  Results                   ----
----------------------------------------------------
-----------------  Fixed effects  ------------------
----------------------------------------------------
     Parameter Estimate SE      CV(%)
[1,] E0          4.917   0.1459 3.0  
[2,] Emax       28.058   1.9727 7.0  
[3,] ED50      557.156  54.7120 9.8  
[4,] b.1         0.094   0.0065 6.9  
----------------------------------------------------
-----------  Variance of random effects  -----------
----------------------------------------------------
      Parameter     Estimate SE    CV(%)
E0    omega2.E0     0.08     0.012 16   
Emax  omega2.Emax   0.40     0.070 17   
ED50  omega2.ED50   0.67     0.138 20   
covar cov.Emax.ED50 0.25     0.080 32   
----------------------------------------------------
------  Correlation matrix of random effects  ------
----------------------------------------------------
            omega2.E0 omega2.Emax omega2.ED50
omega2.E0   1         0.00        0.00       
omega2.Emax 0         1.00        0.49       
omega2.ED50 0         0.49        1.00       
----------------------------------------------------
---------------  Statistical criteria  -------------
----------------------------------------------------
Likelihood computed by linearisation
      -2LL= 1919.763 
      AIC = 1935.763 
      BIC = 1956.604 

Likelihood computed by importance sampling
      -2LL= 1919.698 
      AIC = 1935.698 
      BIC = 1956.54 
----------------------------------------------------
----------------------------------------------------
-----------------  Fixed effects  ------------------
----------------------------------------------------
  Parameter Estimate      SE CV(%)
1        E0    4.917  0.1459  2.97
2      Emax   28.058  1.9727  7.03
3      ED50  557.156 54.7120  9.82
4       b.1    0.094  0.0065  6.86
----------------------------------------------------
-----------  Variance of random effects  -----------
----------------------------------------------------
         Parameter Estimate    SE CV(%)
E0       omega2.E0     0.08 0.012 15.66
Emax   omega2.Emax     0.40 0.070 17.48
ED50   omega2.ED50     0.67 0.138 20.42
1    cov.Emax.ED50     0.25 0.080 31.54
----------------------------------------------------
------  Correlation matrix of random effects  ------
----------------------------------------------------
            omega2.E0 omega2.Emax omega2.ED50
omega2.E0   1.00      0.00        0.00       
omega2.Emax 0.00      1.00        0.49       
omega2.ED50 0.00      0.49        1.00       
----------------------------------------------------
---------------  Statistical criteria  -------------
----------------------------------------------------
Likelihood computed by linearisation
      -2LL= 1919.763 
      AIC = 1935.763 
      BIC = 1956.604 

Likelihood computed by importance sampling
      -2LL= 1919.698 
      AIC = 1935.698 
      BIC = 1956.54 
----------------------------------------------------
Reading data from file /home/eco/work/saemix/saemixextension/simulationSuite/cont/emaxRichProp/data/data_pdemax38.tab 
These are the first lines of the dataset as read into R. Please check the format of the data is appropriate, if not, modify the na and/or sep items and retry:
  id dose         y
1  1    0  3.870057
2  1  100  9.606917
3  1  300 13.390807
4  1 1000 13.777814
5  2    0  4.351701
6  2  100  6.398178


The following SaemixData object was successfully created:

Object of class SaemixData
    longitudinal data for use with the SAEM algorithm
Dataset /home/eco/work/saemix/saemixextension/simulationSuite/cont/emaxRichProp/data/data_pdemax38.tab 
    Structured data: y ~ dose | id 
    Predictor: dose (-) 
Nonlinear mixed-effects model fit by the SAEM algorithm
-----------------------------------
----          Data             ----
-----------------------------------
Object of class SaemixData
    longitudinal data for use with the SAEM algorithm
Dataset /home/eco/work/saemix/saemixextension/simulationSuite/cont/emaxRichProp/data/data_pdemax38.tab 
    Structured data: y ~ dose | id 
    Predictor: dose (-) 
Dataset characteristics:
    number of subjects:     100 
    number of observations: 400 
    average/min/max nb obs: 4.00  /  4  /  4 
First 10 lines of data:
   id dose         y mdv cens occ ytype
1   1    0  3.870057   0    0   1     1
2   1  100  9.606917   0    0   1     1
3   1  300 13.390807   0    0   1     1
4   1 1000 13.777814   0    0   1     1
5   2    0  4.351701   0    0   1     1
6   2  100  6.398178   0    0   1     1
7   2  300  9.794867   0    0   1     1
8   2 1000 10.119225   0    0   1     1
9   3    0  2.838047   0    0   1     1
10  3  100 13.793638   0    0   1     1
-----------------------------------
----          Model            ----
-----------------------------------
Nonlinear mixed-effects model
  Model function:  PD Emax model
  Model type:  structural
function (psi, id, xidep) 
{
    dose <- xidep[, 1]
    e0 <- psi[id, 1]
    emax <- psi[id, 2]
    e50 <- psi[id, 3]
    f <- e0 + emax * dose/(e50 + dose)
    return(f)
}
<bytecode: 0x557685349418>
  Nb of parameters: 3 
      parameter names:  E0 Emax ED50 
      distribution:
     Parameter Distribution Estimated
[1,] E0        log-normal   Estimated
[2,] Emax      log-normal   Estimated
[3,] ED50      log-normal   Estimated
  Variance-covariance matrix:
     E0 Emax ED50
E0    1    0    0
Emax  0    1    1
ED50  0    1    1
  Error model: proportional , initial values: b.1=0.2 
    No covariate in the model.
    Initial values
             E0 Emax ED50
Pop.CondInit 10   60 1000
-----------------------------------
----    Key algorithm options  ----
-----------------------------------
    Estimation of individual parameters (MAP)
    Estimation of standard errors and linearised log-likelihood
    Estimation of log-likelihood by importance sampling
    Number of iterations:  K1=300, K2=100 
    Number of chains:  1 
    Seed:  2014341 
    Number of MCMC iterations for IS:  5000 
    Simulations:
        nb of simulated datasets used for npde:  1000 
        nb of simulated datasets used for VPC:  100 
    Input/output
        save the results to a file:  FALSE 
        save the graphs to files:  TRUE 
        directory where results should be saved:  newdir 
----------------------------------------------------
----                  Results                   ----
----------------------------------------------------
-----------------  Fixed effects  ------------------
----------------------------------------------------
     Parameter Estimate SE      CV(%)
[1,] E0          4.9     0.1541 3.2  
[2,] Emax       31.1     2.2931 7.4  
[3,] ED50      475.0    36.7140 7.7  
[4,] b.1         0.1     0.0071 6.9  
----------------------------------------------------
-----------  Variance of random effects  -----------
----------------------------------------------------
      Parameter     Estimate SE    CV(%)
E0    omega2.E0     0.09     0.014 16   
Emax  omega2.Emax   0.47     0.077 16   
ED50  omega2.ED50   0.36     0.088 25   
covar cov.Emax.ED50 0.22     0.068 30   
----------------------------------------------------
------  Correlation matrix of random effects  ------
----------------------------------------------------
            omega2.E0 omega2.Emax omega2.ED50
omega2.E0   1         0.00        0.00       
omega2.Emax 0         1.00        0.54       
omega2.ED50 0         0.54        1.00       
----------------------------------------------------
---------------  Statistical criteria  -------------
----------------------------------------------------
Likelihood computed by linearisation
      -2LL= 2033.358 
      AIC = 2049.358 
      BIC = 2070.2 

Likelihood computed by importance sampling
      -2LL= 2032.928 
      AIC = 2048.928 
      BIC = 2069.769 
----------------------------------------------------
----------------------------------------------------
-----------------  Fixed effects  ------------------
----------------------------------------------------
  Parameter Estimate      SE CV(%)
1        E0     4.86  0.1541  3.17
2      Emax    31.07  2.2931  7.38
3      ED50   474.98 36.7140  7.73
4       b.1     0.10  0.0071  6.92
----------------------------------------------------
-----------  Variance of random effects  -----------
----------------------------------------------------
         Parameter Estimate    SE CV(%)
E0       omega2.E0     0.09 0.014 15.76
Emax   omega2.Emax     0.47 0.077 16.32
ED50   omega2.ED50     0.36 0.088 24.64
1    cov.Emax.ED50     0.22 0.068 30.41
----------------------------------------------------
------  Correlation matrix of random effects  ------
----------------------------------------------------
            omega2.E0 omega2.Emax omega2.ED50
omega2.E0   1.00      0.00        0.00       
omega2.Emax 0.00      1.00        0.54       
omega2.ED50 0.00      0.54        1.00       
----------------------------------------------------
---------------  Statistical criteria  -------------
----------------------------------------------------
Likelihood computed by linearisation
      -2LL= 2033.358 
      AIC = 2049.358 
      BIC = 2070.2 

Likelihood computed by importance sampling
      -2LL= 2032.928 
      AIC = 2048.928 
      BIC = 2069.769 
----------------------------------------------------
Reading data from file /home/eco/work/saemix/saemixextension/simulationSuite/cont/emaxRichProp/data/data_pdemax39.tab 
These are the first lines of the dataset as read into R. Please check the format of the data is appropriate, if not, modify the na and/or sep items and retry:
  id dose         y
1  1    0  3.215275
2  1  100  6.266019
3  1  300  9.832836
4  1 1000 14.216802
5  2    0  7.501672
6  2  100 13.434725


The following SaemixData object was successfully created:

Object of class SaemixData
    longitudinal data for use with the SAEM algorithm
Dataset /home/eco/work/saemix/saemixextension/simulationSuite/cont/emaxRichProp/data/data_pdemax39.tab 
    Structured data: y ~ dose | id 
    Predictor: dose (-) 
Nonlinear mixed-effects model fit by the SAEM algorithm
-----------------------------------
----          Data             ----
-----------------------------------
Object of class SaemixData
    longitudinal data for use with the SAEM algorithm
Dataset /home/eco/work/saemix/saemixextension/simulationSuite/cont/emaxRichProp/data/data_pdemax39.tab 
    Structured data: y ~ dose | id 
    Predictor: dose (-) 
Dataset characteristics:
    number of subjects:     100 
    number of observations: 400 
    average/min/max nb obs: 4.00  /  4  /  4 
First 10 lines of data:
   id dose         y mdv cens occ ytype
1   1    0  3.215275   0    0   1     1
2   1  100  6.266019   0    0   1     1
3   1  300  9.832836   0    0   1     1
4   1 1000 14.216802   0    0   1     1
5   2    0  7.501672   0    0   1     1
6   2  100 13.434725   0    0   1     1
7   2  300 17.173626   0    0   1     1
8   2 1000 22.041689   0    0   1     1
9   3    0  5.280196   0    0   1     1
10  3  100 12.717869   0    0   1     1
-----------------------------------
----          Model            ----
-----------------------------------
Nonlinear mixed-effects model
  Model function:  PD Emax model
  Model type:  structural
function (psi, id, xidep) 
{
    dose <- xidep[, 1]
    e0 <- psi[id, 1]
    emax <- psi[id, 2]
    e50 <- psi[id, 3]
    f <- e0 + emax * dose/(e50 + dose)
    return(f)
}
<bytecode: 0x557685349418>
  Nb of parameters: 3 
      parameter names:  E0 Emax ED50 
      distribution:
     Parameter Distribution Estimated
[1,] E0        log-normal   Estimated
[2,] Emax      log-normal   Estimated
[3,] ED50      log-normal   Estimated
  Variance-covariance matrix:
     E0 Emax ED50
E0    1    0    0
Emax  0    1    1
ED50  0    1    1
  Error model: proportional , initial values: b.1=0.2 
    No covariate in the model.
    Initial values
             E0 Emax ED50
Pop.CondInit 10   60 1000
-----------------------------------
----    Key algorithm options  ----
-----------------------------------
    Estimation of individual parameters (MAP)
    Estimation of standard errors and linearised log-likelihood
    Estimation of log-likelihood by importance sampling
    Number of iterations:  K1=300, K2=100 
    Number of chains:  1 
    Seed:  2014341 
    Number of MCMC iterations for IS:  5000 
    Simulations:
        nb of simulated datasets used for npde:  1000 
        nb of simulated datasets used for VPC:  100 
    Input/output
        save the results to a file:  FALSE 
        save the graphs to files:  TRUE 
        directory where results should be saved:  newdir 
----------------------------------------------------
----                  Results                   ----
----------------------------------------------------
-----------------  Fixed effects  ------------------
----------------------------------------------------
     Parameter Estimate SE     CV(%)
[1,] E0          4.9     0.157 3.2  
[2,] Emax       28.8     2.147 7.4  
[3,] ED50      440.1    35.148 8.0  
[4,] b.1         0.1     0.007 6.9  
----------------------------------------------------
-----------  Variance of random effects  -----------
----------------------------------------------------
      Parameter     Estimate SE    CV(%)
E0    omega2.E0     0.093    0.015 16   
Emax  omega2.Emax   0.488    0.079 16   
ED50  omega2.ED50   0.399    0.094 23   
covar cov.Emax.ED50 0.254    0.071 28   
----------------------------------------------------
------  Correlation matrix of random effects  ------
----------------------------------------------------
            omega2.E0 omega2.Emax omega2.ED50
omega2.E0   1         0.00        0.00       
omega2.Emax 0         1.00        0.58       
omega2.ED50 0         0.58        1.00       
----------------------------------------------------
---------------  Statistical criteria  -------------
----------------------------------------------------
Likelihood computed by linearisation
      -2LL= 2015.754 
      AIC = 2031.754 
      BIC = 2052.595 

Likelihood computed by importance sampling
      -2LL= 2015.081 
      AIC = 2031.081 
      BIC = 2051.923 
----------------------------------------------------
----------------------------------------------------
-----------------  Fixed effects  ------------------
----------------------------------------------------
  Parameter Estimate     SE CV(%)
1        E0     4.87  0.157  3.21
2      Emax    28.83  2.147  7.45
3      ED50   440.15 35.148  7.99
4       b.1     0.10  0.007  6.93
----------------------------------------------------
-----------  Variance of random effects  -----------
----------------------------------------------------
         Parameter Estimate    SE CV(%)
E0       omega2.E0    0.093 0.015 15.67
Emax   omega2.Emax    0.488 0.079 16.12
ED50   omega2.ED50    0.399 0.094 23.49
1    cov.Emax.ED50    0.254 0.071 27.91
----------------------------------------------------
------  Correlation matrix of random effects  ------
----------------------------------------------------
            omega2.E0 omega2.Emax omega2.ED50
omega2.E0   1.00      0.00        0.00       
omega2.Emax 0.00      1.00        0.58       
omega2.ED50 0.00      0.58        1.00       
----------------------------------------------------
---------------  Statistical criteria  -------------
----------------------------------------------------
Likelihood computed by linearisation
      -2LL= 2015.754 
      AIC = 2031.754 
      BIC = 2052.595 

Likelihood computed by importance sampling
      -2LL= 2015.081 
      AIC = 2031.081 
      BIC = 2051.923 
----------------------------------------------------
Reading data from file /home/eco/work/saemix/saemixextension/simulationSuite/cont/emaxRichProp/data/data_pdemax40.tab 
These are the first lines of the dataset as read into R. Please check the format of the data is appropriate, if not, modify the na and/or sep items and retry:
  id dose         y
1  1    0  5.774399
2  1  100 11.468467
3  1  300 15.903582
4  1 1000 34.002157
5  2    0  5.453044
6  2  100 11.121638


The following SaemixData object was successfully created:

Object of class SaemixData
    longitudinal data for use with the SAEM algorithm
Dataset /home/eco/work/saemix/saemixextension/simulationSuite/cont/emaxRichProp/data/data_pdemax40.tab 
    Structured data: y ~ dose | id 
    Predictor: dose (-) 
Nonlinear mixed-effects model fit by the SAEM algorithm
-----------------------------------
----          Data             ----
-----------------------------------
Object of class SaemixData
    longitudinal data for use with the SAEM algorithm
Dataset /home/eco/work/saemix/saemixextension/simulationSuite/cont/emaxRichProp/data/data_pdemax40.tab 
    Structured data: y ~ dose | id 
    Predictor: dose (-) 
Dataset characteristics:
    number of subjects:     100 
    number of observations: 400 
    average/min/max nb obs: 4.00  /  4  /  4 
First 10 lines of data:
   id dose         y mdv cens occ ytype
1   1    0  5.774399   0    0   1     1
2   1  100 11.468467   0    0   1     1
3   1  300 15.903582   0    0   1     1
4   1 1000 34.002157   0    0   1     1
5   2    0  5.453044   0    0   1     1
6   2  100 11.121638   0    0   1     1
7   2  300 16.223622   0    0   1     1
8   2 1000 21.899573   0    0   1     1
9   3    0  5.456952   0    0   1     1
10  3  100 10.382547   0    0   1     1
-----------------------------------
----          Model            ----
-----------------------------------
Nonlinear mixed-effects model
  Model function:  PD Emax model
  Model type:  structural
function (psi, id, xidep) 
{
    dose <- xidep[, 1]
    e0 <- psi[id, 1]
    emax <- psi[id, 2]
    e50 <- psi[id, 3]
    f <- e0 + emax * dose/(e50 + dose)
    return(f)
}
<bytecode: 0x557685349418>
  Nb of parameters: 3 
      parameter names:  E0 Emax ED50 
      distribution:
     Parameter Distribution Estimated
[1,] E0        log-normal   Estimated
[2,] Emax      log-normal   Estimated
[3,] ED50      log-normal   Estimated
  Variance-covariance matrix:
     E0 Emax ED50
E0    1    0    0
Emax  0    1    1
ED50  0    1    1
  Error model: proportional , initial values: b.1=0.2 
    No covariate in the model.
    Initial values
             E0 Emax ED50
Pop.CondInit 10   60 1000
-----------------------------------
----    Key algorithm options  ----
-----------------------------------
    Estimation of individual parameters (MAP)
    Estimation of standard errors and linearised log-likelihood
    Estimation of log-likelihood by importance sampling
    Number of iterations:  K1=300, K2=100 
    Number of chains:  1 
    Seed:  2014341 
    Number of MCMC iterations for IS:  5000 
    Simulations:
        nb of simulated datasets used for npde:  1000 
        nb of simulated datasets used for VPC:  100 
    Input/output
        save the results to a file:  FALSE 
        save the graphs to files:  TRUE 
        directory where results should be saved:  newdir 
----------------------------------------------------
----                  Results                   ----
----------------------------------------------------
-----------------  Fixed effects  ------------------
----------------------------------------------------
     Parameter Estimate SE      CV(%)
[1,] E0          5.170   0.1465 2.8  
[2,] Emax       29.013   2.2142 7.6  
[3,] ED50      511.933  46.3328 9.1  
[4,] b.1         0.097   0.0067 6.9  
----------------------------------------------------
-----------  Variance of random effects  -----------
----------------------------------------------------
      Parameter     Estimate SE    CV(%)
E0    omega2.E0     0.071    0.011 16   
Emax  omega2.Emax   0.500    0.083 17   
ED50  omega2.ED50   0.552    0.119 22   
covar cov.Emax.ED50 0.324    0.084 26   
----------------------------------------------------
------  Correlation matrix of random effects  ------
----------------------------------------------------
            omega2.E0 omega2.Emax omega2.ED50
omega2.E0   1         0.00        0.00       
omega2.Emax 0         1.00        0.62       
omega2.ED50 0         0.62        1.00       
----------------------------------------------------
---------------  Statistical criteria  -------------
----------------------------------------------------
Likelihood computed by linearisation
      -2LL= 1967.81 
      AIC = 1983.81 
      BIC = 2004.652 

Likelihood computed by importance sampling
      -2LL= 1967.15 
      AIC = 1983.15 
      BIC = 2003.991 
----------------------------------------------------
----------------------------------------------------
-----------------  Fixed effects  ------------------
----------------------------------------------------
  Parameter Estimate      SE CV(%)
1        E0    5.170  0.1465  2.83
2      Emax   29.013  2.2142  7.63
3      ED50  511.933 46.3328  9.05
4       b.1    0.097  0.0067  6.92
----------------------------------------------------
-----------  Variance of random effects  -----------
----------------------------------------------------
         Parameter Estimate    SE CV(%)
E0       omega2.E0    0.071 0.011 15.97
Emax   omega2.Emax    0.500 0.083 16.53
ED50   omega2.ED50    0.552 0.119 21.56
1    cov.Emax.ED50    0.324 0.084 25.87
----------------------------------------------------
------  Correlation matrix of random effects  ------
----------------------------------------------------
            omega2.E0 omega2.Emax omega2.ED50
omega2.E0   1.00      0.00        0.00       
omega2.Emax 0.00      1.00        0.62       
omega2.ED50 0.00      0.62        1.00       
----------------------------------------------------
---------------  Statistical criteria  -------------
----------------------------------------------------
Likelihood computed by linearisation
      -2LL= 1967.81 
      AIC = 1983.81 
      BIC = 2004.652 

Likelihood computed by importance sampling
      -2LL= 1967.15 
      AIC = 1983.15 
      BIC = 2003.991 
----------------------------------------------------
Reading data from file /home/eco/work/saemix/saemixextension/simulationSuite/cont/emaxRichProp/data/data_pdemax41.tab 
These are the first lines of the dataset as read into R. Please check the format of the data is appropriate, if not, modify the na and/or sep items and retry:
  id dose         y
1  1    0  2.687573
2  1  100 25.052169
3  1  300 46.592624
4  1 1000 57.349383
5  2    0  6.257351
6  2  100 10.965547


The following SaemixData object was successfully created:

Object of class SaemixData
    longitudinal data for use with the SAEM algorithm
Dataset /home/eco/work/saemix/saemixextension/simulationSuite/cont/emaxRichProp/data/data_pdemax41.tab 
    Structured data: y ~ dose | id 
    Predictor: dose (-) 
Nonlinear mixed-effects model fit by the SAEM algorithm
-----------------------------------
----          Data             ----
-----------------------------------
Object of class SaemixData
    longitudinal data for use with the SAEM algorithm
Dataset /home/eco/work/saemix/saemixextension/simulationSuite/cont/emaxRichProp/data/data_pdemax41.tab 
    Structured data: y ~ dose | id 
    Predictor: dose (-) 
Dataset characteristics:
    number of subjects:     100 
    number of observations: 400 
    average/min/max nb obs: 4.00  /  4  /  4 
First 10 lines of data:
   id dose         y mdv cens occ ytype
1   1    0  2.687573   0    0   1     1
2   1  100 25.052169   0    0   1     1
3   1  300 46.592624   0    0   1     1
4   1 1000 57.349383   0    0   1     1
5   2    0  6.257351   0    0   1     1
6   2  100 10.965547   0    0   1     1
7   2  300 18.960555   0    0   1     1
8   2 1000 37.958082   0    0   1     1
9   3    0  2.495139   0    0   1     1
10  3  100  7.926585   0    0   1     1
-----------------------------------
----          Model            ----
-----------------------------------
Nonlinear mixed-effects model
  Model function:  PD Emax model
  Model type:  structural
function (psi, id, xidep) 
{
    dose <- xidep[, 1]
    e0 <- psi[id, 1]
    emax <- psi[id, 2]
    e50 <- psi[id, 3]
    f <- e0 + emax * dose/(e50 + dose)
    return(f)
}
<bytecode: 0x557685349418>
  Nb of parameters: 3 
      parameter names:  E0 Emax ED50 
      distribution:
     Parameter Distribution Estimated
[1,] E0        log-normal   Estimated
[2,] Emax      log-normal   Estimated
[3,] ED50      log-normal   Estimated
  Variance-covariance matrix:
     E0 Emax ED50
E0    1    0    0
Emax  0    1    1
ED50  0    1    1
  Error model: proportional , initial values: b.1=0.2 
    No covariate in the model.
    Initial values
             E0 Emax ED50
Pop.CondInit 10   60 1000
-----------------------------------
----    Key algorithm options  ----
-----------------------------------
    Estimation of individual parameters (MAP)
    Estimation of standard errors and linearised log-likelihood
    Estimation of log-likelihood by importance sampling
    Number of iterations:  K1=300, K2=100 
    Number of chains:  1 
    Seed:  2014341 
    Number of MCMC iterations for IS:  5000 
    Simulations:
        nb of simulated datasets used for npde:  1000 
        nb of simulated datasets used for VPC:  100 
    Input/output
        save the results to a file:  FALSE 
        save the graphs to files:  TRUE 
        directory where results should be saved:  newdir 
----------------------------------------------------
----                  Results                   ----
----------------------------------------------------
-----------------  Fixed effects  ------------------
----------------------------------------------------
     Parameter Estimate SE      CV(%)
[1,] E0          4.808   0.1559 3.2  
[2,] Emax       29.640   2.3654 8.0  
[3,] ED50      470.894  38.9258 8.3  
[4,] b.1         0.094   0.0065 6.9  
----------------------------------------------------
-----------  Variance of random effects  -----------
----------------------------------------------------
      Parameter     Estimate SE    CV(%)
E0    omega2.E0     0.097    0.015 15   
Emax  omega2.Emax   0.572    0.090 16   
ED50  omega2.ED50   0.457    0.099 22   
covar cov.Emax.ED50 0.265    0.076 29   
----------------------------------------------------
------  Correlation matrix of random effects  ------
----------------------------------------------------
            omega2.E0 omega2.Emax omega2.ED50
omega2.E0   1         0.00        0.00       
omega2.Emax 0         1.00        0.52       
omega2.ED50 0         0.52        1.00       
----------------------------------------------------
---------------  Statistical criteria  -------------
----------------------------------------------------
Likelihood computed by linearisation
      -2LL= 2027.861 
      AIC = 2043.861 
      BIC = 2064.702 

Likelihood computed by importance sampling
      -2LL= 2026.822 
      AIC = 2042.822 
      BIC = 2063.663 
----------------------------------------------------
----------------------------------------------------
-----------------  Fixed effects  ------------------
----------------------------------------------------
  Parameter Estimate      SE CV(%)
1        E0    4.808  0.1559  3.24
2      Emax   29.640  2.3654  7.98
3      ED50  470.894 38.9258  8.27
4       b.1    0.094  0.0065  6.90
----------------------------------------------------
-----------  Variance of random effects  -----------
----------------------------------------------------
         Parameter Estimate    SE CV(%)
E0       omega2.E0    0.097 0.015 15.40
Emax   omega2.Emax    0.572 0.090 15.79
ED50   omega2.ED50    0.457 0.099 21.57
1    cov.Emax.ED50    0.265 0.076 28.86
----------------------------------------------------
------  Correlation matrix of random effects  ------
----------------------------------------------------
            omega2.E0 omega2.Emax omega2.ED50
omega2.E0   1.00      0.00        0.00       
omega2.Emax 0.00      1.00        0.52       
omega2.ED50 0.00      0.52        1.00       
----------------------------------------------------
---------------  Statistical criteria  -------------
----------------------------------------------------
Likelihood computed by linearisation
      -2LL= 2027.861 
      AIC = 2043.861 
      BIC = 2064.702 

Likelihood computed by importance sampling
      -2LL= 2026.822 
      AIC = 2042.822 
      BIC = 2063.663 
----------------------------------------------------
Reading data from file /home/eco/work/saemix/saemixextension/simulationSuite/cont/emaxRichProp/data/data_pdemax42.tab 
These are the first lines of the dataset as read into R. Please check the format of the data is appropriate, if not, modify the na and/or sep items and retry:
  id dose         y
1  1    0  4.811716
2  1  100 12.143948
3  1  300 19.267781
4  1 1000 21.694992
5  2    0  3.985234
6  2  100  5.861081


The following SaemixData object was successfully created:

Object of class SaemixData
    longitudinal data for use with the SAEM algorithm
Dataset /home/eco/work/saemix/saemixextension/simulationSuite/cont/emaxRichProp/data/data_pdemax42.tab 
    Structured data: y ~ dose | id 
    Predictor: dose (-) 
Nonlinear mixed-effects model fit by the SAEM algorithm
-----------------------------------
----          Data             ----
-----------------------------------
Object of class SaemixData
    longitudinal data for use with the SAEM algorithm
Dataset /home/eco/work/saemix/saemixextension/simulationSuite/cont/emaxRichProp/data/data_pdemax42.tab 
    Structured data: y ~ dose | id 
    Predictor: dose (-) 
Dataset characteristics:
    number of subjects:     100 
    number of observations: 400 
    average/min/max nb obs: 4.00  /  4  /  4 
First 10 lines of data:
   id dose         y mdv cens occ ytype
1   1    0  4.811716   0    0   1     1
2   1  100 12.143948   0    0   1     1
3   1  300 19.267781   0    0   1     1
4   1 1000 21.694992   0    0   1     1
5   2    0  3.985234   0    0   1     1
6   2  100  5.861081   0    0   1     1
7   2  300  8.817760   0    0   1     1
8   2 1000  9.328066   0    0   1     1
9   3    0  7.332493   0    0   1     1
10  3  100 10.757936   0    0   1     1
-----------------------------------
----          Model            ----
-----------------------------------
Nonlinear mixed-effects model
  Model function:  PD Emax model
  Model type:  structural
function (psi, id, xidep) 
{
    dose <- xidep[, 1]
    e0 <- psi[id, 1]
    emax <- psi[id, 2]
    e50 <- psi[id, 3]
    f <- e0 + emax * dose/(e50 + dose)
    return(f)
}
<bytecode: 0x557685349418>
  Nb of parameters: 3 
      parameter names:  E0 Emax ED50 
      distribution:
     Parameter Distribution Estimated
[1,] E0        log-normal   Estimated
[2,] Emax      log-normal   Estimated
[3,] ED50      log-normal   Estimated
  Variance-covariance matrix:
     E0 Emax ED50
E0    1    0    0
Emax  0    1    1
ED50  0    1    1
  Error model: proportional , initial values: b.1=0.2 
    No covariate in the model.
    Initial values
             E0 Emax ED50
Pop.CondInit 10   60 1000
-----------------------------------
----    Key algorithm options  ----
-----------------------------------
    Estimation of individual parameters (MAP)
    Estimation of standard errors and linearised log-likelihood
    Estimation of log-likelihood by importance sampling
    Number of iterations:  K1=300, K2=100 
    Number of chains:  1 
    Seed:  2014341 
    Number of MCMC iterations for IS:  5000 
    Simulations:
        nb of simulated datasets used for npde:  1000 
        nb of simulated datasets used for VPC:  100 
    Input/output
        save the results to a file:  FALSE 
        save the graphs to files:  TRUE 
        directory where results should be saved:  newdir 
----------------------------------------------------
----                  Results                   ----
----------------------------------------------------
-----------------  Fixed effects  ------------------
----------------------------------------------------
     Parameter Estimate SE      CV(%)
[1,] E0          5.460   0.1676 3.1  
[2,] Emax       32.518   2.3868 7.3  
[3,] ED50      452.442  41.0719 9.1  
[4,] b.1         0.088   0.0061 7.0  
----------------------------------------------------
-----------  Variance of random effects  -----------
----------------------------------------------------
      Parameter     Estimate SE    CV(%)
E0    omega2.E0     0.087    0.013 15   
Emax  omega2.Emax   0.478    0.076 16   
ED50  omega2.ED50   0.619    0.118 19   
covar cov.Emax.ED50 0.366    0.082 22   
----------------------------------------------------
------  Correlation matrix of random effects  ------
----------------------------------------------------
            omega2.E0 omega2.Emax omega2.ED50
omega2.E0   1         0.00        0.00       
omega2.Emax 0         1.00        0.67       
omega2.ED50 0         0.67        1.00       
----------------------------------------------------
---------------  Statistical criteria  -------------
----------------------------------------------------
Likelihood computed by linearisation
      -2LL= 2047.99 
      AIC = 2063.99 
      BIC = 2084.831 

Likelihood computed by importance sampling
      -2LL= 2046.896 
      AIC = 2062.896 
      BIC = 2083.737 
----------------------------------------------------
----------------------------------------------------
-----------------  Fixed effects  ------------------
----------------------------------------------------
  Parameter Estimate      SE CV(%)
1        E0    5.460  0.1676  3.07
2      Emax   32.518  2.3868  7.34
3      ED50  452.442 41.0719  9.08
4       b.1    0.088  0.0061  6.96
----------------------------------------------------
-----------  Variance of random effects  -----------
----------------------------------------------------
         Parameter Estimate    SE CV(%)
E0       omega2.E0    0.087 0.013 15.38
Emax   omega2.Emax    0.478 0.076 15.97
ED50   omega2.ED50    0.619 0.118 19.10
1    cov.Emax.ED50    0.366 0.082 22.33
----------------------------------------------------
------  Correlation matrix of random effects  ------
----------------------------------------------------
            omega2.E0 omega2.Emax omega2.ED50
omega2.E0   1.00      0.00        0.00       
omega2.Emax 0.00      1.00        0.67       
omega2.ED50 0.00      0.67        1.00       
----------------------------------------------------
---------------  Statistical criteria  -------------
----------------------------------------------------
Likelihood computed by linearisation
      -2LL= 2047.99 
      AIC = 2063.99 
      BIC = 2084.831 

Likelihood computed by importance sampling
      -2LL= 2046.896 
      AIC = 2062.896 
      BIC = 2083.737 
----------------------------------------------------
Reading data from file /home/eco/work/saemix/saemixextension/simulationSuite/cont/emaxRichProp/data/data_pdemax43.tab 
These are the first lines of the dataset as read into R. Please check the format of the data is appropriate, if not, modify the na and/or sep items and retry:
  id dose         y
1  1    0  6.585110
2  1  100 12.878571
3  1  300 14.978913
4  1 1000 22.901189
5  2    0  3.508127
6  2  100 11.152045


The following SaemixData object was successfully created:

Object of class SaemixData
    longitudinal data for use with the SAEM algorithm
Dataset /home/eco/work/saemix/saemixextension/simulationSuite/cont/emaxRichProp/data/data_pdemax43.tab 
    Structured data: y ~ dose | id 
    Predictor: dose (-) 
Nonlinear mixed-effects model fit by the SAEM algorithm
-----------------------------------
----          Data             ----
-----------------------------------
Object of class SaemixData
    longitudinal data for use with the SAEM algorithm
Dataset /home/eco/work/saemix/saemixextension/simulationSuite/cont/emaxRichProp/data/data_pdemax43.tab 
    Structured data: y ~ dose | id 
    Predictor: dose (-) 
Dataset characteristics:
    number of subjects:     100 
    number of observations: 400 
    average/min/max nb obs: 4.00  /  4  /  4 
First 10 lines of data:
   id dose         y mdv cens occ ytype
1   1    0  6.585110   0    0   1     1
2   1  100 12.878571   0    0   1     1
3   1  300 14.978913   0    0   1     1
4   1 1000 22.901189   0    0   1     1
5   2    0  3.508127   0    0   1     1
6   2  100 11.152045   0    0   1     1
7   2  300 20.138627   0    0   1     1
8   2 1000 21.209860   0    0   1     1
9   3    0  3.979453   0    0   1     1
10  3  100  8.470562   0    0   1     1
-----------------------------------
----          Model            ----
-----------------------------------
Nonlinear mixed-effects model
  Model function:  PD Emax model
  Model type:  structural
function (psi, id, xidep) 
{
    dose <- xidep[, 1]
    e0 <- psi[id, 1]
    emax <- psi[id, 2]
    e50 <- psi[id, 3]
    f <- e0 + emax * dose/(e50 + dose)
    return(f)
}
<bytecode: 0x557685349418>
  Nb of parameters: 3 
      parameter names:  E0 Emax ED50 
      distribution:
     Parameter Distribution Estimated
[1,] E0        log-normal   Estimated
[2,] Emax      log-normal   Estimated
[3,] ED50      log-normal   Estimated
  Variance-covariance matrix:
     E0 Emax ED50
E0    1    0    0
Emax  0    1    1
ED50  0    1    1
  Error model: proportional , initial values: b.1=0.2 
    No covariate in the model.
    Initial values
             E0 Emax ED50
Pop.CondInit 10   60 1000
-----------------------------------
----    Key algorithm options  ----
-----------------------------------
    Estimation of individual parameters (MAP)
    Estimation of standard errors and linearised log-likelihood
    Estimation of log-likelihood by importance sampling
    Number of iterations:  K1=300, K2=100 
    Number of chains:  1 
    Seed:  2014341 
    Number of MCMC iterations for IS:  5000 
    Simulations:
        nb of simulated datasets used for npde:  1000 
        nb of simulated datasets used for VPC:  100 
    Input/output
        save the results to a file:  FALSE 
        save the graphs to files:  TRUE 
        directory where results should be saved:  newdir 
----------------------------------------------------
----                  Results                   ----
----------------------------------------------------
-----------------  Fixed effects  ------------------
----------------------------------------------------
     Parameter Estimate SE      CV(%)
[1,] E0          4.990   0.1661 3.3  
[2,] Emax       32.080   2.3228 7.2  
[3,] ED50      471.221  37.7023 8.0  
[4,] b.1         0.098   0.0068 6.9  
----------------------------------------------------
-----------  Variance of random effects  -----------
----------------------------------------------------
      Parameter     Estimate SE    CV(%)
E0    omega2.E0     0.10     0.016 15   
Emax  omega2.Emax   0.46     0.074 16   
ED50  omega2.ED50   0.41     0.093 23   
covar cov.Emax.ED50 0.22     0.068 30   
----------------------------------------------------
------  Correlation matrix of random effects  ------
----------------------------------------------------
            omega2.E0 omega2.Emax omega2.ED50
omega2.E0   1         0.00        0.00       
omega2.Emax 0         1.00        0.51       
omega2.ED50 0         0.51        1.00       
----------------------------------------------------
---------------  Statistical criteria  -------------
----------------------------------------------------
Likelihood computed by linearisation
      -2LL= 2061.883 
      AIC = 2077.883 
      BIC = 2098.725 

Likelihood computed by importance sampling
      -2LL= 2059.907 
      AIC = 2075.907 
      BIC = 2096.748 
----------------------------------------------------
----------------------------------------------------
-----------------  Fixed effects  ------------------
----------------------------------------------------
  Parameter Estimate      SE CV(%)
1        E0    4.990  0.1661  3.33
2      Emax   32.080  2.3228  7.24
3      ED50  471.221 37.7023  8.00
4       b.1    0.098  0.0068  6.93
----------------------------------------------------
-----------  Variance of random effects  -----------
----------------------------------------------------
         Parameter Estimate    SE CV(%)
E0       omega2.E0     0.10 0.016 15.45
Emax   omega2.Emax     0.46 0.074 16.26
ED50   omega2.ED50     0.41 0.093 22.54
1    cov.Emax.ED50     0.22 0.068 30.38
----------------------------------------------------
------  Correlation matrix of random effects  ------
----------------------------------------------------
            omega2.E0 omega2.Emax omega2.ED50
omega2.E0   1.00      0.00        0.00       
omega2.Emax 0.00      1.00        0.51       
omega2.ED50 0.00      0.51        1.00       
----------------------------------------------------
---------------  Statistical criteria  -------------
----------------------------------------------------
Likelihood computed by linearisation
      -2LL= 2061.883 
      AIC = 2077.883 
      BIC = 2098.725 

Likelihood computed by importance sampling
      -2LL= 2059.907 
      AIC = 2075.907 
      BIC = 2096.748 
----------------------------------------------------
Reading data from file /home/eco/work/saemix/saemixextension/simulationSuite/cont/emaxRichProp/data/data_pdemax44.tab 
These are the first lines of the dataset as read into R. Please check the format of the data is appropriate, if not, modify the na and/or sep items and retry:
  id dose         y
1  1    0  5.030396
2  1  100  9.275037
3  1  300 13.866211
4  1 1000 23.385850
5  2    0  5.526325
6  2  100  9.892656


The following SaemixData object was successfully created:

Object of class SaemixData
    longitudinal data for use with the SAEM algorithm
Dataset /home/eco/work/saemix/saemixextension/simulationSuite/cont/emaxRichProp/data/data_pdemax44.tab 
    Structured data: y ~ dose | id 
    Predictor: dose (-) 
Nonlinear mixed-effects model fit by the SAEM algorithm
-----------------------------------
----          Data             ----
-----------------------------------
Object of class SaemixData
    longitudinal data for use with the SAEM algorithm
Dataset /home/eco/work/saemix/saemixextension/simulationSuite/cont/emaxRichProp/data/data_pdemax44.tab 
    Structured data: y ~ dose | id 
    Predictor: dose (-) 
Dataset characteristics:
    number of subjects:     100 
    number of observations: 400 
    average/min/max nb obs: 4.00  /  4  /  4 
First 10 lines of data:
   id dose         y mdv cens occ ytype
1   1    0  5.030396   0    0   1     1
2   1  100  9.275037   0    0   1     1
3   1  300 13.866211   0    0   1     1
4   1 1000 23.385850   0    0   1     1
5   2    0  5.526325   0    0   1     1
6   2  100  9.892656   0    0   1     1
7   2  300 14.191774   0    0   1     1
8   2 1000 25.747914   0    0   1     1
9   3    0  4.388869   0    0   1     1
10  3  100 11.432550   0    0   1     1
-----------------------------------
----          Model            ----
-----------------------------------
Nonlinear mixed-effects model
  Model function:  PD Emax model
  Model type:  structural
function (psi, id, xidep) 
{
    dose <- xidep[, 1]
    e0 <- psi[id, 1]
    emax <- psi[id, 2]
    e50 <- psi[id, 3]
    f <- e0 + emax * dose/(e50 + dose)
    return(f)
}
<bytecode: 0x557685349418>
  Nb of parameters: 3 
      parameter names:  E0 Emax ED50 
      distribution:
     Parameter Distribution Estimated
[1,] E0        log-normal   Estimated
[2,] Emax      log-normal   Estimated
[3,] ED50      log-normal   Estimated
  Variance-covariance matrix:
     E0 Emax ED50
E0    1    0    0
Emax  0    1    1
ED50  0    1    1
  Error model: proportional , initial values: b.1=0.2 
    No covariate in the model.
    Initial values
             E0 Emax ED50
Pop.CondInit 10   60 1000
-----------------------------------
----    Key algorithm options  ----
-----------------------------------
    Estimation of individual parameters (MAP)
    Estimation of standard errors and linearised log-likelihood
    Estimation of log-likelihood by importance sampling
    Number of iterations:  K1=300, K2=100 
    Number of chains:  1 
    Seed:  2014341 
    Number of MCMC iterations for IS:  5000 
    Simulations:
        nb of simulated datasets used for npde:  1000 
        nb of simulated datasets used for VPC:  100 
    Input/output
        save the results to a file:  FALSE 
        save the graphs to files:  TRUE 
        directory where results should be saved:  newdir 
----------------------------------------------------
----                  Results                   ----
----------------------------------------------------
-----------------  Fixed effects  ------------------
----------------------------------------------------
     Parameter Estimate SE      CV(%)
[1,] E0          5.21    0.1610 3.1  
[2,] Emax       27.23    1.8714 6.9  
[3,] ED50      525.97   49.0145 9.3  
[4,] b.1         0.11    0.0076 6.8  
----------------------------------------------------
-----------  Variance of random effects  -----------
----------------------------------------------------
      Parameter     Estimate SE    CV(%)
E0    omega2.E0     0.084    0.014 16   
Emax  omega2.Emax   0.360    0.067 19   
ED50  omega2.ED50   0.493    0.126 25   
covar cov.Emax.ED50 0.119    0.072 61   
----------------------------------------------------
------  Correlation matrix of random effects  ------
----------------------------------------------------
            omega2.E0 omega2.Emax omega2.ED50
omega2.E0   1         0.00        0.00       
omega2.Emax 0         1.00        0.28       
omega2.ED50 0         0.28        1.00       
----------------------------------------------------
---------------  Statistical criteria  -------------
----------------------------------------------------
Likelihood computed by linearisation
      -2LL= 2004.122 
      AIC = 2020.122 
      BIC = 2040.963 

Likelihood computed by importance sampling
      -2LL= 2001.175 
      AIC = 2017.175 
      BIC = 2038.016 
----------------------------------------------------
----------------------------------------------------
-----------------  Fixed effects  ------------------
----------------------------------------------------
  Parameter Estimate      SE CV(%)
1        E0     5.21  0.1610  3.09
2      Emax    27.23  1.8714  6.87
3      ED50   525.97 49.0145  9.32
4       b.1     0.11  0.0076  6.77
----------------------------------------------------
-----------  Variance of random effects  -----------
----------------------------------------------------
         Parameter Estimate    SE CV(%)
E0       omega2.E0    0.084 0.014 16.20
Emax   omega2.Emax    0.360 0.067 18.63
ED50   omega2.ED50    0.493 0.126 25.50
1    cov.Emax.ED50    0.119 0.072 60.60
----------------------------------------------------
------  Correlation matrix of random effects  ------
----------------------------------------------------
            omega2.E0 omega2.Emax omega2.ED50
omega2.E0   1.00      0.00        0.00       
omega2.Emax 0.00      1.00        0.28       
omega2.ED50 0.00      0.28        1.00       
----------------------------------------------------
---------------  Statistical criteria  -------------
----------------------------------------------------
Likelihood computed by linearisation
      -2LL= 2004.122 
      AIC = 2020.122 
      BIC = 2040.963 

Likelihood computed by importance sampling
      -2LL= 2001.175 
      AIC = 2017.175 
      BIC = 2038.016 
----------------------------------------------------
Reading data from file /home/eco/work/saemix/saemixextension/simulationSuite/cont/emaxRichProp/data/data_pdemax45.tab 
These are the first lines of the dataset as read into R. Please check the format of the data is appropriate, if not, modify the na and/or sep items and retry:
  id dose         y
1  1    0  7.837369
2  1  100  9.389540
3  1  300 13.112441
4  1 1000 15.121517
5  2    0  6.822069
6  2  100 10.326701


The following SaemixData object was successfully created:

Object of class SaemixData
    longitudinal data for use with the SAEM algorithm
Dataset /home/eco/work/saemix/saemixextension/simulationSuite/cont/emaxRichProp/data/data_pdemax45.tab 
    Structured data: y ~ dose | id 
    Predictor: dose (-) 
Nonlinear mixed-effects model fit by the SAEM algorithm
-----------------------------------
----          Data             ----
-----------------------------------
Object of class SaemixData
    longitudinal data for use with the SAEM algorithm
Dataset /home/eco/work/saemix/saemixextension/simulationSuite/cont/emaxRichProp/data/data_pdemax45.tab 
    Structured data: y ~ dose | id 
    Predictor: dose (-) 
Dataset characteristics:
    number of subjects:     100 
    number of observations: 400 
    average/min/max nb obs: 4.00  /  4  /  4 
First 10 lines of data:
   id dose         y mdv cens occ ytype
1   1    0  7.837369   0    0   1     1
2   1  100  9.389540   0    0   1     1
3   1  300 13.112441   0    0   1     1
4   1 1000 15.121517   0    0   1     1
5   2    0  6.822069   0    0   1     1
6   2  100 10.326701   0    0   1     1
7   2  300 13.593152   0    0   1     1
8   2 1000 26.920928   0    0   1     1
9   3    0  6.368781   0    0   1     1
10  3  100  9.788871   0    0   1     1
-----------------------------------
----          Model            ----
-----------------------------------
Nonlinear mixed-effects model
  Model function:  PD Emax model
  Model type:  structural
function (psi, id, xidep) 
{
    dose <- xidep[, 1]
    e0 <- psi[id, 1]
    emax <- psi[id, 2]
    e50 <- psi[id, 3]
    f <- e0 + emax * dose/(e50 + dose)
    return(f)
}
<bytecode: 0x557685349418>
  Nb of parameters: 3 
      parameter names:  E0 Emax ED50 
      distribution:
     Parameter Distribution Estimated
[1,] E0        log-normal   Estimated
[2,] Emax      log-normal   Estimated
[3,] ED50      log-normal   Estimated
  Variance-covariance matrix:
     E0 Emax ED50
E0    1    0    0
Emax  0    1    1
ED50  0    1    1
  Error model: proportional , initial values: b.1=0.2 
    No covariate in the model.
    Initial values
             E0 Emax ED50
Pop.CondInit 10   60 1000
-----------------------------------
----    Key algorithm options  ----
-----------------------------------
    Estimation of individual parameters (MAP)
    Estimation of standard errors and linearised log-likelihood
    Estimation of log-likelihood by importance sampling
    Number of iterations:  K1=300, K2=100 
    Number of chains:  1 
    Seed:  2014341 
    Number of MCMC iterations for IS:  5000 
    Simulations:
        nb of simulated datasets used for npde:  1000 
        nb of simulated datasets used for VPC:  100 
    Input/output
        save the results to a file:  FALSE 
        save the graphs to files:  TRUE 
        directory where results should be saved:  newdir 
----------------------------------------------------
----                  Results                   ----
----------------------------------------------------
-----------------  Fixed effects  ------------------
----------------------------------------------------
     Parameter Estimate SE      CV(%)
[1,] E0          4.89    0.1405 2.9  
[2,] Emax       30.02    2.0787 6.9  
[3,] ED50      471.57   38.2056 8.1  
[4,] b.1         0.11    0.0073 6.9  
----------------------------------------------------
-----------  Variance of random effects  -----------
----------------------------------------------------
      Parameter     Estimate SE    CV(%)
E0    omega2.E0     0.072    0.012 16   
Emax  omega2.Emax   0.402    0.068 17   
ED50  omega2.ED50   0.390    0.096 25   
covar cov.Emax.ED50 0.151    0.064 42   
----------------------------------------------------
------  Correlation matrix of random effects  ------
----------------------------------------------------
            omega2.E0 omega2.Emax omega2.ED50
omega2.E0   1         0.00        0.00       
omega2.Emax 0         1.00        0.38       
omega2.ED50 0         0.38        1.00       
----------------------------------------------------
---------------  Statistical criteria  -------------
----------------------------------------------------
Likelihood computed by linearisation
      -2LL= 2012.839 
      AIC = 2028.839 
      BIC = 2049.68 

Likelihood computed by importance sampling
      -2LL= 2012.808 
      AIC = 2028.808 
      BIC = 2049.649 
----------------------------------------------------
----------------------------------------------------
-----------------  Fixed effects  ------------------
----------------------------------------------------
  Parameter Estimate      SE CV(%)
1        E0     4.89  0.1405  2.87
2      Emax    30.02  2.0787  6.93
3      ED50   471.57 38.2056  8.10
4       b.1     0.11  0.0073  6.89
----------------------------------------------------
-----------  Variance of random effects  -----------
----------------------------------------------------
         Parameter Estimate    SE CV(%)
E0       omega2.E0    0.072 0.012 16.34
Emax   omega2.Emax    0.402 0.068 16.96
ED50   omega2.ED50    0.390 0.096 24.70
1    cov.Emax.ED50    0.151 0.064 42.31
----------------------------------------------------
------  Correlation matrix of random effects  ------
----------------------------------------------------
            omega2.E0 omega2.Emax omega2.ED50
omega2.E0   1.00      0.00        0.00       
omega2.Emax 0.00      1.00        0.38       
omega2.ED50 0.00      0.38        1.00       
----------------------------------------------------
---------------  Statistical criteria  -------------
----------------------------------------------------
Likelihood computed by linearisation
      -2LL= 2012.839 
      AIC = 2028.839 
      BIC = 2049.68 

Likelihood computed by importance sampling
      -2LL= 2012.808 
      AIC = 2028.808 
      BIC = 2049.649 
----------------------------------------------------
Reading data from file /home/eco/work/saemix/saemixextension/simulationSuite/cont/emaxRichProp/data/data_pdemax46.tab 
These are the first lines of the dataset as read into R. Please check the format of the data is appropriate, if not, modify the na and/or sep items and retry:
  id dose         y
1  1    0  4.289489
2  1  100 14.071307
3  1  300 22.183234
4  1 1000 49.933160
5  2    0  6.117225
6  2  100 13.052552


The following SaemixData object was successfully created:

Object of class SaemixData
    longitudinal data for use with the SAEM algorithm
Dataset /home/eco/work/saemix/saemixextension/simulationSuite/cont/emaxRichProp/data/data_pdemax46.tab 
    Structured data: y ~ dose | id 
    Predictor: dose (-) 
Nonlinear mixed-effects model fit by the SAEM algorithm
-----------------------------------
----          Data             ----
-----------------------------------
Object of class SaemixData
    longitudinal data for use with the SAEM algorithm
Dataset /home/eco/work/saemix/saemixextension/simulationSuite/cont/emaxRichProp/data/data_pdemax46.tab 
    Structured data: y ~ dose | id 
    Predictor: dose (-) 
Dataset characteristics:
    number of subjects:     100 
    number of observations: 400 
    average/min/max nb obs: 4.00  /  4  /  4 
First 10 lines of data:
   id dose         y mdv cens occ ytype
1   1    0  4.289489   0    0   1     1
2   1  100 14.071307   0    0   1     1
3   1  300 22.183234   0    0   1     1
4   1 1000 49.933160   0    0   1     1
5   2    0  6.117225   0    0   1     1
6   2  100 13.052552   0    0   1     1
7   2  300 19.567138   0    0   1     1
8   2 1000 49.520282   0    0   1     1
9   3    0  7.069544   0    0   1     1
10  3  100 20.100279   0    0   1     1
-----------------------------------
----          Model            ----
-----------------------------------
Nonlinear mixed-effects model
  Model function:  PD Emax model
  Model type:  structural
function (psi, id, xidep) 
{
    dose <- xidep[, 1]
    e0 <- psi[id, 1]
    emax <- psi[id, 2]
    e50 <- psi[id, 3]
    f <- e0 + emax * dose/(e50 + dose)
    return(f)
}
<bytecode: 0x557685349418>
  Nb of parameters: 3 
      parameter names:  E0 Emax ED50 
      distribution:
     Parameter Distribution Estimated
[1,] E0        log-normal   Estimated
[2,] Emax      log-normal   Estimated
[3,] ED50      log-normal   Estimated
  Variance-covariance matrix:
     E0 Emax ED50
E0    1    0    0
Emax  0    1    1
ED50  0    1    1
  Error model: proportional , initial values: b.1=0.2 
    No covariate in the model.
    Initial values
             E0 Emax ED50
Pop.CondInit 10   60 1000
-----------------------------------
----    Key algorithm options  ----
-----------------------------------
    Estimation of individual parameters (MAP)
    Estimation of standard errors and linearised log-likelihood
    Estimation of log-likelihood by importance sampling
    Number of iterations:  K1=300, K2=100 
    Number of chains:  1 
    Seed:  2014341 
    Number of MCMC iterations for IS:  5000 
    Simulations:
        nb of simulated datasets used for npde:  1000 
        nb of simulated datasets used for VPC:  100 
    Input/output
        save the results to a file:  FALSE 
        save the graphs to files:  TRUE 
        directory where results should be saved:  newdir 
----------------------------------------------------
----                  Results                   ----
----------------------------------------------------
-----------------  Fixed effects  ------------------
----------------------------------------------------
     Parameter Estimate SE      CV(%)
[1,] E0          5.000   0.1482 3.0  
[2,] Emax       28.482   2.3866 8.4  
[3,] ED50      465.687  35.9487 7.7  
[4,] b.1         0.093   0.0064 6.9  
----------------------------------------------------
-----------  Variance of random effects  -----------
----------------------------------------------------
      Parameter     Estimate SE    CV(%)
E0    omega2.E0     0.079    0.012 16   
Emax  omega2.Emax   0.639    0.099 16   
ED50  omega2.ED50   0.371    0.087 23   
covar cov.Emax.ED50 0.249    0.074 30   
----------------------------------------------------
------  Correlation matrix of random effects  ------
----------------------------------------------------
            omega2.E0 omega2.Emax omega2.ED50
omega2.E0   1         0.00        0.00       
omega2.Emax 0         1.00        0.51       
omega2.ED50 0         0.51        1.00       
----------------------------------------------------
---------------  Statistical criteria  -------------
----------------------------------------------------
Likelihood computed by linearisation
      -2LL= 2006.381 
      AIC = 2022.381 
      BIC = 2043.222 

Likelihood computed by importance sampling
      -2LL= 2007.101 
      AIC = 2023.101 
      BIC = 2043.943 
----------------------------------------------------
----------------------------------------------------
-----------------  Fixed effects  ------------------
----------------------------------------------------
  Parameter Estimate      SE CV(%)
1        E0    5.000  0.1482  2.96
2      Emax   28.482  2.3866  8.38
3      ED50  465.687 35.9487  7.72
4       b.1    0.093  0.0064  6.87
----------------------------------------------------
-----------  Variance of random effects  -----------
----------------------------------------------------
         Parameter Estimate    SE CV(%)
E0       omega2.E0    0.079 0.012 15.65
Emax   omega2.Emax    0.639 0.099 15.58
ED50   omega2.ED50    0.371 0.087 23.32
1    cov.Emax.ED50    0.249 0.074 29.90
----------------------------------------------------
------  Correlation matrix of random effects  ------
----------------------------------------------------
            omega2.E0 omega2.Emax omega2.ED50
omega2.E0   1.00      0.00        0.00       
omega2.Emax 0.00      1.00        0.51       
omega2.ED50 0.00      0.51        1.00       
----------------------------------------------------
---------------  Statistical criteria  -------------
----------------------------------------------------
Likelihood computed by linearisation
      -2LL= 2006.381 
      AIC = 2022.381 
      BIC = 2043.222 

Likelihood computed by importance sampling
      -2LL= 2007.101 
      AIC = 2023.101 
      BIC = 2043.943 
----------------------------------------------------
Reading data from file /home/eco/work/saemix/saemixextension/simulationSuite/cont/emaxRichProp/data/data_pdemax47.tab 
These are the first lines of the dataset as read into R. Please check the format of the data is appropriate, if not, modify the na and/or sep items and retry:
  id dose         y
1  1    0  4.443567
2  1  100 10.612440
3  1  300 20.918528
4  1 1000 28.768394
5  2    0  5.638303
6  2  100 14.558712


The following SaemixData object was successfully created:

Object of class SaemixData
    longitudinal data for use with the SAEM algorithm
Dataset /home/eco/work/saemix/saemixextension/simulationSuite/cont/emaxRichProp/data/data_pdemax47.tab 
    Structured data: y ~ dose | id 
    Predictor: dose (-) 
Nonlinear mixed-effects model fit by the SAEM algorithm
-----------------------------------
----          Data             ----
-----------------------------------
Object of class SaemixData
    longitudinal data for use with the SAEM algorithm
Dataset /home/eco/work/saemix/saemixextension/simulationSuite/cont/emaxRichProp/data/data_pdemax47.tab 
    Structured data: y ~ dose | id 
    Predictor: dose (-) 
Dataset characteristics:
    number of subjects:     100 
    number of observations: 400 
    average/min/max nb obs: 4.00  /  4  /  4 
First 10 lines of data:
   id dose         y mdv cens occ ytype
1   1    0  4.443567   0    0   1     1
2   1  100 10.612440   0    0   1     1
3   1  300 20.918528   0    0   1     1
4   1 1000 28.768394   0    0   1     1
5   2    0  5.638303   0    0   1     1
6   2  100 14.558712   0    0   1     1
7   2  300 19.274041   0    0   1     1
8   2 1000 30.866356   0    0   1     1
9   3    0  3.389080   0    0   1     1
10  3  100  6.951076   0    0   1     1
-----------------------------------
----          Model            ----
-----------------------------------
Nonlinear mixed-effects model
  Model function:  PD Emax model
  Model type:  structural
function (psi, id, xidep) 
{
    dose <- xidep[, 1]
    e0 <- psi[id, 1]
    emax <- psi[id, 2]
    e50 <- psi[id, 3]
    f <- e0 + emax * dose/(e50 + dose)
    return(f)
}
<bytecode: 0x557685349418>
  Nb of parameters: 3 
      parameter names:  E0 Emax ED50 
      distribution:
     Parameter Distribution Estimated
[1,] E0        log-normal   Estimated
[2,] Emax      log-normal   Estimated
[3,] ED50      log-normal   Estimated
  Variance-covariance matrix:
     E0 Emax ED50
E0    1    0    0
Emax  0    1    1
ED50  0    1    1
  Error model: proportional , initial values: b.1=0.2 
    No covariate in the model.
    Initial values
             E0 Emax ED50
Pop.CondInit 10   60 1000
-----------------------------------
----    Key algorithm options  ----
-----------------------------------
    Estimation of individual parameters (MAP)
    Estimation of standard errors and linearised log-likelihood
    Estimation of log-likelihood by importance sampling
    Number of iterations:  K1=300, K2=100 
    Number of chains:  1 
    Seed:  2014341 
    Number of MCMC iterations for IS:  5000 
    Simulations:
        nb of simulated datasets used for npde:  1000 
        nb of simulated datasets used for VPC:  100 
    Input/output
        save the results to a file:  FALSE 
        save the graphs to files:  TRUE 
        directory where results should be saved:  newdir 
----------------------------------------------------
----                  Results                   ----
----------------------------------------------------
-----------------  Fixed effects  ------------------
----------------------------------------------------
     Parameter Estimate SE      CV(%)
[1,] E0          4.79    0.1510 3.1  
[2,] Emax       28.45    1.7708 6.2  
[3,] ED50      440.98   29.8712 6.8  
[4,] b.1         0.11    0.0074 6.8  
----------------------------------------------------
-----------  Variance of random effects  -----------
----------------------------------------------------
      Parameter     Estimate SE    CV(%)
E0    omega2.E0     0.088    0.014 16   
Emax  omega2.Emax   0.319    0.055 17   
ED50  omega2.ED50   0.213    0.070 33   
covar cov.Emax.ED50 0.075    0.048 64   
----------------------------------------------------
------  Correlation matrix of random effects  ------
----------------------------------------------------
            omega2.E0 omega2.Emax omega2.ED50
omega2.E0   1         0.00        0.00       
omega2.Emax 0         1.00        0.29       
omega2.ED50 0         0.29        1.00       
----------------------------------------------------
---------------  Statistical criteria  -------------
----------------------------------------------------
Likelihood computed by linearisation
      -2LL= 1982.445 
      AIC = 1998.445 
      BIC = 2019.287 

Likelihood computed by importance sampling
      -2LL= 1983.408 
      AIC = 1999.408 
      BIC = 2020.249 
----------------------------------------------------
----------------------------------------------------
-----------------  Fixed effects  ------------------
----------------------------------------------------
  Parameter Estimate      SE CV(%)
1        E0     4.79  0.1510  3.15
2      Emax    28.45  1.7708  6.22
3      ED50   440.98 29.8712  6.77
4       b.1     0.11  0.0074  6.85
----------------------------------------------------
-----------  Variance of random effects  -----------
----------------------------------------------------
         Parameter Estimate    SE CV(%)
E0       omega2.E0    0.088 0.014 15.96
Emax   omega2.Emax    0.319 0.055 17.32
ED50   omega2.ED50    0.213 0.070 32.69
1    cov.Emax.ED50    0.075 0.048 63.93
----------------------------------------------------
------  Correlation matrix of random effects  ------
----------------------------------------------------
            omega2.E0 omega2.Emax omega2.ED50
omega2.E0   1.00      0.00        0.00       
omega2.Emax 0.00      1.00        0.29       
omega2.ED50 0.00      0.29        1.00       
----------------------------------------------------
---------------  Statistical criteria  -------------
----------------------------------------------------
Likelihood computed by linearisation
      -2LL= 1982.445 
      AIC = 1998.445 
      BIC = 2019.287 

Likelihood computed by importance sampling
      -2LL= 1983.408 
      AIC = 1999.408 
      BIC = 2020.249 
----------------------------------------------------
Reading data from file /home/eco/work/saemix/saemixextension/simulationSuite/cont/emaxRichProp/data/data_pdemax48.tab 
These are the first lines of the dataset as read into R. Please check the format of the data is appropriate, if not, modify the na and/or sep items and retry:
  id dose         y
1  1    0  3.996405
2  1  100 10.403746
3  1  300  9.700801
4  1 1000 12.586402
5  2    0  7.327733
6  2  100  6.346722


The following SaemixData object was successfully created:

Object of class SaemixData
    longitudinal data for use with the SAEM algorithm
Dataset /home/eco/work/saemix/saemixextension/simulationSuite/cont/emaxRichProp/data/data_pdemax48.tab 
    Structured data: y ~ dose | id 
    Predictor: dose (-) 
Nonlinear mixed-effects model fit by the SAEM algorithm
-----------------------------------
----          Data             ----
-----------------------------------
Object of class SaemixData
    longitudinal data for use with the SAEM algorithm
Dataset /home/eco/work/saemix/saemixextension/simulationSuite/cont/emaxRichProp/data/data_pdemax48.tab 
    Structured data: y ~ dose | id 
    Predictor: dose (-) 
Dataset characteristics:
    number of subjects:     100 
    number of observations: 400 
    average/min/max nb obs: 4.00  /  4  /  4 
First 10 lines of data:
   id dose         y mdv cens occ ytype
1   1    0  3.996405   0    0   1     1
2   1  100 10.403746   0    0   1     1
3   1  300  9.700801   0    0   1     1
4   1 1000 12.586402   0    0   1     1
5   2    0  7.327733   0    0   1     1
6   2  100  6.346722   0    0   1     1
7   2  300 10.196638   0    0   1     1
8   2 1000 14.916635   0    0   1     1
9   3    0  5.783675   0    0   1     1
10  3  100  8.700010   0    0   1     1
-----------------------------------
----          Model            ----
-----------------------------------
Nonlinear mixed-effects model
  Model function:  PD Emax model
  Model type:  structural
function (psi, id, xidep) 
{
    dose <- xidep[, 1]
    e0 <- psi[id, 1]
    emax <- psi[id, 2]
    e50 <- psi[id, 3]
    f <- e0 + emax * dose/(e50 + dose)
    return(f)
}
<bytecode: 0x557685349418>
  Nb of parameters: 3 
      parameter names:  E0 Emax ED50 
      distribution:
     Parameter Distribution Estimated
[1,] E0        log-normal   Estimated
[2,] Emax      log-normal   Estimated
[3,] ED50      log-normal   Estimated
  Variance-covariance matrix:
     E0 Emax ED50
E0    1    0    0
Emax  0    1    1
ED50  0    1    1
  Error model: proportional , initial values: b.1=0.2 
    No covariate in the model.
    Initial values
             E0 Emax ED50
Pop.CondInit 10   60 1000
-----------------------------------
----    Key algorithm options  ----
-----------------------------------
    Estimation of individual parameters (MAP)
    Estimation of standard errors and linearised log-likelihood
    Estimation of log-likelihood by importance sampling
    Number of iterations:  K1=300, K2=100 
    Number of chains:  1 
    Seed:  2014341 
    Number of MCMC iterations for IS:  5000 
    Simulations:
        nb of simulated datasets used for npde:  1000 
        nb of simulated datasets used for VPC:  100 
    Input/output
        save the results to a file:  FALSE 
        save the graphs to files:  TRUE 
        directory where results should be saved:  newdir 
----------------------------------------------------
----                  Results                   ----
----------------------------------------------------
-----------------  Fixed effects  ------------------
----------------------------------------------------
     Parameter Estimate SE      CV(%)
[1,] E0          5.243   0.1492 2.8  
[2,] Emax       26.847   2.1863 8.1  
[3,] ED50      463.653  34.7513 7.5  
[4,] b.1         0.097   0.0066 6.8  
----------------------------------------------------
-----------  Variance of random effects  -----------
----------------------------------------------------
      Parameter     Estimate SE    CV(%)
E0    omega2.E0     0.072    0.011 16   
Emax  omega2.Emax   0.596    0.094 16   
ED50  omega2.ED50   0.316    0.083 26   
covar cov.Emax.ED50 0.271    0.073 27   
----------------------------------------------------
------  Correlation matrix of random effects  ------
----------------------------------------------------
            omega2.E0 omega2.Emax omega2.ED50
omega2.E0   1         0.00        0.00       
omega2.Emax 0         1.00        0.62       
omega2.ED50 0         0.62        1.00       
----------------------------------------------------
---------------  Statistical criteria  -------------
----------------------------------------------------
Likelihood computed by linearisation
      -2LL= 1964.775 
      AIC = 1980.775 
      BIC = 2001.616 

Likelihood computed by importance sampling
      -2LL= 1965.371 
      AIC = 1981.371 
      BIC = 2002.212 
----------------------------------------------------
----------------------------------------------------
-----------------  Fixed effects  ------------------
----------------------------------------------------
  Parameter Estimate      SE CV(%)
1        E0    5.243  0.1492  2.85
2      Emax   26.847  2.1863  8.14
3      ED50  463.653 34.7513  7.50
4       b.1    0.097  0.0066  6.83
----------------------------------------------------
-----------  Variance of random effects  -----------
----------------------------------------------------
         Parameter Estimate    SE CV(%)
E0       omega2.E0    0.072 0.011 15.90
Emax   omega2.Emax    0.596 0.094 15.80
ED50   omega2.ED50    0.316 0.083 26.16
1    cov.Emax.ED50    0.271 0.073 27.00
----------------------------------------------------
------  Correlation matrix of random effects  ------
----------------------------------------------------
            omega2.E0 omega2.Emax omega2.ED50
omega2.E0   1.00      0.00        0.00       
omega2.Emax 0.00      1.00        0.62       
omega2.ED50 0.00      0.62        1.00       
----------------------------------------------------
---------------  Statistical criteria  -------------
----------------------------------------------------
Likelihood computed by linearisation
      -2LL= 1964.775 
      AIC = 1980.775 
      BIC = 2001.616 

Likelihood computed by importance sampling
      -2LL= 1965.371 
      AIC = 1981.371 
      BIC = 2002.212 
----------------------------------------------------
Reading data from file /home/eco/work/saemix/saemixextension/simulationSuite/cont/emaxRichProp/data/data_pdemax49.tab 
These are the first lines of the dataset as read into R. Please check the format of the data is appropriate, if not, modify the na and/or sep items and retry:
  id dose         y
1  1    0  5.796655
2  1  100 10.263787
3  1  300 15.379926
4  1 1000 29.284835
5  2    0  5.347852
6  2  100  9.350509


The following SaemixData object was successfully created:

Object of class SaemixData
    longitudinal data for use with the SAEM algorithm
Dataset /home/eco/work/saemix/saemixextension/simulationSuite/cont/emaxRichProp/data/data_pdemax49.tab 
    Structured data: y ~ dose | id 
    Predictor: dose (-) 
Nonlinear mixed-effects model fit by the SAEM algorithm
-----------------------------------
----          Data             ----
-----------------------------------
Object of class SaemixData
    longitudinal data for use with the SAEM algorithm
Dataset /home/eco/work/saemix/saemixextension/simulationSuite/cont/emaxRichProp/data/data_pdemax49.tab 
    Structured data: y ~ dose | id 
    Predictor: dose (-) 
Dataset characteristics:
    number of subjects:     100 
    number of observations: 400 
    average/min/max nb obs: 4.00  /  4  /  4 
First 10 lines of data:
   id dose         y mdv cens occ ytype
1   1    0  5.796655   0    0   1     1
2   1  100 10.263787   0    0   1     1
3   1  300 15.379926   0    0   1     1
4   1 1000 29.284835   0    0   1     1
5   2    0  5.347852   0    0   1     1
6   2  100  9.350509   0    0   1     1
7   2  300 13.981729   0    0   1     1
8   2 1000 27.892813   0    0   1     1
9   3    0  5.283784   0    0   1     1
10  3  100  9.110476   0    0   1     1
-----------------------------------
----          Model            ----
-----------------------------------
Nonlinear mixed-effects model
  Model function:  PD Emax model
  Model type:  structural
function (psi, id, xidep) 
{
    dose <- xidep[, 1]
    e0 <- psi[id, 1]
    emax <- psi[id, 2]
    e50 <- psi[id, 3]
    f <- e0 + emax * dose/(e50 + dose)
    return(f)
}
<bytecode: 0x557685349418>
  Nb of parameters: 3 
      parameter names:  E0 Emax ED50 
      distribution:
     Parameter Distribution Estimated
[1,] E0        log-normal   Estimated
[2,] Emax      log-normal   Estimated
[3,] ED50      log-normal   Estimated
  Variance-covariance matrix:
     E0 Emax ED50
E0    1    0    0
Emax  0    1    1
ED50  0    1    1
  Error model: proportional , initial values: b.1=0.2 
    No covariate in the model.
    Initial values
             E0 Emax ED50
Pop.CondInit 10   60 1000
-----------------------------------
----    Key algorithm options  ----
-----------------------------------
    Estimation of individual parameters (MAP)
    Estimation of standard errors and linearised log-likelihood
    Estimation of log-likelihood by importance sampling
    Number of iterations:  K1=300, K2=100 
    Number of chains:  1 
    Seed:  2014341 
    Number of MCMC iterations for IS:  5000 
    Simulations:
        nb of simulated datasets used for npde:  1000 
        nb of simulated datasets used for VPC:  100 
    Input/output
        save the results to a file:  FALSE 
        save the graphs to files:  TRUE 
        directory where results should be saved:  newdir 
----------------------------------------------------
----                  Results                   ----
----------------------------------------------------
-----------------  Fixed effects  ------------------
----------------------------------------------------
     Parameter Estimate SE      CV(%)
[1,] E0          4.8     0.1584 3.3  
[2,] Emax       33.2     2.2624 6.8  
[3,] ED50      521.1    41.4093 7.9  
[4,] b.1         0.1     0.0069 6.9  
----------------------------------------------------
-----------  Variance of random effects  -----------
----------------------------------------------------
      Parameter     Estimate SE    CV(%)
E0    omega2.E0     0.099    0.015 16   
Emax  omega2.Emax   0.391    0.066 17   
ED50  omega2.ED50   0.394    0.092 23   
covar cov.Emax.ED50 0.170    0.063 37   
----------------------------------------------------
------  Correlation matrix of random effects  ------
----------------------------------------------------
            omega2.E0 omega2.Emax omega2.ED50
omega2.E0   1         0.00        0.00       
omega2.Emax 0         1.00        0.43       
omega2.ED50 0         0.43        1.00       
----------------------------------------------------
---------------  Statistical criteria  -------------
----------------------------------------------------
Likelihood computed by linearisation
      -2LL= 2034.922 
      AIC = 2050.922 
      BIC = 2071.763 

Likelihood computed by importance sampling
      -2LL= 2034.375 
      AIC = 2050.375 
      BIC = 2071.216 
----------------------------------------------------
----------------------------------------------------
-----------------  Fixed effects  ------------------
----------------------------------------------------
  Parameter Estimate      SE CV(%)
1        E0     4.81  0.1584  3.29
2      Emax    33.16  2.2624  6.82
3      ED50   521.11 41.4093  7.95
4       b.1     0.10  0.0069  6.91
----------------------------------------------------
-----------  Variance of random effects  -----------
----------------------------------------------------
         Parameter Estimate    SE CV(%)
E0       omega2.E0    0.099 0.015 15.54
Emax   omega2.Emax    0.391 0.066 16.93
ED50   omega2.ED50    0.394 0.092 23.41
1    cov.Emax.ED50    0.170 0.063 36.81
----------------------------------------------------
------  Correlation matrix of random effects  ------
----------------------------------------------------
            omega2.E0 omega2.Emax omega2.ED50
omega2.E0   1.00      0.00        0.00       
omega2.Emax 0.00      1.00        0.43       
omega2.ED50 0.00      0.43        1.00       
----------------------------------------------------
---------------  Statistical criteria  -------------
----------------------------------------------------
Likelihood computed by linearisation
      -2LL= 2034.922 
      AIC = 2050.922 
      BIC = 2071.763 

Likelihood computed by importance sampling
      -2LL= 2034.375 
      AIC = 2050.375 
      BIC = 2071.216 
----------------------------------------------------
Reading data from file /home/eco/work/saemix/saemixextension/simulationSuite/cont/emaxRichProp/data/data_pdemax50.tab 
These are the first lines of the dataset as read into R. Please check the format of the data is appropriate, if not, modify the na and/or sep items and retry:
  id dose         y
1  1    0  4.655212
2  1  100  7.821063
3  1  300 12.130250
4  1 1000 25.309810
5  2    0  6.740235
6  2  100  9.197784


The following SaemixData object was successfully created:

Object of class SaemixData
    longitudinal data for use with the SAEM algorithm
Dataset /home/eco/work/saemix/saemixextension/simulationSuite/cont/emaxRichProp/data/data_pdemax50.tab 
    Structured data: y ~ dose | id 
    Predictor: dose (-) 
Nonlinear mixed-effects model fit by the SAEM algorithm
-----------------------------------
----          Data             ----
-----------------------------------
Object of class SaemixData
    longitudinal data for use with the SAEM algorithm
Dataset /home/eco/work/saemix/saemixextension/simulationSuite/cont/emaxRichProp/data/data_pdemax50.tab 
    Structured data: y ~ dose | id 
    Predictor: dose (-) 
Dataset characteristics:
    number of subjects:     100 
    number of observations: 400 
    average/min/max nb obs: 4.00  /  4  /  4 
First 10 lines of data:
   id dose         y mdv cens occ ytype
1   1    0  4.655212   0    0   1     1
2   1  100  7.821063   0    0   1     1
3   1  300 12.130250   0    0   1     1
4   1 1000 25.309810   0    0   1     1
5   2    0  6.740235   0    0   1     1
6   2  100  9.197784   0    0   1     1
7   2  300 10.616460   0    0   1     1
8   2 1000 18.305455   0    0   1     1
9   3    0  8.091502   0    0   1     1
10  3  100 10.660002   0    0   1     1
-----------------------------------
----          Model            ----
-----------------------------------
Nonlinear mixed-effects model
  Model function:  PD Emax model
  Model type:  structural
function (psi, id, xidep) 
{
    dose <- xidep[, 1]
    e0 <- psi[id, 1]
    emax <- psi[id, 2]
    e50 <- psi[id, 3]
    f <- e0 + emax * dose/(e50 + dose)
    return(f)
}
<bytecode: 0x557685349418>
  Nb of parameters: 3 
      parameter names:  E0 Emax ED50 
      distribution:
     Parameter Distribution Estimated
[1,] E0        log-normal   Estimated
[2,] Emax      log-normal   Estimated
[3,] ED50      log-normal   Estimated
  Variance-covariance matrix:
     E0 Emax ED50
E0    1    0    0
Emax  0    1    1
ED50  0    1    1
  Error model: proportional , initial values: b.1=0.2 
    No covariate in the model.
    Initial values
             E0 Emax ED50
Pop.CondInit 10   60 1000
-----------------------------------
----    Key algorithm options  ----
-----------------------------------
    Estimation of individual parameters (MAP)
    Estimation of standard errors and linearised log-likelihood
    Estimation of log-likelihood by importance sampling
    Number of iterations:  K1=300, K2=100 
    Number of chains:  1 
    Seed:  2014341 
    Number of MCMC iterations for IS:  5000 
    Simulations:
        nb of simulated datasets used for npde:  1000 
        nb of simulated datasets used for VPC:  100 
    Input/output
        save the results to a file:  FALSE 
        save the graphs to files:  TRUE 
        directory where results should be saved:  newdir 
----------------------------------------------------
----                  Results                   ----
----------------------------------------------------
-----------------  Fixed effects  ------------------
----------------------------------------------------
     Parameter Estimate SE      CV(%)
[1,] E0          5.038   0.1723 3.4  
[2,] Emax       29.294   2.3531 8.0  
[3,] ED50      528.470  51.3964 9.7  
[4,] b.1         0.084   0.0058 6.9  
----------------------------------------------------
-----------  Variance of random effects  -----------
----------------------------------------------------
      Parameter     Estimate SE    CV(%)
E0    omega2.E0     0.11     0.017 15   
Emax  omega2.Emax   0.57     0.091 16   
ED50  omega2.ED50   0.70     0.135 19   
covar cov.Emax.ED50 0.34     0.091 27   
----------------------------------------------------
------  Correlation matrix of random effects  ------
----------------------------------------------------
            omega2.E0 omega2.Emax omega2.ED50
omega2.E0   1         0.00        0.00       
omega2.Emax 0         1.00        0.54       
omega2.ED50 0         0.54        1.00       
----------------------------------------------------
---------------  Statistical criteria  -------------
----------------------------------------------------
Likelihood computed by linearisation
      -2LL= 1999.272 
      AIC = 2015.272 
      BIC = 2036.113 

Likelihood computed by importance sampling
      -2LL= 1999.729 
      AIC = 2015.729 
      BIC = 2036.57 
----------------------------------------------------
----------------------------------------------------
-----------------  Fixed effects  ------------------
----------------------------------------------------
  Parameter Estimate      SE CV(%)
1        E0    5.038  0.1723  3.42
2      Emax   29.294  2.3531  8.03
3      ED50  528.470 51.3964  9.73
4       b.1    0.084  0.0058  6.92
----------------------------------------------------
-----------  Variance of random effects  -----------
----------------------------------------------------
         Parameter Estimate    SE CV(%)
E0       omega2.E0     0.11 0.017 15.02
Emax   omega2.Emax     0.57 0.091 16.06
ED50   omega2.ED50     0.70 0.135 19.11
1    cov.Emax.ED50     0.34 0.091 26.76
----------------------------------------------------
------  Correlation matrix of random effects  ------
----------------------------------------------------
            omega2.E0 omega2.Emax omega2.ED50
omega2.E0   1.00      0.00        0.00       
omega2.Emax 0.00      1.00        0.54       
omega2.ED50 0.00      0.54        1.00       
----------------------------------------------------
---------------  Statistical criteria  -------------
----------------------------------------------------
Likelihood computed by linearisation
      -2LL= 1999.272 
      AIC = 2015.272 
      BIC = 2036.113 

Likelihood computed by importance sampling
      -2LL= 1999.729 
      AIC = 2015.729 
      BIC = 2036.57 
----------------------------------------------------
Reading data from file /home/eco/work/saemix/saemixextension/simulationSuite/cont/emaxRichProp/data/data_pdemax51.tab 
These are the first lines of the dataset as read into R. Please check the format of the data is appropriate, if not, modify the na and/or sep items and retry:
  id dose         y
1  1    0  2.550015
2  1  100 13.757748
3  1  300 26.508833
4  1 1000 37.852579
5  2    0  3.880280
6  2  100 11.426234


The following SaemixData object was successfully created:

Object of class SaemixData
    longitudinal data for use with the SAEM algorithm
Dataset /home/eco/work/saemix/saemixextension/simulationSuite/cont/emaxRichProp/data/data_pdemax51.tab 
    Structured data: y ~ dose | id 
    Predictor: dose (-) 
Nonlinear mixed-effects model fit by the SAEM algorithm
-----------------------------------
----          Data             ----
-----------------------------------
Object of class SaemixData
    longitudinal data for use with the SAEM algorithm
Dataset /home/eco/work/saemix/saemixextension/simulationSuite/cont/emaxRichProp/data/data_pdemax51.tab 
    Structured data: y ~ dose | id 
    Predictor: dose (-) 
Dataset characteristics:
    number of subjects:     100 
    number of observations: 400 
    average/min/max nb obs: 4.00  /  4  /  4 
First 10 lines of data:
   id dose         y mdv cens occ ytype
1   1    0  2.550015   0    0   1     1
2   1  100 13.757748   0    0   1     1
3   1  300 26.508833   0    0   1     1
4   1 1000 37.852579   0    0   1     1
5   2    0  3.880280   0    0   1     1
6   2  100 11.426234   0    0   1     1
7   2  300 22.160526   0    0   1     1
8   2 1000 39.601720   0    0   1     1
9   3    0  5.899436   0    0   1     1
10  3  100 14.666323   0    0   1     1
-----------------------------------
----          Model            ----
-----------------------------------
Nonlinear mixed-effects model
  Model function:  PD Emax model
  Model type:  structural
function (psi, id, xidep) 
{
    dose <- xidep[, 1]
    e0 <- psi[id, 1]
    emax <- psi[id, 2]
    e50 <- psi[id, 3]
    f <- e0 + emax * dose/(e50 + dose)
    return(f)
}
<bytecode: 0x557685349418>
  Nb of parameters: 3 
      parameter names:  E0 Emax ED50 
      distribution:
     Parameter Distribution Estimated
[1,] E0        log-normal   Estimated
[2,] Emax      log-normal   Estimated
[3,] ED50      log-normal   Estimated
  Variance-covariance matrix:
     E0 Emax ED50
E0    1    0    0
Emax  0    1    1
ED50  0    1    1
  Error model: proportional , initial values: b.1=0.2 
    No covariate in the model.
    Initial values
             E0 Emax ED50
Pop.CondInit 10   60 1000
-----------------------------------
----    Key algorithm options  ----
-----------------------------------
    Estimation of individual parameters (MAP)
    Estimation of standard errors and linearised log-likelihood
    Estimation of log-likelihood by importance sampling
    Number of iterations:  K1=300, K2=100 
    Number of chains:  1 
    Seed:  2014341 
    Number of MCMC iterations for IS:  5000 
    Simulations:
        nb of simulated datasets used for npde:  1000 
        nb of simulated datasets used for VPC:  100 
    Input/output
        save the results to a file:  FALSE 
        save the graphs to files:  TRUE 
        directory where results should be saved:  newdir 
----------------------------------------------------
----                  Results                   ----
----------------------------------------------------
-----------------  Fixed effects  ------------------
----------------------------------------------------
     Parameter Estimate SE      CV(%)
[1,] E0          4.55    0.1234 2.7  
[2,] Emax       33.86    2.4880 7.3  
[3,] ED50      516.81   43.7466 8.5  
[4,] b.1         0.11    0.0074 6.9  
----------------------------------------------------
-----------  Variance of random effects  -----------
----------------------------------------------------
      Parameter     Estimate SE    CV(%)
E0    omega2.E0     0.062    0.010 17   
Emax  omega2.Emax   0.458    0.077 17   
ED50  omega2.ED50   0.460    0.105 23   
covar cov.Emax.ED50 0.268    0.075 28   
----------------------------------------------------
------  Correlation matrix of random effects  ------
----------------------------------------------------
            omega2.E0 omega2.Emax omega2.ED50
omega2.E0   1         0.00        0.00       
omega2.Emax 0         1.00        0.58       
omega2.ED50 0         0.58        1.00       
----------------------------------------------------
---------------  Statistical criteria  -------------
----------------------------------------------------
Likelihood computed by linearisation
      -2LL= 2003.498 
      AIC = 2019.498 
      BIC = 2040.34 

Likelihood computed by importance sampling
      -2LL= 2001.56 
      AIC = 2017.56 
      BIC = 2038.402 
----------------------------------------------------
----------------------------------------------------
-----------------  Fixed effects  ------------------
----------------------------------------------------
  Parameter Estimate      SE CV(%)
1        E0     4.55  0.1234  2.71
2      Emax    33.86  2.4880  7.35
3      ED50   516.81 43.7466  8.46
4       b.1     0.11  0.0074  6.92
----------------------------------------------------
-----------  Variance of random effects  -----------
----------------------------------------------------
         Parameter Estimate    SE CV(%)
E0       omega2.E0    0.062 0.010 16.76
Emax   omega2.Emax    0.458 0.077 16.76
ED50   omega2.ED50    0.460 0.105 22.73
1    cov.Emax.ED50    0.268 0.075 28.00
----------------------------------------------------
------  Correlation matrix of random effects  ------
----------------------------------------------------
            omega2.E0 omega2.Emax omega2.ED50
omega2.E0   1.00      0.00        0.00       
omega2.Emax 0.00      1.00        0.58       
omega2.ED50 0.00      0.58        1.00       
----------------------------------------------------
---------------  Statistical criteria  -------------
----------------------------------------------------
Likelihood computed by linearisation
      -2LL= 2003.498 
      AIC = 2019.498 
      BIC = 2040.34 

Likelihood computed by importance sampling
      -2LL= 2001.56 
      AIC = 2017.56 
      BIC = 2038.402 
----------------------------------------------------
Reading data from file /home/eco/work/saemix/saemixextension/simulationSuite/cont/emaxRichProp/data/data_pdemax52.tab 
These are the first lines of the dataset as read into R. Please check the format of the data is appropriate, if not, modify the na and/or sep items and retry:
  id dose         y
1  1    0  8.023171
2  1  100 15.092822
3  1  300 18.392392
4  1 1000 33.044863
5  2    0  3.541817
6  2  100  5.520309


The following SaemixData object was successfully created:

Object of class SaemixData
    longitudinal data for use with the SAEM algorithm
Dataset /home/eco/work/saemix/saemixextension/simulationSuite/cont/emaxRichProp/data/data_pdemax52.tab 
    Structured data: y ~ dose | id 
    Predictor: dose (-) 
Nonlinear mixed-effects model fit by the SAEM algorithm
-----------------------------------
----          Data             ----
-----------------------------------
Object of class SaemixData
    longitudinal data for use with the SAEM algorithm
Dataset /home/eco/work/saemix/saemixextension/simulationSuite/cont/emaxRichProp/data/data_pdemax52.tab 
    Structured data: y ~ dose | id 
    Predictor: dose (-) 
Dataset characteristics:
    number of subjects:     100 
    number of observations: 400 
    average/min/max nb obs: 4.00  /  4  /  4 
First 10 lines of data:
   id dose         y mdv cens occ ytype
1   1    0  8.023171   0    0   1     1
2   1  100 15.092822   0    0   1     1
3   1  300 18.392392   0    0   1     1
4   1 1000 33.044863   0    0   1     1
5   2    0  3.541817   0    0   1     1
6   2  100  5.520309   0    0   1     1
7   2  300  8.822378   0    0   1     1
8   2 1000 15.359617   0    0   1     1
9   3    0  5.261062   0    0   1     1
10  3  100 10.455630   0    0   1     1
-----------------------------------
----          Model            ----
-----------------------------------
Nonlinear mixed-effects model
  Model function:  PD Emax model
  Model type:  structural
function (psi, id, xidep) 
{
    dose <- xidep[, 1]
    e0 <- psi[id, 1]
    emax <- psi[id, 2]
    e50 <- psi[id, 3]
    f <- e0 + emax * dose/(e50 + dose)
    return(f)
}
<bytecode: 0x557685349418>
  Nb of parameters: 3 
      parameter names:  E0 Emax ED50 
      distribution:
     Parameter Distribution Estimated
[1,] E0        log-normal   Estimated
[2,] Emax      log-normal   Estimated
[3,] ED50      log-normal   Estimated
  Variance-covariance matrix:
     E0 Emax ED50
E0    1    0    0
Emax  0    1    1
ED50  0    1    1
  Error model: proportional , initial values: b.1=0.2 
    No covariate in the model.
    Initial values
             E0 Emax ED50
Pop.CondInit 10   60 1000
-----------------------------------
----    Key algorithm options  ----
-----------------------------------
    Estimation of individual parameters (MAP)
    Estimation of standard errors and linearised log-likelihood
    Estimation of log-likelihood by importance sampling
    Number of iterations:  K1=300, K2=100 
    Number of chains:  1 
    Seed:  2014341 
    Number of MCMC iterations for IS:  5000 
    Simulations:
        nb of simulated datasets used for npde:  1000 
        nb of simulated datasets used for VPC:  100 
    Input/output
        save the results to a file:  FALSE 
        save the graphs to files:  TRUE 
        directory where results should be saved:  newdir 
----------------------------------------------------
----                  Results                   ----
----------------------------------------------------
-----------------  Fixed effects  ------------------
----------------------------------------------------
     Parameter Estimate SE      CV(%)
[1,] E0          5.065   0.1657 3.3  
[2,] Emax       33.173   2.3229 7.0  
[3,] ED50      475.537  36.3690 7.6  
[4,] b.1         0.089   0.0062 7.0  
----------------------------------------------------
-----------  Variance of random effects  -----------
----------------------------------------------------
      Parameter     Estimate SE    CV(%)
E0    omega2.E0     0.099    0.015 15   
Emax  omega2.Emax   0.435    0.070 16   
ED50  omega2.ED50   0.401    0.085 21   
covar cov.Emax.ED50 0.220    0.063 28   
----------------------------------------------------
------  Correlation matrix of random effects  ------
----------------------------------------------------
            omega2.E0 omega2.Emax omega2.ED50
omega2.E0   1         0.00        0.00       
omega2.Emax 0         1.00        0.53       
omega2.ED50 0         0.53        1.00       
----------------------------------------------------
---------------  Statistical criteria  -------------
----------------------------------------------------
Likelihood computed by linearisation
      -2LL= 2039.348 
      AIC = 2055.348 
      BIC = 2076.19 

Likelihood computed by importance sampling
      -2LL= 2039.256 
      AIC = 2055.256 
      BIC = 2076.098 
----------------------------------------------------
----------------------------------------------------
-----------------  Fixed effects  ------------------
----------------------------------------------------
  Parameter Estimate      SE CV(%)
1        E0    5.065  0.1657  3.27
2      Emax   33.173  2.3229  7.00
3      ED50  475.537 36.3690  7.65
4       b.1    0.089  0.0062  6.97
----------------------------------------------------
-----------  Variance of random effects  -----------
----------------------------------------------------
         Parameter Estimate    SE CV(%)
E0       omega2.E0    0.099 0.015 15.23
Emax   omega2.Emax    0.435 0.070 15.97
ED50   omega2.ED50    0.401 0.085 21.19
1    cov.Emax.ED50    0.220 0.063 28.47
----------------------------------------------------
------  Correlation matrix of random effects  ------
----------------------------------------------------
            omega2.E0 omega2.Emax omega2.ED50
omega2.E0   1.00      0.00        0.00       
omega2.Emax 0.00      1.00        0.53       
omega2.ED50 0.00      0.53        1.00       
----------------------------------------------------
---------------  Statistical criteria  -------------
----------------------------------------------------
Likelihood computed by linearisation
      -2LL= 2039.348 
      AIC = 2055.348 
      BIC = 2076.19 

Likelihood computed by importance sampling
      -2LL= 2039.256 
      AIC = 2055.256 
      BIC = 2076.098 
----------------------------------------------------
Reading data from file /home/eco/work/saemix/saemixextension/simulationSuite/cont/emaxRichProp/data/data_pdemax53.tab 
These are the first lines of the dataset as read into R. Please check the format of the data is appropriate, if not, modify the na and/or sep items and retry:
  id dose         y
1  1    0  4.490108
2  1  100  7.831171
3  1  300 10.556977
4  1 1000 17.850270
5  2    0  3.986962
6  2  100  8.048899


The following SaemixData object was successfully created:

Object of class SaemixData
    longitudinal data for use with the SAEM algorithm
Dataset /home/eco/work/saemix/saemixextension/simulationSuite/cont/emaxRichProp/data/data_pdemax53.tab 
    Structured data: y ~ dose | id 
    Predictor: dose (-) 
Nonlinear mixed-effects model fit by the SAEM algorithm
-----------------------------------
----          Data             ----
-----------------------------------
Object of class SaemixData
    longitudinal data for use with the SAEM algorithm
Dataset /home/eco/work/saemix/saemixextension/simulationSuite/cont/emaxRichProp/data/data_pdemax53.tab 
    Structured data: y ~ dose | id 
    Predictor: dose (-) 
Dataset characteristics:
    number of subjects:     100 
    number of observations: 400 
    average/min/max nb obs: 4.00  /  4  /  4 
First 10 lines of data:
   id dose         y mdv cens occ ytype
1   1    0  4.490108   0    0   1     1
2   1  100  7.831171   0    0   1     1
3   1  300 10.556977   0    0   1     1
4   1 1000 17.850270   0    0   1     1
5   2    0  3.986962   0    0   1     1
6   2  100  8.048899   0    0   1     1
7   2  300  9.996128   0    0   1     1
8   2 1000 14.795470   0    0   1     1
9   3    0  5.816285   0    0   1     1
10  3  100 15.731354   0    0   1     1
-----------------------------------
----          Model            ----
-----------------------------------
Nonlinear mixed-effects model
  Model function:  PD Emax model
  Model type:  structural
function (psi, id, xidep) 
{
    dose <- xidep[, 1]
    e0 <- psi[id, 1]
    emax <- psi[id, 2]
    e50 <- psi[id, 3]
    f <- e0 + emax * dose/(e50 + dose)
    return(f)
}
<bytecode: 0x557685349418>
  Nb of parameters: 3 
      parameter names:  E0 Emax ED50 
      distribution:
     Parameter Distribution Estimated
[1,] E0        log-normal   Estimated
[2,] Emax      log-normal   Estimated
[3,] ED50      log-normal   Estimated
  Variance-covariance matrix:
     E0 Emax ED50
E0    1    0    0
Emax  0    1    1
ED50  0    1    1
  Error model: proportional , initial values: b.1=0.2 
    No covariate in the model.
    Initial values
             E0 Emax ED50
Pop.CondInit 10   60 1000
-----------------------------------
----    Key algorithm options  ----
-----------------------------------
    Estimation of individual parameters (MAP)
    Estimation of standard errors and linearised log-likelihood
    Estimation of log-likelihood by importance sampling
    Number of iterations:  K1=300, K2=100 
    Number of chains:  1 
    Seed:  2014341 
    Number of MCMC iterations for IS:  5000 
    Simulations:
        nb of simulated datasets used for npde:  1000 
        nb of simulated datasets used for VPC:  100 
    Input/output
        save the results to a file:  FALSE 
        save the graphs to files:  TRUE 
        directory where results should be saved:  newdir 
----------------------------------------------------
----                  Results                   ----
----------------------------------------------------
-----------------  Fixed effects  ------------------
----------------------------------------------------
     Parameter Estimate SE      CV(%)
[1,] E0          4.784   0.1379  2.9 
[2,] Emax       28.555   2.4823  8.7 
[3,] ED50      498.789  50.1156 10.0 
[4,] b.1         0.083   0.0058  7.0 
----------------------------------------------------
-----------  Variance of random effects  -----------
----------------------------------------------------
      Parameter     Estimate SE    CV(%)
E0    omega2.E0     0.076    0.012 15   
Emax  omega2.Emax   0.685    0.107 16   
ED50  omega2.ED50   0.790    0.144 18   
covar cov.Emax.ED50 0.475    0.105 22   
----------------------------------------------------
------  Correlation matrix of random effects  ------
----------------------------------------------------
            omega2.E0 omega2.Emax omega2.ED50
omega2.E0   1         0.00        0.00       
omega2.Emax 0         1.00        0.65       
omega2.ED50 0         0.65        1.00       
----------------------------------------------------
---------------  Statistical criteria  -------------
----------------------------------------------------
Likelihood computed by linearisation
      -2LL= 1940.62 
      AIC = 1956.62 
      BIC = 1977.461 

Likelihood computed by importance sampling
      -2LL= 1941.548 
      AIC = 1957.548 
      BIC = 1978.389 
----------------------------------------------------
----------------------------------------------------
-----------------  Fixed effects  ------------------
----------------------------------------------------
  Parameter Estimate      SE CV(%)
1        E0    4.784  0.1379  2.88
2      Emax   28.555  2.4823  8.69
3      ED50  498.789 50.1156 10.05
4       b.1    0.083  0.0058  6.97
----------------------------------------------------
-----------  Variance of random effects  -----------
----------------------------------------------------
         Parameter Estimate    SE CV(%)
E0       omega2.E0    0.076 0.012 15.40
Emax   omega2.Emax    0.685 0.107 15.59
ED50   omega2.ED50    0.790 0.144 18.25
1    cov.Emax.ED50    0.475 0.105 22.20
----------------------------------------------------
------  Correlation matrix of random effects  ------
----------------------------------------------------
            omega2.E0 omega2.Emax omega2.ED50
omega2.E0   1.00      0.00        0.00       
omega2.Emax 0.00      1.00        0.65       
omega2.ED50 0.00      0.65        1.00       
----------------------------------------------------
---------------  Statistical criteria  -------------
----------------------------------------------------
Likelihood computed by linearisation
      -2LL= 1940.62 
      AIC = 1956.62 
      BIC = 1977.461 

Likelihood computed by importance sampling
      -2LL= 1941.548 
      AIC = 1957.548 
      BIC = 1978.389 
----------------------------------------------------
Reading data from file /home/eco/work/saemix/saemixextension/simulationSuite/cont/emaxRichProp/data/data_pdemax54.tab 
These are the first lines of the dataset as read into R. Please check the format of the data is appropriate, if not, modify the na and/or sep items and retry:
  id dose         y
1  1    0  8.906610
2  1  100 17.150680
3  1  300 18.477090
4  1 1000 34.444814
5  2    0  3.987113
6  2  100  8.500807


The following SaemixData object was successfully created:

Object of class SaemixData
    longitudinal data for use with the SAEM algorithm
Dataset /home/eco/work/saemix/saemixextension/simulationSuite/cont/emaxRichProp/data/data_pdemax54.tab 
    Structured data: y ~ dose | id 
    Predictor: dose (-) 
Nonlinear mixed-effects model fit by the SAEM algorithm
-----------------------------------
----          Data             ----
-----------------------------------
Object of class SaemixData
    longitudinal data for use with the SAEM algorithm
Dataset /home/eco/work/saemix/saemixextension/simulationSuite/cont/emaxRichProp/data/data_pdemax54.tab 
    Structured data: y ~ dose | id 
    Predictor: dose (-) 
Dataset characteristics:
    number of subjects:     100 
    number of observations: 400 
    average/min/max nb obs: 4.00  /  4  /  4 
First 10 lines of data:
   id dose         y mdv cens occ ytype
1   1    0  8.906610   0    0   1     1
2   1  100 17.150680   0    0   1     1
3   1  300 18.477090   0    0   1     1
4   1 1000 34.444814   0    0   1     1
5   2    0  3.987113   0    0   1     1
6   2  100  8.500807   0    0   1     1
7   2  300 15.459841   0    0   1     1
8   2 1000 18.362288   0    0   1     1
9   3    0 14.537785   0    0   1     1
10  3  100 17.504778   0    0   1     1
-----------------------------------
----          Model            ----
-----------------------------------
Nonlinear mixed-effects model
  Model function:  PD Emax model
  Model type:  structural
function (psi, id, xidep) 
{
    dose <- xidep[, 1]
    e0 <- psi[id, 1]
    emax <- psi[id, 2]
    e50 <- psi[id, 3]
    f <- e0 + emax * dose/(e50 + dose)
    return(f)
}
<bytecode: 0x557685349418>
  Nb of parameters: 3 
      parameter names:  E0 Emax ED50 
      distribution:
     Parameter Distribution Estimated
[1,] E0        log-normal   Estimated
[2,] Emax      log-normal   Estimated
[3,] ED50      log-normal   Estimated
  Variance-covariance matrix:
     E0 Emax ED50
E0    1    0    0
Emax  0    1    1
ED50  0    1    1
  Error model: proportional , initial values: b.1=0.2 
    No covariate in the model.
    Initial values
             E0 Emax ED50
Pop.CondInit 10   60 1000
-----------------------------------
----    Key algorithm options  ----
-----------------------------------
    Estimation of individual parameters (MAP)
    Estimation of standard errors and linearised log-likelihood
    Estimation of log-likelihood by importance sampling
    Number of iterations:  K1=300, K2=100 
    Number of chains:  1 
    Seed:  2014341 
    Number of MCMC iterations for IS:  5000 
    Simulations:
        nb of simulated datasets used for npde:  1000 
        nb of simulated datasets used for VPC:  100 
    Input/output
        save the results to a file:  FALSE 
        save the graphs to files:  TRUE 
        directory where results should be saved:  newdir 
----------------------------------------------------
----                  Results                   ----
----------------------------------------------------
-----------------  Fixed effects  ------------------
----------------------------------------------------
     Parameter Estimate SE      CV(%)
[1,] E0          5.092   0.1765 3.5  
[2,] Emax       28.845   2.0509 7.1  
[3,] ED50      474.627  37.0516 7.8  
[4,] b.1         0.095   0.0065 6.9  
----------------------------------------------------
-----------  Variance of random effects  -----------
----------------------------------------------------
      Parameter     Estimate SE    CV(%)
E0    omega2.E0     0.11     0.017 15   
Emax  omega2.Emax   0.44     0.072 16   
ED50  omega2.ED50   0.38     0.089 23   
covar cov.Emax.ED50 0.24     0.067 27   
----------------------------------------------------
------  Correlation matrix of random effects  ------
----------------------------------------------------
            omega2.E0 omega2.Emax omega2.ED50
omega2.E0   1         0.0         0.0        
omega2.Emax 0         1.0         0.6        
omega2.ED50 0         0.6         1.0        
----------------------------------------------------
---------------  Statistical criteria  -------------
----------------------------------------------------
Likelihood computed by linearisation
      -2LL= 1990.696 
      AIC = 2006.696 
      BIC = 2027.537 

Likelihood computed by importance sampling
      -2LL= 1990.588 
      AIC = 2006.588 
      BIC = 2027.429 
----------------------------------------------------
----------------------------------------------------
-----------------  Fixed effects  ------------------
----------------------------------------------------
  Parameter Estimate      SE CV(%)
1        E0    5.092  0.1765  3.47
2      Emax   28.845  2.0509  7.11
3      ED50  474.627 37.0516  7.81
4       b.1    0.095  0.0065  6.91
----------------------------------------------------
-----------  Variance of random effects  -----------
----------------------------------------------------
         Parameter Estimate    SE CV(%)
E0       omega2.E0     0.11 0.017 15.23
Emax   omega2.Emax     0.44 0.072 16.31
ED50   omega2.ED50     0.38 0.089 23.38
1    cov.Emax.ED50     0.24 0.067 27.33
----------------------------------------------------
------  Correlation matrix of random effects  ------
----------------------------------------------------
            omega2.E0 omega2.Emax omega2.ED50
omega2.E0   1.00      0.00        0.00       
omega2.Emax 0.00      1.00        0.60       
omega2.ED50 0.00      0.60        1.00       
----------------------------------------------------
---------------  Statistical criteria  -------------
----------------------------------------------------
Likelihood computed by linearisation
      -2LL= 1990.696 
      AIC = 2006.696 
      BIC = 2027.537 

Likelihood computed by importance sampling
      -2LL= 1990.588 
      AIC = 2006.588 
      BIC = 2027.429 
----------------------------------------------------
Reading data from file /home/eco/work/saemix/saemixextension/simulationSuite/cont/emaxRichProp/data/data_pdemax55.tab 
These are the first lines of the dataset as read into R. Please check the format of the data is appropriate, if not, modify the na and/or sep items and retry:
  id dose         y
1  1    0  3.557991
2  1  100 10.788887
3  1  300 19.215720
4  1 1000 36.604465
5  2    0  4.567155
6  2  100 11.895173


The following SaemixData object was successfully created:

Object of class SaemixData
    longitudinal data for use with the SAEM algorithm
Dataset /home/eco/work/saemix/saemixextension/simulationSuite/cont/emaxRichProp/data/data_pdemax55.tab 
    Structured data: y ~ dose | id 
    Predictor: dose (-) 
Nonlinear mixed-effects model fit by the SAEM algorithm
-----------------------------------
----          Data             ----
-----------------------------------
Object of class SaemixData
    longitudinal data for use with the SAEM algorithm
Dataset /home/eco/work/saemix/saemixextension/simulationSuite/cont/emaxRichProp/data/data_pdemax55.tab 
    Structured data: y ~ dose | id 
    Predictor: dose (-) 
Dataset characteristics:
    number of subjects:     100 
    number of observations: 400 
    average/min/max nb obs: 4.00  /  4  /  4 
First 10 lines of data:
   id dose         y mdv cens occ ytype
1   1    0  3.557991   0    0   1     1
2   1  100 10.788887   0    0   1     1
3   1  300 19.215720   0    0   1     1
4   1 1000 36.604465   0    0   1     1
5   2    0  4.567155   0    0   1     1
6   2  100 11.895173   0    0   1     1
7   2  300 18.648783   0    0   1     1
8   2 1000 36.174542   0    0   1     1
9   3    0  6.590954   0    0   1     1
10  3  100  7.270486   0    0   1     1
-----------------------------------
----          Model            ----
-----------------------------------
Nonlinear mixed-effects model
  Model function:  PD Emax model
  Model type:  structural
function (psi, id, xidep) 
{
    dose <- xidep[, 1]
    e0 <- psi[id, 1]
    emax <- psi[id, 2]
    e50 <- psi[id, 3]
    f <- e0 + emax * dose/(e50 + dose)
    return(f)
}
<bytecode: 0x557685349418>
  Nb of parameters: 3 
      parameter names:  E0 Emax ED50 
      distribution:
     Parameter Distribution Estimated
[1,] E0        log-normal   Estimated
[2,] Emax      log-normal   Estimated
[3,] ED50      log-normal   Estimated
  Variance-covariance matrix:
     E0 Emax ED50
E0    1    0    0
Emax  0    1    1
ED50  0    1    1
  Error model: proportional , initial values: b.1=0.2 
    No covariate in the model.
    Initial values
             E0 Emax ED50
Pop.CondInit 10   60 1000
-----------------------------------
----    Key algorithm options  ----
-----------------------------------
    Estimation of individual parameters (MAP)
    Estimation of standard errors and linearised log-likelihood
    Estimation of log-likelihood by importance sampling
    Number of iterations:  K1=300, K2=100 
    Number of chains:  1 
    Seed:  2014341 
    Number of MCMC iterations for IS:  5000 
    Simulations:
        nb of simulated datasets used for npde:  1000 
        nb of simulated datasets used for VPC:  100 
    Input/output
        save the results to a file:  FALSE 
        save the graphs to files:  TRUE 
        directory where results should be saved:  newdir 
----------------------------------------------------
----                  Results                   ----
----------------------------------------------------
-----------------  Fixed effects  ------------------
----------------------------------------------------
     Parameter Estimate SE      CV(%)
[1,] E0          5.000   0.1515 3.0  
[2,] Emax       30.002   2.2810 7.6  
[3,] ED50      477.570  44.9214 9.4  
[4,] b.1         0.097   0.0067 6.9  
----------------------------------------------------
-----------  Variance of random effects  -----------
----------------------------------------------------
      Parameter     Estimate SE    CV(%)
E0    omega2.E0     0.083    0.013 16   
Emax  omega2.Emax   0.497    0.082 16   
ED50  omega2.ED50   0.617    0.126 20   
covar cov.Emax.ED50 0.217    0.080 37   
----------------------------------------------------
------  Correlation matrix of random effects  ------
----------------------------------------------------
            omega2.E0 omega2.Emax omega2.ED50
omega2.E0   1         0.00        0.00       
omega2.Emax 0         1.00        0.39       
omega2.ED50 0         0.39        1.00       
----------------------------------------------------
---------------  Statistical criteria  -------------
----------------------------------------------------
Likelihood computed by linearisation
      -2LL= 2047.995 
      AIC = 2063.995 
      BIC = 2084.836 

Likelihood computed by importance sampling
      -2LL= 2048.55 
      AIC = 2064.55 
      BIC = 2085.391 
----------------------------------------------------
----------------------------------------------------
-----------------  Fixed effects  ------------------
----------------------------------------------------
  Parameter Estimate      SE CV(%)
1        E0    5.000  0.1515  3.03
2      Emax   30.002  2.2810  7.60
3      ED50  477.570 44.9214  9.41
4       b.1    0.097  0.0067  6.88
----------------------------------------------------
-----------  Variance of random effects  -----------
----------------------------------------------------
         Parameter Estimate    SE CV(%)
E0       omega2.E0    0.083 0.013 15.71
Emax   omega2.Emax    0.497 0.082 16.44
ED50   omega2.ED50    0.617 0.126 20.48
1    cov.Emax.ED50    0.217 0.080 36.71
----------------------------------------------------
------  Correlation matrix of random effects  ------
----------------------------------------------------
            omega2.E0 omega2.Emax omega2.ED50
omega2.E0   1.00      0.00        0.00       
omega2.Emax 0.00      1.00        0.39       
omega2.ED50 0.00      0.39        1.00       
----------------------------------------------------
---------------  Statistical criteria  -------------
----------------------------------------------------
Likelihood computed by linearisation
      -2LL= 2047.995 
      AIC = 2063.995 
      BIC = 2084.836 

Likelihood computed by importance sampling
      -2LL= 2048.55 
      AIC = 2064.55 
      BIC = 2085.391 
----------------------------------------------------
Reading data from file /home/eco/work/saemix/saemixextension/simulationSuite/cont/emaxRichProp/data/data_pdemax56.tab 
These are the first lines of the dataset as read into R. Please check the format of the data is appropriate, if not, modify the na and/or sep items and retry:
  id dose         y
1  1    0  6.947985
2  1  100 11.418698
3  1  300 17.161821
4  1 1000 23.348434
5  2    0  4.173581
6  2  100 10.269791


The following SaemixData object was successfully created:

Object of class SaemixData
    longitudinal data for use with the SAEM algorithm
Dataset /home/eco/work/saemix/saemixextension/simulationSuite/cont/emaxRichProp/data/data_pdemax56.tab 
    Structured data: y ~ dose | id 
    Predictor: dose (-) 
Nonlinear mixed-effects model fit by the SAEM algorithm
-----------------------------------
----          Data             ----
-----------------------------------
Object of class SaemixData
    longitudinal data for use with the SAEM algorithm
Dataset /home/eco/work/saemix/saemixextension/simulationSuite/cont/emaxRichProp/data/data_pdemax56.tab 
    Structured data: y ~ dose | id 
    Predictor: dose (-) 
Dataset characteristics:
    number of subjects:     100 
    number of observations: 400 
    average/min/max nb obs: 4.00  /  4  /  4 
First 10 lines of data:
   id dose         y mdv cens occ ytype
1   1    0  6.947985   0    0   1     1
2   1  100 11.418698   0    0   1     1
3   1  300 17.161821   0    0   1     1
4   1 1000 23.348434   0    0   1     1
5   2    0  4.173581   0    0   1     1
6   2  100 10.269791   0    0   1     1
7   2  300 17.679343   0    0   1     1
8   2 1000 25.439002   0    0   1     1
9   3    0  4.716181   0    0   1     1
10  3  100 21.291186   0    0   1     1
-----------------------------------
----          Model            ----
-----------------------------------
Nonlinear mixed-effects model
  Model function:  PD Emax model
  Model type:  structural
function (psi, id, xidep) 
{
    dose <- xidep[, 1]
    e0 <- psi[id, 1]
    emax <- psi[id, 2]
    e50 <- psi[id, 3]
    f <- e0 + emax * dose/(e50 + dose)
    return(f)
}
<bytecode: 0x557685349418>
  Nb of parameters: 3 
      parameter names:  E0 Emax ED50 
      distribution:
     Parameter Distribution Estimated
[1,] E0        log-normal   Estimated
[2,] Emax      log-normal   Estimated
[3,] ED50      log-normal   Estimated
  Variance-covariance matrix:
     E0 Emax ED50
E0    1    0    0
Emax  0    1    1
ED50  0    1    1
  Error model: proportional , initial values: b.1=0.2 
    No covariate in the model.
    Initial values
             E0 Emax ED50
Pop.CondInit 10   60 1000
-----------------------------------
----    Key algorithm options  ----
-----------------------------------
    Estimation of individual parameters (MAP)
    Estimation of standard errors and linearised log-likelihood
    Estimation of log-likelihood by importance sampling
    Number of iterations:  K1=300, K2=100 
    Number of chains:  1 
    Seed:  2014341 
    Number of MCMC iterations for IS:  5000 
    Simulations:
        nb of simulated datasets used for npde:  1000 
        nb of simulated datasets used for VPC:  100 
    Input/output
        save the results to a file:  FALSE 
        save the graphs to files:  TRUE 
        directory where results should be saved:  newdir 
----------------------------------------------------
----                  Results                   ----
----------------------------------------------------
-----------------  Fixed effects  ------------------
----------------------------------------------------
     Parameter Estimate SE      CV(%)
[1,] E0          5.1     0.1701 3.3  
[2,] Emax       28.0     2.3921 8.6  
[3,] ED50      440.1    32.3484 7.3  
[4,] b.1         0.1     0.0068 6.8  
----------------------------------------------------
-----------  Variance of random effects  -----------
----------------------------------------------------
      Parameter     Estimate SE    CV(%)
E0    omega2.E0     0.10     0.015 16   
Emax  omega2.Emax   0.66     0.104 16   
ED50  omega2.ED50   0.29     0.079 27   
covar cov.Emax.ED50 0.23     0.072 32   
----------------------------------------------------
------  Correlation matrix of random effects  ------
----------------------------------------------------
            omega2.E0 omega2.Emax omega2.ED50
omega2.E0   1         0.00        0.00       
omega2.Emax 0         1.00        0.52       
omega2.ED50 0         0.52        1.00       
----------------------------------------------------
---------------  Statistical criteria  -------------
----------------------------------------------------
Likelihood computed by linearisation
      -2LL= 2065.536 
      AIC = 2081.536 
      BIC = 2102.378 

Likelihood computed by importance sampling
      -2LL= 2064.709 
      AIC = 2080.709 
      BIC = 2101.55 
----------------------------------------------------
----------------------------------------------------
-----------------  Fixed effects  ------------------
----------------------------------------------------
  Parameter Estimate      SE CV(%)
1        E0     5.14  0.1701  3.31
2      Emax    27.98  2.3921  8.55
3      ED50   440.11 32.3484  7.35
4       b.1     0.10  0.0068  6.79
----------------------------------------------------
-----------  Variance of random effects  -----------
----------------------------------------------------
         Parameter Estimate    SE CV(%)
E0       omega2.E0     0.10 0.015 15.52
Emax   omega2.Emax     0.66 0.104 15.64
ED50   omega2.ED50     0.29 0.079 27.32
1    cov.Emax.ED50     0.23 0.072 31.64
----------------------------------------------------
------  Correlation matrix of random effects  ------
----------------------------------------------------
            omega2.E0 omega2.Emax omega2.ED50
omega2.E0   1.00      0.00        0.00       
omega2.Emax 0.00      1.00        0.52       
omega2.ED50 0.00      0.52        1.00       
----------------------------------------------------
---------------  Statistical criteria  -------------
----------------------------------------------------
Likelihood computed by linearisation
      -2LL= 2065.536 
      AIC = 2081.536 
      BIC = 2102.378 

Likelihood computed by importance sampling
      -2LL= 2064.709 
      AIC = 2080.709 
      BIC = 2101.55 
----------------------------------------------------
Reading data from file /home/eco/work/saemix/saemixextension/simulationSuite/cont/emaxRichProp/data/data_pdemax57.tab 
These are the first lines of the dataset as read into R. Please check the format of the data is appropriate, if not, modify the na and/or sep items and retry:
  id dose         y
1  1    0  6.108475
2  1  100 11.520483
3  1  300 17.652163
4  1 1000 27.485607
5  2    0  7.204960
6  2  100 10.251295


The following SaemixData object was successfully created:

Object of class SaemixData
    longitudinal data for use with the SAEM algorithm
Dataset /home/eco/work/saemix/saemixextension/simulationSuite/cont/emaxRichProp/data/data_pdemax57.tab 
    Structured data: y ~ dose | id 
    Predictor: dose (-) 
Nonlinear mixed-effects model fit by the SAEM algorithm
-----------------------------------
----          Data             ----
-----------------------------------
Object of class SaemixData
    longitudinal data for use with the SAEM algorithm
Dataset /home/eco/work/saemix/saemixextension/simulationSuite/cont/emaxRichProp/data/data_pdemax57.tab 
    Structured data: y ~ dose | id 
    Predictor: dose (-) 
Dataset characteristics:
    number of subjects:     100 
    number of observations: 400 
    average/min/max nb obs: 4.00  /  4  /  4 
First 10 lines of data:
   id dose         y mdv cens occ ytype
1   1    0  6.108475   0    0   1     1
2   1  100 11.520483   0    0   1     1
3   1  300 17.652163   0    0   1     1
4   1 1000 27.485607   0    0   1     1
5   2    0  7.204960   0    0   1     1
6   2  100 10.251295   0    0   1     1
7   2  300 14.206547   0    0   1     1
8   2 1000 23.064729   0    0   1     1
9   3    0  5.732687   0    0   1     1
10  3  100  7.815783   0    0   1     1
-----------------------------------
----          Model            ----
-----------------------------------
Nonlinear mixed-effects model
  Model function:  PD Emax model
  Model type:  structural
function (psi, id, xidep) 
{
    dose <- xidep[, 1]
    e0 <- psi[id, 1]
    emax <- psi[id, 2]
    e50 <- psi[id, 3]
    f <- e0 + emax * dose/(e50 + dose)
    return(f)
}
<bytecode: 0x557685349418>
  Nb of parameters: 3 
      parameter names:  E0 Emax ED50 
      distribution:
     Parameter Distribution Estimated
[1,] E0        log-normal   Estimated
[2,] Emax      log-normal   Estimated
[3,] ED50      log-normal   Estimated
  Variance-covariance matrix:
     E0 Emax ED50
E0    1    0    0
Emax  0    1    1
ED50  0    1    1
  Error model: proportional , initial values: b.1=0.2 
    No covariate in the model.
    Initial values
             E0 Emax ED50
Pop.CondInit 10   60 1000
-----------------------------------
----    Key algorithm options  ----
-----------------------------------
    Estimation of individual parameters (MAP)
    Estimation of standard errors and linearised log-likelihood
    Estimation of log-likelihood by importance sampling
    Number of iterations:  K1=300, K2=100 
    Number of chains:  1 
    Seed:  2014341 
    Number of MCMC iterations for IS:  5000 
    Simulations:
        nb of simulated datasets used for npde:  1000 
        nb of simulated datasets used for VPC:  100 
    Input/output
        save the results to a file:  FALSE 
        save the graphs to files:  TRUE 
        directory where results should be saved:  newdir 
----------------------------------------------------
----                  Results                   ----
----------------------------------------------------
-----------------  Fixed effects  ------------------
----------------------------------------------------
     Parameter Estimate SE      CV(%)
[1,] E0          5.150   0.1514 2.9  
[2,] Emax       34.050   2.5703 7.5  
[3,] ED50      513.991  37.2887 7.3  
[4,] b.1         0.097   0.0067 6.9  
----------------------------------------------------
-----------  Variance of random effects  -----------
----------------------------------------------------
      Parameter     Estimate SE    CV(%)
E0    omega2.E0     0.077    0.012 16   
Emax  omega2.Emax   0.503    0.081 16   
ED50  omega2.ED50   0.305    0.078 25   
covar cov.Emax.ED50 0.230    0.066 29   
----------------------------------------------------
------  Correlation matrix of random effects  ------
----------------------------------------------------
            omega2.E0 omega2.Emax omega2.ED50
omega2.E0   1         0.00        0.00       
omega2.Emax 0         1.00        0.59       
omega2.ED50 0         0.59        1.00       
----------------------------------------------------
---------------  Statistical criteria  -------------
----------------------------------------------------
Likelihood computed by linearisation
      -2LL= 2041.1 
      AIC = 2057.1 
      BIC = 2077.942 

Likelihood computed by importance sampling
      -2LL= 2041.063 
      AIC = 2057.063 
      BIC = 2077.905 
----------------------------------------------------
----------------------------------------------------
-----------------  Fixed effects  ------------------
----------------------------------------------------
  Parameter Estimate      SE CV(%)
1        E0    5.150  0.1514  2.94
2      Emax   34.050  2.5703  7.55
3      ED50  513.991 37.2887  7.25
4       b.1    0.097  0.0067  6.88
----------------------------------------------------
-----------  Variance of random effects  -----------
----------------------------------------------------
         Parameter Estimate    SE CV(%)
E0       omega2.E0    0.077 0.012 15.82
Emax   omega2.Emax    0.503 0.081 16.10
ED50   omega2.ED50    0.305 0.078 25.48
1    cov.Emax.ED50    0.230 0.066 28.54
----------------------------------------------------
------  Correlation matrix of random effects  ------
----------------------------------------------------
            omega2.E0 omega2.Emax omega2.ED50
omega2.E0   1.00      0.00        0.00       
omega2.Emax 0.00      1.00        0.59       
omega2.ED50 0.00      0.59        1.00       
----------------------------------------------------
---------------  Statistical criteria  -------------
----------------------------------------------------
Likelihood computed by linearisation
      -2LL= 2041.1 
      AIC = 2057.1 
      BIC = 2077.942 

Likelihood computed by importance sampling
      -2LL= 2041.063 
      AIC = 2057.063 
      BIC = 2077.905 
----------------------------------------------------
Reading data from file /home/eco/work/saemix/saemixextension/simulationSuite/cont/emaxRichProp/data/data_pdemax58.tab 
These are the first lines of the dataset as read into R. Please check the format of the data is appropriate, if not, modify the na and/or sep items and retry:
  id dose         y
1  1    0  5.303955
2  1  100  6.352420
3  1  300  6.923188
4  1 1000  7.064828
5  2    0  4.282852
6  2  100 12.792062


The following SaemixData object was successfully created:

Object of class SaemixData
    longitudinal data for use with the SAEM algorithm
Dataset /home/eco/work/saemix/saemixextension/simulationSuite/cont/emaxRichProp/data/data_pdemax58.tab 
    Structured data: y ~ dose | id 
    Predictor: dose (-) 
Nonlinear mixed-effects model fit by the SAEM algorithm
-----------------------------------
----          Data             ----
-----------------------------------
Object of class SaemixData
    longitudinal data for use with the SAEM algorithm
Dataset /home/eco/work/saemix/saemixextension/simulationSuite/cont/emaxRichProp/data/data_pdemax58.tab 
    Structured data: y ~ dose | id 
    Predictor: dose (-) 
Dataset characteristics:
    number of subjects:     100 
    number of observations: 400 
    average/min/max nb obs: 4.00  /  4  /  4 
First 10 lines of data:
   id dose         y mdv cens occ ytype
1   1    0  5.303955   0    0   1     1
2   1  100  6.352420   0    0   1     1
3   1  300  6.923188   0    0   1     1
4   1 1000  7.064828   0    0   1     1
5   2    0  4.282852   0    0   1     1
6   2  100 12.792062   0    0   1     1
7   2  300 20.606883   0    0   1     1
8   2 1000 31.681088   0    0   1     1
9   3    0  4.686460   0    0   1     1
10  3  100 12.866388   0    0   1     1
-----------------------------------
----          Model            ----
-----------------------------------
Nonlinear mixed-effects model
  Model function:  PD Emax model
  Model type:  structural
function (psi, id, xidep) 
{
    dose <- xidep[, 1]
    e0 <- psi[id, 1]
    emax <- psi[id, 2]
    e50 <- psi[id, 3]
    f <- e0 + emax * dose/(e50 + dose)
    return(f)
}
<bytecode: 0x557685349418>
  Nb of parameters: 3 
      parameter names:  E0 Emax ED50 
      distribution:
     Parameter Distribution Estimated
[1,] E0        log-normal   Estimated
[2,] Emax      log-normal   Estimated
[3,] ED50      log-normal   Estimated
  Variance-covariance matrix:
     E0 Emax ED50
E0    1    0    0
Emax  0    1    1
ED50  0    1    1
  Error model: proportional , initial values: b.1=0.2 
    No covariate in the model.
    Initial values
             E0 Emax ED50
Pop.CondInit 10   60 1000
-----------------------------------
----    Key algorithm options  ----
-----------------------------------
    Estimation of individual parameters (MAP)
    Estimation of standard errors and linearised log-likelihood
    Estimation of log-likelihood by importance sampling
    Number of iterations:  K1=300, K2=100 
    Number of chains:  1 
    Seed:  2014341 
    Number of MCMC iterations for IS:  5000 
    Simulations:
        nb of simulated datasets used for npde:  1000 
        nb of simulated datasets used for VPC:  100 
    Input/output
        save the results to a file:  FALSE 
        save the graphs to files:  TRUE 
        directory where results should be saved:  newdir 
----------------------------------------------------
----                  Results                   ----
----------------------------------------------------
-----------------  Fixed effects  ------------------
----------------------------------------------------
     Parameter Estimate SE     CV(%)
[1,] E0          5.1     0.168 3.3  
[2,] Emax       31.1     2.551 8.2  
[3,] ED50      568.2    52.890 9.3  
[4,] b.1         0.1     0.007 6.9  
----------------------------------------------------
-----------  Variance of random effects  -----------
----------------------------------------------------
      Parameter     Estimate SE    CV(%)
E0    omega2.E0     0.097    0.015 16   
Emax  omega2.Emax   0.574    0.095 17   
ED50  omega2.ED50   0.560    0.126 22   
covar cov.Emax.ED50 0.340    0.092 27   
----------------------------------------------------
------  Correlation matrix of random effects  ------
----------------------------------------------------
            omega2.E0 omega2.Emax omega2.ED50
omega2.E0   1         0.0         0.0        
omega2.Emax 0         1.0         0.6        
omega2.ED50 0         0.6         1.0        
----------------------------------------------------
---------------  Statistical criteria  -------------
----------------------------------------------------
Likelihood computed by linearisation
      -2LL= 2022.7 
      AIC = 2038.7 
      BIC = 2059.542 

Likelihood computed by importance sampling
      -2LL= 2020.196 
      AIC = 2036.196 
      BIC = 2057.037 
----------------------------------------------------
----------------------------------------------------
-----------------  Fixed effects  ------------------
----------------------------------------------------
  Parameter Estimate     SE CV(%)
1        E0     5.14  0.168  3.27
2      Emax    31.11  2.551  8.20
3      ED50   568.19 52.890  9.31
4       b.1     0.10  0.007  6.89
----------------------------------------------------
-----------  Variance of random effects  -----------
----------------------------------------------------
         Parameter Estimate    SE CV(%)
E0       omega2.E0    0.097 0.015 15.59
Emax   omega2.Emax    0.574 0.095 16.63
ED50   omega2.ED50    0.560 0.126 22.44
1    cov.Emax.ED50    0.340 0.092 27.15
----------------------------------------------------
------  Correlation matrix of random effects  ------
----------------------------------------------------
            omega2.E0 omega2.Emax omega2.ED50
omega2.E0   1.00      0.00        0.00       
omega2.Emax 0.00      1.00        0.60       
omega2.ED50 0.00      0.60        1.00       
----------------------------------------------------
---------------  Statistical criteria  -------------
----------------------------------------------------
Likelihood computed by linearisation
      -2LL= 2022.7 
      AIC = 2038.7 
      BIC = 2059.542 

Likelihood computed by importance sampling
      -2LL= 2020.196 
      AIC = 2036.196 
      BIC = 2057.037 
----------------------------------------------------
Reading data from file /home/eco/work/saemix/saemixextension/simulationSuite/cont/emaxRichProp/data/data_pdemax59.tab 
These are the first lines of the dataset as read into R. Please check the format of the data is appropriate, if not, modify the na and/or sep items and retry:
  id dose         y
1  1    0  3.994994
2  1  100 17.432368
3  1  300 40.595715
4  1 1000 50.797174
5  2    0  6.328798
6  2  100 11.516457


The following SaemixData object was successfully created:

Object of class SaemixData
    longitudinal data for use with the SAEM algorithm
Dataset /home/eco/work/saemix/saemixextension/simulationSuite/cont/emaxRichProp/data/data_pdemax59.tab 
    Structured data: y ~ dose | id 
    Predictor: dose (-) 
Nonlinear mixed-effects model fit by the SAEM algorithm
-----------------------------------
----          Data             ----
-----------------------------------
Object of class SaemixData
    longitudinal data for use with the SAEM algorithm
Dataset /home/eco/work/saemix/saemixextension/simulationSuite/cont/emaxRichProp/data/data_pdemax59.tab 
    Structured data: y ~ dose | id 
    Predictor: dose (-) 
Dataset characteristics:
    number of subjects:     100 
    number of observations: 400 
    average/min/max nb obs: 4.00  /  4  /  4 
First 10 lines of data:
   id dose         y mdv cens occ ytype
1   1    0  3.994994   0    0   1     1
2   1  100 17.432368   0    0   1     1
3   1  300 40.595715   0    0   1     1
4   1 1000 50.797174   0    0   1     1
5   2    0  6.328798   0    0   1     1
6   2  100 11.516457   0    0   1     1
7   2  300 21.468336   0    0   1     1
8   2 1000 40.664974   0    0   1     1
9   3    0  5.946523   0    0   1     1
10  3  100 28.476352   0    0   1     1
-----------------------------------
----          Model            ----
-----------------------------------
Nonlinear mixed-effects model
  Model function:  PD Emax model
  Model type:  structural
function (psi, id, xidep) 
{
    dose <- xidep[, 1]
    e0 <- psi[id, 1]
    emax <- psi[id, 2]
    e50 <- psi[id, 3]
    f <- e0 + emax * dose/(e50 + dose)
    return(f)
}
<bytecode: 0x557685349418>
  Nb of parameters: 3 
      parameter names:  E0 Emax ED50 
      distribution:
     Parameter Distribution Estimated
[1,] E0        log-normal   Estimated
[2,] Emax      log-normal   Estimated
[3,] ED50      log-normal   Estimated
  Variance-covariance matrix:
     E0 Emax ED50
E0    1    0    0
Emax  0    1    1
ED50  0    1    1
  Error model: proportional , initial values: b.1=0.2 
    No covariate in the model.
    Initial values
             E0 Emax ED50
Pop.CondInit 10   60 1000
-----------------------------------
----    Key algorithm options  ----
-----------------------------------
    Estimation of individual parameters (MAP)
    Estimation of standard errors and linearised log-likelihood
    Estimation of log-likelihood by importance sampling
    Number of iterations:  K1=300, K2=100 
    Number of chains:  1 
    Seed:  2014341 
    Number of MCMC iterations for IS:  5000 
    Simulations:
        nb of simulated datasets used for npde:  1000 
        nb of simulated datasets used for VPC:  100 
    Input/output
        save the results to a file:  FALSE 
        save the graphs to files:  TRUE 
        directory where results should be saved:  newdir 
----------------------------------------------------
----                  Results                   ----
----------------------------------------------------
-----------------  Fixed effects  ------------------
----------------------------------------------------
     Parameter Estimate SE      CV(%)
[1,] E0          5.0     0.1372 2.8  
[2,] Emax       30.4     2.4057 7.9  
[3,] ED50      473.4    36.2040 7.6  
[4,] b.1         0.1     0.0069 6.9  
----------------------------------------------------
-----------  Variance of random effects  -----------
----------------------------------------------------
      Parameter     Estimate SE    CV(%)
E0    omega2.E0     0.066    0.011 16   
Emax  omega2.Emax   0.555    0.089 16   
ED50  omega2.ED50   0.346    0.086 25   
covar cov.Emax.ED50 0.229    0.071 31   
----------------------------------------------------
------  Correlation matrix of random effects  ------
----------------------------------------------------
            omega2.E0 omega2.Emax omega2.ED50
omega2.E0   1         0.00        0.00       
omega2.Emax 0         1.00        0.52       
omega2.ED50 0         0.52        1.00       
----------------------------------------------------
---------------  Statistical criteria  -------------
----------------------------------------------------
Likelihood computed by linearisation
      -2LL= 2015.276 
      AIC = 2031.276 
      BIC = 2052.118 

Likelihood computed by importance sampling
      -2LL= 2017.161 
      AIC = 2033.161 
      BIC = 2054.002 
----------------------------------------------------
----------------------------------------------------
-----------------  Fixed effects  ------------------
----------------------------------------------------
  Parameter Estimate      SE CV(%)
1        E0     4.98  0.1372  2.76
2      Emax    30.44  2.4057  7.90
3      ED50   473.36 36.2040  7.65
4       b.1     0.10  0.0069  6.88
----------------------------------------------------
-----------  Variance of random effects  -----------
----------------------------------------------------
         Parameter Estimate    SE CV(%)
E0       omega2.E0    0.066 0.011 16.26
Emax   omega2.Emax    0.555 0.089 15.96
ED50   omega2.ED50    0.346 0.086 24.81
1    cov.Emax.ED50    0.229 0.071 30.81
----------------------------------------------------
------  Correlation matrix of random effects  ------
----------------------------------------------------
            omega2.E0 omega2.Emax omega2.ED50
omega2.E0   1.00      0.00        0.00       
omega2.Emax 0.00      1.00        0.52       
omega2.ED50 0.00      0.52        1.00       
----------------------------------------------------
---------------  Statistical criteria  -------------
----------------------------------------------------
Likelihood computed by linearisation
      -2LL= 2015.276 
      AIC = 2031.276 
      BIC = 2052.118 

Likelihood computed by importance sampling
      -2LL= 2017.161 
      AIC = 2033.161 
      BIC = 2054.002 
----------------------------------------------------
Reading data from file /home/eco/work/saemix/saemixextension/simulationSuite/cont/emaxRichProp/data/data_pdemax60.tab 
These are the first lines of the dataset as read into R. Please check the format of the data is appropriate, if not, modify the na and/or sep items and retry:
  id dose         y
1  1    0  4.136591
2  1  100 10.466550
3  1  300 16.335913
4  1 1000 23.713738
5  2    0  4.230072
6  2  100  9.303863


The following SaemixData object was successfully created:

Object of class SaemixData
    longitudinal data for use with the SAEM algorithm
Dataset /home/eco/work/saemix/saemixextension/simulationSuite/cont/emaxRichProp/data/data_pdemax60.tab 
    Structured data: y ~ dose | id 
    Predictor: dose (-) 
Nonlinear mixed-effects model fit by the SAEM algorithm
-----------------------------------
----          Data             ----
-----------------------------------
Object of class SaemixData
    longitudinal data for use with the SAEM algorithm
Dataset /home/eco/work/saemix/saemixextension/simulationSuite/cont/emaxRichProp/data/data_pdemax60.tab 
    Structured data: y ~ dose | id 
    Predictor: dose (-) 
Dataset characteristics:
    number of subjects:     100 
    number of observations: 400 
    average/min/max nb obs: 4.00  /  4  /  4 
First 10 lines of data:
   id dose         y mdv cens occ ytype
1   1    0  4.136591   0    0   1     1
2   1  100 10.466550   0    0   1     1
3   1  300 16.335913   0    0   1     1
4   1 1000 23.713738   0    0   1     1
5   2    0  4.230072   0    0   1     1
6   2  100  9.303863   0    0   1     1
7   2  300 14.938004   0    0   1     1
8   2 1000 18.403487   0    0   1     1
9   3    0  2.826663   0    0   1     1
10  3  100  8.276083   0    0   1     1
-----------------------------------
----          Model            ----
-----------------------------------
Nonlinear mixed-effects model
  Model function:  PD Emax model
  Model type:  structural
function (psi, id, xidep) 
{
    dose <- xidep[, 1]
    e0 <- psi[id, 1]
    emax <- psi[id, 2]
    e50 <- psi[id, 3]
    f <- e0 + emax * dose/(e50 + dose)
    return(f)
}
<bytecode: 0x557685349418>
  Nb of parameters: 3 
      parameter names:  E0 Emax ED50 
      distribution:
     Parameter Distribution Estimated
[1,] E0        log-normal   Estimated
[2,] Emax      log-normal   Estimated
[3,] ED50      log-normal   Estimated
  Variance-covariance matrix:
     E0 Emax ED50
E0    1    0    0
Emax  0    1    1
ED50  0    1    1
  Error model: proportional , initial values: b.1=0.2 
    No covariate in the model.
    Initial values
             E0 Emax ED50
Pop.CondInit 10   60 1000
-----------------------------------
----    Key algorithm options  ----
-----------------------------------
    Estimation of individual parameters (MAP)
    Estimation of standard errors and linearised log-likelihood
    Estimation of log-likelihood by importance sampling
    Number of iterations:  K1=300, K2=100 
    Number of chains:  1 
    Seed:  2014341 
    Number of MCMC iterations for IS:  5000 
    Simulations:
        nb of simulated datasets used for npde:  1000 
        nb of simulated datasets used for VPC:  100 
    Input/output
        save the results to a file:  FALSE 
        save the graphs to files:  TRUE 
        directory where results should be saved:  newdir 
----------------------------------------------------
----                  Results                   ----
----------------------------------------------------
-----------------  Fixed effects  ------------------
----------------------------------------------------
     Parameter Estimate SE      CV(%)
[1,] E0          5.24    0.1680 3.2  
[2,] Emax       27.67    2.1142 7.6  
[3,] ED50      438.23   31.4508 7.2  
[4,] b.1         0.11    0.0074 6.8  
----------------------------------------------------
-----------  Variance of random effects  -----------
----------------------------------------------------
      Parameter     Estimate SE    CV(%)
E0    omega2.E0     0.091    0.014 16   
Emax  omega2.Emax   0.508    0.083 16   
ED50  omega2.ED50   0.237    0.078 33   
covar cov.Emax.ED50 0.190    0.065 34   
----------------------------------------------------
------  Correlation matrix of random effects  ------
----------------------------------------------------
            omega2.E0 omega2.Emax omega2.ED50
omega2.E0   1         0.00        0.00       
omega2.Emax 0         1.00        0.55       
omega2.ED50 0         0.55        1.00       
----------------------------------------------------
---------------  Statistical criteria  -------------
----------------------------------------------------
Likelihood computed by linearisation
      -2LL= 2041.194 
      AIC = 2057.194 
      BIC = 2078.035 

Likelihood computed by importance sampling
      -2LL= 2041.646 
      AIC = 2057.646 
      BIC = 2078.488 
----------------------------------------------------
----------------------------------------------------
-----------------  Fixed effects  ------------------
----------------------------------------------------
  Parameter Estimate      SE CV(%)
1        E0     5.24  0.1680  3.20
2      Emax    27.67  2.1142  7.64
3      ED50   438.23 31.4508  7.18
4       b.1     0.11  0.0074  6.79
----------------------------------------------------
-----------  Variance of random effects  -----------
----------------------------------------------------
         Parameter Estimate    SE CV(%)
E0       omega2.E0    0.091 0.014 15.92
Emax   omega2.Emax    0.508 0.083 16.33
ED50   omega2.ED50    0.237 0.078 32.72
1    cov.Emax.ED50    0.190 0.065 34.09
----------------------------------------------------
------  Correlation matrix of random effects  ------
----------------------------------------------------
            omega2.E0 omega2.Emax omega2.ED50
omega2.E0   1.00      0.00        0.00       
omega2.Emax 0.00      1.00        0.55       
omega2.ED50 0.00      0.55        1.00       
----------------------------------------------------
---------------  Statistical criteria  -------------
----------------------------------------------------
Likelihood computed by linearisation
      -2LL= 2041.194 
      AIC = 2057.194 
      BIC = 2078.035 

Likelihood computed by importance sampling
      -2LL= 2041.646 
      AIC = 2057.646 
      BIC = 2078.488 
----------------------------------------------------
Reading data from file /home/eco/work/saemix/saemixextension/simulationSuite/cont/emaxRichProp/data/data_pdemax61.tab 
These are the first lines of the dataset as read into R. Please check the format of the data is appropriate, if not, modify the na and/or sep items and retry:
  id dose         y
1  1    0  3.107114
2  1  100  6.020154
3  1  300 12.343123
4  1 1000 27.215081
5  2    0  4.382485
6  2  100 12.498634


The following SaemixData object was successfully created:

Object of class SaemixData
    longitudinal data for use with the SAEM algorithm
Dataset /home/eco/work/saemix/saemixextension/simulationSuite/cont/emaxRichProp/data/data_pdemax61.tab 
    Structured data: y ~ dose | id 
    Predictor: dose (-) 
Nonlinear mixed-effects model fit by the SAEM algorithm
-----------------------------------
----          Data             ----
-----------------------------------
Object of class SaemixData
    longitudinal data for use with the SAEM algorithm
Dataset /home/eco/work/saemix/saemixextension/simulationSuite/cont/emaxRichProp/data/data_pdemax61.tab 
    Structured data: y ~ dose | id 
    Predictor: dose (-) 
Dataset characteristics:
    number of subjects:     100 
    number of observations: 400 
    average/min/max nb obs: 4.00  /  4  /  4 
First 10 lines of data:
   id dose         y mdv cens occ ytype
1   1    0  3.107114   0    0   1     1
2   1  100  6.020154   0    0   1     1
3   1  300 12.343123   0    0   1     1
4   1 1000 27.215081   0    0   1     1
5   2    0  4.382485   0    0   1     1
6   2  100 12.498634   0    0   1     1
7   2  300 21.669414   0    0   1     1
8   2 1000 28.411875   0    0   1     1
9   3    0  3.446927   0    0   1     1
10  3  100  6.965323   0    0   1     1
-----------------------------------
----          Model            ----
-----------------------------------
Nonlinear mixed-effects model
  Model function:  PD Emax model
  Model type:  structural
function (psi, id, xidep) 
{
    dose <- xidep[, 1]
    e0 <- psi[id, 1]
    emax <- psi[id, 2]
    e50 <- psi[id, 3]
    f <- e0 + emax * dose/(e50 + dose)
    return(f)
}
<bytecode: 0x557685349418>
  Nb of parameters: 3 
      parameter names:  E0 Emax ED50 
      distribution:
     Parameter Distribution Estimated
[1,] E0        log-normal   Estimated
[2,] Emax      log-normal   Estimated
[3,] ED50      log-normal   Estimated
  Variance-covariance matrix:
     E0 Emax ED50
E0    1    0    0
Emax  0    1    1
ED50  0    1    1
  Error model: proportional , initial values: b.1=0.2 
    No covariate in the model.
    Initial values
             E0 Emax ED50
Pop.CondInit 10   60 1000
-----------------------------------
----    Key algorithm options  ----
-----------------------------------
    Estimation of individual parameters (MAP)
    Estimation of standard errors and linearised log-likelihood
    Estimation of log-likelihood by importance sampling
    Number of iterations:  K1=300, K2=100 
    Number of chains:  1 
    Seed:  2014341 
    Number of MCMC iterations for IS:  5000 
    Simulations:
        nb of simulated datasets used for npde:  1000 
        nb of simulated datasets used for VPC:  100 
    Input/output
        save the results to a file:  FALSE 
        save the graphs to files:  TRUE 
        directory where results should be saved:  newdir 
----------------------------------------------------
----                  Results                   ----
----------------------------------------------------
-----------------  Fixed effects  ------------------
----------------------------------------------------
     Parameter Estimate SE      CV(%)
[1,] E0          5.048   0.1573  3.1 
[2,] Emax       28.518   2.2005  7.7 
[3,] ED50      521.674  53.5924 10.3 
[4,] b.1         0.098   0.0068  6.9 
----------------------------------------------------
-----------  Variance of random effects  -----------
----------------------------------------------------
      Parameter     Estimate SE    CV(%)
E0    omega2.E0     0.088    0.014 16   
Emax  omega2.Emax   0.499    0.084 17   
ED50  omega2.ED50   0.752    0.151 20   
covar cov.Emax.ED50 0.391    0.097 25   
----------------------------------------------------
------  Correlation matrix of random effects  ------
----------------------------------------------------
            omega2.E0 omega2.Emax omega2.ED50
omega2.E0   1         0.00        0.00       
omega2.Emax 0         1.00        0.64       
omega2.ED50 0         0.64        1.00       
----------------------------------------------------
---------------  Statistical criteria  -------------
----------------------------------------------------
Likelihood computed by linearisation
      -2LL= 1973.011 
      AIC = 1989.011 
      BIC = 2009.852 

Likelihood computed by importance sampling
      -2LL= 1971.694 
      AIC = 1987.694 
      BIC = 2008.535 
----------------------------------------------------
----------------------------------------------------
-----------------  Fixed effects  ------------------
----------------------------------------------------
  Parameter Estimate      SE CV(%)
1        E0    5.048  0.1573  3.12
2      Emax   28.518  2.2005  7.72
3      ED50  521.674 53.5924 10.27
4       b.1    0.098  0.0068  6.90
----------------------------------------------------
-----------  Variance of random effects  -----------
----------------------------------------------------
         Parameter Estimate    SE CV(%)
E0       omega2.E0    0.088 0.014 15.65
Emax   omega2.Emax    0.499 0.084 16.85
ED50   omega2.ED50    0.752 0.151 20.13
1    cov.Emax.ED50    0.391 0.097 24.75
----------------------------------------------------
------  Correlation matrix of random effects  ------
----------------------------------------------------
            omega2.E0 omega2.Emax omega2.ED50
omega2.E0   1.00      0.00        0.00       
omega2.Emax 0.00      1.00        0.64       
omega2.ED50 0.00      0.64        1.00       
----------------------------------------------------
---------------  Statistical criteria  -------------
----------------------------------------------------
Likelihood computed by linearisation
      -2LL= 1973.011 
      AIC = 1989.011 
      BIC = 2009.852 

Likelihood computed by importance sampling
      -2LL= 1971.694 
      AIC = 1987.694 
      BIC = 2008.535 
----------------------------------------------------
Reading data from file /home/eco/work/saemix/saemixextension/simulationSuite/cont/emaxRichProp/data/data_pdemax62.tab 
These are the first lines of the dataset as read into R. Please check the format of the data is appropriate, if not, modify the na and/or sep items and retry:
  id dose         y
1  1    0  2.795002
2  1  100 19.366508
3  1  300 30.231195
4  1 1000 47.178808
5  2    0  3.205317
6  2  100  7.392045


The following SaemixData object was successfully created:

Object of class SaemixData
    longitudinal data for use with the SAEM algorithm
Dataset /home/eco/work/saemix/saemixextension/simulationSuite/cont/emaxRichProp/data/data_pdemax62.tab 
    Structured data: y ~ dose | id 
    Predictor: dose (-) 
Nonlinear mixed-effects model fit by the SAEM algorithm
-----------------------------------
----          Data             ----
-----------------------------------
Object of class SaemixData
    longitudinal data for use with the SAEM algorithm
Dataset /home/eco/work/saemix/saemixextension/simulationSuite/cont/emaxRichProp/data/data_pdemax62.tab 
    Structured data: y ~ dose | id 
    Predictor: dose (-) 
Dataset characteristics:
    number of subjects:     100 
    number of observations: 400 
    average/min/max nb obs: 4.00  /  4  /  4 
First 10 lines of data:
   id dose         y mdv cens occ ytype
1   1    0  2.795002   0    0   1     1
2   1  100 19.366508   0    0   1     1
3   1  300 30.231195   0    0   1     1
4   1 1000 47.178808   0    0   1     1
5   2    0  3.205317   0    0   1     1
6   2  100  7.392045   0    0   1     1
7   2  300 12.724863   0    0   1     1
8   2 1000 23.359884   0    0   1     1
9   3    0  4.459178   0    0   1     1
10  3  100  4.916815   0    0   1     1
-----------------------------------
----          Model            ----
-----------------------------------
Nonlinear mixed-effects model
  Model function:  PD Emax model
  Model type:  structural
function (psi, id, xidep) 
{
    dose <- xidep[, 1]
    e0 <- psi[id, 1]
    emax <- psi[id, 2]
    e50 <- psi[id, 3]
    f <- e0 + emax * dose/(e50 + dose)
    return(f)
}
<bytecode: 0x557685349418>
  Nb of parameters: 3 
      parameter names:  E0 Emax ED50 
      distribution:
     Parameter Distribution Estimated
[1,] E0        log-normal   Estimated
[2,] Emax      log-normal   Estimated
[3,] ED50      log-normal   Estimated
  Variance-covariance matrix:
     E0 Emax ED50
E0    1    0    0
Emax  0    1    1
ED50  0    1    1
  Error model: proportional , initial values: b.1=0.2 
    No covariate in the model.
    Initial values
             E0 Emax ED50
Pop.CondInit 10   60 1000
-----------------------------------
----    Key algorithm options  ----
-----------------------------------
    Estimation of individual parameters (MAP)
    Estimation of standard errors and linearised log-likelihood
    Estimation of log-likelihood by importance sampling
    Number of iterations:  K1=300, K2=100 
    Number of chains:  1 
    Seed:  2014341 
    Number of MCMC iterations for IS:  5000 
    Simulations:
        nb of simulated datasets used for npde:  1000 
        nb of simulated datasets used for VPC:  100 
    Input/output
        save the results to a file:  FALSE 
        save the graphs to files:  TRUE 
        directory where results should be saved:  newdir 
----------------------------------------------------
----                  Results                   ----
----------------------------------------------------
-----------------  Fixed effects  ------------------
----------------------------------------------------
     Parameter Estimate SE      CV(%)
[1,] E0          4.896   0.1502 3.1  
[2,] Emax       31.170   2.2589 7.2  
[3,] ED50      533.501  42.6651 8.0  
[4,] b.1         0.099   0.0068 6.9  
----------------------------------------------------
-----------  Variance of random effects  -----------
----------------------------------------------------
      Parameter     Estimate SE    CV(%)
E0    omega2.E0     0.085    0.013 16   
Emax  omega2.Emax   0.446    0.075 17   
ED50  omega2.ED50   0.385    0.093 24   
covar cov.Emax.ED50 0.190    0.067 35   
----------------------------------------------------
------  Correlation matrix of random effects  ------
----------------------------------------------------
            omega2.E0 omega2.Emax omega2.ED50
omega2.E0   1         0.00        0.00       
omega2.Emax 0         1.00        0.46       
omega2.ED50 0         0.46        1.00       
----------------------------------------------------
---------------  Statistical criteria  -------------
----------------------------------------------------
Likelihood computed by linearisation
      -2LL= 1992.4 
      AIC = 2008.4 
      BIC = 2029.241 

Likelihood computed by importance sampling
      -2LL= 1992.773 
      AIC = 2008.773 
      BIC = 2029.615 
----------------------------------------------------
----------------------------------------------------
-----------------  Fixed effects  ------------------
----------------------------------------------------
  Parameter Estimate      SE CV(%)
1        E0    4.896  0.1502  3.07
2      Emax   31.170  2.2589  7.25
3      ED50  533.501 42.6651  8.00
4       b.1    0.099  0.0068  6.88
----------------------------------------------------
-----------  Variance of random effects  -----------
----------------------------------------------------
         Parameter Estimate    SE CV(%)
E0       omega2.E0    0.085 0.013 15.74
Emax   omega2.Emax    0.446 0.075 16.71
ED50   omega2.ED50    0.385 0.093 24.22
1    cov.Emax.ED50    0.190 0.067 35.32
----------------------------------------------------
------  Correlation matrix of random effects  ------
----------------------------------------------------
            omega2.E0 omega2.Emax omega2.ED50
omega2.E0   1.00      0.00        0.00       
omega2.Emax 0.00      1.00        0.46       
omega2.ED50 0.00      0.46        1.00       
----------------------------------------------------
---------------  Statistical criteria  -------------
----------------------------------------------------
Likelihood computed by linearisation
      -2LL= 1992.4 
      AIC = 2008.4 
      BIC = 2029.241 

Likelihood computed by importance sampling
      -2LL= 1992.773 
      AIC = 2008.773 
      BIC = 2029.615 
----------------------------------------------------
Reading data from file /home/eco/work/saemix/saemixextension/simulationSuite/cont/emaxRichProp/data/data_pdemax63.tab 
These are the first lines of the dataset as read into R. Please check the format of the data is appropriate, if not, modify the na and/or sep items and retry:
  id dose         y
1  1    0  7.187542
2  1  100 11.564428
3  1  300 22.118403
4  1 1000 29.125035
5  2    0  8.213812
6  2  100 18.414122


The following SaemixData object was successfully created:

Object of class SaemixData
    longitudinal data for use with the SAEM algorithm
Dataset /home/eco/work/saemix/saemixextension/simulationSuite/cont/emaxRichProp/data/data_pdemax63.tab 
    Structured data: y ~ dose | id 
    Predictor: dose (-) 
Nonlinear mixed-effects model fit by the SAEM algorithm
-----------------------------------
----          Data             ----
-----------------------------------
Object of class SaemixData
    longitudinal data for use with the SAEM algorithm
Dataset /home/eco/work/saemix/saemixextension/simulationSuite/cont/emaxRichProp/data/data_pdemax63.tab 
    Structured data: y ~ dose | id 
    Predictor: dose (-) 
Dataset characteristics:
    number of subjects:     100 
    number of observations: 400 
    average/min/max nb obs: 4.00  /  4  /  4 
First 10 lines of data:
   id dose         y mdv cens occ ytype
1   1    0  7.187542   0    0   1     1
2   1  100 11.564428   0    0   1     1
3   1  300 22.118403   0    0   1     1
4   1 1000 29.125035   0    0   1     1
5   2    0  8.213812   0    0   1     1
6   2  100 18.414122   0    0   1     1
7   2  300 23.341386   0    0   1     1
8   2 1000 29.390508   0    0   1     1
9   3    0  3.150597   0    0   1     1
10  3  100 18.189138   0    0   1     1
-----------------------------------
----          Model            ----
-----------------------------------
Nonlinear mixed-effects model
  Model function:  PD Emax model
  Model type:  structural
function (psi, id, xidep) 
{
    dose <- xidep[, 1]
    e0 <- psi[id, 1]
    emax <- psi[id, 2]
    e50 <- psi[id, 3]
    f <- e0 + emax * dose/(e50 + dose)
    return(f)
}
<bytecode: 0x557685349418>
  Nb of parameters: 3 
      parameter names:  E0 Emax ED50 
      distribution:
     Parameter Distribution Estimated
[1,] E0        log-normal   Estimated
[2,] Emax      log-normal   Estimated
[3,] ED50      log-normal   Estimated
  Variance-covariance matrix:
     E0 Emax ED50
E0    1    0    0
Emax  0    1    1
ED50  0    1    1
  Error model: proportional , initial values: b.1=0.2 
    No covariate in the model.
    Initial values
             E0 Emax ED50
Pop.CondInit 10   60 1000
-----------------------------------
----    Key algorithm options  ----
-----------------------------------
    Estimation of individual parameters (MAP)
    Estimation of standard errors and linearised log-likelihood
    Estimation of log-likelihood by importance sampling
    Number of iterations:  K1=300, K2=100 
    Number of chains:  1 
    Seed:  2014341 
    Number of MCMC iterations for IS:  5000 
    Simulations:
        nb of simulated datasets used for npde:  1000 
        nb of simulated datasets used for VPC:  100 
    Input/output
        save the results to a file:  FALSE 
        save the graphs to files:  TRUE 
        directory where results should be saved:  newdir 
----------------------------------------------------
----                  Results                   ----
----------------------------------------------------
-----------------  Fixed effects  ------------------
----------------------------------------------------
     Parameter Estimate SE      CV(%)
[1,] E0          4.816   0.1460 3.0  
[2,] Emax       26.994   1.8844 7.0  
[3,] ED50      489.038  40.6105 8.3  
[4,] b.1         0.093   0.0064 6.9  
----------------------------------------------------
-----------  Variance of random effects  -----------
----------------------------------------------------
      Parameter     Estimate SE    CV(%)
E0    omega2.E0     0.084    0.013 16   
Emax  omega2.Emax   0.418    0.069 17   
ED50  omega2.ED50   0.452    0.100 22   
covar cov.Emax.ED50 0.212    0.067 32   
----------------------------------------------------
------  Correlation matrix of random effects  ------
----------------------------------------------------
            omega2.E0 omega2.Emax omega2.ED50
omega2.E0   1         0.00        0.00       
omega2.Emax 0         1.00        0.49       
omega2.ED50 0         0.49        1.00       
----------------------------------------------------
---------------  Statistical criteria  -------------
----------------------------------------------------
Likelihood computed by linearisation
      -2LL= 1923.492 
      AIC = 1939.492 
      BIC = 1960.333 

Likelihood computed by importance sampling
      -2LL= 1922.93 
      AIC = 1938.93 
      BIC = 1959.772 
----------------------------------------------------
----------------------------------------------------
-----------------  Fixed effects  ------------------
----------------------------------------------------
  Parameter Estimate      SE CV(%)
1        E0    4.816  0.1460  3.03
2      Emax   26.994  1.8844  6.98
3      ED50  489.038 40.6105  8.30
4       b.1    0.093  0.0064  6.91
----------------------------------------------------
-----------  Variance of random effects  -----------
----------------------------------------------------
         Parameter Estimate    SE CV(%)
E0       omega2.E0    0.084 0.013 15.56
Emax   omega2.Emax    0.418 0.069 16.55
ED50   omega2.ED50    0.452 0.100 22.10
1    cov.Emax.ED50    0.212 0.067 31.81
----------------------------------------------------
------  Correlation matrix of random effects  ------
----------------------------------------------------
            omega2.E0 omega2.Emax omega2.ED50
omega2.E0   1.00      0.00        0.00       
omega2.Emax 0.00      1.00        0.49       
omega2.ED50 0.00      0.49        1.00       
----------------------------------------------------
---------------  Statistical criteria  -------------
----------------------------------------------------
Likelihood computed by linearisation
      -2LL= 1923.492 
      AIC = 1939.492 
      BIC = 1960.333 

Likelihood computed by importance sampling
      -2LL= 1922.93 
      AIC = 1938.93 
      BIC = 1959.772 
----------------------------------------------------
Reading data from file /home/eco/work/saemix/saemixextension/simulationSuite/cont/emaxRichProp/data/data_pdemax64.tab 
These are the first lines of the dataset as read into R. Please check the format of the data is appropriate, if not, modify the na and/or sep items and retry:
  id dose         y
1  1    0  4.756491
2  1  100  6.136796
3  1  300  7.787587
4  1 1000  9.926244
5  2    0  3.658705
6  2  100 10.047922


The following SaemixData object was successfully created:

Object of class SaemixData
    longitudinal data for use with the SAEM algorithm
Dataset /home/eco/work/saemix/saemixextension/simulationSuite/cont/emaxRichProp/data/data_pdemax64.tab 
    Structured data: y ~ dose | id 
    Predictor: dose (-) 
Nonlinear mixed-effects model fit by the SAEM algorithm
-----------------------------------
----          Data             ----
-----------------------------------
Object of class SaemixData
    longitudinal data for use with the SAEM algorithm
Dataset /home/eco/work/saemix/saemixextension/simulationSuite/cont/emaxRichProp/data/data_pdemax64.tab 
    Structured data: y ~ dose | id 
    Predictor: dose (-) 
Dataset characteristics:
    number of subjects:     100 
    number of observations: 400 
    average/min/max nb obs: 4.00  /  4  /  4 
First 10 lines of data:
   id dose         y mdv cens occ ytype
1   1    0  4.756491   0    0   1     1
2   1  100  6.136796   0    0   1     1
3   1  300  7.787587   0    0   1     1
4   1 1000  9.926244   0    0   1     1
5   2    0  3.658705   0    0   1     1
6   2  100 10.047922   0    0   1     1
7   2  300 16.173280   0    0   1     1
8   2 1000 23.560181   0    0   1     1
9   3    0  6.741912   0    0   1     1
10  3  100 11.568564   0    0   1     1
-----------------------------------
----          Model            ----
-----------------------------------
Nonlinear mixed-effects model
  Model function:  PD Emax model
  Model type:  structural
function (psi, id, xidep) 
{
    dose <- xidep[, 1]
    e0 <- psi[id, 1]
    emax <- psi[id, 2]
    e50 <- psi[id, 3]
    f <- e0 + emax * dose/(e50 + dose)
    return(f)
}
<bytecode: 0x557685349418>
  Nb of parameters: 3 
      parameter names:  E0 Emax ED50 
      distribution:
     Parameter Distribution Estimated
[1,] E0        log-normal   Estimated
[2,] Emax      log-normal   Estimated
[3,] ED50      log-normal   Estimated
  Variance-covariance matrix:
     E0 Emax ED50
E0    1    0    0
Emax  0    1    1
ED50  0    1    1
  Error model: proportional , initial values: b.1=0.2 
    No covariate in the model.
    Initial values
             E0 Emax ED50
Pop.CondInit 10   60 1000
-----------------------------------
----    Key algorithm options  ----
-----------------------------------
    Estimation of individual parameters (MAP)
    Estimation of standard errors and linearised log-likelihood
    Estimation of log-likelihood by importance sampling
    Number of iterations:  K1=300, K2=100 
    Number of chains:  1 
    Seed:  2014341 
    Number of MCMC iterations for IS:  5000 
    Simulations:
        nb of simulated datasets used for npde:  1000 
        nb of simulated datasets used for VPC:  100 
    Input/output
        save the results to a file:  FALSE 
        save the graphs to files:  TRUE 
        directory where results should be saved:  newdir 
----------------------------------------------------
----                  Results                   ----
----------------------------------------------------
-----------------  Fixed effects  ------------------
----------------------------------------------------
     Parameter Estimate SE      CV(%)
[1,] E0          5.028   0.1400 2.8  
[2,] Emax       28.536   2.1002 7.4  
[3,] ED50      455.609  41.8276 9.2  
[4,] b.1         0.092   0.0063 6.9  
----------------------------------------------------
-----------  Variance of random effects  -----------
----------------------------------------------------
      Parameter     Estimate SE    CV(%)
E0    omega2.E0     0.069    0.011 16   
Emax  omega2.Emax   0.470    0.076 16   
ED50  omega2.ED50   0.600    0.120 20   
covar cov.Emax.ED50 0.148    0.073 49   
----------------------------------------------------
------  Correlation matrix of random effects  ------
----------------------------------------------------
            omega2.E0 omega2.Emax omega2.ED50
omega2.E0   1         0.00        0.00       
omega2.Emax 0         1.00        0.28       
omega2.ED50 0         0.28        1.00       
----------------------------------------------------
---------------  Statistical criteria  -------------
----------------------------------------------------
Likelihood computed by linearisation
      -2LL= 2021.1 
      AIC = 2037.1 
      BIC = 2057.941 

Likelihood computed by importance sampling
      -2LL= 2020.711 
      AIC = 2036.711 
      BIC = 2057.552 
----------------------------------------------------
----------------------------------------------------
-----------------  Fixed effects  ------------------
----------------------------------------------------
  Parameter Estimate      SE CV(%)
1        E0    5.028  0.1400  2.78
2      Emax   28.536  2.1002  7.36
3      ED50  455.609 41.8276  9.18
4       b.1    0.092  0.0063  6.88
----------------------------------------------------
-----------  Variance of random effects  -----------
----------------------------------------------------
         Parameter Estimate    SE CV(%)
E0       omega2.E0    0.069 0.011 15.84
Emax   omega2.Emax    0.470 0.076 16.27
ED50   omega2.ED50    0.600 0.120 20.00
1    cov.Emax.ED50    0.148 0.073 48.99
----------------------------------------------------
------  Correlation matrix of random effects  ------
----------------------------------------------------
            omega2.E0 omega2.Emax omega2.ED50
omega2.E0   1.00      0.00        0.00       
omega2.Emax 0.00      1.00        0.28       
omega2.ED50 0.00      0.28        1.00       
----------------------------------------------------
---------------  Statistical criteria  -------------
----------------------------------------------------
Likelihood computed by linearisation
      -2LL= 2021.1 
      AIC = 2037.1 
      BIC = 2057.941 

Likelihood computed by importance sampling
      -2LL= 2020.711 
      AIC = 2036.711 
      BIC = 2057.552 
----------------------------------------------------
Reading data from file /home/eco/work/saemix/saemixextension/simulationSuite/cont/emaxRichProp/data/data_pdemax65.tab 
These are the first lines of the dataset as read into R. Please check the format of the data is appropriate, if not, modify the na and/or sep items and retry:
  id dose         y
1  1    0  6.468866
2  1  100  7.101557
3  1  300  9.451352
4  1 1000 13.166556
5  2    0  5.829044
6  2  100  8.543657


The following SaemixData object was successfully created:

Object of class SaemixData
    longitudinal data for use with the SAEM algorithm
Dataset /home/eco/work/saemix/saemixextension/simulationSuite/cont/emaxRichProp/data/data_pdemax65.tab 
    Structured data: y ~ dose | id 
    Predictor: dose (-) 
Nonlinear mixed-effects model fit by the SAEM algorithm
-----------------------------------
----          Data             ----
-----------------------------------
Object of class SaemixData
    longitudinal data for use with the SAEM algorithm
Dataset /home/eco/work/saemix/saemixextension/simulationSuite/cont/emaxRichProp/data/data_pdemax65.tab 
    Structured data: y ~ dose | id 
    Predictor: dose (-) 
Dataset characteristics:
    number of subjects:     100 
    number of observations: 400 
    average/min/max nb obs: 4.00  /  4  /  4 
First 10 lines of data:
   id dose         y mdv cens occ ytype
1   1    0  6.468866   0    0   1     1
2   1  100  7.101557   0    0   1     1
3   1  300  9.451352   0    0   1     1
4   1 1000 13.166556   0    0   1     1
5   2    0  5.829044   0    0   1     1
6   2  100  8.543657   0    0   1     1
7   2  300 12.356276   0    0   1     1
8   2 1000 17.096178   0    0   1     1
9   3    0  5.195767   0    0   1     1
10  3  100  7.959500   0    0   1     1
-----------------------------------
----          Model            ----
-----------------------------------
Nonlinear mixed-effects model
  Model function:  PD Emax model
  Model type:  structural
function (psi, id, xidep) 
{
    dose <- xidep[, 1]
    e0 <- psi[id, 1]
    emax <- psi[id, 2]
    e50 <- psi[id, 3]
    f <- e0 + emax * dose/(e50 + dose)
    return(f)
}
<bytecode: 0x557685349418>
  Nb of parameters: 3 
      parameter names:  E0 Emax ED50 
      distribution:
     Parameter Distribution Estimated
[1,] E0        log-normal   Estimated
[2,] Emax      log-normal   Estimated
[3,] ED50      log-normal   Estimated
  Variance-covariance matrix:
     E0 Emax ED50
E0    1    0    0
Emax  0    1    1
ED50  0    1    1
  Error model: proportional , initial values: b.1=0.2 
    No covariate in the model.
    Initial values
             E0 Emax ED50
Pop.CondInit 10   60 1000
-----------------------------------
----    Key algorithm options  ----
-----------------------------------
    Estimation of individual parameters (MAP)
    Estimation of standard errors and linearised log-likelihood
    Estimation of log-likelihood by importance sampling
    Number of iterations:  K1=300, K2=100 
    Number of chains:  1 
    Seed:  2014341 
    Number of MCMC iterations for IS:  5000 
    Simulations:
        nb of simulated datasets used for npde:  1000 
        nb of simulated datasets used for VPC:  100 
    Input/output
        save the results to a file:  FALSE 
        save the graphs to files:  TRUE 
        directory where results should be saved:  newdir 
----------------------------------------------------
----                  Results                   ----
----------------------------------------------------
-----------------  Fixed effects  ------------------
----------------------------------------------------
     Parameter Estimate SE      CV(%)
[1,] E0          5.18    0.1563 3.0  
[2,] Emax       24.69    1.9009 7.7  
[3,] ED50      511.47   43.6271 8.5  
[4,] b.1         0.11    0.0076 6.8  
----------------------------------------------------
-----------  Variance of random effects  -----------
----------------------------------------------------
      Parameter     Estimate SE    CV(%)
E0    omega2.E0     0.079    0.013 16   
Emax  omega2.Emax   0.487    0.085 17   
ED50  omega2.ED50   0.357    0.109 31   
covar cov.Emax.ED50 0.253    0.081 32   
----------------------------------------------------
------  Correlation matrix of random effects  ------
----------------------------------------------------
            omega2.E0 omega2.Emax omega2.ED50
omega2.E0   1         0.00        0.00       
omega2.Emax 0         1.00        0.61       
omega2.ED50 0         0.61        1.00       
----------------------------------------------------
---------------  Statistical criteria  -------------
----------------------------------------------------
Likelihood computed by linearisation
      -2LL= 1941.434 
      AIC = 1957.434 
      BIC = 1978.275 

Likelihood computed by importance sampling
      -2LL= 1942.543 
      AIC = 1958.543 
      BIC = 1979.384 
----------------------------------------------------
----------------------------------------------------
-----------------  Fixed effects  ------------------
----------------------------------------------------
  Parameter Estimate      SE CV(%)
1        E0     5.18  0.1563  3.02
2      Emax    24.69  1.9009  7.70
3      ED50   511.47 43.6271  8.53
4       b.1     0.11  0.0076  6.80
----------------------------------------------------
-----------  Variance of random effects  -----------
----------------------------------------------------
         Parameter Estimate    SE CV(%)
E0       omega2.E0    0.079 0.013 16.28
Emax   omega2.Emax    0.487 0.085 17.38
ED50   omega2.ED50    0.357 0.109 30.53
1    cov.Emax.ED50    0.253 0.081 31.89
----------------------------------------------------
------  Correlation matrix of random effects  ------
----------------------------------------------------
            omega2.E0 omega2.Emax omega2.ED50
omega2.E0   1.00      0.00        0.00       
omega2.Emax 0.00      1.00        0.61       
omega2.ED50 0.00      0.61        1.00       
----------------------------------------------------
---------------  Statistical criteria  -------------
----------------------------------------------------
Likelihood computed by linearisation
      -2LL= 1941.434 
      AIC = 1957.434 
      BIC = 1978.275 

Likelihood computed by importance sampling
      -2LL= 1942.543 
      AIC = 1958.543 
      BIC = 1979.384 
----------------------------------------------------
Reading data from file /home/eco/work/saemix/saemixextension/simulationSuite/cont/emaxRichProp/data/data_pdemax66.tab 
These are the first lines of the dataset as read into R. Please check the format of the data is appropriate, if not, modify the na and/or sep items and retry:
  id dose         y
1  1    0  5.058829
2  1  100 11.278686
3  1  300 21.436615
4  1 1000 35.636007
5  2    0  7.873944
6  2  100 16.333594


The following SaemixData object was successfully created:

Object of class SaemixData
    longitudinal data for use with the SAEM algorithm
Dataset /home/eco/work/saemix/saemixextension/simulationSuite/cont/emaxRichProp/data/data_pdemax66.tab 
    Structured data: y ~ dose | id 
    Predictor: dose (-) 
Nonlinear mixed-effects model fit by the SAEM algorithm
-----------------------------------
----          Data             ----
-----------------------------------
Object of class SaemixData
    longitudinal data for use with the SAEM algorithm
Dataset /home/eco/work/saemix/saemixextension/simulationSuite/cont/emaxRichProp/data/data_pdemax66.tab 
    Structured data: y ~ dose | id 
    Predictor: dose (-) 
Dataset characteristics:
    number of subjects:     100 
    number of observations: 400 
    average/min/max nb obs: 4.00  /  4  /  4 
First 10 lines of data:
   id dose         y mdv cens occ ytype
1   1    0  5.058829   0    0   1     1
2   1  100 11.278686   0    0   1     1
3   1  300 21.436615   0    0   1     1
4   1 1000 35.636007   0    0   1     1
5   2    0  7.873944   0    0   1     1
6   2  100 16.333594   0    0   1     1
7   2  300 24.366434   0    0   1     1
8   2 1000 38.268052   0    0   1     1
9   3    0  4.297395   0    0   1     1
10  3  100 13.559758   0    0   1     1
-----------------------------------
----          Model            ----
-----------------------------------
Nonlinear mixed-effects model
  Model function:  PD Emax model
  Model type:  structural
function (psi, id, xidep) 
{
    dose <- xidep[, 1]
    e0 <- psi[id, 1]
    emax <- psi[id, 2]
    e50 <- psi[id, 3]
    f <- e0 + emax * dose/(e50 + dose)
    return(f)
}
<bytecode: 0x557685349418>
  Nb of parameters: 3 
      parameter names:  E0 Emax ED50 
      distribution:
     Parameter Distribution Estimated
[1,] E0        log-normal   Estimated
[2,] Emax      log-normal   Estimated
[3,] ED50      log-normal   Estimated
  Variance-covariance matrix:
     E0 Emax ED50
E0    1    0    0
Emax  0    1    1
ED50  0    1    1
  Error model: proportional , initial values: b.1=0.2 
    No covariate in the model.
    Initial values
             E0 Emax ED50
Pop.CondInit 10   60 1000
-----------------------------------
----    Key algorithm options  ----
-----------------------------------
    Estimation of individual parameters (MAP)
    Estimation of standard errors and linearised log-likelihood
    Estimation of log-likelihood by importance sampling
    Number of iterations:  K1=300, K2=100 
    Number of chains:  1 
    Seed:  2014341 
    Number of MCMC iterations for IS:  5000 
    Simulations:
        nb of simulated datasets used for npde:  1000 
        nb of simulated datasets used for VPC:  100 
    Input/output
        save the results to a file:  FALSE 
        save the graphs to files:  TRUE 
        directory where results should be saved:  newdir 
----------------------------------------------------
----                  Results                   ----
----------------------------------------------------
-----------------  Fixed effects  ------------------
----------------------------------------------------
     Parameter Estimate SE      CV(%)
[1,] E0          5.131   0.1700 3.3  
[2,] Emax       33.089   2.2873 6.9  
[3,] ED50      443.630  30.5181 6.9  
[4,] b.1         0.086   0.0059 6.9  
----------------------------------------------------
-----------  Variance of random effects  -----------
----------------------------------------------------
      Parameter     Estimate SE    CV(%)
E0    omega2.E0     0.10     0.016 15   
Emax  omega2.Emax   0.43     0.068 16   
ED50  omega2.ED50   0.31     0.069 22   
covar cov.Emax.ED50 0.14     0.053 38   
----------------------------------------------------
------  Correlation matrix of random effects  ------
----------------------------------------------------
            omega2.E0 omega2.Emax omega2.ED50
omega2.E0   1         0.00        0.00       
omega2.Emax 0         1.00        0.38       
omega2.ED50 0         0.38        1.00       
----------------------------------------------------
---------------  Statistical criteria  -------------
----------------------------------------------------
Likelihood computed by linearisation
      -2LL= 2068.216 
      AIC = 2084.216 
      BIC = 2105.058 

Likelihood computed by importance sampling
      -2LL= 2067.113 
      AIC = 2083.113 
      BIC = 2103.955 
----------------------------------------------------
----------------------------------------------------
-----------------  Fixed effects  ------------------
----------------------------------------------------
  Parameter Estimate      SE CV(%)
1        E0    5.131  0.1700  3.31
2      Emax   33.089  2.2873  6.91
3      ED50  443.630 30.5181  6.88
4       b.1    0.086  0.0059  6.93
----------------------------------------------------
-----------  Variance of random effects  -----------
----------------------------------------------------
         Parameter Estimate    SE CV(%)
E0       omega2.E0     0.10 0.016 15.13
Emax   omega2.Emax     0.43 0.068 15.71
ED50   omega2.ED50     0.31 0.069 22.35
1    cov.Emax.ED50     0.14 0.053 38.37
----------------------------------------------------
------  Correlation matrix of random effects  ------
----------------------------------------------------
            omega2.E0 omega2.Emax omega2.ED50
omega2.E0   1.00      0.00        0.00       
omega2.Emax 0.00      1.00        0.38       
omega2.ED50 0.00      0.38        1.00       
----------------------------------------------------
---------------  Statistical criteria  -------------
----------------------------------------------------
Likelihood computed by linearisation
      -2LL= 2068.216 
      AIC = 2084.216 
      BIC = 2105.058 

Likelihood computed by importance sampling
      -2LL= 2067.113 
      AIC = 2083.113 
      BIC = 2103.955 
----------------------------------------------------
Reading data from file /home/eco/work/saemix/saemixextension/simulationSuite/cont/emaxRichProp/data/data_pdemax67.tab 
These are the first lines of the dataset as read into R. Please check the format of the data is appropriate, if not, modify the na and/or sep items and retry:
  id dose         y
1  1    0  7.207369
2  1  100  8.845901
3  1  300 14.139708
4  1 1000 26.730288
5  2    0 10.180491
6  2  100 12.308257


The following SaemixData object was successfully created:

Object of class SaemixData
    longitudinal data for use with the SAEM algorithm
Dataset /home/eco/work/saemix/saemixextension/simulationSuite/cont/emaxRichProp/data/data_pdemax67.tab 
    Structured data: y ~ dose | id 
    Predictor: dose (-) 
Nonlinear mixed-effects model fit by the SAEM algorithm
-----------------------------------
----          Data             ----
-----------------------------------
Object of class SaemixData
    longitudinal data for use with the SAEM algorithm
Dataset /home/eco/work/saemix/saemixextension/simulationSuite/cont/emaxRichProp/data/data_pdemax67.tab 
    Structured data: y ~ dose | id 
    Predictor: dose (-) 
Dataset characteristics:
    number of subjects:     100 
    number of observations: 400 
    average/min/max nb obs: 4.00  /  4  /  4 
First 10 lines of data:
   id dose         y mdv cens occ ytype
1   1    0  7.207369   0    0   1     1
2   1  100  8.845901   0    0   1     1
3   1  300 14.139708   0    0   1     1
4   1 1000 26.730288   0    0   1     1
5   2    0 10.180491   0    0   1     1
6   2  100 12.308257   0    0   1     1
7   2  300 15.157357   0    0   1     1
8   2 1000 18.209396   0    0   1     1
9   3    0  4.038019   0    0   1     1
10  3  100 15.025889   0    0   1     1
-----------------------------------
----          Model            ----
-----------------------------------
Nonlinear mixed-effects model
  Model function:  PD Emax model
  Model type:  structural
function (psi, id, xidep) 
{
    dose <- xidep[, 1]
    e0 <- psi[id, 1]
    emax <- psi[id, 2]
    e50 <- psi[id, 3]
    f <- e0 + emax * dose/(e50 + dose)
    return(f)
}
<bytecode: 0x557685349418>
  Nb of parameters: 3 
      parameter names:  E0 Emax ED50 
      distribution:
     Parameter Distribution Estimated
[1,] E0        log-normal   Estimated
[2,] Emax      log-normal   Estimated
[3,] ED50      log-normal   Estimated
  Variance-covariance matrix:
     E0 Emax ED50
E0    1    0    0
Emax  0    1    1
ED50  0    1    1
  Error model: proportional , initial values: b.1=0.2 
    No covariate in the model.
    Initial values
             E0 Emax ED50
Pop.CondInit 10   60 1000
-----------------------------------
----    Key algorithm options  ----
-----------------------------------
    Estimation of individual parameters (MAP)
    Estimation of standard errors and linearised log-likelihood
    Estimation of log-likelihood by importance sampling
    Number of iterations:  K1=300, K2=100 
    Number of chains:  1 
    Seed:  2014341 
    Number of MCMC iterations for IS:  5000 
    Simulations:
        nb of simulated datasets used for npde:  1000 
        nb of simulated datasets used for VPC:  100 
    Input/output
        save the results to a file:  FALSE 
        save the graphs to files:  TRUE 
        directory where results should be saved:  newdir 
----------------------------------------------------
----                  Results                   ----
----------------------------------------------------
-----------------  Fixed effects  ------------------
----------------------------------------------------
     Parameter Estimate SE      CV(%)
[1,] E0          4.973   0.1472 3.0  
[2,] Emax       31.762   2.3867 7.5  
[3,] ED50      443.247  39.1433 8.8  
[4,] b.1         0.099   0.0069 6.9  
----------------------------------------------------
-----------  Variance of random effects  -----------
----------------------------------------------------
      Parameter     Estimate SE    CV(%)
E0    omega2.E0     0.078    0.012 16   
Emax  omega2.Emax   0.497    0.080 16   
ED50  omega2.ED50   0.544    0.113 21   
covar cov.Emax.ED50 0.259    0.077 30   
----------------------------------------------------
------  Correlation matrix of random effects  ------
----------------------------------------------------
            omega2.E0 omega2.Emax omega2.ED50
omega2.E0   1         0.0         0.0        
omega2.Emax 0         1.0         0.5        
omega2.ED50 0         0.5         1.0        
----------------------------------------------------
---------------  Statistical criteria  -------------
----------------------------------------------------
Likelihood computed by linearisation
      -2LL= 2074.739 
      AIC = 2090.739 
      BIC = 2111.58 

Likelihood computed by importance sampling
      -2LL= 2073.301 
      AIC = 2089.301 
      BIC = 2110.142 
----------------------------------------------------
----------------------------------------------------
-----------------  Fixed effects  ------------------
----------------------------------------------------
  Parameter Estimate      SE CV(%)
1        E0    4.973  0.1472  2.96
2      Emax   31.762  2.3867  7.51
3      ED50  443.247 39.1433  8.83
4       b.1    0.099  0.0069  6.95
----------------------------------------------------
-----------  Variance of random effects  -----------
----------------------------------------------------
         Parameter Estimate    SE CV(%)
E0       omega2.E0    0.078 0.012 15.91
Emax   omega2.Emax    0.497 0.080 16.11
ED50   omega2.ED50    0.544 0.113 20.70
1    cov.Emax.ED50    0.259 0.077 29.72
----------------------------------------------------
------  Correlation matrix of random effects  ------
----------------------------------------------------
            omega2.E0 omega2.Emax omega2.ED50
omega2.E0   1.00      0.00        0.00       
omega2.Emax 0.00      1.00        0.50       
omega2.ED50 0.00      0.50        1.00       
----------------------------------------------------
---------------  Statistical criteria  -------------
----------------------------------------------------
Likelihood computed by linearisation
      -2LL= 2074.739 
      AIC = 2090.739 
      BIC = 2111.58 

Likelihood computed by importance sampling
      -2LL= 2073.301 
      AIC = 2089.301 
      BIC = 2110.142 
----------------------------------------------------
Reading data from file /home/eco/work/saemix/saemixextension/simulationSuite/cont/emaxRichProp/data/data_pdemax68.tab 
These are the first lines of the dataset as read into R. Please check the format of the data is appropriate, if not, modify the na and/or sep items and retry:
  id dose         y
1  1    0  6.571074
2  1  100 11.098887
3  1  300 14.242843
4  1 1000 19.064156
5  2    0  7.080687
6  2  100 23.859612


The following SaemixData object was successfully created:

Object of class SaemixData
    longitudinal data for use with the SAEM algorithm
Dataset /home/eco/work/saemix/saemixextension/simulationSuite/cont/emaxRichProp/data/data_pdemax68.tab 
    Structured data: y ~ dose | id 
    Predictor: dose (-) 
Nonlinear mixed-effects model fit by the SAEM algorithm
-----------------------------------
----          Data             ----
-----------------------------------
Object of class SaemixData
    longitudinal data for use with the SAEM algorithm
Dataset /home/eco/work/saemix/saemixextension/simulationSuite/cont/emaxRichProp/data/data_pdemax68.tab 
    Structured data: y ~ dose | id 
    Predictor: dose (-) 
Dataset characteristics:
    number of subjects:     100 
    number of observations: 400 
    average/min/max nb obs: 4.00  /  4  /  4 
First 10 lines of data:
   id dose         y mdv cens occ ytype
1   1    0  6.571074   0    0   1     1
2   1  100 11.098887   0    0   1     1
3   1  300 14.242843   0    0   1     1
4   1 1000 19.064156   0    0   1     1
5   2    0  7.080687   0    0   1     1
6   2  100 23.859612   0    0   1     1
7   2  300 31.961608   0    0   1     1
8   2 1000 41.453799   0    0   1     1
9   3    0  4.607163   0    0   1     1
10  3  100 13.964984   0    0   1     1
-----------------------------------
----          Model            ----
-----------------------------------
Nonlinear mixed-effects model
  Model function:  PD Emax model
  Model type:  structural
function (psi, id, xidep) 
{
    dose <- xidep[, 1]
    e0 <- psi[id, 1]
    emax <- psi[id, 2]
    e50 <- psi[id, 3]
    f <- e0 + emax * dose/(e50 + dose)
    return(f)
}
<bytecode: 0x557685349418>
  Nb of parameters: 3 
      parameter names:  E0 Emax ED50 
      distribution:
     Parameter Distribution Estimated
[1,] E0        log-normal   Estimated
[2,] Emax      log-normal   Estimated
[3,] ED50      log-normal   Estimated
  Variance-covariance matrix:
     E0 Emax ED50
E0    1    0    0
Emax  0    1    1
ED50  0    1    1
  Error model: proportional , initial values: b.1=0.2 
    No covariate in the model.
    Initial values
             E0 Emax ED50
Pop.CondInit 10   60 1000
-----------------------------------
----    Key algorithm options  ----
-----------------------------------
    Estimation of individual parameters (MAP)
    Estimation of standard errors and linearised log-likelihood
    Estimation of log-likelihood by importance sampling
    Number of iterations:  K1=300, K2=100 
    Number of chains:  1 
    Seed:  2014341 
    Number of MCMC iterations for IS:  5000 
    Simulations:
        nb of simulated datasets used for npde:  1000 
        nb of simulated datasets used for VPC:  100 
    Input/output
        save the results to a file:  FALSE 
        save the graphs to files:  TRUE 
        directory where results should be saved:  newdir 
----------------------------------------------------
----                  Results                   ----
----------------------------------------------------
-----------------  Fixed effects  ------------------
----------------------------------------------------
     Parameter Estimate SE     CV(%)
[1,] E0          5.1     0.147 2.9  
[2,] Emax       31.0     2.484 8.0  
[3,] ED50      502.8    42.976 8.5  
[4,] b.1         0.1     0.007 6.9  
----------------------------------------------------
-----------  Variance of random effects  -----------
----------------------------------------------------
      Parameter     Estimate SE    CV(%)
E0    omega2.E0     0.072    0.012 16   
Emax  omega2.Emax   0.561    0.091 16   
ED50  omega2.ED50   0.462    0.107 23   
covar cov.Emax.ED50 0.282    0.081 29   
----------------------------------------------------
------  Correlation matrix of random effects  ------
----------------------------------------------------
            omega2.E0 omega2.Emax omega2.ED50
omega2.E0   1         0.00        0.00       
omega2.Emax 0         1.00        0.55       
omega2.ED50 0         0.55        1.00       
----------------------------------------------------
---------------  Statistical criteria  -------------
----------------------------------------------------
Likelihood computed by linearisation
      -2LL= 2033.741 
      AIC = 2049.741 
      BIC = 2070.582 

Likelihood computed by importance sampling
      -2LL= 2034.025 
      AIC = 2050.025 
      BIC = 2070.866 
----------------------------------------------------
----------------------------------------------------
-----------------  Fixed effects  ------------------
----------------------------------------------------
  Parameter Estimate     SE CV(%)
1        E0     5.13  0.147  2.86
2      Emax    31.03  2.484  8.01
3      ED50   502.76 42.976  8.55
4       b.1     0.10  0.007  6.91
----------------------------------------------------
-----------  Variance of random effects  -----------
----------------------------------------------------
         Parameter Estimate    SE CV(%)
E0       omega2.E0    0.072 0.012 16.13
Emax   omega2.Emax    0.561 0.091 16.22
ED50   omega2.ED50    0.462 0.107 23.11
1    cov.Emax.ED50    0.282 0.081 28.83
----------------------------------------------------
------  Correlation matrix of random effects  ------
----------------------------------------------------
            omega2.E0 omega2.Emax omega2.ED50
omega2.E0   1.00      0.00        0.00       
omega2.Emax 0.00      1.00        0.55       
omega2.ED50 0.00      0.55        1.00       
----------------------------------------------------
---------------  Statistical criteria  -------------
----------------------------------------------------
Likelihood computed by linearisation
      -2LL= 2033.741 
      AIC = 2049.741 
      BIC = 2070.582 

Likelihood computed by importance sampling
      -2LL= 2034.025 
      AIC = 2050.025 
      BIC = 2070.866 
----------------------------------------------------
Reading data from file /home/eco/work/saemix/saemixextension/simulationSuite/cont/emaxRichProp/data/data_pdemax69.tab 
These are the first lines of the dataset as read into R. Please check the format of the data is appropriate, if not, modify the na and/or sep items and retry:
  id dose         y
1  1    0  3.902007
2  1  100  8.490706
3  1  300 10.806755
4  1 1000 14.590943
5  2    0  5.366093
6  2  100 13.436294


The following SaemixData object was successfully created:

Object of class SaemixData
    longitudinal data for use with the SAEM algorithm
Dataset /home/eco/work/saemix/saemixextension/simulationSuite/cont/emaxRichProp/data/data_pdemax69.tab 
    Structured data: y ~ dose | id 
    Predictor: dose (-) 
Nonlinear mixed-effects model fit by the SAEM algorithm
-----------------------------------
----          Data             ----
-----------------------------------
Object of class SaemixData
    longitudinal data for use with the SAEM algorithm
Dataset /home/eco/work/saemix/saemixextension/simulationSuite/cont/emaxRichProp/data/data_pdemax69.tab 
    Structured data: y ~ dose | id 
    Predictor: dose (-) 
Dataset characteristics:
    number of subjects:     100 
    number of observations: 400 
    average/min/max nb obs: 4.00  /  4  /  4 
First 10 lines of data:
   id dose         y mdv cens occ ytype
1   1    0  3.902007   0    0   1     1
2   1  100  8.490706   0    0   1     1
3   1  300 10.806755   0    0   1     1
4   1 1000 14.590943   0    0   1     1
5   2    0  5.366093   0    0   1     1
6   2  100 13.436294   0    0   1     1
7   2  300 19.335107   0    0   1     1
8   2 1000 26.069997   0    0   1     1
9   3    0  3.274734   0    0   1     1
10  3  100 14.153963   0    0   1     1
-----------------------------------
----          Model            ----
-----------------------------------
Nonlinear mixed-effects model
  Model function:  PD Emax model
  Model type:  structural
function (psi, id, xidep) 
{
    dose <- xidep[, 1]
    e0 <- psi[id, 1]
    emax <- psi[id, 2]
    e50 <- psi[id, 3]
    f <- e0 + emax * dose/(e50 + dose)
    return(f)
}
<bytecode: 0x557685349418>
  Nb of parameters: 3 
      parameter names:  E0 Emax ED50 
      distribution:
     Parameter Distribution Estimated
[1,] E0        log-normal   Estimated
[2,] Emax      log-normal   Estimated
[3,] ED50      log-normal   Estimated
  Variance-covariance matrix:
     E0 Emax ED50
E0    1    0    0
Emax  0    1    1
ED50  0    1    1
  Error model: proportional , initial values: b.1=0.2 
    No covariate in the model.
    Initial values
             E0 Emax ED50
Pop.CondInit 10   60 1000
-----------------------------------
----    Key algorithm options  ----
-----------------------------------
    Estimation of individual parameters (MAP)
    Estimation of standard errors and linearised log-likelihood
    Estimation of log-likelihood by importance sampling
    Number of iterations:  K1=300, K2=100 
    Number of chains:  1 
    Seed:  2014341 
    Number of MCMC iterations for IS:  5000 
    Simulations:
        nb of simulated datasets used for npde:  1000 
        nb of simulated datasets used for VPC:  100 
    Input/output
        save the results to a file:  FALSE 
        save the graphs to files:  TRUE 
        directory where results should be saved:  newdir 
----------------------------------------------------
----                  Results                   ----
----------------------------------------------------
-----------------  Fixed effects  ------------------
----------------------------------------------------
     Parameter Estimate SE      CV(%)
[1,] E0          4.64    0.1534 3.3  
[2,] Emax       34.54    2.4567 7.1  
[3,] ED50      538.46   43.5510 8.1  
[4,] b.1         0.11    0.0074 6.9  
----------------------------------------------------
-----------  Variance of random effects  -----------
----------------------------------------------------
      Parameter     Estimate SE    CV(%)
E0    omega2.E0     0.098    0.015 16   
Emax  omega2.Emax   0.422    0.072 17   
ED50  omega2.ED50   0.393    0.096 24   
covar cov.Emax.ED50 0.160    0.066 41   
----------------------------------------------------
------  Correlation matrix of random effects  ------
----------------------------------------------------
            omega2.E0 omega2.Emax omega2.ED50
omega2.E0   1         0.00        0.00       
omega2.Emax 0         1.00        0.39       
omega2.ED50 0         0.39        1.00       
----------------------------------------------------
---------------  Statistical criteria  -------------
----------------------------------------------------
Likelihood computed by linearisation
      -2LL= 2071.338 
      AIC = 2087.338 
      BIC = 2108.179 

Likelihood computed by importance sampling
      -2LL= 2069.836 
      AIC = 2085.836 
      BIC = 2106.678 
----------------------------------------------------
----------------------------------------------------
-----------------  Fixed effects  ------------------
----------------------------------------------------
  Parameter Estimate      SE CV(%)
1        E0     4.64  0.1534  3.31
2      Emax    34.54  2.4567  7.11
3      ED50   538.46 43.5510  8.09
4       b.1     0.11  0.0074  6.90
----------------------------------------------------
-----------  Variance of random effects  -----------
----------------------------------------------------
         Parameter Estimate    SE CV(%)
E0       omega2.E0    0.098 0.015 15.74
Emax   omega2.Emax    0.422 0.072 17.06
ED50   omega2.ED50    0.393 0.096 24.48
1    cov.Emax.ED50    0.160 0.066 41.29
----------------------------------------------------
------  Correlation matrix of random effects  ------
----------------------------------------------------
            omega2.E0 omega2.Emax omega2.ED50
omega2.E0   1.00      0.00        0.00       
omega2.Emax 0.00      1.00        0.39       
omega2.ED50 0.00      0.39        1.00       
----------------------------------------------------
---------------  Statistical criteria  -------------
----------------------------------------------------
Likelihood computed by linearisation
      -2LL= 2071.338 
      AIC = 2087.338 
      BIC = 2108.179 

Likelihood computed by importance sampling
      -2LL= 2069.836 
      AIC = 2085.836 
      BIC = 2106.678 
----------------------------------------------------
Reading data from file /home/eco/work/saemix/saemixextension/simulationSuite/cont/emaxRichProp/data/data_pdemax70.tab 
These are the first lines of the dataset as read into R. Please check the format of the data is appropriate, if not, modify the na and/or sep items and retry:
  id dose         y
1  1    0  5.620618
2  1  100 15.681641
3  1  300 25.395260
4  1 1000 40.400659
5  2    0  4.479990
6  2  100  8.854439


The following SaemixData object was successfully created:

Object of class SaemixData
    longitudinal data for use with the SAEM algorithm
Dataset /home/eco/work/saemix/saemixextension/simulationSuite/cont/emaxRichProp/data/data_pdemax70.tab 
    Structured data: y ~ dose | id 
    Predictor: dose (-) 
Nonlinear mixed-effects model fit by the SAEM algorithm
-----------------------------------
----          Data             ----
-----------------------------------
Object of class SaemixData
    longitudinal data for use with the SAEM algorithm
Dataset /home/eco/work/saemix/saemixextension/simulationSuite/cont/emaxRichProp/data/data_pdemax70.tab 
    Structured data: y ~ dose | id 
    Predictor: dose (-) 
Dataset characteristics:
    number of subjects:     100 
    number of observations: 400 
    average/min/max nb obs: 4.00  /  4  /  4 
First 10 lines of data:
   id dose         y mdv cens occ ytype
1   1    0  5.620618   0    0   1     1
2   1  100 15.681641   0    0   1     1
3   1  300 25.395260   0    0   1     1
4   1 1000 40.400659   0    0   1     1
5   2    0  4.479990   0    0   1     1
6   2  100  8.854439   0    0   1     1
7   2  300 15.108254   0    0   1     1
8   2 1000 22.179836   0    0   1     1
9   3    0  2.896544   0    0   1     1
10  3  100  8.005404   0    0   1     1
-----------------------------------
----          Model            ----
-----------------------------------
Nonlinear mixed-effects model
  Model function:  PD Emax model
  Model type:  structural
function (psi, id, xidep) 
{
    dose <- xidep[, 1]
    e0 <- psi[id, 1]
    emax <- psi[id, 2]
    e50 <- psi[id, 3]
    f <- e0 + emax * dose/(e50 + dose)
    return(f)
}
<bytecode: 0x557685349418>
  Nb of parameters: 3 
      parameter names:  E0 Emax ED50 
      distribution:
     Parameter Distribution Estimated
[1,] E0        log-normal   Estimated
[2,] Emax      log-normal   Estimated
[3,] ED50      log-normal   Estimated
  Variance-covariance matrix:
     E0 Emax ED50
E0    1    0    0
Emax  0    1    1
ED50  0    1    1
  Error model: proportional , initial values: b.1=0.2 
    No covariate in the model.
    Initial values
             E0 Emax ED50
Pop.CondInit 10   60 1000
-----------------------------------
----    Key algorithm options  ----
-----------------------------------
    Estimation of individual parameters (MAP)
    Estimation of standard errors and linearised log-likelihood
    Estimation of log-likelihood by importance sampling
    Number of iterations:  K1=300, K2=100 
    Number of chains:  1 
    Seed:  2014341 
    Number of MCMC iterations for IS:  5000 
    Simulations:
        nb of simulated datasets used for npde:  1000 
        nb of simulated datasets used for VPC:  100 
    Input/output
        save the results to a file:  FALSE 
        save the graphs to files:  TRUE 
        directory where results should be saved:  newdir 
----------------------------------------------------
----                  Results                   ----
----------------------------------------------------
-----------------  Fixed effects  ------------------
----------------------------------------------------
     Parameter Estimate SE      CV(%)
[1,] E0          4.979   0.1463 2.9  
[2,] Emax       27.184   1.8050 6.6  
[3,] ED50      447.007  32.6188 7.3  
[4,] b.1         0.099   0.0068 6.9  
----------------------------------------------------
-----------  Variance of random effects  -----------
----------------------------------------------------
      Parameter     Estimate SE    CV(%)
E0    omega2.E0     0.077    0.012 16   
Emax  omega2.Emax   0.376    0.063 17   
ED50  omega2.ED50   0.298    0.079 26   
covar cov.Emax.ED50 0.104    0.054 52   
----------------------------------------------------
------  Correlation matrix of random effects  ------
----------------------------------------------------
            omega2.E0 omega2.Emax omega2.ED50
omega2.E0   1         0.00        0.00       
omega2.Emax 0         1.00        0.31       
omega2.ED50 0         0.31        1.00       
----------------------------------------------------
---------------  Statistical criteria  -------------
----------------------------------------------------
Likelihood computed by linearisation
      -2LL= 1958.698 
      AIC = 1974.698 
      BIC = 1995.539 

Likelihood computed by importance sampling
      -2LL= 1958.435 
      AIC = 1974.435 
      BIC = 1995.276 
----------------------------------------------------
----------------------------------------------------
-----------------  Fixed effects  ------------------
----------------------------------------------------
  Parameter Estimate      SE CV(%)
1        E0    4.979  0.1463  2.94
2      Emax   27.184  1.8050  6.64
3      ED50  447.007 32.6188  7.30
4       b.1    0.099  0.0068  6.87
----------------------------------------------------
-----------  Variance of random effects  -----------
----------------------------------------------------
         Parameter Estimate    SE CV(%)
E0       omega2.E0    0.077 0.012 15.89
Emax   omega2.Emax    0.376 0.063 16.65
ED50   omega2.ED50    0.298 0.079 26.36
1    cov.Emax.ED50    0.104 0.054 51.88
----------------------------------------------------
------  Correlation matrix of random effects  ------
----------------------------------------------------
            omega2.E0 omega2.Emax omega2.ED50
omega2.E0   1.00      0.00        0.00       
omega2.Emax 0.00      1.00        0.31       
omega2.ED50 0.00      0.31        1.00       
----------------------------------------------------
---------------  Statistical criteria  -------------
----------------------------------------------------
Likelihood computed by linearisation
      -2LL= 1958.698 
      AIC = 1974.698 
      BIC = 1995.539 

Likelihood computed by importance sampling
      -2LL= 1958.435 
      AIC = 1974.435 
      BIC = 1995.276 
----------------------------------------------------
Reading data from file /home/eco/work/saemix/saemixextension/simulationSuite/cont/emaxRichProp/data/data_pdemax71.tab 
These are the first lines of the dataset as read into R. Please check the format of the data is appropriate, if not, modify the na and/or sep items and retry:
  id dose         y
1  1    0  5.676188
2  1  100  8.701130
3  1  300 15.147434
4  1 1000 26.094714
5  2    0  6.086775
6  2  100 11.990710


The following SaemixData object was successfully created:

Object of class SaemixData
    longitudinal data for use with the SAEM algorithm
Dataset /home/eco/work/saemix/saemixextension/simulationSuite/cont/emaxRichProp/data/data_pdemax71.tab 
    Structured data: y ~ dose | id 
    Predictor: dose (-) 
Nonlinear mixed-effects model fit by the SAEM algorithm
-----------------------------------
----          Data             ----
-----------------------------------
Object of class SaemixData
    longitudinal data for use with the SAEM algorithm
Dataset /home/eco/work/saemix/saemixextension/simulationSuite/cont/emaxRichProp/data/data_pdemax71.tab 
    Structured data: y ~ dose | id 
    Predictor: dose (-) 
Dataset characteristics:
    number of subjects:     100 
    number of observations: 400 
    average/min/max nb obs: 4.00  /  4  /  4 
First 10 lines of data:
   id dose         y mdv cens occ ytype
1   1    0  5.676188   0    0   1     1
2   1  100  8.701130   0    0   1     1
3   1  300 15.147434   0    0   1     1
4   1 1000 26.094714   0    0   1     1
5   2    0  6.086775   0    0   1     1
6   2  100 11.990710   0    0   1     1
7   2  300 20.076916   0    0   1     1
8   2 1000 23.939419   0    0   1     1
9   3    0  6.127491   0    0   1     1
10  3  100  7.649202   0    0   1     1
-----------------------------------
----          Model            ----
-----------------------------------
Nonlinear mixed-effects model
  Model function:  PD Emax model
  Model type:  structural
function (psi, id, xidep) 
{
    dose <- xidep[, 1]
    e0 <- psi[id, 1]
    emax <- psi[id, 2]
    e50 <- psi[id, 3]
    f <- e0 + emax * dose/(e50 + dose)
    return(f)
}
<bytecode: 0x557685349418>
  Nb of parameters: 3 
      parameter names:  E0 Emax ED50 
      distribution:
     Parameter Distribution Estimated
[1,] E0        log-normal   Estimated
[2,] Emax      log-normal   Estimated
[3,] ED50      log-normal   Estimated
  Variance-covariance matrix:
     E0 Emax ED50
E0    1    0    0
Emax  0    1    1
ED50  0    1    1
  Error model: proportional , initial values: b.1=0.2 
    No covariate in the model.
    Initial values
             E0 Emax ED50
Pop.CondInit 10   60 1000
-----------------------------------
----    Key algorithm options  ----
-----------------------------------
    Estimation of individual parameters (MAP)
    Estimation of standard errors and linearised log-likelihood
    Estimation of log-likelihood by importance sampling
    Number of iterations:  K1=300, K2=100 
    Number of chains:  1 
    Seed:  2014341 
    Number of MCMC iterations for IS:  5000 
    Simulations:
        nb of simulated datasets used for npde:  1000 
        nb of simulated datasets used for VPC:  100 
    Input/output
        save the results to a file:  FALSE 
        save the graphs to files:  TRUE 
        directory where results should be saved:  newdir 
----------------------------------------------------
----                  Results                   ----
----------------------------------------------------
-----------------  Fixed effects  ------------------
----------------------------------------------------
     Parameter Estimate SE      CV(%)
[1,] E0          5.240   0.1549 3.0  
[2,] Emax       27.536   1.8419 6.7  
[3,] ED50      480.673  36.9230 7.7  
[4,] b.1         0.099   0.0068 6.9  
----------------------------------------------------
-----------  Variance of random effects  -----------
----------------------------------------------------
      Parameter     Estimate SE    CV(%)
E0    omega2.E0     0.078    0.012 16   
Emax  omega2.Emax   0.375    0.064 17   
ED50  omega2.ED50   0.334    0.087 26   
covar cov.Emax.ED50 0.170    0.060 36   
----------------------------------------------------
------  Correlation matrix of random effects  ------
----------------------------------------------------
            omega2.E0 omega2.Emax omega2.ED50
omega2.E0   1         0.00        0.00       
omega2.Emax 0         1.00        0.48       
omega2.ED50 0         0.48        1.00       
----------------------------------------------------
---------------  Statistical criteria  -------------
----------------------------------------------------
Likelihood computed by linearisation
      -2LL= 1954.805 
      AIC = 1970.805 
      BIC = 1991.647 

Likelihood computed by importance sampling
      -2LL= 1955.501 
      AIC = 1971.501 
      BIC = 1992.342 
----------------------------------------------------
----------------------------------------------------
-----------------  Fixed effects  ------------------
----------------------------------------------------
  Parameter Estimate      SE CV(%)
1        E0    5.240  0.1549  2.96
2      Emax   27.536  1.8419  6.69
3      ED50  480.673 36.9230  7.68
4       b.1    0.099  0.0068  6.88
----------------------------------------------------
-----------  Variance of random effects  -----------
----------------------------------------------------
         Parameter Estimate    SE CV(%)
E0       omega2.E0    0.078 0.012 15.85
Emax   omega2.Emax    0.375 0.064 17.00
ED50   omega2.ED50    0.334 0.087 26.14
1    cov.Emax.ED50    0.170 0.060 35.54
----------------------------------------------------
------  Correlation matrix of random effects  ------
----------------------------------------------------
            omega2.E0 omega2.Emax omega2.ED50
omega2.E0   1.00      0.00        0.00       
omega2.Emax 0.00      1.00        0.48       
omega2.ED50 0.00      0.48        1.00       
----------------------------------------------------
---------------  Statistical criteria  -------------
----------------------------------------------------
Likelihood computed by linearisation
      -2LL= 1954.805 
      AIC = 1970.805 
      BIC = 1991.647 

Likelihood computed by importance sampling
      -2LL= 1955.501 
      AIC = 1971.501 
      BIC = 1992.342 
----------------------------------------------------
Reading data from file /home/eco/work/saemix/saemixextension/simulationSuite/cont/emaxRichProp/data/data_pdemax72.tab 
These are the first lines of the dataset as read into R. Please check the format of the data is appropriate, if not, modify the na and/or sep items and retry:
  id dose         y
1  1    0  6.442556
2  1  100 12.761467
3  1  300 16.956007
4  1 1000 19.639983
5  2    0  4.963821
6  2  100  8.144271


The following SaemixData object was successfully created:

Object of class SaemixData
    longitudinal data for use with the SAEM algorithm
Dataset /home/eco/work/saemix/saemixextension/simulationSuite/cont/emaxRichProp/data/data_pdemax72.tab 
    Structured data: y ~ dose | id 
    Predictor: dose (-) 
Nonlinear mixed-effects model fit by the SAEM algorithm
-----------------------------------
----          Data             ----
-----------------------------------
Object of class SaemixData
    longitudinal data for use with the SAEM algorithm
Dataset /home/eco/work/saemix/saemixextension/simulationSuite/cont/emaxRichProp/data/data_pdemax72.tab 
    Structured data: y ~ dose | id 
    Predictor: dose (-) 
Dataset characteristics:
    number of subjects:     100 
    number of observations: 400 
    average/min/max nb obs: 4.00  /  4  /  4 
First 10 lines of data:
   id dose         y mdv cens occ ytype
1   1    0  6.442556   0    0   1     1
2   1  100 12.761467   0    0   1     1
3   1  300 16.956007   0    0   1     1
4   1 1000 19.639983   0    0   1     1
5   2    0  4.963821   0    0   1     1
6   2  100  8.144271   0    0   1     1
7   2  300  9.627237   0    0   1     1
8   2 1000 15.197036   0    0   1     1
9   3    0  5.132511   0    0   1     1
10  3  100 16.166920   0    0   1     1
-----------------------------------
----          Model            ----
-----------------------------------
Nonlinear mixed-effects model
  Model function:  PD Emax model
  Model type:  structural
function (psi, id, xidep) 
{
    dose <- xidep[, 1]
    e0 <- psi[id, 1]
    emax <- psi[id, 2]
    e50 <- psi[id, 3]
    f <- e0 + emax * dose/(e50 + dose)
    return(f)
}
<bytecode: 0x557685349418>
  Nb of parameters: 3 
      parameter names:  E0 Emax ED50 
      distribution:
     Parameter Distribution Estimated
[1,] E0        log-normal   Estimated
[2,] Emax      log-normal   Estimated
[3,] ED50      log-normal   Estimated
  Variance-covariance matrix:
     E0 Emax ED50
E0    1    0    0
Emax  0    1    1
ED50  0    1    1
  Error model: proportional , initial values: b.1=0.2 
    No covariate in the model.
    Initial values
             E0 Emax ED50
Pop.CondInit 10   60 1000
-----------------------------------
----    Key algorithm options  ----
-----------------------------------
    Estimation of individual parameters (MAP)
    Estimation of standard errors and linearised log-likelihood
    Estimation of log-likelihood by importance sampling
    Number of iterations:  K1=300, K2=100 
    Number of chains:  1 
    Seed:  2014341 
    Number of MCMC iterations for IS:  5000 
    Simulations:
        nb of simulated datasets used for npde:  1000 
        nb of simulated datasets used for VPC:  100 
    Input/output
        save the results to a file:  FALSE 
        save the graphs to files:  TRUE 
        directory where results should be saved:  newdir 
----------------------------------------------------
----                  Results                   ----
----------------------------------------------------
-----------------  Fixed effects  ------------------
----------------------------------------------------
     Parameter Estimate SE     CV(%)
[1,] E0          4.8     0.145 3.0  
[2,] Emax       31.2     2.025 6.5  
[3,] ED50      521.2    43.326 8.3  
[4,] b.1         0.1     0.007 6.9  
----------------------------------------------------
-----------  Variance of random effects  -----------
----------------------------------------------------
      Parameter     Estimate SE    CV(%)
E0    omega2.E0     0.079    0.013 16   
Emax  omega2.Emax   0.340    0.060 18   
ED50  omega2.ED50   0.428    0.101 23   
covar cov.Emax.ED50 0.136    0.061 45   
----------------------------------------------------
------  Correlation matrix of random effects  ------
----------------------------------------------------
            omega2.E0 omega2.Emax omega2.ED50
omega2.E0   1         0.00        0.00       
omega2.Emax 0         1.00        0.36       
omega2.ED50 0         0.36        1.00       
----------------------------------------------------
---------------  Statistical criteria  -------------
----------------------------------------------------
Likelihood computed by linearisation
      -2LL= 2000.285 
      AIC = 2016.285 
      BIC = 2037.126 

Likelihood computed by importance sampling
      -2LL= 1999.195 
      AIC = 2015.195 
      BIC = 2036.036 
----------------------------------------------------
----------------------------------------------------
-----------------  Fixed effects  ------------------
----------------------------------------------------
  Parameter Estimate     SE CV(%)
1        E0     4.85  0.145  2.99
2      Emax    31.20  2.025  6.49
3      ED50   521.19 43.326  8.31
4       b.1     0.10  0.007  6.87
----------------------------------------------------
-----------  Variance of random effects  -----------
----------------------------------------------------
         Parameter Estimate    SE CV(%)
E0       omega2.E0    0.079 0.013 15.95
Emax   omega2.Emax    0.340 0.060 17.63
ED50   omega2.ED50    0.428 0.101 23.48
1    cov.Emax.ED50    0.136 0.061 45.18
----------------------------------------------------
------  Correlation matrix of random effects  ------
----------------------------------------------------
            omega2.E0 omega2.Emax omega2.ED50
omega2.E0   1.00      0.00        0.00       
omega2.Emax 0.00      1.00        0.36       
omega2.ED50 0.00      0.36        1.00       
----------------------------------------------------
---------------  Statistical criteria  -------------
----------------------------------------------------
Likelihood computed by linearisation
      -2LL= 2000.285 
      AIC = 2016.285 
      BIC = 2037.126 

Likelihood computed by importance sampling
      -2LL= 1999.195 
      AIC = 2015.195 
      BIC = 2036.036 
----------------------------------------------------
Reading data from file /home/eco/work/saemix/saemixextension/simulationSuite/cont/emaxRichProp/data/data_pdemax73.tab 
These are the first lines of the dataset as read into R. Please check the format of the data is appropriate, if not, modify the na and/or sep items and retry:
  id dose         y
1  1    0  4.950297
2  1  100 12.230216
3  1  300 21.389420
4  1 1000 39.503861
5  2    0  5.885882
6  2  100 26.196676


The following SaemixData object was successfully created:

Object of class SaemixData
    longitudinal data for use with the SAEM algorithm
Dataset /home/eco/work/saemix/saemixextension/simulationSuite/cont/emaxRichProp/data/data_pdemax73.tab 
    Structured data: y ~ dose | id 
    Predictor: dose (-) 
Nonlinear mixed-effects model fit by the SAEM algorithm
-----------------------------------
----          Data             ----
-----------------------------------
Object of class SaemixData
    longitudinal data for use with the SAEM algorithm
Dataset /home/eco/work/saemix/saemixextension/simulationSuite/cont/emaxRichProp/data/data_pdemax73.tab 
    Structured data: y ~ dose | id 
    Predictor: dose (-) 
Dataset characteristics:
    number of subjects:     100 
    number of observations: 400 
    average/min/max nb obs: 4.00  /  4  /  4 
First 10 lines of data:
   id dose         y mdv cens occ ytype
1   1    0  4.950297   0    0   1     1
2   1  100 12.230216   0    0   1     1
3   1  300 21.389420   0    0   1     1
4   1 1000 39.503861   0    0   1     1
5   2    0  5.885882   0    0   1     1
6   2  100 26.196676   0    0   1     1
7   2  300 37.427116   0    0   1     1
8   2 1000 45.314065   0    0   1     1
9   3    0  6.390073   0    0   1     1
10  3  100 12.935318   0    0   1     1
-----------------------------------
----          Model            ----
-----------------------------------
Nonlinear mixed-effects model
  Model function:  PD Emax model
  Model type:  structural
function (psi, id, xidep) 
{
    dose <- xidep[, 1]
    e0 <- psi[id, 1]
    emax <- psi[id, 2]
    e50 <- psi[id, 3]
    f <- e0 + emax * dose/(e50 + dose)
    return(f)
}
<bytecode: 0x557685349418>
  Nb of parameters: 3 
      parameter names:  E0 Emax ED50 
      distribution:
     Parameter Distribution Estimated
[1,] E0        log-normal   Estimated
[2,] Emax      log-normal   Estimated
[3,] ED50      log-normal   Estimated
  Variance-covariance matrix:
     E0 Emax ED50
E0    1    0    0
Emax  0    1    1
ED50  0    1    1
  Error model: proportional , initial values: b.1=0.2 
    No covariate in the model.
    Initial values
             E0 Emax ED50
Pop.CondInit 10   60 1000
-----------------------------------
----    Key algorithm options  ----
-----------------------------------
    Estimation of individual parameters (MAP)
    Estimation of standard errors and linearised log-likelihood
    Estimation of log-likelihood by importance sampling
    Number of iterations:  K1=300, K2=100 
    Number of chains:  1 
    Seed:  2014341 
    Number of MCMC iterations for IS:  5000 
    Simulations:
        nb of simulated datasets used for npde:  1000 
        nb of simulated datasets used for VPC:  100 
    Input/output
        save the results to a file:  FALSE 
        save the graphs to files:  TRUE 
        directory where results should be saved:  newdir 
----------------------------------------------------
----                  Results                   ----
----------------------------------------------------
-----------------  Fixed effects  ------------------
----------------------------------------------------
     Parameter Estimate SE      CV(%)
[1,] E0          4.937   0.1496  3.0 
[2,] Emax       32.005   2.8483  8.9 
[3,] ED50      549.613  56.4548 10.3 
[4,] b.1         0.091   0.0063  6.9 
----------------------------------------------------
-----------  Variance of random effects  -----------
----------------------------------------------------
      Parameter     Estimate SE    CV(%)
E0    omega2.E0     0.084    0.013 16   
Emax  omega2.Emax   0.702    0.112 16   
ED50  omega2.ED50   0.788    0.151 19   
covar cov.Emax.ED50 0.463    0.110 24   
----------------------------------------------------
------  Correlation matrix of random effects  ------
----------------------------------------------------
            omega2.E0 omega2.Emax omega2.ED50
omega2.E0   1         0.00        0.00       
omega2.Emax 0         1.00        0.62       
omega2.ED50 0         0.62        1.00       
----------------------------------------------------
---------------  Statistical criteria  -------------
----------------------------------------------------
Likelihood computed by linearisation
      -2LL= 2020.655 
      AIC = 2036.655 
      BIC = 2057.497 

Likelihood computed by importance sampling
      -2LL= 2018.294 
      AIC = 2034.294 
      BIC = 2055.135 
----------------------------------------------------
----------------------------------------------------
-----------------  Fixed effects  ------------------
----------------------------------------------------
  Parameter Estimate      SE CV(%)
1        E0    4.937  0.1496  3.03
2      Emax   32.005  2.8483  8.90
3      ED50  549.613 56.4548 10.27
4       b.1    0.091  0.0063  6.93
----------------------------------------------------
-----------  Variance of random effects  -----------
----------------------------------------------------
         Parameter Estimate    SE CV(%)
E0       omega2.E0    0.084 0.013 15.52
Emax   omega2.Emax    0.702 0.112 15.95
ED50   omega2.ED50    0.788 0.151 19.11
1    cov.Emax.ED50    0.463 0.110 23.69
----------------------------------------------------
------  Correlation matrix of random effects  ------
----------------------------------------------------
            omega2.E0 omega2.Emax omega2.ED50
omega2.E0   1.00      0.00        0.00       
omega2.Emax 0.00      1.00        0.62       
omega2.ED50 0.00      0.62        1.00       
----------------------------------------------------
---------------  Statistical criteria  -------------
----------------------------------------------------
Likelihood computed by linearisation
      -2LL= 2020.655 
      AIC = 2036.655 
      BIC = 2057.497 

Likelihood computed by importance sampling
      -2LL= 2018.294 
      AIC = 2034.294 
      BIC = 2055.135 
----------------------------------------------------
Reading data from file /home/eco/work/saemix/saemixextension/simulationSuite/cont/emaxRichProp/data/data_pdemax74.tab 
These are the first lines of the dataset as read into R. Please check the format of the data is appropriate, if not, modify the na and/or sep items and retry:
  id dose         y
1  1    0  6.156999
2  1  100 13.204698
3  1  300 19.218028
4  1 1000 22.293851
5  2    0  5.858622
6  2  100  8.217332


The following SaemixData object was successfully created:

Object of class SaemixData
    longitudinal data for use with the SAEM algorithm
Dataset /home/eco/work/saemix/saemixextension/simulationSuite/cont/emaxRichProp/data/data_pdemax74.tab 
    Structured data: y ~ dose | id 
    Predictor: dose (-) 
Nonlinear mixed-effects model fit by the SAEM algorithm
-----------------------------------
----          Data             ----
-----------------------------------
Object of class SaemixData
    longitudinal data for use with the SAEM algorithm
Dataset /home/eco/work/saemix/saemixextension/simulationSuite/cont/emaxRichProp/data/data_pdemax74.tab 
    Structured data: y ~ dose | id 
    Predictor: dose (-) 
Dataset characteristics:
    number of subjects:     100 
    number of observations: 400 
    average/min/max nb obs: 4.00  /  4  /  4 
First 10 lines of data:
   id dose         y mdv cens occ ytype
1   1    0  6.156999   0    0   1     1
2   1  100 13.204698   0    0   1     1
3   1  300 19.218028   0    0   1     1
4   1 1000 22.293851   0    0   1     1
5   2    0  5.858622   0    0   1     1
6   2  100  8.217332   0    0   1     1
7   2  300  9.712214   0    0   1     1
8   2 1000 10.715158   0    0   1     1
9   3    0  3.857053   0    0   1     1
10  3  100  8.378319   0    0   1     1
-----------------------------------
----          Model            ----
-----------------------------------
Nonlinear mixed-effects model
  Model function:  PD Emax model
  Model type:  structural
function (psi, id, xidep) 
{
    dose <- xidep[, 1]
    e0 <- psi[id, 1]
    emax <- psi[id, 2]
    e50 <- psi[id, 3]
    f <- e0 + emax * dose/(e50 + dose)
    return(f)
}
<bytecode: 0x557685349418>
  Nb of parameters: 3 
      parameter names:  E0 Emax ED50 
      distribution:
     Parameter Distribution Estimated
[1,] E0        log-normal   Estimated
[2,] Emax      log-normal   Estimated
[3,] ED50      log-normal   Estimated
  Variance-covariance matrix:
     E0 Emax ED50
E0    1    0    0
Emax  0    1    1
ED50  0    1    1
  Error model: proportional , initial values: b.1=0.2 
    No covariate in the model.
    Initial values
             E0 Emax ED50
Pop.CondInit 10   60 1000
-----------------------------------
----    Key algorithm options  ----
-----------------------------------
    Estimation of individual parameters (MAP)
    Estimation of standard errors and linearised log-likelihood
    Estimation of log-likelihood by importance sampling
    Number of iterations:  K1=300, K2=100 
    Number of chains:  1 
    Seed:  2014341 
    Number of MCMC iterations for IS:  5000 
    Simulations:
        nb of simulated datasets used for npde:  1000 
        nb of simulated datasets used for VPC:  100 
    Input/output
        save the results to a file:  FALSE 
        save the graphs to files:  TRUE 
        directory where results should be saved:  newdir 
----------------------------------------------------
----                  Results                   ----
----------------------------------------------------
-----------------  Fixed effects  ------------------
----------------------------------------------------
     Parameter Estimate SE      CV(%)
[1,] E0          5.037   0.1637 3.3  
[2,] Emax       31.322   2.3166 7.4  
[3,] ED50      452.348  39.8046 8.8  
[4,] b.1         0.098   0.0068 6.9  
----------------------------------------------------
-----------  Variance of random effects  -----------
----------------------------------------------------
      Parameter     Estimate SE    CV(%)
E0    omega2.E0     0.096    0.015 16   
Emax  omega2.Emax   0.478    0.078 16   
ED50  omega2.ED50   0.535    0.111 21   
covar cov.Emax.ED50 0.271    0.076 28   
----------------------------------------------------
------  Correlation matrix of random effects  ------
----------------------------------------------------
            omega2.E0 omega2.Emax omega2.ED50
omega2.E0   1         0.00        0.00       
omega2.Emax 0         1.00        0.54       
omega2.ED50 0         0.54        1.00       
----------------------------------------------------
---------------  Statistical criteria  -------------
----------------------------------------------------
Likelihood computed by linearisation
      -2LL= 2078.337 
      AIC = 2094.337 
      BIC = 2115.179 

Likelihood computed by importance sampling
      -2LL= 2077.426 
      AIC = 2093.426 
      BIC = 2114.268 
----------------------------------------------------
----------------------------------------------------
-----------------  Fixed effects  ------------------
----------------------------------------------------
  Parameter Estimate      SE CV(%)
1        E0    5.037  0.1637  3.25
2      Emax   31.322  2.3166  7.40
3      ED50  452.348 39.8046  8.80
4       b.1    0.098  0.0068  6.92
----------------------------------------------------
-----------  Variance of random effects  -----------
----------------------------------------------------
         Parameter Estimate    SE CV(%)
E0       omega2.E0    0.096 0.015 15.51
Emax   omega2.Emax    0.478 0.078 16.24
ED50   omega2.ED50    0.535 0.111 20.83
1    cov.Emax.ED50    0.271 0.076 28.20
----------------------------------------------------
------  Correlation matrix of random effects  ------
----------------------------------------------------
            omega2.E0 omega2.Emax omega2.ED50
omega2.E0   1.00      0.00        0.00       
omega2.Emax 0.00      1.00        0.54       
omega2.ED50 0.00      0.54        1.00       
----------------------------------------------------
---------------  Statistical criteria  -------------
----------------------------------------------------
Likelihood computed by linearisation
      -2LL= 2078.337 
      AIC = 2094.337 
      BIC = 2115.179 

Likelihood computed by importance sampling
      -2LL= 2077.426 
      AIC = 2093.426 
      BIC = 2114.268 
----------------------------------------------------
Reading data from file /home/eco/work/saemix/saemixextension/simulationSuite/cont/emaxRichProp/data/data_pdemax75.tab 
These are the first lines of the dataset as read into R. Please check the format of the data is appropriate, if not, modify the na and/or sep items and retry:
  id dose         y
1  1    0  4.484777
2  1  100 13.441086
3  1  300 21.514834
4  1 1000 42.343973
5  2    0  3.872399
6  2  100 13.368363


The following SaemixData object was successfully created:

Object of class SaemixData
    longitudinal data for use with the SAEM algorithm
Dataset /home/eco/work/saemix/saemixextension/simulationSuite/cont/emaxRichProp/data/data_pdemax75.tab 
    Structured data: y ~ dose | id 
    Predictor: dose (-) 
Nonlinear mixed-effects model fit by the SAEM algorithm
-----------------------------------
----          Data             ----
-----------------------------------
Object of class SaemixData
    longitudinal data for use with the SAEM algorithm
Dataset /home/eco/work/saemix/saemixextension/simulationSuite/cont/emaxRichProp/data/data_pdemax75.tab 
    Structured data: y ~ dose | id 
    Predictor: dose (-) 
Dataset characteristics:
    number of subjects:     100 
    number of observations: 400 
    average/min/max nb obs: 4.00  /  4  /  4 
First 10 lines of data:
   id dose         y mdv cens occ ytype
1   1    0  4.484777   0    0   1     1
2   1  100 13.441086   0    0   1     1
3   1  300 21.514834   0    0   1     1
4   1 1000 42.343973   0    0   1     1
5   2    0  3.872399   0    0   1     1
6   2  100 13.368363   0    0   1     1
7   2  300 23.352624   0    0   1     1
8   2 1000 40.490450   0    0   1     1
9   3    0  5.378843   0    0   1     1
10  3  100 11.804010   0    0   1     1
-----------------------------------
----          Model            ----
-----------------------------------
Nonlinear mixed-effects model
  Model function:  PD Emax model
  Model type:  structural
function (psi, id, xidep) 
{
    dose <- xidep[, 1]
    e0 <- psi[id, 1]
    emax <- psi[id, 2]
    e50 <- psi[id, 3]
    f <- e0 + emax * dose/(e50 + dose)
    return(f)
}
<bytecode: 0x557685349418>
  Nb of parameters: 3 
      parameter names:  E0 Emax ED50 
      distribution:
     Parameter Distribution Estimated
[1,] E0        log-normal   Estimated
[2,] Emax      log-normal   Estimated
[3,] ED50      log-normal   Estimated
  Variance-covariance matrix:
     E0 Emax ED50
E0    1    0    0
Emax  0    1    1
ED50  0    1    1
  Error model: proportional , initial values: b.1=0.2 
    No covariate in the model.
    Initial values
             E0 Emax ED50
Pop.CondInit 10   60 1000
-----------------------------------
----    Key algorithm options  ----
-----------------------------------
    Estimation of individual parameters (MAP)
    Estimation of standard errors and linearised log-likelihood
    Estimation of log-likelihood by importance sampling
    Number of iterations:  K1=300, K2=100 
    Number of chains:  1 
    Seed:  2014341 
    Number of MCMC iterations for IS:  5000 
    Simulations:
        nb of simulated datasets used for npde:  1000 
        nb of simulated datasets used for VPC:  100 
    Input/output
        save the results to a file:  FALSE 
        save the graphs to files:  TRUE 
        directory where results should be saved:  newdir 
----------------------------------------------------
----                  Results                   ----
----------------------------------------------------
-----------------  Fixed effects  ------------------
----------------------------------------------------
     Parameter Estimate SE      CV(%)
[1,] E0          5.1     0.1509 3.0  
[2,] Emax       28.6     2.3778 8.3  
[3,] ED50      512.9    44.2338 8.6  
[4,] b.1         0.1     0.0071 6.9  
----------------------------------------------------
-----------  Variance of random effects  -----------
----------------------------------------------------
      Parameter     Estimate SE    CV(%)
E0    omega2.E0     0.079    0.013 16   
Emax  omega2.Emax   0.604    0.098 16   
ED50  omega2.ED50   0.447    0.109 24   
covar cov.Emax.ED50 0.309    0.086 28   
----------------------------------------------------
------  Correlation matrix of random effects  ------
----------------------------------------------------
            omega2.E0 omega2.Emax omega2.ED50
omega2.E0   1         0.0         0.0        
omega2.Emax 0         1.0         0.6        
omega2.ED50 0         0.6         1.0        
----------------------------------------------------
---------------  Statistical criteria  -------------
----------------------------------------------------
Likelihood computed by linearisation
      -2LL= 1999.978 
      AIC = 2015.978 
      BIC = 2036.819 

Likelihood computed by importance sampling
      -2LL= 1999.89 
      AIC = 2015.89 
      BIC = 2036.731 
----------------------------------------------------
----------------------------------------------------
-----------------  Fixed effects  ------------------
----------------------------------------------------
  Parameter Estimate      SE CV(%)
1        E0     5.06  0.1509  2.98
2      Emax    28.59  2.3778  8.32
3      ED50   512.93 44.2338  8.62
4       b.1     0.10  0.0071  6.85
----------------------------------------------------
-----------  Variance of random effects  -----------
----------------------------------------------------
         Parameter Estimate    SE CV(%)
E0       omega2.E0    0.079 0.013 15.99
Emax   omega2.Emax    0.604 0.098 16.27
ED50   omega2.ED50    0.447 0.109 24.31
1    cov.Emax.ED50    0.309 0.086 27.84
----------------------------------------------------
------  Correlation matrix of random effects  ------
----------------------------------------------------
            omega2.E0 omega2.Emax omega2.ED50
omega2.E0   1.00      0.00        0.00       
omega2.Emax 0.00      1.00        0.60       
omega2.ED50 0.00      0.60        1.00       
----------------------------------------------------
---------------  Statistical criteria  -------------
----------------------------------------------------
Likelihood computed by linearisation
      -2LL= 1999.978 
      AIC = 2015.978 
      BIC = 2036.819 

Likelihood computed by importance sampling
      -2LL= 1999.89 
      AIC = 2015.89 
      BIC = 2036.731 
----------------------------------------------------
Reading data from file /home/eco/work/saemix/saemixextension/simulationSuite/cont/emaxRichProp/data/data_pdemax76.tab 
These are the first lines of the dataset as read into R. Please check the format of the data is appropriate, if not, modify the na and/or sep items and retry:
  id dose         y
1  1    0  5.302998
2  1  100 11.843119
3  1  300 15.363203
4  1 1000 22.636343
5  2    0  2.718048
6  2  100  7.401556


The following SaemixData object was successfully created:

Object of class SaemixData
    longitudinal data for use with the SAEM algorithm
Dataset /home/eco/work/saemix/saemixextension/simulationSuite/cont/emaxRichProp/data/data_pdemax76.tab 
    Structured data: y ~ dose | id 
    Predictor: dose (-) 
Nonlinear mixed-effects model fit by the SAEM algorithm
-----------------------------------
----          Data             ----
-----------------------------------
Object of class SaemixData
    longitudinal data for use with the SAEM algorithm
Dataset /home/eco/work/saemix/saemixextension/simulationSuite/cont/emaxRichProp/data/data_pdemax76.tab 
    Structured data: y ~ dose | id 
    Predictor: dose (-) 
Dataset characteristics:
    number of subjects:     100 
    number of observations: 400 
    average/min/max nb obs: 4.00  /  4  /  4 
First 10 lines of data:
   id dose         y mdv cens occ ytype
1   1    0  5.302998   0    0   1     1
2   1  100 11.843119   0    0   1     1
3   1  300 15.363203   0    0   1     1
4   1 1000 22.636343   0    0   1     1
5   2    0  2.718048   0    0   1     1
6   2  100  7.401556   0    0   1     1
7   2  300 15.191964   0    0   1     1
8   2 1000 19.392522   0    0   1     1
9   3    0  6.754740   0    0   1     1
10  3  100 12.633055   0    0   1     1
-----------------------------------
----          Model            ----
-----------------------------------
Nonlinear mixed-effects model
  Model function:  PD Emax model
  Model type:  structural
function (psi, id, xidep) 
{
    dose <- xidep[, 1]
    e0 <- psi[id, 1]
    emax <- psi[id, 2]
    e50 <- psi[id, 3]
    f <- e0 + emax * dose/(e50 + dose)
    return(f)
}
<bytecode: 0x557685349418>
  Nb of parameters: 3 
      parameter names:  E0 Emax ED50 
      distribution:
     Parameter Distribution Estimated
[1,] E0        log-normal   Estimated
[2,] Emax      log-normal   Estimated
[3,] ED50      log-normal   Estimated
  Variance-covariance matrix:
     E0 Emax ED50
E0    1    0    0
Emax  0    1    1
ED50  0    1    1
  Error model: proportional , initial values: b.1=0.2 
    No covariate in the model.
    Initial values
             E0 Emax ED50
Pop.CondInit 10   60 1000
-----------------------------------
----    Key algorithm options  ----
-----------------------------------
    Estimation of individual parameters (MAP)
    Estimation of standard errors and linearised log-likelihood
    Estimation of log-likelihood by importance sampling
    Number of iterations:  K1=300, K2=100 
    Number of chains:  1 
    Seed:  2014341 
    Number of MCMC iterations for IS:  5000 
    Simulations:
        nb of simulated datasets used for npde:  1000 
        nb of simulated datasets used for VPC:  100 
    Input/output
        save the results to a file:  FALSE 
        save the graphs to files:  TRUE 
        directory where results should be saved:  newdir 
----------------------------------------------------
----                  Results                   ----
----------------------------------------------------
-----------------  Fixed effects  ------------------
----------------------------------------------------
     Parameter Estimate SE     CV(%)
[1,] E0          5.2     0.167 3.2  
[2,] Emax       26.9     2.126 7.9  
[3,] ED50      415.5    35.092 8.4  
[4,] b.1         0.1     0.007 6.9  
----------------------------------------------------
-----------  Variance of random effects  -----------
----------------------------------------------------
      Parameter     Estimate SE    CV(%)
E0    omega2.E0     0.093    0.015 16   
Emax  omega2.Emax   0.557    0.089 16   
ED50  omega2.ED50   0.449    0.104 23   
covar cov.Emax.ED50 0.275    0.079 29   
----------------------------------------------------
------  Correlation matrix of random effects  ------
----------------------------------------------------
            omega2.E0 omega2.Emax omega2.ED50
omega2.E0   1         0.00        0.00       
omega2.Emax 0         1.00        0.55       
omega2.ED50 0         0.55        1.00       
----------------------------------------------------
---------------  Statistical criteria  -------------
----------------------------------------------------
Likelihood computed by linearisation
      -2LL= 2045.243 
      AIC = 2061.243 
      BIC = 2082.084 

Likelihood computed by importance sampling
      -2LL= 2043.521 
      AIC = 2059.521 
      BIC = 2080.363 
----------------------------------------------------
----------------------------------------------------
-----------------  Fixed effects  ------------------
----------------------------------------------------
  Parameter Estimate     SE CV(%)
1        E0     5.19  0.167  3.21
2      Emax    26.87  2.126  7.91
3      ED50   415.48 35.092  8.45
4       b.1     0.10  0.007  6.89
----------------------------------------------------
-----------  Variance of random effects  -----------
----------------------------------------------------
         Parameter Estimate    SE CV(%)
E0       omega2.E0    0.093 0.015 15.66
Emax   omega2.Emax    0.557 0.089 15.96
ED50   omega2.ED50    0.449 0.104 23.13
1    cov.Emax.ED50    0.275 0.079 28.54
----------------------------------------------------
------  Correlation matrix of random effects  ------
----------------------------------------------------
            omega2.E0 omega2.Emax omega2.ED50
omega2.E0   1.00      0.00        0.00       
omega2.Emax 0.00      1.00        0.55       
omega2.ED50 0.00      0.55        1.00       
----------------------------------------------------
---------------  Statistical criteria  -------------
----------------------------------------------------
Likelihood computed by linearisation
      -2LL= 2045.243 
      AIC = 2061.243 
      BIC = 2082.084 

Likelihood computed by importance sampling
      -2LL= 2043.521 
      AIC = 2059.521 
      BIC = 2080.363 
----------------------------------------------------
Reading data from file /home/eco/work/saemix/saemixextension/simulationSuite/cont/emaxRichProp/data/data_pdemax77.tab 
These are the first lines of the dataset as read into R. Please check the format of the data is appropriate, if not, modify the na and/or sep items and retry:
  id dose         y
1  1    0  4.369239
2  1  100 16.971724
3  1  300 36.490377
4  1 1000 64.735796
5  2    0  5.744489
6  2  100  9.930414


The following SaemixData object was successfully created:

Object of class SaemixData
    longitudinal data for use with the SAEM algorithm
Dataset /home/eco/work/saemix/saemixextension/simulationSuite/cont/emaxRichProp/data/data_pdemax77.tab 
    Structured data: y ~ dose | id 
    Predictor: dose (-) 
Nonlinear mixed-effects model fit by the SAEM algorithm
-----------------------------------
----          Data             ----
-----------------------------------
Object of class SaemixData
    longitudinal data for use with the SAEM algorithm
Dataset /home/eco/work/saemix/saemixextension/simulationSuite/cont/emaxRichProp/data/data_pdemax77.tab 
    Structured data: y ~ dose | id 
    Predictor: dose (-) 
Dataset characteristics:
    number of subjects:     100 
    number of observations: 400 
    average/min/max nb obs: 4.00  /  4  /  4 
First 10 lines of data:
   id dose         y mdv cens occ ytype
1   1    0  4.369239   0    0   1     1
2   1  100 16.971724   0    0   1     1
3   1  300 36.490377   0    0   1     1
4   1 1000 64.735796   0    0   1     1
5   2    0  5.744489   0    0   1     1
6   2  100  9.930414   0    0   1     1
7   2  300 12.010676   0    0   1     1
8   2 1000 17.674168   0    0   1     1
9   3    0  5.236067   0    0   1     1
10  3  100  6.488830   0    0   1     1
-----------------------------------
----          Model            ----
-----------------------------------
Nonlinear mixed-effects model
  Model function:  PD Emax model
  Model type:  structural
function (psi, id, xidep) 
{
    dose <- xidep[, 1]
    e0 <- psi[id, 1]
    emax <- psi[id, 2]
    e50 <- psi[id, 3]
    f <- e0 + emax * dose/(e50 + dose)
    return(f)
}
<bytecode: 0x557685349418>
  Nb of parameters: 3 
      parameter names:  E0 Emax ED50 
      distribution:
     Parameter Distribution Estimated
[1,] E0        log-normal   Estimated
[2,] Emax      log-normal   Estimated
[3,] ED50      log-normal   Estimated
  Variance-covariance matrix:
     E0 Emax ED50
E0    1    0    0
Emax  0    1    1
ED50  0    1    1
  Error model: proportional , initial values: b.1=0.2 
    No covariate in the model.
    Initial values
             E0 Emax ED50
Pop.CondInit 10   60 1000
-----------------------------------
----    Key algorithm options  ----
-----------------------------------
    Estimation of individual parameters (MAP)
    Estimation of standard errors and linearised log-likelihood
    Estimation of log-likelihood by importance sampling
    Number of iterations:  K1=300, K2=100 
    Number of chains:  1 
    Seed:  2014341 
    Number of MCMC iterations for IS:  5000 
    Simulations:
        nb of simulated datasets used for npde:  1000 
        nb of simulated datasets used for VPC:  100 
    Input/output
        save the results to a file:  FALSE 
        save the graphs to files:  TRUE 
        directory where results should be saved:  newdir 
----------------------------------------------------
----                  Results                   ----
----------------------------------------------------
-----------------  Fixed effects  ------------------
----------------------------------------------------
     Parameter Estimate SE      CV(%)
[1,] E0          4.93    0.1422 2.9  
[2,] Emax       30.91    2.5411 8.2  
[3,] ED50      506.05   40.8447 8.1  
[4,] b.1         0.11    0.0073 6.8  
----------------------------------------------------
-----------  Variance of random effects  -----------
----------------------------------------------------
      Parameter     Estimate SE    CV(%)
E0    omega2.E0     0.072    0.012 16   
Emax  omega2.Emax   0.592    0.096 16   
ED50  omega2.ED50   0.372    0.096 26   
covar cov.Emax.ED50 0.259    0.079 30   
----------------------------------------------------
------  Correlation matrix of random effects  ------
----------------------------------------------------
            omega2.E0 omega2.Emax omega2.ED50
omega2.E0   1         0.00        0.00       
omega2.Emax 0         1.00        0.55       
omega2.ED50 0         0.55        1.00       
----------------------------------------------------
---------------  Statistical criteria  -------------
----------------------------------------------------
Likelihood computed by linearisation
      -2LL= 2038.459 
      AIC = 2054.459 
      BIC = 2075.301 

Likelihood computed by importance sampling
      -2LL= 2038.216 
      AIC = 2054.216 
      BIC = 2075.058 
----------------------------------------------------
----------------------------------------------------
-----------------  Fixed effects  ------------------
----------------------------------------------------
  Parameter Estimate      SE CV(%)
1        E0     4.93  0.1422  2.89
2      Emax    30.91  2.5411  8.22
3      ED50   506.05 40.8447  8.07
4       b.1     0.11  0.0073  6.85
----------------------------------------------------
-----------  Variance of random effects  -----------
----------------------------------------------------
         Parameter Estimate    SE CV(%)
E0       omega2.E0    0.072 0.012 16.31
Emax   omega2.Emax    0.592 0.096 16.21
ED50   omega2.ED50    0.372 0.096 25.74
1    cov.Emax.ED50    0.259 0.079 30.34
----------------------------------------------------
------  Correlation matrix of random effects  ------
----------------------------------------------------
            omega2.E0 omega2.Emax omega2.ED50
omega2.E0   1.00      0.00        0.00       
omega2.Emax 0.00      1.00        0.55       
omega2.ED50 0.00      0.55        1.00       
----------------------------------------------------
---------------  Statistical criteria  -------------
----------------------------------------------------
Likelihood computed by linearisation
      -2LL= 2038.459 
      AIC = 2054.459 
      BIC = 2075.301 

Likelihood computed by importance sampling
      -2LL= 2038.216 
      AIC = 2054.216 
      BIC = 2075.058 
----------------------------------------------------
Reading data from file /home/eco/work/saemix/saemixextension/simulationSuite/cont/emaxRichProp/data/data_pdemax78.tab 
These are the first lines of the dataset as read into R. Please check the format of the data is appropriate, if not, modify the na and/or sep items and retry:
  id dose         y
1  1    0  3.452000
2  1  100  5.844172
3  1  300 11.218107
4  1 1000 23.661041
5  2    0  6.134126
6  2  100  9.120086


The following SaemixData object was successfully created:

Object of class SaemixData
    longitudinal data for use with the SAEM algorithm
Dataset /home/eco/work/saemix/saemixextension/simulationSuite/cont/emaxRichProp/data/data_pdemax78.tab 
    Structured data: y ~ dose | id 
    Predictor: dose (-) 
Nonlinear mixed-effects model fit by the SAEM algorithm
-----------------------------------
----          Data             ----
-----------------------------------
Object of class SaemixData
    longitudinal data for use with the SAEM algorithm
Dataset /home/eco/work/saemix/saemixextension/simulationSuite/cont/emaxRichProp/data/data_pdemax78.tab 
    Structured data: y ~ dose | id 
    Predictor: dose (-) 
Dataset characteristics:
    number of subjects:     100 
    number of observations: 400 
    average/min/max nb obs: 4.00  /  4  /  4 
First 10 lines of data:
   id dose         y mdv cens occ ytype
1   1    0  3.452000   0    0   1     1
2   1  100  5.844172   0    0   1     1
3   1  300 11.218107   0    0   1     1
4   1 1000 23.661041   0    0   1     1
5   2    0  6.134126   0    0   1     1
6   2  100  9.120086   0    0   1     1
7   2  300 10.711224   0    0   1     1
8   2 1000 18.798960   0    0   1     1
9   3    0  3.443909   0    0   1     1
10  3  100  6.702178   0    0   1     1
-----------------------------------
----          Model            ----
-----------------------------------
Nonlinear mixed-effects model
  Model function:  PD Emax model
  Model type:  structural
function (psi, id, xidep) 
{
    dose <- xidep[, 1]
    e0 <- psi[id, 1]
    emax <- psi[id, 2]
    e50 <- psi[id, 3]
    f <- e0 + emax * dose/(e50 + dose)
    return(f)
}
<bytecode: 0x557685349418>
  Nb of parameters: 3 
      parameter names:  E0 Emax ED50 
      distribution:
     Parameter Distribution Estimated
[1,] E0        log-normal   Estimated
[2,] Emax      log-normal   Estimated
[3,] ED50      log-normal   Estimated
  Variance-covariance matrix:
     E0 Emax ED50
E0    1    0    0
Emax  0    1    1
ED50  0    1    1
  Error model: proportional , initial values: b.1=0.2 
    No covariate in the model.
    Initial values
             E0 Emax ED50
Pop.CondInit 10   60 1000
-----------------------------------
----    Key algorithm options  ----
-----------------------------------
    Estimation of individual parameters (MAP)
    Estimation of standard errors and linearised log-likelihood
    Estimation of log-likelihood by importance sampling
    Number of iterations:  K1=300, K2=100 
    Number of chains:  1 
    Seed:  2014341 
    Number of MCMC iterations for IS:  5000 
    Simulations:
        nb of simulated datasets used for npde:  1000 
        nb of simulated datasets used for VPC:  100 
    Input/output
        save the results to a file:  FALSE 
        save the graphs to files:  TRUE 
        directory where results should be saved:  newdir 
----------------------------------------------------
----                  Results                   ----
----------------------------------------------------
-----------------  Fixed effects  ------------------
----------------------------------------------------
     Parameter Estimate SE      CV(%)
[1,] E0          5.17    0.1533 3.0  
[2,] Emax       33.24    2.5684 7.7  
[3,] ED50      451.23   44.6935 9.9  
[4,] b.1         0.11    0.0074 6.9  
----------------------------------------------------
-----------  Variance of random effects  -----------
----------------------------------------------------
      Parameter     Estimate SE    CV(%)
E0    omega2.E0     0.077    0.012 16   
Emax  omega2.Emax   0.511    0.085 17   
ED50  omega2.ED50   0.693    0.141 20   
covar cov.Emax.ED50 0.353    0.092 26   
----------------------------------------------------
------  Correlation matrix of random effects  ------
----------------------------------------------------
            omega2.E0 omega2.Emax omega2.ED50
omega2.E0   1         0.00        0.00       
omega2.Emax 0         1.00        0.59       
omega2.ED50 0         0.59        1.00       
----------------------------------------------------
---------------  Statistical criteria  -------------
----------------------------------------------------
Likelihood computed by linearisation
      -2LL= 2116.732 
      AIC = 2132.732 
      BIC = 2153.573 

Likelihood computed by importance sampling
      -2LL= 2115.796 
      AIC = 2131.796 
      BIC = 2152.637 
----------------------------------------------------
----------------------------------------------------
-----------------  Fixed effects  ------------------
----------------------------------------------------
  Parameter Estimate      SE CV(%)
1        E0     5.17  0.1533  2.97
2      Emax    33.24  2.5684  7.73
3      ED50   451.23 44.6935  9.90
4       b.1     0.11  0.0074  6.93
----------------------------------------------------
-----------  Variance of random effects  -----------
----------------------------------------------------
         Parameter Estimate    SE CV(%)
E0       omega2.E0    0.077 0.012 16.25
Emax   omega2.Emax    0.511 0.085 16.55
ED50   omega2.ED50    0.693 0.141 20.39
1    cov.Emax.ED50    0.353 0.092 26.02
----------------------------------------------------
------  Correlation matrix of random effects  ------
----------------------------------------------------
            omega2.E0 omega2.Emax omega2.ED50
omega2.E0   1.00      0.00        0.00       
omega2.Emax 0.00      1.00        0.59       
omega2.ED50 0.00      0.59        1.00       
----------------------------------------------------
---------------  Statistical criteria  -------------
----------------------------------------------------
Likelihood computed by linearisation
      -2LL= 2116.732 
      AIC = 2132.732 
      BIC = 2153.573 

Likelihood computed by importance sampling
      -2LL= 2115.796 
      AIC = 2131.796 
      BIC = 2152.637 
----------------------------------------------------
Reading data from file /home/eco/work/saemix/saemixextension/simulationSuite/cont/emaxRichProp/data/data_pdemax79.tab 
These are the first lines of the dataset as read into R. Please check the format of the data is appropriate, if not, modify the na and/or sep items and retry:
  id dose         y
1  1    0  3.531172
2  1  100  7.795486
3  1  300 12.261313
4  1 1000 21.620505
5  2    0  4.406876
6  2  100  7.279336


The following SaemixData object was successfully created:

Object of class SaemixData
    longitudinal data for use with the SAEM algorithm
Dataset /home/eco/work/saemix/saemixextension/simulationSuite/cont/emaxRichProp/data/data_pdemax79.tab 
    Structured data: y ~ dose | id 
    Predictor: dose (-) 
Nonlinear mixed-effects model fit by the SAEM algorithm
-----------------------------------
----          Data             ----
-----------------------------------
Object of class SaemixData
    longitudinal data for use with the SAEM algorithm
Dataset /home/eco/work/saemix/saemixextension/simulationSuite/cont/emaxRichProp/data/data_pdemax79.tab 
    Structured data: y ~ dose | id 
    Predictor: dose (-) 
Dataset characteristics:
    number of subjects:     100 
    number of observations: 400 
    average/min/max nb obs: 4.00  /  4  /  4 
First 10 lines of data:
   id dose         y mdv cens occ ytype
1   1    0  3.531172   0    0   1     1
2   1  100  7.795486   0    0   1     1
3   1  300 12.261313   0    0   1     1
4   1 1000 21.620505   0    0   1     1
5   2    0  4.406876   0    0   1     1
6   2  100  7.279336   0    0   1     1
7   2  300 11.853482   0    0   1     1
8   2 1000 21.376715   0    0   1     1
9   3    0  5.395883   0    0   1     1
10  3  100  8.523485   0    0   1     1
-----------------------------------
----          Model            ----
-----------------------------------
Nonlinear mixed-effects model
  Model function:  PD Emax model
  Model type:  structural
function (psi, id, xidep) 
{
    dose <- xidep[, 1]
    e0 <- psi[id, 1]
    emax <- psi[id, 2]
    e50 <- psi[id, 3]
    f <- e0 + emax * dose/(e50 + dose)
    return(f)
}
<bytecode: 0x557685349418>
  Nb of parameters: 3 
      parameter names:  E0 Emax ED50 
      distribution:
     Parameter Distribution Estimated
[1,] E0        log-normal   Estimated
[2,] Emax      log-normal   Estimated
[3,] ED50      log-normal   Estimated
  Variance-covariance matrix:
     E0 Emax ED50
E0    1    0    0
Emax  0    1    1
ED50  0    1    1
  Error model: proportional , initial values: b.1=0.2 
    No covariate in the model.
    Initial values
             E0 Emax ED50
Pop.CondInit 10   60 1000
-----------------------------------
----    Key algorithm options  ----
-----------------------------------
    Estimation of individual parameters (MAP)
    Estimation of standard errors and linearised log-likelihood
    Estimation of log-likelihood by importance sampling
    Number of iterations:  K1=300, K2=100 
    Number of chains:  1 
    Seed:  2014341 
    Number of MCMC iterations for IS:  5000 
    Simulations:
        nb of simulated datasets used for npde:  1000 
        nb of simulated datasets used for VPC:  100 
    Input/output
        save the results to a file:  FALSE 
        save the graphs to files:  TRUE 
        directory where results should be saved:  newdir 
----------------------------------------------------
----                  Results                   ----
----------------------------------------------------
-----------------  Fixed effects  ------------------
----------------------------------------------------
     Parameter Estimate SE      CV(%)
[1,] E0          5.008   0.1417 2.8  
[2,] Emax       33.041   2.4439 7.4  
[3,] ED50      456.102  38.6875 8.5  
[4,] b.1         0.093   0.0065 7.0  
----------------------------------------------------
-----------  Variance of random effects  -----------
----------------------------------------------------
      Parameter     Estimate SE    CV(%)
E0    omega2.E0     0.072    0.011 16   
Emax  omega2.Emax   0.486    0.078 16   
ED50  omega2.ED50   0.513    0.104 20   
covar cov.Emax.ED50 0.278    0.074 27   
----------------------------------------------------
------  Correlation matrix of random effects  ------
----------------------------------------------------
            omega2.E0 omega2.Emax omega2.ED50
omega2.E0   1         0.00        0.00       
omega2.Emax 0         1.00        0.56       
omega2.ED50 0         0.56        1.00       
----------------------------------------------------
---------------  Statistical criteria  -------------
----------------------------------------------------
Likelihood computed by linearisation
      -2LL= 2047.032 
      AIC = 2063.032 
      BIC = 2083.873 

Likelihood computed by importance sampling
      -2LL= 2046.367 
      AIC = 2062.367 
      BIC = 2083.209 
----------------------------------------------------
----------------------------------------------------
-----------------  Fixed effects  ------------------
----------------------------------------------------
  Parameter Estimate      SE CV(%)
1        E0    5.008  0.1417  2.83
2      Emax   33.041  2.4439  7.40
3      ED50  456.102 38.6875  8.48
4       b.1    0.093  0.0065  6.96
----------------------------------------------------
-----------  Variance of random effects  -----------
----------------------------------------------------
         Parameter Estimate    SE CV(%)
E0       omega2.E0    0.072 0.011 15.84
Emax   omega2.Emax    0.486 0.078 15.95
ED50   omega2.ED50    0.513 0.104 20.26
1    cov.Emax.ED50    0.278 0.074 26.58
----------------------------------------------------
------  Correlation matrix of random effects  ------
----------------------------------------------------
            omega2.E0 omega2.Emax omega2.ED50
omega2.E0   1.00      0.00        0.00       
omega2.Emax 0.00      1.00        0.56       
omega2.ED50 0.00      0.56        1.00       
----------------------------------------------------
---------------  Statistical criteria  -------------
----------------------------------------------------
Likelihood computed by linearisation
      -2LL= 2047.032 
      AIC = 2063.032 
      BIC = 2083.873 

Likelihood computed by importance sampling
      -2LL= 2046.367 
      AIC = 2062.367 
      BIC = 2083.209 
----------------------------------------------------
Reading data from file /home/eco/work/saemix/saemixextension/simulationSuite/cont/emaxRichProp/data/data_pdemax80.tab 
These are the first lines of the dataset as read into R. Please check the format of the data is appropriate, if not, modify the na and/or sep items and retry:
  id dose         y
1  1    0  3.445424
2  1  100 14.035423
3  1  300 17.897037
4  1 1000 20.914392
5  2    0  4.424925
6  2  100  7.042250


The following SaemixData object was successfully created:

Object of class SaemixData
    longitudinal data for use with the SAEM algorithm
Dataset /home/eco/work/saemix/saemixextension/simulationSuite/cont/emaxRichProp/data/data_pdemax80.tab 
    Structured data: y ~ dose | id 
    Predictor: dose (-) 
Nonlinear mixed-effects model fit by the SAEM algorithm
-----------------------------------
----          Data             ----
-----------------------------------
Object of class SaemixData
    longitudinal data for use with the SAEM algorithm
Dataset /home/eco/work/saemix/saemixextension/simulationSuite/cont/emaxRichProp/data/data_pdemax80.tab 
    Structured data: y ~ dose | id 
    Predictor: dose (-) 
Dataset characteristics:
    number of subjects:     100 
    number of observations: 400 
    average/min/max nb obs: 4.00  /  4  /  4 
First 10 lines of data:
   id dose         y mdv cens occ ytype
1   1    0  3.445424   0    0   1     1
2   1  100 14.035423   0    0   1     1
3   1  300 17.897037   0    0   1     1
4   1 1000 20.914392   0    0   1     1
5   2    0  4.424925   0    0   1     1
6   2  100  7.042250   0    0   1     1
7   2  300 13.153256   0    0   1     1
8   2 1000 17.103909   0    0   1     1
9   3    0  3.257392   0    0   1     1
10  3  100  7.045923   0    0   1     1
-----------------------------------
----          Model            ----
-----------------------------------
Nonlinear mixed-effects model
  Model function:  PD Emax model
  Model type:  structural
function (psi, id, xidep) 
{
    dose <- xidep[, 1]
    e0 <- psi[id, 1]
    emax <- psi[id, 2]
    e50 <- psi[id, 3]
    f <- e0 + emax * dose/(e50 + dose)
    return(f)
}
<bytecode: 0x557685349418>
  Nb of parameters: 3 
      parameter names:  E0 Emax ED50 
      distribution:
     Parameter Distribution Estimated
[1,] E0        log-normal   Estimated
[2,] Emax      log-normal   Estimated
[3,] ED50      log-normal   Estimated
  Variance-covariance matrix:
     E0 Emax ED50
E0    1    0    0
Emax  0    1    1
ED50  0    1    1
  Error model: proportional , initial values: b.1=0.2 
    No covariate in the model.
    Initial values
             E0 Emax ED50
Pop.CondInit 10   60 1000
-----------------------------------
----    Key algorithm options  ----
-----------------------------------
    Estimation of individual parameters (MAP)
    Estimation of standard errors and linearised log-likelihood
    Estimation of log-likelihood by importance sampling
    Number of iterations:  K1=300, K2=100 
    Number of chains:  1 
    Seed:  2014341 
    Number of MCMC iterations for IS:  5000 
    Simulations:
        nb of simulated datasets used for npde:  1000 
        nb of simulated datasets used for VPC:  100 
    Input/output
        save the results to a file:  FALSE 
        save the graphs to files:  TRUE 
        directory where results should be saved:  newdir 
----------------------------------------------------
----                  Results                   ----
----------------------------------------------------
-----------------  Fixed effects  ------------------
----------------------------------------------------
     Parameter Estimate SE      CV(%)
[1,] E0          5.29    0.1742 3.3  
[2,] Emax       24.31    1.8740 7.7  
[3,] ED50      398.13   32.9074 8.3  
[4,] b.1         0.12    0.0082 6.8  
----------------------------------------------------
-----------  Variance of random effects  -----------
----------------------------------------------------
      Parameter     Estimate SE    CV(%)
E0    omega2.E0     0.094    0.015 16   
Emax  omega2.Emax   0.501    0.085 17   
ED50  omega2.ED50   0.315    0.102 32   
covar cov.Emax.ED50 0.166    0.073 44   
----------------------------------------------------
------  Correlation matrix of random effects  ------
----------------------------------------------------
            omega2.E0 omega2.Emax omega2.ED50
omega2.E0   1         0.00        0.00       
omega2.Emax 0         1.00        0.42       
omega2.ED50 0         0.42        1.00       
----------------------------------------------------
---------------  Statistical criteria  -------------
----------------------------------------------------
Likelihood computed by linearisation
      -2LL= 2066.129 
      AIC = 2082.129 
      BIC = 2102.971 

Likelihood computed by importance sampling
      -2LL= 2067.253 
      AIC = 2083.253 
      BIC = 2104.094 
----------------------------------------------------
----------------------------------------------------
-----------------  Fixed effects  ------------------
----------------------------------------------------
  Parameter Estimate      SE CV(%)
1        E0     5.29  0.1742  3.29
2      Emax    24.31  1.8740  7.71
3      ED50   398.13 32.9074  8.27
4       b.1     0.12  0.0082  6.75
----------------------------------------------------
-----------  Variance of random effects  -----------
----------------------------------------------------
         Parameter Estimate    SE CV(%)
E0       omega2.E0    0.094 0.015 16.27
Emax   omega2.Emax    0.501 0.085 16.88
ED50   omega2.ED50    0.315 0.102 32.26
1    cov.Emax.ED50    0.166 0.073 44.06
----------------------------------------------------
------  Correlation matrix of random effects  ------
----------------------------------------------------
            omega2.E0 omega2.Emax omega2.ED50
omega2.E0   1.00      0.00        0.00       
omega2.Emax 0.00      1.00        0.42       
omega2.ED50 0.00      0.42        1.00       
----------------------------------------------------
---------------  Statistical criteria  -------------
----------------------------------------------------
Likelihood computed by linearisation
      -2LL= 2066.129 
      AIC = 2082.129 
      BIC = 2102.971 

Likelihood computed by importance sampling
      -2LL= 2067.253 
      AIC = 2083.253 
      BIC = 2104.094 
----------------------------------------------------
Reading data from file /home/eco/work/saemix/saemixextension/simulationSuite/cont/emaxRichProp/data/data_pdemax81.tab 
These are the first lines of the dataset as read into R. Please check the format of the data is appropriate, if not, modify the na and/or sep items and retry:
  id dose         y
1  1    0  4.811411
2  1  100  9.329683
3  1  300 15.447570
4  1 1000 22.395720
5  2    0  6.558097
6  2  100 11.688494


The following SaemixData object was successfully created:

Object of class SaemixData
    longitudinal data for use with the SAEM algorithm
Dataset /home/eco/work/saemix/saemixextension/simulationSuite/cont/emaxRichProp/data/data_pdemax81.tab 
    Structured data: y ~ dose | id 
    Predictor: dose (-) 
Nonlinear mixed-effects model fit by the SAEM algorithm
-----------------------------------
----          Data             ----
-----------------------------------
Object of class SaemixData
    longitudinal data for use with the SAEM algorithm
Dataset /home/eco/work/saemix/saemixextension/simulationSuite/cont/emaxRichProp/data/data_pdemax81.tab 
    Structured data: y ~ dose | id 
    Predictor: dose (-) 
Dataset characteristics:
    number of subjects:     100 
    number of observations: 400 
    average/min/max nb obs: 4.00  /  4  /  4 
First 10 lines of data:
   id dose         y mdv cens occ ytype
1   1    0  4.811411   0    0   1     1
2   1  100  9.329683   0    0   1     1
3   1  300 15.447570   0    0   1     1
4   1 1000 22.395720   0    0   1     1
5   2    0  6.558097   0    0   1     1
6   2  100 11.688494   0    0   1     1
7   2  300 15.219877   0    0   1     1
8   2 1000 19.507189   0    0   1     1
9   3    0  5.862544   0    0   1     1
10  3  100  8.577922   0    0   1     1
-----------------------------------
----          Model            ----
-----------------------------------
Nonlinear mixed-effects model
  Model function:  PD Emax model
  Model type:  structural
function (psi, id, xidep) 
{
    dose <- xidep[, 1]
    e0 <- psi[id, 1]
    emax <- psi[id, 2]
    e50 <- psi[id, 3]
    f <- e0 + emax * dose/(e50 + dose)
    return(f)
}
<bytecode: 0x557685349418>
  Nb of parameters: 3 
      parameter names:  E0 Emax ED50 
      distribution:
     Parameter Distribution Estimated
[1,] E0        log-normal   Estimated
[2,] Emax      log-normal   Estimated
[3,] ED50      log-normal   Estimated
  Variance-covariance matrix:
     E0 Emax ED50
E0    1    0    0
Emax  0    1    1
ED50  0    1    1
  Error model: proportional , initial values: b.1=0.2 
    No covariate in the model.
    Initial values
             E0 Emax ED50
Pop.CondInit 10   60 1000
-----------------------------------
----    Key algorithm options  ----
-----------------------------------
    Estimation of individual parameters (MAP)
    Estimation of standard errors and linearised log-likelihood
    Estimation of log-likelihood by importance sampling
    Number of iterations:  K1=300, K2=100 
    Number of chains:  1 
    Seed:  2014341 
    Number of MCMC iterations for IS:  5000 
    Simulations:
        nb of simulated datasets used for npde:  1000 
        nb of simulated datasets used for VPC:  100 
    Input/output
        save the results to a file:  FALSE 
        save the graphs to files:  TRUE 
        directory where results should be saved:  newdir 
----------------------------------------------------
----                  Results                   ----
----------------------------------------------------
-----------------  Fixed effects  ------------------
----------------------------------------------------
     Parameter Estimate SE      CV(%)
[1,] E0          5.1     0.1542 3.0  
[2,] Emax       30.2     2.4852 8.2  
[3,] ED50      500.3    45.0427 9.0  
[4,] b.1         0.1     0.0069 6.9  
----------------------------------------------------
-----------  Variance of random effects  -----------
----------------------------------------------------
      Parameter     Estimate SE    CV(%)
E0    omega2.E0     0.083    0.013 16   
Emax  omega2.Emax   0.594    0.096 16   
ED50  omega2.ED50   0.535    0.117 22   
covar cov.Emax.ED50 0.313    0.087 28   
----------------------------------------------------
------  Correlation matrix of random effects  ------
----------------------------------------------------
            omega2.E0 omega2.Emax omega2.ED50
omega2.E0   1         0.00        0.00       
omega2.Emax 0         1.00        0.55       
omega2.ED50 0         0.55        1.00       
----------------------------------------------------
---------------  Statistical criteria  -------------
----------------------------------------------------
Likelihood computed by linearisation
      -2LL= 2043.431 
      AIC = 2059.431 
      BIC = 2080.273 

Likelihood computed by importance sampling
      -2LL= 2043.923 
      AIC = 2059.923 
      BIC = 2080.764 
----------------------------------------------------
----------------------------------------------------
-----------------  Fixed effects  ------------------
----------------------------------------------------
  Parameter Estimate      SE CV(%)
1        E0     5.06  0.1542  3.05
2      Emax    30.19  2.4852  8.23
3      ED50   500.31 45.0427  9.00
4       b.1     0.10  0.0069  6.88
----------------------------------------------------
-----------  Variance of random effects  -----------
----------------------------------------------------
         Parameter Estimate    SE CV(%)
E0       omega2.E0    0.083 0.013 15.80
Emax   omega2.Emax    0.594 0.096 16.17
ED50   omega2.ED50    0.535 0.117 21.84
1    cov.Emax.ED50    0.313 0.087 27.94
----------------------------------------------------
------  Correlation matrix of random effects  ------
----------------------------------------------------
            omega2.E0 omega2.Emax omega2.ED50
omega2.E0   1.00      0.00        0.00       
omega2.Emax 0.00      1.00        0.55       
omega2.ED50 0.00      0.55        1.00       
----------------------------------------------------
---------------  Statistical criteria  -------------
----------------------------------------------------
Likelihood computed by linearisation
      -2LL= 2043.431 
      AIC = 2059.431 
      BIC = 2080.273 

Likelihood computed by importance sampling
      -2LL= 2043.923 
      AIC = 2059.923 
      BIC = 2080.764 
----------------------------------------------------
Reading data from file /home/eco/work/saemix/saemixextension/simulationSuite/cont/emaxRichProp/data/data_pdemax82.tab 
These are the first lines of the dataset as read into R. Please check the format of the data is appropriate, if not, modify the na and/or sep items and retry:
  id dose         y
1  1    0  4.703660
2  1  100  8.580911
3  1  300 11.898003
4  1 1000 14.055512
5  2    0  4.782551
6  2  100  8.784506


The following SaemixData object was successfully created:

Object of class SaemixData
    longitudinal data for use with the SAEM algorithm
Dataset /home/eco/work/saemix/saemixextension/simulationSuite/cont/emaxRichProp/data/data_pdemax82.tab 
    Structured data: y ~ dose | id 
    Predictor: dose (-) 
Nonlinear mixed-effects model fit by the SAEM algorithm
-----------------------------------
----          Data             ----
-----------------------------------
Object of class SaemixData
    longitudinal data for use with the SAEM algorithm
Dataset /home/eco/work/saemix/saemixextension/simulationSuite/cont/emaxRichProp/data/data_pdemax82.tab 
    Structured data: y ~ dose | id 
    Predictor: dose (-) 
Dataset characteristics:
    number of subjects:     100 
    number of observations: 400 
    average/min/max nb obs: 4.00  /  4  /  4 
First 10 lines of data:
   id dose         y mdv cens occ ytype
1   1    0  4.703660   0    0   1     1
2   1  100  8.580911   0    0   1     1
3   1  300 11.898003   0    0   1     1
4   1 1000 14.055512   0    0   1     1
5   2    0  4.782551   0    0   1     1
6   2  100  8.784506   0    0   1     1
7   2  300 16.882633   0    0   1     1
8   2 1000 29.306827   0    0   1     1
9   3    0  3.887686   0    0   1     1
10  3  100 13.307405   0    0   1     1
-----------------------------------
----          Model            ----
-----------------------------------
Nonlinear mixed-effects model
  Model function:  PD Emax model
  Model type:  structural
function (psi, id, xidep) 
{
    dose <- xidep[, 1]
    e0 <- psi[id, 1]
    emax <- psi[id, 2]
    e50 <- psi[id, 3]
    f <- e0 + emax * dose/(e50 + dose)
    return(f)
}
<bytecode: 0x557685349418>
  Nb of parameters: 3 
      parameter names:  E0 Emax ED50 
      distribution:
     Parameter Distribution Estimated
[1,] E0        log-normal   Estimated
[2,] Emax      log-normal   Estimated
[3,] ED50      log-normal   Estimated
  Variance-covariance matrix:
     E0 Emax ED50
E0    1    0    0
Emax  0    1    1
ED50  0    1    1
  Error model: proportional , initial values: b.1=0.2 
    No covariate in the model.
    Initial values
             E0 Emax ED50
Pop.CondInit 10   60 1000
-----------------------------------
----    Key algorithm options  ----
-----------------------------------
    Estimation of individual parameters (MAP)
    Estimation of standard errors and linearised log-likelihood
    Estimation of log-likelihood by importance sampling
    Number of iterations:  K1=300, K2=100 
    Number of chains:  1 
    Seed:  2014341 
    Number of MCMC iterations for IS:  5000 
    Simulations:
        nb of simulated datasets used for npde:  1000 
        nb of simulated datasets used for VPC:  100 
    Input/output
        save the results to a file:  FALSE 
        save the graphs to files:  TRUE 
        directory where results should be saved:  newdir 
----------------------------------------------------
----                  Results                   ----
----------------------------------------------------
-----------------  Fixed effects  ------------------
----------------------------------------------------
     Parameter Estimate SE      CV(%)
[1,] E0          4.91    0.1589 3.2  
[2,] Emax       27.93    2.0094 7.2  
[3,] ED50      449.00   30.1963 6.7  
[4,] b.1         0.11    0.0073 6.8  
----------------------------------------------------
-----------  Variance of random effects  -----------
----------------------------------------------------
      Parameter     Estimate SE    CV(%)
E0    omega2.E0     0.094    0.015 16   
Emax  omega2.Emax   0.448    0.074 16   
ED50  omega2.ED50   0.198    0.069 35   
covar cov.Emax.ED50 0.090    0.054 60   
----------------------------------------------------
------  Correlation matrix of random effects  ------
----------------------------------------------------
            omega2.E0 omega2.Emax omega2.ED50
omega2.E0   1         0.0         0.0        
omega2.Emax 0         1.0         0.3        
omega2.ED50 0         0.3         1.0        
----------------------------------------------------
---------------  Statistical criteria  -------------
----------------------------------------------------
Likelihood computed by linearisation
      -2LL= 2016.932 
      AIC = 2032.932 
      BIC = 2053.773 

Likelihood computed by importance sampling
      -2LL= 2016.299 
      AIC = 2032.299 
      BIC = 2053.14 
----------------------------------------------------
----------------------------------------------------
-----------------  Fixed effects  ------------------
----------------------------------------------------
  Parameter Estimate      SE CV(%)
1        E0     4.91  0.1589  3.24
2      Emax    27.93  2.0094  7.20
3      ED50   449.00 30.1963  6.73
4       b.1     0.11  0.0073  6.81
----------------------------------------------------
-----------  Variance of random effects  -----------
----------------------------------------------------
         Parameter Estimate    SE CV(%)
E0       omega2.E0    0.094 0.015 15.81
Emax   omega2.Emax    0.448 0.074 16.45
ED50   omega2.ED50    0.198 0.069 34.60
1    cov.Emax.ED50    0.090 0.054 60.24
----------------------------------------------------
------  Correlation matrix of random effects  ------
----------------------------------------------------
            omega2.E0 omega2.Emax omega2.ED50
omega2.E0   1.00      0.00        0.00       
omega2.Emax 0.00      1.00        0.30       
omega2.ED50 0.00      0.30        1.00       
----------------------------------------------------
---------------  Statistical criteria  -------------
----------------------------------------------------
Likelihood computed by linearisation
      -2LL= 2016.932 
      AIC = 2032.932 
      BIC = 2053.773 

Likelihood computed by importance sampling
      -2LL= 2016.299 
      AIC = 2032.299 
      BIC = 2053.14 
----------------------------------------------------
Reading data from file /home/eco/work/saemix/saemixextension/simulationSuite/cont/emaxRichProp/data/data_pdemax83.tab 
These are the first lines of the dataset as read into R. Please check the format of the data is appropriate, if not, modify the na and/or sep items and retry:
  id dose         y
1  1    0  4.849444
2  1  100  8.751085
3  1  300 16.351244
4  1 1000 20.654113
5  2    0  7.210230
6  2  100 10.423922


The following SaemixData object was successfully created:

Object of class SaemixData
    longitudinal data for use with the SAEM algorithm
Dataset /home/eco/work/saemix/saemixextension/simulationSuite/cont/emaxRichProp/data/data_pdemax83.tab 
    Structured data: y ~ dose | id 
    Predictor: dose (-) 
Nonlinear mixed-effects model fit by the SAEM algorithm
-----------------------------------
----          Data             ----
-----------------------------------
Object of class SaemixData
    longitudinal data for use with the SAEM algorithm
Dataset /home/eco/work/saemix/saemixextension/simulationSuite/cont/emaxRichProp/data/data_pdemax83.tab 
    Structured data: y ~ dose | id 
    Predictor: dose (-) 
Dataset characteristics:
    number of subjects:     100 
    number of observations: 400 
    average/min/max nb obs: 4.00  /  4  /  4 
First 10 lines of data:
   id dose         y mdv cens occ ytype
1   1    0  4.849444   0    0   1     1
2   1  100  8.751085   0    0   1     1
3   1  300 16.351244   0    0   1     1
4   1 1000 20.654113   0    0   1     1
5   2    0  7.210230   0    0   1     1
6   2  100 10.423922   0    0   1     1
7   2  300 12.946055   0    0   1     1
8   2 1000 17.991883   0    0   1     1
9   3    0  3.751978   0    0   1     1
10  3  100  5.341654   0    0   1     1
-----------------------------------
----          Model            ----
-----------------------------------
Nonlinear mixed-effects model
  Model function:  PD Emax model
  Model type:  structural
function (psi, id, xidep) 
{
    dose <- xidep[, 1]
    e0 <- psi[id, 1]
    emax <- psi[id, 2]
    e50 <- psi[id, 3]
    f <- e0 + emax * dose/(e50 + dose)
    return(f)
}
<bytecode: 0x557685349418>
  Nb of parameters: 3 
      parameter names:  E0 Emax ED50 
      distribution:
     Parameter Distribution Estimated
[1,] E0        log-normal   Estimated
[2,] Emax      log-normal   Estimated
[3,] ED50      log-normal   Estimated
  Variance-covariance matrix:
     E0 Emax ED50
E0    1    0    0
Emax  0    1    1
ED50  0    1    1
  Error model: proportional , initial values: b.1=0.2 
    No covariate in the model.
    Initial values
             E0 Emax ED50
Pop.CondInit 10   60 1000
-----------------------------------
----    Key algorithm options  ----
-----------------------------------
    Estimation of individual parameters (MAP)
    Estimation of standard errors and linearised log-likelihood
    Estimation of log-likelihood by importance sampling
    Number of iterations:  K1=300, K2=100 
    Number of chains:  1 
    Seed:  2014341 
    Number of MCMC iterations for IS:  5000 
    Simulations:
        nb of simulated datasets used for npde:  1000 
        nb of simulated datasets used for VPC:  100 
    Input/output
        save the results to a file:  FALSE 
        save the graphs to files:  TRUE 
        directory where results should be saved:  newdir 
----------------------------------------------------
----                  Results                   ----
----------------------------------------------------
-----------------  Fixed effects  ------------------
----------------------------------------------------
     Parameter Estimate SE      CV(%)
[1,] E0          5.10    0.1471 2.9  
[2,] Emax       30.01    2.2251 7.4  
[3,] ED50      488.92   35.2052 7.2  
[4,] b.1         0.11    0.0073 6.8  
----------------------------------------------------
-----------  Variance of random effects  -----------
----------------------------------------------------
      Parameter     Estimate SE    CV(%)
E0    omega2.E0     0.072    0.012 16   
Emax  omega2.Emax   0.471    0.078 17   
ED50  omega2.ED50   0.250    0.078 31   
covar cov.Emax.ED50 0.127    0.061 48   
----------------------------------------------------
------  Correlation matrix of random effects  ------
----------------------------------------------------
            omega2.E0 omega2.Emax omega2.ED50
omega2.E0   1         0.00        0.00       
omega2.Emax 0         1.00        0.37       
omega2.ED50 0         0.37        1.00       
----------------------------------------------------
---------------  Statistical criteria  -------------
----------------------------------------------------
Likelihood computed by linearisation
      -2LL= 2025.931 
      AIC = 2041.931 
      BIC = 2062.772 

Likelihood computed by importance sampling
      -2LL= 2025.144 
      AIC = 2041.144 
      BIC = 2061.986 
----------------------------------------------------
----------------------------------------------------
-----------------  Fixed effects  ------------------
----------------------------------------------------
  Parameter Estimate      SE CV(%)
1        E0     5.10  0.1471  2.88
2      Emax    30.01  2.2251  7.42
3      ED50   488.92 35.2052  7.20
4       b.1     0.11  0.0073  6.82
----------------------------------------------------
-----------  Variance of random effects  -----------
----------------------------------------------------
         Parameter Estimate    SE CV(%)
E0       omega2.E0    0.072 0.012 16.32
Emax   omega2.Emax    0.471 0.078 16.59
ED50   omega2.ED50    0.250 0.078 31.08
1    cov.Emax.ED50    0.127 0.061 47.64
----------------------------------------------------
------  Correlation matrix of random effects  ------
----------------------------------------------------
            omega2.E0 omega2.Emax omega2.ED50
omega2.E0   1.00      0.00        0.00       
omega2.Emax 0.00      1.00        0.37       
omega2.ED50 0.00      0.37        1.00       
----------------------------------------------------
---------------  Statistical criteria  -------------
----------------------------------------------------
Likelihood computed by linearisation
      -2LL= 2025.931 
      AIC = 2041.931 
      BIC = 2062.772 

Likelihood computed by importance sampling
      -2LL= 2025.144 
      AIC = 2041.144 
      BIC = 2061.986 
----------------------------------------------------
Reading data from file /home/eco/work/saemix/saemixextension/simulationSuite/cont/emaxRichProp/data/data_pdemax84.tab 
These are the first lines of the dataset as read into R. Please check the format of the data is appropriate, if not, modify the na and/or sep items and retry:
  id dose         y
1  1    0  7.137008
2  1  100 17.811978
3  1  300 31.011153
4  1 1000 35.251264
5  2    0  8.415649
6  2  100 29.062775


The following SaemixData object was successfully created:

Object of class SaemixData
    longitudinal data for use with the SAEM algorithm
Dataset /home/eco/work/saemix/saemixextension/simulationSuite/cont/emaxRichProp/data/data_pdemax84.tab 
    Structured data: y ~ dose | id 
    Predictor: dose (-) 
Nonlinear mixed-effects model fit by the SAEM algorithm
-----------------------------------
----          Data             ----
-----------------------------------
Object of class SaemixData
    longitudinal data for use with the SAEM algorithm
Dataset /home/eco/work/saemix/saemixextension/simulationSuite/cont/emaxRichProp/data/data_pdemax84.tab 
    Structured data: y ~ dose | id 
    Predictor: dose (-) 
Dataset characteristics:
    number of subjects:     100 
    number of observations: 400 
    average/min/max nb obs: 4.00  /  4  /  4 
First 10 lines of data:
   id dose         y mdv cens occ ytype
1   1    0  7.137008   0    0   1     1
2   1  100 17.811978   0    0   1     1
3   1  300 31.011153   0    0   1     1
4   1 1000 35.251264   0    0   1     1
5   2    0  8.415649   0    0   1     1
6   2  100 29.062775   0    0   1     1
7   2  300 52.149772   0    0   1     1
8   2 1000 85.433466   0    0   1     1
9   3    0  5.084984   0    0   1     1
10  3  100  8.910879   0    0   1     1
-----------------------------------
----          Model            ----
-----------------------------------
Nonlinear mixed-effects model
  Model function:  PD Emax model
  Model type:  structural
function (psi, id, xidep) 
{
    dose <- xidep[, 1]
    e0 <- psi[id, 1]
    emax <- psi[id, 2]
    e50 <- psi[id, 3]
    f <- e0 + emax * dose/(e50 + dose)
    return(f)
}
<bytecode: 0x557685349418>
  Nb of parameters: 3 
      parameter names:  E0 Emax ED50 
      distribution:
     Parameter Distribution Estimated
[1,] E0        log-normal   Estimated
[2,] Emax      log-normal   Estimated
[3,] ED50      log-normal   Estimated
  Variance-covariance matrix:
     E0 Emax ED50
E0    1    0    0
Emax  0    1    1
ED50  0    1    1
  Error model: proportional , initial values: b.1=0.2 
    No covariate in the model.
    Initial values
             E0 Emax ED50
Pop.CondInit 10   60 1000
-----------------------------------
----    Key algorithm options  ----
-----------------------------------
    Estimation of individual parameters (MAP)
    Estimation of standard errors and linearised log-likelihood
    Estimation of log-likelihood by importance sampling
    Number of iterations:  K1=300, K2=100 
    Number of chains:  1 
    Seed:  2014341 
    Number of MCMC iterations for IS:  5000 
    Simulations:
        nb of simulated datasets used for npde:  1000 
        nb of simulated datasets used for VPC:  100 
    Input/output
        save the results to a file:  FALSE 
        save the graphs to files:  TRUE 
        directory where results should be saved:  newdir 
----------------------------------------------------
----                  Results                   ----
----------------------------------------------------
-----------------  Fixed effects  ------------------
----------------------------------------------------
     Parameter Estimate SE      CV(%)
[1,] E0          5.43    0.1760 3.2  
[2,] Emax       29.01    2.0239 7.0  
[3,] ED50      418.97   28.2579 6.7  
[4,] b.1         0.11    0.0073 6.8  
----------------------------------------------------
-----------  Variance of random effects  -----------
----------------------------------------------------
      Parameter     Estimate SE    CV(%)
E0    omega2.E0     0.094    0.015 16   
Emax  omega2.Emax   0.420    0.069 16   
ED50  omega2.ED50   0.203    0.069 34   
covar cov.Emax.ED50 0.098    0.053 54   
----------------------------------------------------
------  Correlation matrix of random effects  ------
----------------------------------------------------
            omega2.E0 omega2.Emax omega2.ED50
omega2.E0   1         0.00        0.00       
omega2.Emax 0         1.00        0.33       
omega2.ED50 0         0.33        1.00       
----------------------------------------------------
---------------  Statistical criteria  -------------
----------------------------------------------------
Likelihood computed by linearisation
      -2LL= 2074.445 
      AIC = 2090.445 
      BIC = 2111.286 

Likelihood computed by importance sampling
      -2LL= 2075.25 
      AIC = 2091.25 
      BIC = 2112.091 
----------------------------------------------------
----------------------------------------------------
-----------------  Fixed effects  ------------------
----------------------------------------------------
  Parameter Estimate      SE CV(%)
1        E0     5.43  0.1760  3.24
2      Emax    29.01  2.0239  6.98
3      ED50   418.97 28.2579  6.74
4       b.1     0.11  0.0073  6.83
----------------------------------------------------
-----------  Variance of random effects  -----------
----------------------------------------------------
         Parameter Estimate    SE CV(%)
E0       omega2.E0    0.094 0.015 15.79
Emax   omega2.Emax    0.420 0.069 16.48
ED50   omega2.ED50    0.203 0.069 34.03
1    cov.Emax.ED50    0.098 0.053 54.25
----------------------------------------------------
------  Correlation matrix of random effects  ------
----------------------------------------------------
            omega2.E0 omega2.Emax omega2.ED50
omega2.E0   1.00      0.00        0.00       
omega2.Emax 0.00      1.00        0.33       
omega2.ED50 0.00      0.33        1.00       
----------------------------------------------------
---------------  Statistical criteria  -------------
----------------------------------------------------
Likelihood computed by linearisation
      -2LL= 2074.445 
      AIC = 2090.445 
      BIC = 2111.286 

Likelihood computed by importance sampling
      -2LL= 2075.25 
      AIC = 2091.25 
      BIC = 2112.091 
----------------------------------------------------
Reading data from file /home/eco/work/saemix/saemixextension/simulationSuite/cont/emaxRichProp/data/data_pdemax85.tab 
These are the first lines of the dataset as read into R. Please check the format of the data is appropriate, if not, modify the na and/or sep items and retry:
  id dose         y
1  1    0  5.620607
2  1  100  9.792073
3  1  300 11.112793
4  1 1000 10.667208
5  2    0  8.431327
6  2  100  9.480114


The following SaemixData object was successfully created:

Object of class SaemixData
    longitudinal data for use with the SAEM algorithm
Dataset /home/eco/work/saemix/saemixextension/simulationSuite/cont/emaxRichProp/data/data_pdemax85.tab 
    Structured data: y ~ dose | id 
    Predictor: dose (-) 
Nonlinear mixed-effects model fit by the SAEM algorithm
-----------------------------------
----          Data             ----
-----------------------------------
Object of class SaemixData
    longitudinal data for use with the SAEM algorithm
Dataset /home/eco/work/saemix/saemixextension/simulationSuite/cont/emaxRichProp/data/data_pdemax85.tab 
    Structured data: y ~ dose | id 
    Predictor: dose (-) 
Dataset characteristics:
    number of subjects:     100 
    number of observations: 400 
    average/min/max nb obs: 4.00  /  4  /  4 
First 10 lines of data:
   id dose         y mdv cens occ ytype
1   1    0  5.620607   0    0   1     1
2   1  100  9.792073   0    0   1     1
3   1  300 11.112793   0    0   1     1
4   1 1000 10.667208   0    0   1     1
5   2    0  8.431327   0    0   1     1
6   2  100  9.480114   0    0   1     1
7   2  300 11.893511   0    0   1     1
8   2 1000 12.133063   0    0   1     1
9   3    0  4.934871   0    0   1     1
10  3  100 18.571325   0    0   1     1
-----------------------------------
----          Model            ----
-----------------------------------
Nonlinear mixed-effects model
  Model function:  PD Emax model
  Model type:  structural
function (psi, id, xidep) 
{
    dose <- xidep[, 1]
    e0 <- psi[id, 1]
    emax <- psi[id, 2]
    e50 <- psi[id, 3]
    f <- e0 + emax * dose/(e50 + dose)
    return(f)
}
<bytecode: 0x557685349418>
  Nb of parameters: 3 
      parameter names:  E0 Emax ED50 
      distribution:
     Parameter Distribution Estimated
[1,] E0        log-normal   Estimated
[2,] Emax      log-normal   Estimated
[3,] ED50      log-normal   Estimated
  Variance-covariance matrix:
     E0 Emax ED50
E0    1    0    0
Emax  0    1    1
ED50  0    1    1
  Error model: proportional , initial values: b.1=0.2 
    No covariate in the model.
    Initial values
             E0 Emax ED50
Pop.CondInit 10   60 1000
-----------------------------------
----    Key algorithm options  ----
-----------------------------------
    Estimation of individual parameters (MAP)
    Estimation of standard errors and linearised log-likelihood
    Estimation of log-likelihood by importance sampling
    Number of iterations:  K1=300, K2=100 
    Number of chains:  1 
    Seed:  2014341 
    Number of MCMC iterations for IS:  5000 
    Simulations:
        nb of simulated datasets used for npde:  1000 
        nb of simulated datasets used for VPC:  100 
    Input/output
        save the results to a file:  FALSE 
        save the graphs to files:  TRUE 
        directory where results should be saved:  newdir 
----------------------------------------------------
----                  Results                   ----
----------------------------------------------------
-----------------  Fixed effects  ------------------
----------------------------------------------------
     Parameter Estimate SE      CV(%)
[1,] E0          5.06    0.1674 3.3  
[2,] Emax       27.55    2.1779 7.9  
[3,] ED50      394.40   29.3720 7.4  
[4,] b.1         0.11    0.0075 6.8  
----------------------------------------------------
-----------  Variance of random effects  -----------
----------------------------------------------------
      Parameter     Estimate SE    CV(%)
E0    omega2.E0     0.098    0.015 16   
Emax  omega2.Emax   0.557    0.089 16   
ED50  omega2.ED50   0.294    0.083 28   
covar cov.Emax.ED50 0.260    0.071 27   
----------------------------------------------------
------  Correlation matrix of random effects  ------
----------------------------------------------------
            omega2.E0 omega2.Emax omega2.ED50
omega2.E0   1         0.00        0.00       
omega2.Emax 0         1.00        0.64       
omega2.ED50 0         0.64        1.00       
----------------------------------------------------
---------------  Statistical criteria  -------------
----------------------------------------------------
Likelihood computed by linearisation
      -2LL= 2057.476 
      AIC = 2073.476 
      BIC = 2094.317 

Likelihood computed by importance sampling
      -2LL= 2057.911 
      AIC = 2073.911 
      BIC = 2094.753 
----------------------------------------------------
----------------------------------------------------
-----------------  Fixed effects  ------------------
----------------------------------------------------
  Parameter Estimate      SE CV(%)
1        E0     5.06  0.1674  3.31
2      Emax    27.55  2.1779  7.91
3      ED50   394.40 29.3720  7.45
4       b.1     0.11  0.0075  6.83
----------------------------------------------------
-----------  Variance of random effects  -----------
----------------------------------------------------
         Parameter Estimate    SE CV(%)
E0       omega2.E0    0.098 0.015 15.83
Emax   omega2.Emax    0.557 0.089 15.93
ED50   omega2.ED50    0.294 0.083 28.15
1    cov.Emax.ED50    0.260 0.071 27.41
----------------------------------------------------
------  Correlation matrix of random effects  ------
----------------------------------------------------
            omega2.E0 omega2.Emax omega2.ED50
omega2.E0   1.00      0.00        0.00       
omega2.Emax 0.00      1.00        0.64       
omega2.ED50 0.00      0.64        1.00       
----------------------------------------------------
---------------  Statistical criteria  -------------
----------------------------------------------------
Likelihood computed by linearisation
      -2LL= 2057.476 
      AIC = 2073.476 
      BIC = 2094.317 

Likelihood computed by importance sampling
      -2LL= 2057.911 
      AIC = 2073.911 
      BIC = 2094.753 
----------------------------------------------------
Reading data from file /home/eco/work/saemix/saemixextension/simulationSuite/cont/emaxRichProp/data/data_pdemax86.tab 
These are the first lines of the dataset as read into R. Please check the format of the data is appropriate, if not, modify the na and/or sep items and retry:
  id dose         y
1  1    0  4.763414
2  1  100 23.345269
3  1  300 29.755352
4  1 1000 49.764570
5  2    0  3.798533
6  2  100 12.177706


The following SaemixData object was successfully created:

Object of class SaemixData
    longitudinal data for use with the SAEM algorithm
Dataset /home/eco/work/saemix/saemixextension/simulationSuite/cont/emaxRichProp/data/data_pdemax86.tab 
    Structured data: y ~ dose | id 
    Predictor: dose (-) 
Nonlinear mixed-effects model fit by the SAEM algorithm
-----------------------------------
----          Data             ----
-----------------------------------
Object of class SaemixData
    longitudinal data for use with the SAEM algorithm
Dataset /home/eco/work/saemix/saemixextension/simulationSuite/cont/emaxRichProp/data/data_pdemax86.tab 
    Structured data: y ~ dose | id 
    Predictor: dose (-) 
Dataset characteristics:
    number of subjects:     100 
    number of observations: 400 
    average/min/max nb obs: 4.00  /  4  /  4 
First 10 lines of data:
   id dose         y mdv cens occ ytype
1   1    0  4.763414   0    0   1     1
2   1  100 23.345269   0    0   1     1
3   1  300 29.755352   0    0   1     1
4   1 1000 49.764570   0    0   1     1
5   2    0  3.798533   0    0   1     1
6   2  100 12.177706   0    0   1     1
7   2  300 24.691983   0    0   1     1
8   2 1000 27.997051   0    0   1     1
9   3    0  3.520813   0    0   1     1
10  3  100 12.280121   0    0   1     1
-----------------------------------
----          Model            ----
-----------------------------------
Nonlinear mixed-effects model
  Model function:  PD Emax model
  Model type:  structural
function (psi, id, xidep) 
{
    dose <- xidep[, 1]
    e0 <- psi[id, 1]
    emax <- psi[id, 2]
    e50 <- psi[id, 3]
    f <- e0 + emax * dose/(e50 + dose)
    return(f)
}
<bytecode: 0x557685349418>
  Nb of parameters: 3 
      parameter names:  E0 Emax ED50 
      distribution:
     Parameter Distribution Estimated
[1,] E0        log-normal   Estimated
[2,] Emax      log-normal   Estimated
[3,] ED50      log-normal   Estimated
  Variance-covariance matrix:
     E0 Emax ED50
E0    1    0    0
Emax  0    1    1
ED50  0    1    1
  Error model: proportional , initial values: b.1=0.2 
    No covariate in the model.
    Initial values
             E0 Emax ED50
Pop.CondInit 10   60 1000
-----------------------------------
----    Key algorithm options  ----
-----------------------------------
    Estimation of individual parameters (MAP)
    Estimation of standard errors and linearised log-likelihood
    Estimation of log-likelihood by importance sampling
    Number of iterations:  K1=300, K2=100 
    Number of chains:  1 
    Seed:  2014341 
    Number of MCMC iterations for IS:  5000 
    Simulations:
        nb of simulated datasets used for npde:  1000 
        nb of simulated datasets used for VPC:  100 
    Input/output
        save the results to a file:  FALSE 
        save the graphs to files:  TRUE 
        directory where results should be saved:  newdir 
----------------------------------------------------
----                  Results                   ----
----------------------------------------------------
-----------------  Fixed effects  ------------------
----------------------------------------------------
     Parameter Estimate SE      CV(%)
[1,] E0          5.222   0.1684 3.2  
[2,] Emax       31.619   2.2372 7.1  
[3,] ED50      514.614  39.3070 7.6  
[4,] b.1         0.099   0.0068 6.8  
----------------------------------------------------
-----------  Variance of random effects  -----------
----------------------------------------------------
      Parameter     Estimate SE    CV(%)
E0    omega2.E0     0.095    0.015 16   
Emax  omega2.Emax   0.424    0.071 17   
ED50  omega2.ED50   0.329    0.085 26   
covar cov.Emax.ED50 0.101    0.059 59   
----------------------------------------------------
------  Correlation matrix of random effects  ------
----------------------------------------------------
            omega2.E0 omega2.Emax omega2.ED50
omega2.E0   1         0.00        0.00       
omega2.Emax 0         1.00        0.27       
omega2.ED50 0         0.27        1.00       
----------------------------------------------------
---------------  Statistical criteria  -------------
----------------------------------------------------
Likelihood computed by linearisation
      -2LL= 2052.005 
      AIC = 2068.005 
      BIC = 2088.846 

Likelihood computed by importance sampling
      -2LL= 2051.612 
      AIC = 2067.612 
      BIC = 2088.454 
----------------------------------------------------
----------------------------------------------------
-----------------  Fixed effects  ------------------
----------------------------------------------------
  Parameter Estimate      SE CV(%)
1        E0    5.222  0.1684  3.22
2      Emax   31.619  2.2372  7.08
3      ED50  514.614 39.3070  7.64
4       b.1    0.099  0.0068  6.81
----------------------------------------------------
-----------  Variance of random effects  -----------
----------------------------------------------------
         Parameter Estimate    SE CV(%)
E0       omega2.E0    0.095 0.015 15.56
Emax   omega2.Emax    0.424 0.071 16.75
ED50   omega2.ED50    0.329 0.085 25.68
1    cov.Emax.ED50    0.101 0.059 58.92
----------------------------------------------------
------  Correlation matrix of random effects  ------
----------------------------------------------------
            omega2.E0 omega2.Emax omega2.ED50
omega2.E0   1.00      0.00        0.00       
omega2.Emax 0.00      1.00        0.27       
omega2.ED50 0.00      0.27        1.00       
----------------------------------------------------
---------------  Statistical criteria  -------------
----------------------------------------------------
Likelihood computed by linearisation
      -2LL= 2052.005 
      AIC = 2068.005 
      BIC = 2088.846 

Likelihood computed by importance sampling
      -2LL= 2051.612 
      AIC = 2067.612 
      BIC = 2088.454 
----------------------------------------------------
Reading data from file /home/eco/work/saemix/saemixextension/simulationSuite/cont/emaxRichProp/data/data_pdemax87.tab 
These are the first lines of the dataset as read into R. Please check the format of the data is appropriate, if not, modify the na and/or sep items and retry:
  id dose         y
1  1    0  3.590717
2  1  100  5.261252
3  1  300  7.666667
4  1 1000 10.466024
5  2    0  6.687729
6  2  100 27.077185


The following SaemixData object was successfully created:

Object of class SaemixData
    longitudinal data for use with the SAEM algorithm
Dataset /home/eco/work/saemix/saemixextension/simulationSuite/cont/emaxRichProp/data/data_pdemax87.tab 
    Structured data: y ~ dose | id 
    Predictor: dose (-) 
Nonlinear mixed-effects model fit by the SAEM algorithm
-----------------------------------
----          Data             ----
-----------------------------------
Object of class SaemixData
    longitudinal data for use with the SAEM algorithm
Dataset /home/eco/work/saemix/saemixextension/simulationSuite/cont/emaxRichProp/data/data_pdemax87.tab 
    Structured data: y ~ dose | id 
    Predictor: dose (-) 
Dataset characteristics:
    number of subjects:     100 
    number of observations: 400 
    average/min/max nb obs: 4.00  /  4  /  4 
First 10 lines of data:
   id dose         y mdv cens occ ytype
1   1    0  3.590717   0    0   1     1
2   1  100  5.261252   0    0   1     1
3   1  300  7.666667   0    0   1     1
4   1 1000 10.466024   0    0   1     1
5   2    0  6.687729   0    0   1     1
6   2  100 27.077185   0    0   1     1
7   2  300 56.470478   0    0   1     1
8   2 1000 64.978710   0    0   1     1
9   3    0  3.954499   0    0   1     1
10  3  100 10.619276   0    0   1     1
-----------------------------------
----          Model            ----
-----------------------------------
Nonlinear mixed-effects model
  Model function:  PD Emax model
  Model type:  structural
function (psi, id, xidep) 
{
    dose <- xidep[, 1]
    e0 <- psi[id, 1]
    emax <- psi[id, 2]
    e50 <- psi[id, 3]
    f <- e0 + emax * dose/(e50 + dose)
    return(f)
}
<bytecode: 0x557685349418>
  Nb of parameters: 3 
      parameter names:  E0 Emax ED50 
      distribution:
     Parameter Distribution Estimated
[1,] E0        log-normal   Estimated
[2,] Emax      log-normal   Estimated
[3,] ED50      log-normal   Estimated
  Variance-covariance matrix:
     E0 Emax ED50
E0    1    0    0
Emax  0    1    1
ED50  0    1    1
  Error model: proportional , initial values: b.1=0.2 
    No covariate in the model.
    Initial values
             E0 Emax ED50
Pop.CondInit 10   60 1000
-----------------------------------
----    Key algorithm options  ----
-----------------------------------
    Estimation of individual parameters (MAP)
    Estimation of standard errors and linearised log-likelihood
    Estimation of log-likelihood by importance sampling
    Number of iterations:  K1=300, K2=100 
    Number of chains:  1 
    Seed:  2014341 
    Number of MCMC iterations for IS:  5000 
    Simulations:
        nb of simulated datasets used for npde:  1000 
        nb of simulated datasets used for VPC:  100 
    Input/output
        save the results to a file:  FALSE 
        save the graphs to files:  TRUE 
        directory where results should be saved:  newdir 
----------------------------------------------------
----                  Results                   ----
----------------------------------------------------
-----------------  Fixed effects  ------------------
----------------------------------------------------
     Parameter Estimate SE      CV(%)
[1,] E0          5.283   0.1626 3.1  
[2,] Emax       29.263   2.3539 8.0  
[3,] ED50      439.864  35.4154 8.1  
[4,] b.1         0.086   0.0059 6.9  
----------------------------------------------------
-----------  Variance of random effects  -----------
----------------------------------------------------
      Parameter     Estimate SE    CV(%)
E0    omega2.E0     0.088    0.013 15   
Emax  omega2.Emax   0.593    0.092 15   
ED50  omega2.ED50   0.454    0.093 21   
covar cov.Emax.ED50 0.287    0.075 26   
----------------------------------------------------
------  Correlation matrix of random effects  ------
----------------------------------------------------
            omega2.E0 omega2.Emax omega2.ED50
omega2.E0   1         0.00        0.00       
omega2.Emax 0         1.00        0.55       
omega2.ED50 0         0.55        1.00       
----------------------------------------------------
---------------  Statistical criteria  -------------
----------------------------------------------------
Likelihood computed by linearisation
      -2LL= 2030.234 
      AIC = 2046.234 
      BIC = 2067.076 

Likelihood computed by importance sampling
      -2LL= 2031.613 
      AIC = 2047.613 
      BIC = 2068.454 
----------------------------------------------------
----------------------------------------------------
-----------------  Fixed effects  ------------------
----------------------------------------------------
  Parameter Estimate      SE CV(%)
1        E0    5.283  0.1626  3.08
2      Emax   29.263  2.3539  8.04
3      ED50  439.864 35.4154  8.05
4       b.1    0.086  0.0059  6.93
----------------------------------------------------
-----------  Variance of random effects  -----------
----------------------------------------------------
         Parameter Estimate    SE CV(%)
E0       omega2.E0    0.088 0.013 15.30
Emax   omega2.Emax    0.593 0.092 15.44
ED50   omega2.ED50    0.454 0.093 20.55
1    cov.Emax.ED50    0.287 0.075 26.29
----------------------------------------------------
------  Correlation matrix of random effects  ------
----------------------------------------------------
            omega2.E0 omega2.Emax omega2.ED50
omega2.E0   1.00      0.00        0.00       
omega2.Emax 0.00      1.00        0.55       
omega2.ED50 0.00      0.55        1.00       
----------------------------------------------------
---------------  Statistical criteria  -------------
----------------------------------------------------
Likelihood computed by linearisation
      -2LL= 2030.234 
      AIC = 2046.234 
      BIC = 2067.076 

Likelihood computed by importance sampling
      -2LL= 2031.613 
      AIC = 2047.613 
      BIC = 2068.454 
----------------------------------------------------
Reading data from file /home/eco/work/saemix/saemixextension/simulationSuite/cont/emaxRichProp/data/data_pdemax88.tab 
These are the first lines of the dataset as read into R. Please check the format of the data is appropriate, if not, modify the na and/or sep items and retry:
  id dose         y
1  1    0  6.258734
2  1  100 16.128418
3  1  300 20.428345
4  1 1000 23.639691
5  2    0  3.596084
6  2  100 10.168399


The following SaemixData object was successfully created:

Object of class SaemixData
    longitudinal data for use with the SAEM algorithm
Dataset /home/eco/work/saemix/saemixextension/simulationSuite/cont/emaxRichProp/data/data_pdemax88.tab 
    Structured data: y ~ dose | id 
    Predictor: dose (-) 
Nonlinear mixed-effects model fit by the SAEM algorithm
-----------------------------------
----          Data             ----
-----------------------------------
Object of class SaemixData
    longitudinal data for use with the SAEM algorithm
Dataset /home/eco/work/saemix/saemixextension/simulationSuite/cont/emaxRichProp/data/data_pdemax88.tab 
    Structured data: y ~ dose | id 
    Predictor: dose (-) 
Dataset characteristics:
    number of subjects:     100 
    number of observations: 400 
    average/min/max nb obs: 4.00  /  4  /  4 
First 10 lines of data:
   id dose         y mdv cens occ ytype
1   1    0  6.258734   0    0   1     1
2   1  100 16.128418   0    0   1     1
3   1  300 20.428345   0    0   1     1
4   1 1000 23.639691   0    0   1     1
5   2    0  3.596084   0    0   1     1
6   2  100 10.168399   0    0   1     1
7   2  300 11.303817   0    0   1     1
8   2 1000 17.602403   0    0   1     1
9   3    0  3.286732   0    0   1     1
10  3  100 16.083061   0    0   1     1
-----------------------------------
----          Model            ----
-----------------------------------
Nonlinear mixed-effects model
  Model function:  PD Emax model
  Model type:  structural
function (psi, id, xidep) 
{
    dose <- xidep[, 1]
    e0 <- psi[id, 1]
    emax <- psi[id, 2]
    e50 <- psi[id, 3]
    f <- e0 + emax * dose/(e50 + dose)
    return(f)
}
<bytecode: 0x557685349418>
  Nb of parameters: 3 
      parameter names:  E0 Emax ED50 
      distribution:
     Parameter Distribution Estimated
[1,] E0        log-normal   Estimated
[2,] Emax      log-normal   Estimated
[3,] ED50      log-normal   Estimated
  Variance-covariance matrix:
     E0 Emax ED50
E0    1    0    0
Emax  0    1    1
ED50  0    1    1
  Error model: proportional , initial values: b.1=0.2 
    No covariate in the model.
    Initial values
             E0 Emax ED50
Pop.CondInit 10   60 1000
-----------------------------------
----    Key algorithm options  ----
-----------------------------------
    Estimation of individual parameters (MAP)
    Estimation of standard errors and linearised log-likelihood
    Estimation of log-likelihood by importance sampling
    Number of iterations:  K1=300, K2=100 
    Number of chains:  1 
    Seed:  2014341 
    Number of MCMC iterations for IS:  5000 
    Simulations:
        nb of simulated datasets used for npde:  1000 
        nb of simulated datasets used for VPC:  100 
    Input/output
        save the results to a file:  FALSE 
        save the graphs to files:  TRUE 
        directory where results should be saved:  newdir 
----------------------------------------------------
----                  Results                   ----
----------------------------------------------------
-----------------  Fixed effects  ------------------
----------------------------------------------------
     Parameter Estimate SE      CV(%)
[1,] E0          4.968   0.1573 3.2  
[2,] Emax       29.195   2.1682 7.4  
[3,] ED50      558.009  48.8633 8.8  
[4,] b.1         0.094   0.0065 6.8  
----------------------------------------------------
-----------  Variance of random effects  -----------
----------------------------------------------------
      Parameter     Estimate SE    CV(%)
E0    omega2.E0     0.092    0.014 15   
Emax  omega2.Emax   0.465    0.078 17   
ED50  omega2.ED50   0.497    0.110 22   
covar cov.Emax.ED50 0.186    0.073 39   
----------------------------------------------------
------  Correlation matrix of random effects  ------
----------------------------------------------------
            omega2.E0 omega2.Emax omega2.ED50
omega2.E0   1         0.00        0.00       
omega2.Emax 0         1.00        0.39       
omega2.ED50 0         0.39        1.00       
----------------------------------------------------
---------------  Statistical criteria  -------------
----------------------------------------------------
Likelihood computed by linearisation
      -2LL= 1979.458 
      AIC = 1995.458 
      BIC = 2016.3 

Likelihood computed by importance sampling
      -2LL= 1977.631 
      AIC = 1993.631 
      BIC = 2014.472 
----------------------------------------------------
----------------------------------------------------
-----------------  Fixed effects  ------------------
----------------------------------------------------
  Parameter Estimate      SE CV(%)
1        E0    4.968  0.1573  3.17
2      Emax   29.195  2.1682  7.43
3      ED50  558.009 48.8633  8.76
4       b.1    0.094  0.0065  6.85
----------------------------------------------------
-----------  Variance of random effects  -----------
----------------------------------------------------
         Parameter Estimate    SE CV(%)
E0       omega2.E0    0.092 0.014 15.46
Emax   omega2.Emax    0.465 0.078 16.77
ED50   omega2.ED50    0.497 0.110 22.06
1    cov.Emax.ED50    0.186 0.073 39.24
----------------------------------------------------
------  Correlation matrix of random effects  ------
----------------------------------------------------
            omega2.E0 omega2.Emax omega2.ED50
omega2.E0   1.00      0.00        0.00       
omega2.Emax 0.00      1.00        0.39       
omega2.ED50 0.00      0.39        1.00       
----------------------------------------------------
---------------  Statistical criteria  -------------
----------------------------------------------------
Likelihood computed by linearisation
      -2LL= 1979.458 
      AIC = 1995.458 
      BIC = 2016.3 

Likelihood computed by importance sampling
      -2LL= 1977.631 
      AIC = 1993.631 
      BIC = 2014.472 
----------------------------------------------------
Reading data from file /home/eco/work/saemix/saemixextension/simulationSuite/cont/emaxRichProp/data/data_pdemax89.tab 
These are the first lines of the dataset as read into R. Please check the format of the data is appropriate, if not, modify the na and/or sep items and retry:
  id dose         y
1  1    0  4.918719
2  1  100 20.159831
3  1  300 26.226858
4  1 1000 31.280968
5  2    0  6.652832
6  2  100  9.695287


The following SaemixData object was successfully created:

Object of class SaemixData
    longitudinal data for use with the SAEM algorithm
Dataset /home/eco/work/saemix/saemixextension/simulationSuite/cont/emaxRichProp/data/data_pdemax89.tab 
    Structured data: y ~ dose | id 
    Predictor: dose (-) 
Nonlinear mixed-effects model fit by the SAEM algorithm
-----------------------------------
----          Data             ----
-----------------------------------
Object of class SaemixData
    longitudinal data for use with the SAEM algorithm
Dataset /home/eco/work/saemix/saemixextension/simulationSuite/cont/emaxRichProp/data/data_pdemax89.tab 
    Structured data: y ~ dose | id 
    Predictor: dose (-) 
Dataset characteristics:
    number of subjects:     100 
    number of observations: 400 
    average/min/max nb obs: 4.00  /  4  /  4 
First 10 lines of data:
   id dose         y mdv cens occ ytype
1   1    0  4.918719   0    0   1     1
2   1  100 20.159831   0    0   1     1
3   1  300 26.226858   0    0   1     1
4   1 1000 31.280968   0    0   1     1
5   2    0  6.652832   0    0   1     1
6   2  100  9.695287   0    0   1     1
7   2  300 16.303679   0    0   1     1
8   2 1000 21.940476   0    0   1     1
9   3    0  2.710152   0    0   1     1
10  3  100 10.946274   0    0   1     1
-----------------------------------
----          Model            ----
-----------------------------------
Nonlinear mixed-effects model
  Model function:  PD Emax model
  Model type:  structural
function (psi, id, xidep) 
{
    dose <- xidep[, 1]
    e0 <- psi[id, 1]
    emax <- psi[id, 2]
    e50 <- psi[id, 3]
    f <- e0 + emax * dose/(e50 + dose)
    return(f)
}
<bytecode: 0x557685349418>
  Nb of parameters: 3 
      parameter names:  E0 Emax ED50 
      distribution:
     Parameter Distribution Estimated
[1,] E0        log-normal   Estimated
[2,] Emax      log-normal   Estimated
[3,] ED50      log-normal   Estimated
  Variance-covariance matrix:
     E0 Emax ED50
E0    1    0    0
Emax  0    1    1
ED50  0    1    1
  Error model: proportional , initial values: b.1=0.2 
    No covariate in the model.
    Initial values
             E0 Emax ED50
Pop.CondInit 10   60 1000
-----------------------------------
----    Key algorithm options  ----
-----------------------------------
    Estimation of individual parameters (MAP)
    Estimation of standard errors and linearised log-likelihood
    Estimation of log-likelihood by importance sampling
    Number of iterations:  K1=300, K2=100 
    Number of chains:  1 
    Seed:  2014341 
    Number of MCMC iterations for IS:  5000 
    Simulations:
        nb of simulated datasets used for npde:  1000 
        nb of simulated datasets used for VPC:  100 
    Input/output
        save the results to a file:  FALSE 
        save the graphs to files:  TRUE 
        directory where results should be saved:  newdir 
----------------------------------------------------
----                  Results                   ----
----------------------------------------------------
-----------------  Fixed effects  ------------------
----------------------------------------------------
     Parameter Estimate SE      CV(%)
[1,] E0          5.1     0.1576 3.1  
[2,] Emax       29.2     2.1011 7.2  
[3,] ED50      462.7    38.3959 8.3  
[4,] b.1         0.1     0.0071 6.9  
----------------------------------------------------
-----------  Variance of random effects  -----------
----------------------------------------------------
      Parameter     Estimate SE    CV(%)
E0    omega2.E0     0.086    0.014 16   
Emax  omega2.Emax   0.442    0.073 17   
ED50  omega2.ED50   0.427    0.101 24   
covar cov.Emax.ED50 0.202    0.069 34   
----------------------------------------------------
------  Correlation matrix of random effects  ------
----------------------------------------------------
            omega2.E0 omega2.Emax omega2.ED50
omega2.E0   1         0.00        0.00       
omega2.Emax 0         1.00        0.47       
omega2.ED50 0         0.47        1.00       
----------------------------------------------------
---------------  Statistical criteria  -------------
----------------------------------------------------
Likelihood computed by linearisation
      -2LL= 2023.352 
      AIC = 2039.352 
      BIC = 2060.194 

Likelihood computed by importance sampling
      -2LL= 2023.626 
      AIC = 2039.626 
      BIC = 2060.467 
----------------------------------------------------
----------------------------------------------------
-----------------  Fixed effects  ------------------
----------------------------------------------------
  Parameter Estimate      SE CV(%)
1        E0     5.09  0.1576  3.10
2      Emax    29.22  2.1011  7.19
3      ED50   462.70 38.3959  8.30
4       b.1     0.10  0.0071  6.92
----------------------------------------------------
-----------  Variance of random effects  -----------
----------------------------------------------------
         Parameter Estimate    SE CV(%)
E0       omega2.E0    0.086 0.014 15.83
Emax   omega2.Emax    0.442 0.073 16.60
ED50   omega2.ED50    0.427 0.101 23.63
1    cov.Emax.ED50    0.202 0.069 34.21
----------------------------------------------------
------  Correlation matrix of random effects  ------
----------------------------------------------------
            omega2.E0 omega2.Emax omega2.ED50
omega2.E0   1.00      0.00        0.00       
omega2.Emax 0.00      1.00        0.47       
omega2.ED50 0.00      0.47        1.00       
----------------------------------------------------
---------------  Statistical criteria  -------------
----------------------------------------------------
Likelihood computed by linearisation
      -2LL= 2023.352 
      AIC = 2039.352 
      BIC = 2060.194 

Likelihood computed by importance sampling
      -2LL= 2023.626 
      AIC = 2039.626 
      BIC = 2060.467 
----------------------------------------------------
Reading data from file /home/eco/work/saemix/saemixextension/simulationSuite/cont/emaxRichProp/data/data_pdemax90.tab 
These are the first lines of the dataset as read into R. Please check the format of the data is appropriate, if not, modify the na and/or sep items and retry:
  id dose         y
1  1    0  3.714958
2  1  100 15.423302
3  1  300 27.745306
4  1 1000 61.785892
5  2    0  4.260267
6  2  100 10.833486


The following SaemixData object was successfully created:

Object of class SaemixData
    longitudinal data for use with the SAEM algorithm
Dataset /home/eco/work/saemix/saemixextension/simulationSuite/cont/emaxRichProp/data/data_pdemax90.tab 
    Structured data: y ~ dose | id 
    Predictor: dose (-) 
Nonlinear mixed-effects model fit by the SAEM algorithm
-----------------------------------
----          Data             ----
-----------------------------------
Object of class SaemixData
    longitudinal data for use with the SAEM algorithm
Dataset /home/eco/work/saemix/saemixextension/simulationSuite/cont/emaxRichProp/data/data_pdemax90.tab 
    Structured data: y ~ dose | id 
    Predictor: dose (-) 
Dataset characteristics:
    number of subjects:     100 
    number of observations: 400 
    average/min/max nb obs: 4.00  /  4  /  4 
First 10 lines of data:
   id dose         y mdv cens occ ytype
1   1    0  3.714958   0    0   1     1
2   1  100 15.423302   0    0   1     1
3   1  300 27.745306   0    0   1     1
4   1 1000 61.785892   0    0   1     1
5   2    0  4.260267   0    0   1     1
6   2  100 10.833486   0    0   1     1
7   2  300 25.934875   0    0   1     1
8   2 1000 41.691969   0    0   1     1
9   3    0  8.152633   0    0   1     1
10  3  100 13.120350   0    0   1     1
-----------------------------------
----          Model            ----
-----------------------------------
Nonlinear mixed-effects model
  Model function:  PD Emax model
  Model type:  structural
function (psi, id, xidep) 
{
    dose <- xidep[, 1]
    e0 <- psi[id, 1]
    emax <- psi[id, 2]
    e50 <- psi[id, 3]
    f <- e0 + emax * dose/(e50 + dose)
    return(f)
}
<bytecode: 0x557685349418>
  Nb of parameters: 3 
      parameter names:  E0 Emax ED50 
      distribution:
     Parameter Distribution Estimated
[1,] E0        log-normal   Estimated
[2,] Emax      log-normal   Estimated
[3,] ED50      log-normal   Estimated
  Variance-covariance matrix:
     E0 Emax ED50
E0    1    0    0
Emax  0    1    1
ED50  0    1    1
  Error model: proportional , initial values: b.1=0.2 
    No covariate in the model.
    Initial values
             E0 Emax ED50
Pop.CondInit 10   60 1000
-----------------------------------
----    Key algorithm options  ----
-----------------------------------
    Estimation of individual parameters (MAP)
    Estimation of standard errors and linearised log-likelihood
    Estimation of log-likelihood by importance sampling
    Number of iterations:  K1=300, K2=100 
    Number of chains:  1 
    Seed:  2014341 
    Number of MCMC iterations for IS:  5000 
    Simulations:
        nb of simulated datasets used for npde:  1000 
        nb of simulated datasets used for VPC:  100 
    Input/output
        save the results to a file:  FALSE 
        save the graphs to files:  TRUE 
        directory where results should be saved:  newdir 
----------------------------------------------------
----                  Results                   ----
----------------------------------------------------
-----------------  Fixed effects  ------------------
----------------------------------------------------
     Parameter Estimate SE      CV(%)
[1,] E0          5.2     0.1609 3.1  
[2,] Emax       27.5     2.0292 7.4  
[3,] ED50      492.6    37.5561 7.6  
[4,] b.1         0.1     0.0069 6.8  
----------------------------------------------------
-----------  Variance of random effects  -----------
----------------------------------------------------
      Parameter     Estimate SE    CV(%)
E0    omega2.E0     0.085    0.013 16   
Emax  omega2.Emax   0.466    0.077 17   
ED50  omega2.ED50   0.306    0.086 28   
covar cov.Emax.ED50 0.160    0.065 40   
----------------------------------------------------
------  Correlation matrix of random effects  ------
----------------------------------------------------
            omega2.E0 omega2.Emax omega2.ED50
omega2.E0   1         0.00        0.00       
omega2.Emax 0         1.00        0.42       
omega2.ED50 0         0.42        1.00       
----------------------------------------------------
---------------  Statistical criteria  -------------
----------------------------------------------------
Likelihood computed by linearisation
      -2LL= 1990.379 
      AIC = 2006.379 
      BIC = 2027.221 

Likelihood computed by importance sampling
      -2LL= 1992.508 
      AIC = 2008.508 
      BIC = 2029.349 
----------------------------------------------------
----------------------------------------------------
-----------------  Fixed effects  ------------------
----------------------------------------------------
  Parameter Estimate      SE CV(%)
1        E0     5.23  0.1609  3.07
2      Emax    27.50  2.0292  7.38
3      ED50   492.62 37.5561  7.62
4       b.1     0.10  0.0069  6.84
----------------------------------------------------
-----------  Variance of random effects  -----------
----------------------------------------------------
         Parameter Estimate    SE CV(%)
E0       omega2.E0    0.085 0.013 15.79
Emax   omega2.Emax    0.466 0.077 16.61
ED50   omega2.ED50    0.306 0.086 28.06
1    cov.Emax.ED50    0.160 0.065 40.48
----------------------------------------------------
------  Correlation matrix of random effects  ------
----------------------------------------------------
            omega2.E0 omega2.Emax omega2.ED50
omega2.E0   1.00      0.00        0.00       
omega2.Emax 0.00      1.00        0.42       
omega2.ED50 0.00      0.42        1.00       
----------------------------------------------------
---------------  Statistical criteria  -------------
----------------------------------------------------
Likelihood computed by linearisation
      -2LL= 1990.379 
      AIC = 2006.379 
      BIC = 2027.221 

Likelihood computed by importance sampling
      -2LL= 1992.508 
      AIC = 2008.508 
      BIC = 2029.349 
----------------------------------------------------
Reading data from file /home/eco/work/saemix/saemixextension/simulationSuite/cont/emaxRichProp/data/data_pdemax91.tab 
These are the first lines of the dataset as read into R. Please check the format of the data is appropriate, if not, modify the na and/or sep items and retry:
  id dose         y
1  1    0  3.555820
2  1  100  7.184736
3  1  300 12.346096
4  1 1000 23.846360
5  2    0  7.553837
6  2  100 19.274740


The following SaemixData object was successfully created:

Object of class SaemixData
    longitudinal data for use with the SAEM algorithm
Dataset /home/eco/work/saemix/saemixextension/simulationSuite/cont/emaxRichProp/data/data_pdemax91.tab 
    Structured data: y ~ dose | id 
    Predictor: dose (-) 
Nonlinear mixed-effects model fit by the SAEM algorithm
-----------------------------------
----          Data             ----
-----------------------------------
Object of class SaemixData
    longitudinal data for use with the SAEM algorithm
Dataset /home/eco/work/saemix/saemixextension/simulationSuite/cont/emaxRichProp/data/data_pdemax91.tab 
    Structured data: y ~ dose | id 
    Predictor: dose (-) 
Dataset characteristics:
    number of subjects:     100 
    number of observations: 400 
    average/min/max nb obs: 4.00  /  4  /  4 
First 10 lines of data:
   id dose         y mdv cens occ ytype
1   1    0  3.555820   0    0   1     1
2   1  100  7.184736   0    0   1     1
3   1  300 12.346096   0    0   1     1
4   1 1000 23.846360   0    0   1     1
5   2    0  7.553837   0    0   1     1
6   2  100 19.274740   0    0   1     1
7   2  300 31.440215   0    0   1     1
8   2 1000 42.782990   0    0   1     1
9   3    0  2.551570   0    0   1     1
10  3  100  9.387202   0    0   1     1
-----------------------------------
----          Model            ----
-----------------------------------
Nonlinear mixed-effects model
  Model function:  PD Emax model
  Model type:  structural
function (psi, id, xidep) 
{
    dose <- xidep[, 1]
    e0 <- psi[id, 1]
    emax <- psi[id, 2]
    e50 <- psi[id, 3]
    f <- e0 + emax * dose/(e50 + dose)
    return(f)
}
<bytecode: 0x557685349418>
  Nb of parameters: 3 
      parameter names:  E0 Emax ED50 
      distribution:
     Parameter Distribution Estimated
[1,] E0        log-normal   Estimated
[2,] Emax      log-normal   Estimated
[3,] ED50      log-normal   Estimated
  Variance-covariance matrix:
     E0 Emax ED50
E0    1    0    0
Emax  0    1    1
ED50  0    1    1
  Error model: proportional , initial values: b.1=0.2 
    No covariate in the model.
    Initial values
             E0 Emax ED50
Pop.CondInit 10   60 1000
-----------------------------------
----    Key algorithm options  ----
-----------------------------------
    Estimation of individual parameters (MAP)
    Estimation of standard errors and linearised log-likelihood
    Estimation of log-likelihood by importance sampling
    Number of iterations:  K1=300, K2=100 
    Number of chains:  1 
    Seed:  2014341 
    Number of MCMC iterations for IS:  5000 
    Simulations:
        nb of simulated datasets used for npde:  1000 
        nb of simulated datasets used for VPC:  100 
    Input/output
        save the results to a file:  FALSE 
        save the graphs to files:  TRUE 
        directory where results should be saved:  newdir 
----------------------------------------------------
----                  Results                   ----
----------------------------------------------------
-----------------  Fixed effects  ------------------
----------------------------------------------------
     Parameter Estimate SE      CV(%)
[1,] E0          5.148   0.1805 3.5  
[2,] Emax       29.653   2.4220 8.2  
[3,] ED50      458.864  45.2396 9.9  
[4,] b.1         0.092   0.0063 6.9  
----------------------------------------------------
-----------  Variance of random effects  -----------
----------------------------------------------------
      Parameter     Estimate SE    CV(%)
E0    omega2.E0     0.11     0.017 15   
Emax  omega2.Emax   0.59     0.094 16   
ED50  omega2.ED50   0.73     0.139 19   
covar cov.Emax.ED50 0.47     0.100 21   
----------------------------------------------------
------  Correlation matrix of random effects  ------
----------------------------------------------------
            omega2.E0 omega2.Emax omega2.ED50
omega2.E0   1         0.00        0.00       
omega2.Emax 0         1.00        0.72       
omega2.ED50 0         0.72        1.00       
----------------------------------------------------
---------------  Statistical criteria  -------------
----------------------------------------------------
Likelihood computed by linearisation
      -2LL= 2042.043 
      AIC = 2058.043 
      BIC = 2078.884 

Likelihood computed by importance sampling
      -2LL= 2042.757 
      AIC = 2058.757 
      BIC = 2079.598 
----------------------------------------------------
----------------------------------------------------
-----------------  Fixed effects  ------------------
----------------------------------------------------
  Parameter Estimate      SE CV(%)
1        E0    5.148  0.1805  3.51
2      Emax   29.653  2.4220  8.17
3      ED50  458.864 45.2396  9.86
4       b.1    0.092  0.0063  6.91
----------------------------------------------------
-----------  Variance of random effects  -----------
----------------------------------------------------
         Parameter Estimate    SE CV(%)
E0       omega2.E0     0.11 0.017 15.14
Emax   omega2.Emax     0.59 0.094 15.87
ED50   omega2.ED50     0.73 0.139 19.02
1    cov.Emax.ED50     0.47 0.100 21.16
----------------------------------------------------
------  Correlation matrix of random effects  ------
----------------------------------------------------
            omega2.E0 omega2.Emax omega2.ED50
omega2.E0   1.00      0.00        0.00       
omega2.Emax 0.00      1.00        0.72       
omega2.ED50 0.00      0.72        1.00       
----------------------------------------------------
---------------  Statistical criteria  -------------
----------------------------------------------------
Likelihood computed by linearisation
      -2LL= 2042.043 
      AIC = 2058.043 
      BIC = 2078.884 

Likelihood computed by importance sampling
      -2LL= 2042.757 
      AIC = 2058.757 
      BIC = 2079.598 
----------------------------------------------------
Reading data from file /home/eco/work/saemix/saemixextension/simulationSuite/cont/emaxRichProp/data/data_pdemax92.tab 
These are the first lines of the dataset as read into R. Please check the format of the data is appropriate, if not, modify the na and/or sep items and retry:
  id dose         y
1  1    0  3.907812
2  1  100 17.012587
3  1  300 14.952915
4  1 1000 22.298501
5  2    0  8.549979
6  2  100 12.125943


The following SaemixData object was successfully created:

Object of class SaemixData
    longitudinal data for use with the SAEM algorithm
Dataset /home/eco/work/saemix/saemixextension/simulationSuite/cont/emaxRichProp/data/data_pdemax92.tab 
    Structured data: y ~ dose | id 
    Predictor: dose (-) 
Nonlinear mixed-effects model fit by the SAEM algorithm
-----------------------------------
----          Data             ----
-----------------------------------
Object of class SaemixData
    longitudinal data for use with the SAEM algorithm
Dataset /home/eco/work/saemix/saemixextension/simulationSuite/cont/emaxRichProp/data/data_pdemax92.tab 
    Structured data: y ~ dose | id 
    Predictor: dose (-) 
Dataset characteristics:
    number of subjects:     100 
    number of observations: 400 
    average/min/max nb obs: 4.00  /  4  /  4 
First 10 lines of data:
   id dose         y mdv cens occ ytype
1   1    0  3.907812   0    0   1     1
2   1  100 17.012587   0    0   1     1
3   1  300 14.952915   0    0   1     1
4   1 1000 22.298501   0    0   1     1
5   2    0  8.549979   0    0   1     1
6   2  100 12.125943   0    0   1     1
7   2  300 12.689564   0    0   1     1
8   2 1000 20.077902   0    0   1     1
9   3    0  5.426521   0    0   1     1
10  3  100 12.027789   0    0   1     1
-----------------------------------
----          Model            ----
-----------------------------------
Nonlinear mixed-effects model
  Model function:  PD Emax model
  Model type:  structural
function (psi, id, xidep) 
{
    dose <- xidep[, 1]
    e0 <- psi[id, 1]
    emax <- psi[id, 2]
    e50 <- psi[id, 3]
    f <- e0 + emax * dose/(e50 + dose)
    return(f)
}
<bytecode: 0x557685349418>
  Nb of parameters: 3 
      parameter names:  E0 Emax ED50 
      distribution:
     Parameter Distribution Estimated
[1,] E0        log-normal   Estimated
[2,] Emax      log-normal   Estimated
[3,] ED50      log-normal   Estimated
  Variance-covariance matrix:
     E0 Emax ED50
E0    1    0    0
Emax  0    1    1
ED50  0    1    1
  Error model: proportional , initial values: b.1=0.2 
    No covariate in the model.
    Initial values
             E0 Emax ED50
Pop.CondInit 10   60 1000
-----------------------------------
----    Key algorithm options  ----
-----------------------------------
    Estimation of individual parameters (MAP)
    Estimation of standard errors and linearised log-likelihood
    Estimation of log-likelihood by importance sampling
    Number of iterations:  K1=300, K2=100 
    Number of chains:  1 
    Seed:  2014341 
    Number of MCMC iterations for IS:  5000 
    Simulations:
        nb of simulated datasets used for npde:  1000 
        nb of simulated datasets used for VPC:  100 
    Input/output
        save the results to a file:  FALSE 
        save the graphs to files:  TRUE 
        directory where results should be saved:  newdir 
----------------------------------------------------
----                  Results                   ----
----------------------------------------------------
-----------------  Fixed effects  ------------------
----------------------------------------------------
     Parameter Estimate SE      CV(%)
[1,] E0          5.167   0.1542 3.0  
[2,] Emax       29.498   2.3035 7.8  
[3,] ED50      486.954  37.6199 7.7  
[4,] b.1         0.094   0.0065 6.9  
----------------------------------------------------
-----------  Variance of random effects  -----------
----------------------------------------------------
      Parameter     Estimate SE    CV(%)
E0    omega2.E0     0.08     0.013 16   
Emax  omega2.Emax   0.54     0.087 16   
ED50  omega2.ED50   0.36     0.088 24   
covar cov.Emax.ED50 0.23     0.071 30   
----------------------------------------------------
------  Correlation matrix of random effects  ------
----------------------------------------------------
            omega2.E0 omega2.Emax omega2.ED50
omega2.E0   1         0.00        0.00       
omega2.Emax 0         1.00        0.53       
omega2.ED50 0         0.53        1.00       
----------------------------------------------------
---------------  Statistical criteria  -------------
----------------------------------------------------
Likelihood computed by linearisation
      -2LL= 2005.22 
      AIC = 2021.22 
      BIC = 2042.061 

Likelihood computed by importance sampling
      -2LL= 2004.476 
      AIC = 2020.476 
      BIC = 2041.318 
----------------------------------------------------
----------------------------------------------------
-----------------  Fixed effects  ------------------
----------------------------------------------------
  Parameter Estimate      SE CV(%)
1        E0    5.167  0.1542  2.99
2      Emax   29.498  2.3035  7.81
3      ED50  486.954 37.6199  7.73
4       b.1    0.094  0.0065  6.90
----------------------------------------------------
-----------  Variance of random effects  -----------
----------------------------------------------------
         Parameter Estimate    SE CV(%)
E0       omega2.E0     0.08 0.013 15.66
Emax   omega2.Emax     0.54 0.087 15.93
ED50   omega2.ED50     0.36 0.088 24.04
1    cov.Emax.ED50     0.23 0.071 30.16
----------------------------------------------------
------  Correlation matrix of random effects  ------
----------------------------------------------------
            omega2.E0 omega2.Emax omega2.ED50
omega2.E0   1.00      0.00        0.00       
omega2.Emax 0.00      1.00        0.53       
omega2.ED50 0.00      0.53        1.00       
----------------------------------------------------
---------------  Statistical criteria  -------------
----------------------------------------------------
Likelihood computed by linearisation
      -2LL= 2005.22 
      AIC = 2021.22 
      BIC = 2042.061 

Likelihood computed by importance sampling
      -2LL= 2004.476 
      AIC = 2020.476 
      BIC = 2041.318 
----------------------------------------------------
Reading data from file /home/eco/work/saemix/saemixextension/simulationSuite/cont/emaxRichProp/data/data_pdemax93.tab 
These are the first lines of the dataset as read into R. Please check the format of the data is appropriate, if not, modify the na and/or sep items and retry:
  id dose         y
1  1    0  8.141454
2  1  100  9.498121
3  1  300 10.335927
4  1 1000 14.915604
5  2    0  3.838517
6  2  100  9.568722


The following SaemixData object was successfully created:

Object of class SaemixData
    longitudinal data for use with the SAEM algorithm
Dataset /home/eco/work/saemix/saemixextension/simulationSuite/cont/emaxRichProp/data/data_pdemax93.tab 
    Structured data: y ~ dose | id 
    Predictor: dose (-) 
Nonlinear mixed-effects model fit by the SAEM algorithm
-----------------------------------
----          Data             ----
-----------------------------------
Object of class SaemixData
    longitudinal data for use with the SAEM algorithm
Dataset /home/eco/work/saemix/saemixextension/simulationSuite/cont/emaxRichProp/data/data_pdemax93.tab 
    Structured data: y ~ dose | id 
    Predictor: dose (-) 
Dataset characteristics:
    number of subjects:     100 
    number of observations: 400 
    average/min/max nb obs: 4.00  /  4  /  4 
First 10 lines of data:
   id dose         y mdv cens occ ytype
1   1    0  8.141454   0    0   1     1
2   1  100  9.498121   0    0   1     1
3   1  300 10.335927   0    0   1     1
4   1 1000 14.915604   0    0   1     1
5   2    0  3.838517   0    0   1     1
6   2  100  9.568722   0    0   1     1
7   2  300 13.856475   0    0   1     1
8   2 1000 22.385122   0    0   1     1
9   3    0  5.656238   0    0   1     1
10  3  100 14.574547   0    0   1     1
-----------------------------------
----          Model            ----
-----------------------------------
Nonlinear mixed-effects model
  Model function:  PD Emax model
  Model type:  structural
function (psi, id, xidep) 
{
    dose <- xidep[, 1]
    e0 <- psi[id, 1]
    emax <- psi[id, 2]
    e50 <- psi[id, 3]
    f <- e0 + emax * dose/(e50 + dose)
    return(f)
}
<bytecode: 0x557685349418>
  Nb of parameters: 3 
      parameter names:  E0 Emax ED50 
      distribution:
     Parameter Distribution Estimated
[1,] E0        log-normal   Estimated
[2,] Emax      log-normal   Estimated
[3,] ED50      log-normal   Estimated
  Variance-covariance matrix:
     E0 Emax ED50
E0    1    0    0
Emax  0    1    1
ED50  0    1    1
  Error model: proportional , initial values: b.1=0.2 
    No covariate in the model.
    Initial values
             E0 Emax ED50
Pop.CondInit 10   60 1000
-----------------------------------
----    Key algorithm options  ----
-----------------------------------
    Estimation of individual parameters (MAP)
    Estimation of standard errors and linearised log-likelihood
    Estimation of log-likelihood by importance sampling
    Number of iterations:  K1=300, K2=100 
    Number of chains:  1 
    Seed:  2014341 
    Number of MCMC iterations for IS:  5000 
    Simulations:
        nb of simulated datasets used for npde:  1000 
        nb of simulated datasets used for VPC:  100 
    Input/output
        save the results to a file:  FALSE 
        save the graphs to files:  TRUE 
        directory where results should be saved:  newdir 
----------------------------------------------------
----                  Results                   ----
----------------------------------------------------
-----------------  Fixed effects  ------------------
----------------------------------------------------
     Parameter Estimate SE      CV(%)
[1,] E0          5.088   0.1496 2.9  
[2,] Emax       25.431   2.2940 9.0  
[3,] ED50      449.848  42.4317 9.4  
[4,] b.1         0.086   0.0059 6.9  
----------------------------------------------------
-----------  Variance of random effects  -----------
----------------------------------------------------
      Parameter     Estimate SE    CV(%)
E0    omega2.E0     0.079    0.012 15   
Emax  omega2.Emax   0.746    0.115 15   
ED50  omega2.ED50   0.649    0.127 20   
covar cov.Emax.ED50 0.410    0.100 24   
----------------------------------------------------
------  Correlation matrix of random effects  ------
----------------------------------------------------
            omega2.E0 omega2.Emax omega2.ED50
omega2.E0   1         0.00        0.00       
omega2.Emax 0         1.00        0.59       
omega2.ED50 0         0.59        1.00       
----------------------------------------------------
---------------  Statistical criteria  -------------
----------------------------------------------------
Likelihood computed by linearisation
      -2LL= 1965.837 
      AIC = 1981.837 
      BIC = 2002.679 

Likelihood computed by importance sampling
      -2LL= 1965.368 
      AIC = 1981.368 
      BIC = 2002.209 
----------------------------------------------------
----------------------------------------------------
-----------------  Fixed effects  ------------------
----------------------------------------------------
  Parameter Estimate      SE CV(%)
1        E0    5.088  0.1496  2.94
2      Emax   25.431  2.2940  9.02
3      ED50  449.848 42.4317  9.43
4       b.1    0.086  0.0059  6.91
----------------------------------------------------
-----------  Variance of random effects  -----------
----------------------------------------------------
         Parameter Estimate    SE CV(%)
E0       omega2.E0    0.079 0.012 15.41
Emax   omega2.Emax    0.746 0.115 15.43
ED50   omega2.ED50    0.649 0.127 19.54
1    cov.Emax.ED50    0.410 0.100 24.42
----------------------------------------------------
------  Correlation matrix of random effects  ------
----------------------------------------------------
            omega2.E0 omega2.Emax omega2.ED50
omega2.E0   1.00      0.00        0.00       
omega2.Emax 0.00      1.00        0.59       
omega2.ED50 0.00      0.59        1.00       
----------------------------------------------------
---------------  Statistical criteria  -------------
----------------------------------------------------
Likelihood computed by linearisation
      -2LL= 1965.837 
      AIC = 1981.837 
      BIC = 2002.679 

Likelihood computed by importance sampling
      -2LL= 1965.368 
      AIC = 1981.368 
      BIC = 2002.209 
----------------------------------------------------
Reading data from file /home/eco/work/saemix/saemixextension/simulationSuite/cont/emaxRichProp/data/data_pdemax94.tab 
These are the first lines of the dataset as read into R. Please check the format of the data is appropriate, if not, modify the na and/or sep items and retry:
  id dose         y
1  1    0  9.003293
2  1  100 11.589474
3  1  300 21.095650
4  1 1000 30.514656
5  2    0  5.280003
6  2  100  8.877441


The following SaemixData object was successfully created:

Object of class SaemixData
    longitudinal data for use with the SAEM algorithm
Dataset /home/eco/work/saemix/saemixextension/simulationSuite/cont/emaxRichProp/data/data_pdemax94.tab 
    Structured data: y ~ dose | id 
    Predictor: dose (-) 
Nonlinear mixed-effects model fit by the SAEM algorithm
-----------------------------------
----          Data             ----
-----------------------------------
Object of class SaemixData
    longitudinal data for use with the SAEM algorithm
Dataset /home/eco/work/saemix/saemixextension/simulationSuite/cont/emaxRichProp/data/data_pdemax94.tab 
    Structured data: y ~ dose | id 
    Predictor: dose (-) 
Dataset characteristics:
    number of subjects:     100 
    number of observations: 400 
    average/min/max nb obs: 4.00  /  4  /  4 
First 10 lines of data:
   id dose         y mdv cens occ ytype
1   1    0  9.003293   0    0   1     1
2   1  100 11.589474   0    0   1     1
3   1  300 21.095650   0    0   1     1
4   1 1000 30.514656   0    0   1     1
5   2    0  5.280003   0    0   1     1
6   2  100  8.877441   0    0   1     1
7   2  300 16.262297   0    0   1     1
8   2 1000 24.646956   0    0   1     1
9   3    0  4.274121   0    0   1     1
10  3  100  9.485258   0    0   1     1
-----------------------------------
----          Model            ----
-----------------------------------
Nonlinear mixed-effects model
  Model function:  PD Emax model
  Model type:  structural
function (psi, id, xidep) 
{
    dose <- xidep[, 1]
    e0 <- psi[id, 1]
    emax <- psi[id, 2]
    e50 <- psi[id, 3]
    f <- e0 + emax * dose/(e50 + dose)
    return(f)
}
<bytecode: 0x557685349418>
  Nb of parameters: 3 
      parameter names:  E0 Emax ED50 
      distribution:
     Parameter Distribution Estimated
[1,] E0        log-normal   Estimated
[2,] Emax      log-normal   Estimated
[3,] ED50      log-normal   Estimated
  Variance-covariance matrix:
     E0 Emax ED50
E0    1    0    0
Emax  0    1    1
ED50  0    1    1
  Error model: proportional , initial values: b.1=0.2 
    No covariate in the model.
    Initial values
             E0 Emax ED50
Pop.CondInit 10   60 1000
-----------------------------------
----    Key algorithm options  ----
-----------------------------------
    Estimation of individual parameters (MAP)
    Estimation of standard errors and linearised log-likelihood
    Estimation of log-likelihood by importance sampling
    Number of iterations:  K1=300, K2=100 
    Number of chains:  1 
    Seed:  2014341 
    Number of MCMC iterations for IS:  5000 
    Simulations:
        nb of simulated datasets used for npde:  1000 
        nb of simulated datasets used for VPC:  100 
    Input/output
        save the results to a file:  FALSE 
        save the graphs to files:  TRUE 
        directory where results should be saved:  newdir 
----------------------------------------------------
----                  Results                   ----
----------------------------------------------------
-----------------  Fixed effects  ------------------
----------------------------------------------------
     Parameter Estimate SE      CV(%)
[1,] E0          4.994   0.1649 3.3  
[2,] Emax       30.679   2.4676 8.0  
[3,] ED50      428.392  35.4945 8.3  
[4,] b.1         0.098   0.0068 6.9  
----------------------------------------------------
-----------  Variance of random effects  -----------
----------------------------------------------------
      Parameter     Estimate SE    CV(%)
E0    omega2.E0     0.10     0.015 15   
Emax  omega2.Emax   0.58     0.092 16   
ED50  omega2.ED50   0.47     0.100 21   
covar cov.Emax.ED50 0.32     0.080 25   
----------------------------------------------------
------  Correlation matrix of random effects  ------
----------------------------------------------------
            omega2.E0 omega2.Emax omega2.ED50
omega2.E0   1         0.00        0.00       
omega2.Emax 0         1.00        0.62       
omega2.ED50 0         0.62        1.00       
----------------------------------------------------
---------------  Statistical criteria  -------------
----------------------------------------------------
Likelihood computed by linearisation
      -2LL= 2080.779 
      AIC = 2096.779 
      BIC = 2117.62 

Likelihood computed by importance sampling
      -2LL= 2081.375 
      AIC = 2097.375 
      BIC = 2118.216 
----------------------------------------------------
----------------------------------------------------
-----------------  Fixed effects  ------------------
----------------------------------------------------
  Parameter Estimate      SE CV(%)
1        E0    4.994  0.1649  3.30
2      Emax   30.679  2.4676  8.04
3      ED50  428.392 35.4945  8.29
4       b.1    0.098  0.0068  6.93
----------------------------------------------------
-----------  Variance of random effects  -----------
----------------------------------------------------
         Parameter Estimate    SE CV(%)
E0       omega2.E0     0.10 0.015 15.47
Emax   omega2.Emax     0.58 0.092 15.68
ED50   omega2.ED50     0.47 0.100 21.40
1    cov.Emax.ED50     0.32 0.080 24.67
----------------------------------------------------
------  Correlation matrix of random effects  ------
----------------------------------------------------
            omega2.E0 omega2.Emax omega2.ED50
omega2.E0   1.00      0.00        0.00       
omega2.Emax 0.00      1.00        0.62       
omega2.ED50 0.00      0.62        1.00       
----------------------------------------------------
---------------  Statistical criteria  -------------
----------------------------------------------------
Likelihood computed by linearisation
      -2LL= 2080.779 
      AIC = 2096.779 
      BIC = 2117.62 

Likelihood computed by importance sampling
      -2LL= 2081.375 
      AIC = 2097.375 
      BIC = 2118.216 
----------------------------------------------------
Reading data from file /home/eco/work/saemix/saemixextension/simulationSuite/cont/emaxRichProp/data/data_pdemax95.tab 
These are the first lines of the dataset as read into R. Please check the format of the data is appropriate, if not, modify the na and/or sep items and retry:
  id dose         y
1  1    0  3.529945
2  1  100  9.885717
3  1  300 13.734803
4  1 1000 15.714931
5  2    0  2.616133
6  2  100  9.522804


The following SaemixData object was successfully created:

Object of class SaemixData
    longitudinal data for use with the SAEM algorithm
Dataset /home/eco/work/saemix/saemixextension/simulationSuite/cont/emaxRichProp/data/data_pdemax95.tab 
    Structured data: y ~ dose | id 
    Predictor: dose (-) 
Nonlinear mixed-effects model fit by the SAEM algorithm
-----------------------------------
----          Data             ----
-----------------------------------
Object of class SaemixData
    longitudinal data for use with the SAEM algorithm
Dataset /home/eco/work/saemix/saemixextension/simulationSuite/cont/emaxRichProp/data/data_pdemax95.tab 
    Structured data: y ~ dose | id 
    Predictor: dose (-) 
Dataset characteristics:
    number of subjects:     100 
    number of observations: 400 
    average/min/max nb obs: 4.00  /  4  /  4 
First 10 lines of data:
   id dose         y mdv cens occ ytype
1   1    0  3.529945   0    0   1     1
2   1  100  9.885717   0    0   1     1
3   1  300 13.734803   0    0   1     1
4   1 1000 15.714931   0    0   1     1
5   2    0  2.616133   0    0   1     1
6   2  100  9.522804   0    0   1     1
7   2  300 16.869228   0    0   1     1
8   2 1000 18.835384   0    0   1     1
9   3    0  2.828612   0    0   1     1
10  3  100  5.569088   0    0   1     1
-----------------------------------
----          Model            ----
-----------------------------------
Nonlinear mixed-effects model
  Model function:  PD Emax model
  Model type:  structural
function (psi, id, xidep) 
{
    dose <- xidep[, 1]
    e0 <- psi[id, 1]
    emax <- psi[id, 2]
    e50 <- psi[id, 3]
    f <- e0 + emax * dose/(e50 + dose)
    return(f)
}
<bytecode: 0x557685349418>
  Nb of parameters: 3 
      parameter names:  E0 Emax ED50 
      distribution:
     Parameter Distribution Estimated
[1,] E0        log-normal   Estimated
[2,] Emax      log-normal   Estimated
[3,] ED50      log-normal   Estimated
  Variance-covariance matrix:
     E0 Emax ED50
E0    1    0    0
Emax  0    1    1
ED50  0    1    1
  Error model: proportional , initial values: b.1=0.2 
    No covariate in the model.
    Initial values
             E0 Emax ED50
Pop.CondInit 10   60 1000
-----------------------------------
----    Key algorithm options  ----
-----------------------------------
    Estimation of individual parameters (MAP)
    Estimation of standard errors and linearised log-likelihood
    Estimation of log-likelihood by importance sampling
    Number of iterations:  K1=300, K2=100 
    Number of chains:  1 
    Seed:  2014341 
    Number of MCMC iterations for IS:  5000 
    Simulations:
        nb of simulated datasets used for npde:  1000 
        nb of simulated datasets used for VPC:  100 
    Input/output
        save the results to a file:  FALSE 
        save the graphs to files:  TRUE 
        directory where results should be saved:  newdir 
----------------------------------------------------
----                  Results                   ----
----------------------------------------------------
-----------------  Fixed effects  ------------------
----------------------------------------------------
     Parameter Estimate SE      CV(%)
[1,] E0          4.8     0.1679 3.5  
[2,] Emax       30.9     2.2208 7.2  
[3,] ED50      486.3    38.3373 7.9  
[4,] b.1         0.1     0.0071 6.9  
----------------------------------------------------
-----------  Variance of random effects  -----------
----------------------------------------------------
      Parameter     Estimate SE    CV(%)
E0    omega2.E0     0.11     0.017 15   
Emax  omega2.Emax   0.44     0.073 17   
ED50  omega2.ED50   0.38     0.092 24   
covar cov.Emax.ED50 0.21     0.067 31   
----------------------------------------------------
------  Correlation matrix of random effects  ------
----------------------------------------------------
            omega2.E0 omega2.Emax omega2.ED50
omega2.E0   1         0.00        0.00       
omega2.Emax 0         1.00        0.52       
omega2.ED50 0         0.52        1.00       
----------------------------------------------------
---------------  Statistical criteria  -------------
----------------------------------------------------
Likelihood computed by linearisation
      -2LL= 2042.498 
      AIC = 2058.498 
      BIC = 2079.339 

Likelihood computed by importance sampling
      -2LL= 2041.702 
      AIC = 2057.702 
      BIC = 2078.544 
----------------------------------------------------
----------------------------------------------------
-----------------  Fixed effects  ------------------
----------------------------------------------------
  Parameter Estimate      SE CV(%)
1        E0     4.82  0.1679  3.48
2      Emax    30.90  2.2208  7.19
3      ED50   486.30 38.3373  7.88
4       b.1     0.10  0.0071  6.93
----------------------------------------------------
-----------  Variance of random effects  -----------
----------------------------------------------------
         Parameter Estimate    SE CV(%)
E0       omega2.E0     0.11 0.017 15.44
Emax   omega2.Emax     0.44 0.073 16.53
ED50   omega2.ED50     0.38 0.092 24.31
1    cov.Emax.ED50     0.21 0.067 31.36
----------------------------------------------------
------  Correlation matrix of random effects  ------
----------------------------------------------------
            omega2.E0 omega2.Emax omega2.ED50
omega2.E0   1.00      0.00        0.00       
omega2.Emax 0.00      1.00        0.52       
omega2.ED50 0.00      0.52        1.00       
----------------------------------------------------
---------------  Statistical criteria  -------------
----------------------------------------------------
Likelihood computed by linearisation
      -2LL= 2042.498 
      AIC = 2058.498 
      BIC = 2079.339 

Likelihood computed by importance sampling
      -2LL= 2041.702 
      AIC = 2057.702 
      BIC = 2078.544 
----------------------------------------------------
Reading data from file /home/eco/work/saemix/saemixextension/simulationSuite/cont/emaxRichProp/data/data_pdemax96.tab 
These are the first lines of the dataset as read into R. Please check the format of the data is appropriate, if not, modify the na and/or sep items and retry:
  id dose         y
1  1    0  5.293345
2  1  100  9.014122
3  1  300 12.023715
4  1 1000 19.078615
5  2    0  7.500369
6  2  100 14.875757


The following SaemixData object was successfully created:

Object of class SaemixData
    longitudinal data for use with the SAEM algorithm
Dataset /home/eco/work/saemix/saemixextension/simulationSuite/cont/emaxRichProp/data/data_pdemax96.tab 
    Structured data: y ~ dose | id 
    Predictor: dose (-) 
Nonlinear mixed-effects model fit by the SAEM algorithm
-----------------------------------
----          Data             ----
-----------------------------------
Object of class SaemixData
    longitudinal data for use with the SAEM algorithm
Dataset /home/eco/work/saemix/saemixextension/simulationSuite/cont/emaxRichProp/data/data_pdemax96.tab 
    Structured data: y ~ dose | id 
    Predictor: dose (-) 
Dataset characteristics:
    number of subjects:     100 
    number of observations: 400 
    average/min/max nb obs: 4.00  /  4  /  4 
First 10 lines of data:
   id dose         y mdv cens occ ytype
1   1    0  5.293345   0    0   1     1
2   1  100  9.014122   0    0   1     1
3   1  300 12.023715   0    0   1     1
4   1 1000 19.078615   0    0   1     1
5   2    0  7.500369   0    0   1     1
6   2  100 14.875757   0    0   1     1
7   2  300 19.476604   0    0   1     1
8   2 1000 27.178471   0    0   1     1
9   3    0  6.934322   0    0   1     1
10  3  100  8.661891   0    0   1     1
-----------------------------------
----          Model            ----
-----------------------------------
Nonlinear mixed-effects model
  Model function:  PD Emax model
  Model type:  structural
function (psi, id, xidep) 
{
    dose <- xidep[, 1]
    e0 <- psi[id, 1]
    emax <- psi[id, 2]
    e50 <- psi[id, 3]
    f <- e0 + emax * dose/(e50 + dose)
    return(f)
}
<bytecode: 0x557685349418>
  Nb of parameters: 3 
      parameter names:  E0 Emax ED50 
      distribution:
     Parameter Distribution Estimated
[1,] E0        log-normal   Estimated
[2,] Emax      log-normal   Estimated
[3,] ED50      log-normal   Estimated
  Variance-covariance matrix:
     E0 Emax ED50
E0    1    0    0
Emax  0    1    1
ED50  0    1    1
  Error model: proportional , initial values: b.1=0.2 
    No covariate in the model.
    Initial values
             E0 Emax ED50
Pop.CondInit 10   60 1000
-----------------------------------
----    Key algorithm options  ----
-----------------------------------
    Estimation of individual parameters (MAP)
    Estimation of standard errors and linearised log-likelihood
    Estimation of log-likelihood by importance sampling
    Number of iterations:  K1=300, K2=100 
    Number of chains:  1 
    Seed:  2014341 
    Number of MCMC iterations for IS:  5000 
    Simulations:
        nb of simulated datasets used for npde:  1000 
        nb of simulated datasets used for VPC:  100 
    Input/output
        save the results to a file:  FALSE 
        save the graphs to files:  TRUE 
        directory where results should be saved:  newdir 
----------------------------------------------------
----                  Results                   ----
----------------------------------------------------
-----------------  Fixed effects  ------------------
----------------------------------------------------
     Parameter Estimate SE      CV(%)
[1,] E0          5.19    0.1733 3.3  
[2,] Emax       25.46    1.8405 7.2  
[3,] ED50      469.79   41.9755 8.9  
[4,] b.1         0.11    0.0076 6.8  
----------------------------------------------------
-----------  Variance of random effects  -----------
----------------------------------------------------
      Parameter     Estimate SE    CV(%)
E0    omega2.E0     0.099    0.016 16   
Emax  omega2.Emax   0.425    0.075 18   
ED50  omega2.ED50   0.448    0.118 26   
covar cov.Emax.ED50 0.260    0.079 30   
----------------------------------------------------
------  Correlation matrix of random effects  ------
----------------------------------------------------
            omega2.E0 omega2.Emax omega2.ED50
omega2.E0   1         0.0         0.0        
omega2.Emax 0         1.0         0.6        
omega2.ED50 0         0.6         1.0        
----------------------------------------------------
---------------  Statistical criteria  -------------
----------------------------------------------------
Likelihood computed by linearisation
      -2LL= 1990.888 
      AIC = 2006.888 
      BIC = 2027.73 

Likelihood computed by importance sampling
      -2LL= 1989.897 
      AIC = 2005.897 
      BIC = 2026.739 
----------------------------------------------------
----------------------------------------------------
-----------------  Fixed effects  ------------------
----------------------------------------------------
  Parameter Estimate      SE CV(%)
1        E0     5.19  0.1733  3.34
2      Emax    25.46  1.8405  7.23
3      ED50   469.79 41.9755  8.93
4       b.1     0.11  0.0076  6.83
----------------------------------------------------
-----------  Variance of random effects  -----------
----------------------------------------------------
         Parameter Estimate    SE CV(%)
E0       omega2.E0    0.099 0.016 15.84
Emax   omega2.Emax    0.425 0.075 17.52
ED50   omega2.ED50    0.448 0.118 26.24
1    cov.Emax.ED50    0.260 0.079 30.37
----------------------------------------------------
------  Correlation matrix of random effects  ------
----------------------------------------------------
            omega2.E0 omega2.Emax omega2.ED50
omega2.E0   1.00      0.00        0.00       
omega2.Emax 0.00      1.00        0.60       
omega2.ED50 0.00      0.60        1.00       
----------------------------------------------------
---------------  Statistical criteria  -------------
----------------------------------------------------
Likelihood computed by linearisation
      -2LL= 1990.888 
      AIC = 2006.888 
      BIC = 2027.73 

Likelihood computed by importance sampling
      -2LL= 1989.897 
      AIC = 2005.897 
      BIC = 2026.739 
----------------------------------------------------
Reading data from file /home/eco/work/saemix/saemixextension/simulationSuite/cont/emaxRichProp/data/data_pdemax97.tab 
These are the first lines of the dataset as read into R. Please check the format of the data is appropriate, if not, modify the na and/or sep items and retry:
  id dose         y
1  1    0  3.606121
2  1  100  7.480374
3  1  300 12.540652
4  1 1000 14.523379
5  2    0  3.862008
6  2  100 10.365187


The following SaemixData object was successfully created:

Object of class SaemixData
    longitudinal data for use with the SAEM algorithm
Dataset /home/eco/work/saemix/saemixextension/simulationSuite/cont/emaxRichProp/data/data_pdemax97.tab 
    Structured data: y ~ dose | id 
    Predictor: dose (-) 
Nonlinear mixed-effects model fit by the SAEM algorithm
-----------------------------------
----          Data             ----
-----------------------------------
Object of class SaemixData
    longitudinal data for use with the SAEM algorithm
Dataset /home/eco/work/saemix/saemixextension/simulationSuite/cont/emaxRichProp/data/data_pdemax97.tab 
    Structured data: y ~ dose | id 
    Predictor: dose (-) 
Dataset characteristics:
    number of subjects:     100 
    number of observations: 400 
    average/min/max nb obs: 4.00  /  4  /  4 
First 10 lines of data:
   id dose         y mdv cens occ ytype
1   1    0  3.606121   0    0   1     1
2   1  100  7.480374   0    0   1     1
3   1  300 12.540652   0    0   1     1
4   1 1000 14.523379   0    0   1     1
5   2    0  3.862008   0    0   1     1
6   2  100 10.365187   0    0   1     1
7   2  300 16.326369   0    0   1     1
8   2 1000 21.822026   0    0   1     1
9   3    0  4.292834   0    0   1     1
10  3  100 11.801665   0    0   1     1
-----------------------------------
----          Model            ----
-----------------------------------
Nonlinear mixed-effects model
  Model function:  PD Emax model
  Model type:  structural
function (psi, id, xidep) 
{
    dose <- xidep[, 1]
    e0 <- psi[id, 1]
    emax <- psi[id, 2]
    e50 <- psi[id, 3]
    f <- e0 + emax * dose/(e50 + dose)
    return(f)
}
<bytecode: 0x557685349418>
  Nb of parameters: 3 
      parameter names:  E0 Emax ED50 
      distribution:
     Parameter Distribution Estimated
[1,] E0        log-normal   Estimated
[2,] Emax      log-normal   Estimated
[3,] ED50      log-normal   Estimated
  Variance-covariance matrix:
     E0 Emax ED50
E0    1    0    0
Emax  0    1    1
ED50  0    1    1
  Error model: proportional , initial values: b.1=0.2 
    No covariate in the model.
    Initial values
             E0 Emax ED50
Pop.CondInit 10   60 1000
-----------------------------------
----    Key algorithm options  ----
-----------------------------------
    Estimation of individual parameters (MAP)
    Estimation of standard errors and linearised log-likelihood
    Estimation of log-likelihood by importance sampling
    Number of iterations:  K1=300, K2=100 
    Number of chains:  1 
    Seed:  2014341 
    Number of MCMC iterations for IS:  5000 
    Simulations:
        nb of simulated datasets used for npde:  1000 
        nb of simulated datasets used for VPC:  100 
    Input/output
        save the results to a file:  FALSE 
        save the graphs to files:  TRUE 
        directory where results should be saved:  newdir 
----------------------------------------------------
----                  Results                   ----
----------------------------------------------------
-----------------  Fixed effects  ------------------
----------------------------------------------------
     Parameter Estimate SE      CV(%)
[1,] E0          4.90    0.1401 2.9  
[2,] Emax       27.44    2.1872 8.0  
[3,] ED50      510.00   42.8001 8.4  
[4,] b.1         0.11    0.0078 6.8  
----------------------------------------------------
-----------  Variance of random effects  -----------
----------------------------------------------------
      Parameter     Estimate SE    CV(%)
E0    omega2.E0     0.069    0.012 17   
Emax  omega2.Emax   0.536    0.090 17   
ED50  omega2.ED50   0.367    0.105 29   
covar cov.Emax.ED50 0.226    0.079 35   
----------------------------------------------------
------  Correlation matrix of random effects  ------
----------------------------------------------------
            omega2.E0 omega2.Emax omega2.ED50
omega2.E0   1         0.00        0.00       
omega2.Emax 0         1.00        0.51       
omega2.ED50 0         0.51        1.00       
----------------------------------------------------
---------------  Statistical criteria  -------------
----------------------------------------------------
Likelihood computed by linearisation
      -2LL= 1986.483 
      AIC = 2002.483 
      BIC = 2023.325 

Likelihood computed by importance sampling
      -2LL= 1985.417 
      AIC = 2001.417 
      BIC = 2022.259 
----------------------------------------------------
----------------------------------------------------
-----------------  Fixed effects  ------------------
----------------------------------------------------
  Parameter Estimate      SE CV(%)
1        E0     4.90  0.1401  2.86
2      Emax    27.44  2.1872  7.97
3      ED50   510.00 42.8001  8.39
4       b.1     0.11  0.0078  6.83
----------------------------------------------------
-----------  Variance of random effects  -----------
----------------------------------------------------
         Parameter Estimate    SE CV(%)
E0       omega2.E0    0.069 0.012 16.72
Emax   omega2.Emax    0.536 0.090 16.89
ED50   omega2.ED50    0.367 0.105 28.58
1    cov.Emax.ED50    0.226 0.079 35.10
----------------------------------------------------
------  Correlation matrix of random effects  ------
----------------------------------------------------
            omega2.E0 omega2.Emax omega2.ED50
omega2.E0   1.00      0.00        0.00       
omega2.Emax 0.00      1.00        0.51       
omega2.ED50 0.00      0.51        1.00       
----------------------------------------------------
---------------  Statistical criteria  -------------
----------------------------------------------------
Likelihood computed by linearisation
      -2LL= 1986.483 
      AIC = 2002.483 
      BIC = 2023.325 

Likelihood computed by importance sampling
      -2LL= 1985.417 
      AIC = 2001.417 
      BIC = 2022.259 
----------------------------------------------------
Reading data from file /home/eco/work/saemix/saemixextension/simulationSuite/cont/emaxRichProp/data/data_pdemax98.tab 
These are the first lines of the dataset as read into R. Please check the format of the data is appropriate, if not, modify the na and/or sep items and retry:
  id dose         y
1  1    0  5.343750
2  1  100  9.603483
3  1  300 15.555751
4  1 1000 34.510810
5  2    0  4.030645
6  2  100 15.247246


The following SaemixData object was successfully created:

Object of class SaemixData
    longitudinal data for use with the SAEM algorithm
Dataset /home/eco/work/saemix/saemixextension/simulationSuite/cont/emaxRichProp/data/data_pdemax98.tab 
    Structured data: y ~ dose | id 
    Predictor: dose (-) 
Nonlinear mixed-effects model fit by the SAEM algorithm
-----------------------------------
----          Data             ----
-----------------------------------
Object of class SaemixData
    longitudinal data for use with the SAEM algorithm
Dataset /home/eco/work/saemix/saemixextension/simulationSuite/cont/emaxRichProp/data/data_pdemax98.tab 
    Structured data: y ~ dose | id 
    Predictor: dose (-) 
Dataset characteristics:
    number of subjects:     100 
    number of observations: 400 
    average/min/max nb obs: 4.00  /  4  /  4 
First 10 lines of data:
   id dose         y mdv cens occ ytype
1   1    0  5.343750   0    0   1     1
2   1  100  9.603483   0    0   1     1
3   1  300 15.555751   0    0   1     1
4   1 1000 34.510810   0    0   1     1
5   2    0  4.030645   0    0   1     1
6   2  100 15.247246   0    0   1     1
7   2  300 28.553421   0    0   1     1
8   2 1000 33.551238   0    0   1     1
9   3    0  6.286164   0    0   1     1
10  3  100 11.127645   0    0   1     1
-----------------------------------
----          Model            ----
-----------------------------------
Nonlinear mixed-effects model
  Model function:  PD Emax model
  Model type:  structural
function (psi, id, xidep) 
{
    dose <- xidep[, 1]
    e0 <- psi[id, 1]
    emax <- psi[id, 2]
    e50 <- psi[id, 3]
    f <- e0 + emax * dose/(e50 + dose)
    return(f)
}
<bytecode: 0x557685349418>
  Nb of parameters: 3 
      parameter names:  E0 Emax ED50 
      distribution:
     Parameter Distribution Estimated
[1,] E0        log-normal   Estimated
[2,] Emax      log-normal   Estimated
[3,] ED50      log-normal   Estimated
  Variance-covariance matrix:
     E0 Emax ED50
E0    1    0    0
Emax  0    1    1
ED50  0    1    1
  Error model: proportional , initial values: b.1=0.2 
    No covariate in the model.
    Initial values
             E0 Emax ED50
Pop.CondInit 10   60 1000
-----------------------------------
----    Key algorithm options  ----
-----------------------------------
    Estimation of individual parameters (MAP)
    Estimation of standard errors and linearised log-likelihood
    Estimation of log-likelihood by importance sampling
    Number of iterations:  K1=300, K2=100 
    Number of chains:  1 
    Seed:  2014341 
    Number of MCMC iterations for IS:  5000 
    Simulations:
        nb of simulated datasets used for npde:  1000 
        nb of simulated datasets used for VPC:  100 
    Input/output
        save the results to a file:  FALSE 
        save the graphs to files:  TRUE 
        directory where results should be saved:  newdir 
----------------------------------------------------
----                  Results                   ----
----------------------------------------------------
-----------------  Fixed effects  ------------------
----------------------------------------------------
     Parameter Estimate SE      CV(%)
[1,] E0          5.1     0.1664 3.3  
[2,] Emax       30.4     2.0427 6.7  
[3,] ED50      503.7    41.2569 8.2  
[4,] b.1         0.1     0.0071 6.9  
----------------------------------------------------
-----------  Variance of random effects  -----------
----------------------------------------------------
      Parameter     Estimate SE    CV(%)
E0    omega2.E0     0.096    0.015 16   
Emax  omega2.Emax   0.371    0.064 17   
ED50  omega2.ED50   0.398    0.098 25   
covar cov.Emax.ED50 0.146    0.063 43   
----------------------------------------------------
------  Correlation matrix of random effects  ------
----------------------------------------------------
            omega2.E0 omega2.Emax omega2.ED50
omega2.E0   1         0.00        0.00       
omega2.Emax 0         1.00        0.38       
omega2.ED50 0         0.38        1.00       
----------------------------------------------------
---------------  Statistical criteria  -------------
----------------------------------------------------
Likelihood computed by linearisation
      -2LL= 2030.628 
      AIC = 2046.628 
      BIC = 2067.469 

Likelihood computed by importance sampling
      -2LL= 2030.214 
      AIC = 2046.214 
      BIC = 2067.055 
----------------------------------------------------
----------------------------------------------------
-----------------  Fixed effects  ------------------
----------------------------------------------------
  Parameter Estimate      SE CV(%)
1        E0     5.11  0.1664  3.26
2      Emax    30.36  2.0427  6.73
3      ED50   503.72 41.2569  8.19
4       b.1     0.10  0.0071  6.88
----------------------------------------------------
-----------  Variance of random effects  -----------
----------------------------------------------------
         Parameter Estimate    SE CV(%)
E0       omega2.E0    0.096 0.015 15.68
Emax   omega2.Emax    0.371 0.064 17.36
ED50   omega2.ED50    0.398 0.098 24.71
1    cov.Emax.ED50    0.146 0.063 43.16
----------------------------------------------------
------  Correlation matrix of random effects  ------
----------------------------------------------------
            omega2.E0 omega2.Emax omega2.ED50
omega2.E0   1.00      0.00        0.00       
omega2.Emax 0.00      1.00        0.38       
omega2.ED50 0.00      0.38        1.00       
----------------------------------------------------
---------------  Statistical criteria  -------------
----------------------------------------------------
Likelihood computed by linearisation
      -2LL= 2030.628 
      AIC = 2046.628 
      BIC = 2067.469 

Likelihood computed by importance sampling
      -2LL= 2030.214 
      AIC = 2046.214 
      BIC = 2067.055 
----------------------------------------------------
Reading data from file /home/eco/work/saemix/saemixextension/simulationSuite/cont/emaxRichProp/data/data_pdemax99.tab 
These are the first lines of the dataset as read into R. Please check the format of the data is appropriate, if not, modify the na and/or sep items and retry:
  id dose         y
1  1    0  3.891978
2  1  100 13.089127
3  1  300 22.963290
4  1 1000 25.154780
5  2    0  6.749889
6  2  100 14.000486


The following SaemixData object was successfully created:

Object of class SaemixData
    longitudinal data for use with the SAEM algorithm
Dataset /home/eco/work/saemix/saemixextension/simulationSuite/cont/emaxRichProp/data/data_pdemax99.tab 
    Structured data: y ~ dose | id 
    Predictor: dose (-) 
Nonlinear mixed-effects model fit by the SAEM algorithm
-----------------------------------
----          Data             ----
-----------------------------------
Object of class SaemixData
    longitudinal data for use with the SAEM algorithm
Dataset /home/eco/work/saemix/saemixextension/simulationSuite/cont/emaxRichProp/data/data_pdemax99.tab 
    Structured data: y ~ dose | id 
    Predictor: dose (-) 
Dataset characteristics:
    number of subjects:     100 
    number of observations: 400 
    average/min/max nb obs: 4.00  /  4  /  4 
First 10 lines of data:
   id dose         y mdv cens occ ytype
1   1    0  3.891978   0    0   1     1
2   1  100 13.089127   0    0   1     1
3   1  300 22.963290   0    0   1     1
4   1 1000 25.154780   0    0   1     1
5   2    0  6.749889   0    0   1     1
6   2  100 14.000486   0    0   1     1
7   2  300 17.158388   0    0   1     1
8   2 1000 31.487551   0    0   1     1
9   3    0  4.534945   0    0   1     1
10  3  100  9.616402   0    0   1     1
-----------------------------------
----          Model            ----
-----------------------------------
Nonlinear mixed-effects model
  Model function:  PD Emax model
  Model type:  structural
function (psi, id, xidep) 
{
    dose <- xidep[, 1]
    e0 <- psi[id, 1]
    emax <- psi[id, 2]
    e50 <- psi[id, 3]
    f <- e0 + emax * dose/(e50 + dose)
    return(f)
}
<bytecode: 0x557685349418>
  Nb of parameters: 3 
      parameter names:  E0 Emax ED50 
      distribution:
     Parameter Distribution Estimated
[1,] E0        log-normal   Estimated
[2,] Emax      log-normal   Estimated
[3,] ED50      log-normal   Estimated
  Variance-covariance matrix:
     E0 Emax ED50
E0    1    0    0
Emax  0    1    1
ED50  0    1    1
  Error model: proportional , initial values: b.1=0.2 
    No covariate in the model.
    Initial values
             E0 Emax ED50
Pop.CondInit 10   60 1000
-----------------------------------
----    Key algorithm options  ----
-----------------------------------
    Estimation of individual parameters (MAP)
    Estimation of standard errors and linearised log-likelihood
    Estimation of log-likelihood by importance sampling
    Number of iterations:  K1=300, K2=100 
    Number of chains:  1 
    Seed:  2014341 
    Number of MCMC iterations for IS:  5000 
    Simulations:
        nb of simulated datasets used for npde:  1000 
        nb of simulated datasets used for VPC:  100 
    Input/output
        save the results to a file:  FALSE 
        save the graphs to files:  TRUE 
        directory where results should be saved:  newdir 
----------------------------------------------------
----                  Results                   ----
----------------------------------------------------
-----------------  Fixed effects  ------------------
----------------------------------------------------
     Parameter Estimate SE     CV(%)
[1,] E0          5.1     0.173 3.4  
[2,] Emax       31.0     2.208 7.1  
[3,] ED50      517.8    45.897 8.9  
[4,] b.1         0.1     0.007 6.9  
----------------------------------------------------
-----------  Variance of random effects  -----------
----------------------------------------------------
      Parameter     Estimate SE    CV(%)
E0    omega2.E0     0.11     0.016 15   
Emax  omega2.Emax   0.42     0.072 17   
ED50  omega2.ED50   0.51     0.114 22   
covar cov.Emax.ED50 0.22     0.074 34   
----------------------------------------------------
------  Correlation matrix of random effects  ------
----------------------------------------------------
            omega2.E0 omega2.Emax omega2.ED50
omega2.E0   1         0.00        0.00       
omega2.Emax 0         1.00        0.48       
omega2.ED50 0         0.48        1.00       
----------------------------------------------------
---------------  Statistical criteria  -------------
----------------------------------------------------
Likelihood computed by linearisation
      -2LL= 2042.033 
      AIC = 2058.033 
      BIC = 2078.874 

Likelihood computed by importance sampling
      -2LL= 2039.061 
      AIC = 2055.061 
      BIC = 2075.902 
----------------------------------------------------
----------------------------------------------------
-----------------  Fixed effects  ------------------
----------------------------------------------------
  Parameter Estimate     SE CV(%)
1        E0     5.07  0.173  3.41
2      Emax    31.01  2.208  7.12
3      ED50   517.76 45.897  8.86
4       b.1     0.10  0.007  6.89
----------------------------------------------------
-----------  Variance of random effects  -----------
----------------------------------------------------
         Parameter Estimate    SE CV(%)
E0       omega2.E0     0.11 0.016 15.49
Emax   omega2.Emax     0.42 0.072 17.12
ED50   omega2.ED50     0.51 0.114 22.47
1    cov.Emax.ED50     0.22 0.074 33.53
----------------------------------------------------
------  Correlation matrix of random effects  ------
----------------------------------------------------
            omega2.E0 omega2.Emax omega2.ED50
omega2.E0   1.00      0.00        0.00       
omega2.Emax 0.00      1.00        0.48       
omega2.ED50 0.00      0.48        1.00       
----------------------------------------------------
---------------  Statistical criteria  -------------
----------------------------------------------------
Likelihood computed by linearisation
      -2LL= 2042.033 
      AIC = 2058.033 
      BIC = 2078.874 

Likelihood computed by importance sampling
      -2LL= 2039.061 
      AIC = 2055.061 
      BIC = 2075.902 
----------------------------------------------------
Reading data from file /home/eco/work/saemix/saemixextension/simulationSuite/cont/emaxRichProp/data/data_pdemax100.tab 
These are the first lines of the dataset as read into R. Please check the format of the data is appropriate, if not, modify the na and/or sep items and retry:
  id dose         y
1  1    0  5.097612
2  1  100  6.528783
3  1  300 10.944137
4  1 1000 17.370805
5  2    0  4.352979
6  2  100 10.826999


The following SaemixData object was successfully created:

Object of class SaemixData
    longitudinal data for use with the SAEM algorithm
Dataset /home/eco/work/saemix/saemixextension/simulationSuite/cont/emaxRichProp/data/data_pdemax100.tab 
    Structured data: y ~ dose | id 
    Predictor: dose (-) 
Nonlinear mixed-effects model fit by the SAEM algorithm
-----------------------------------
----          Data             ----
-----------------------------------
Object of class SaemixData
    longitudinal data for use with the SAEM algorithm
Dataset /home/eco/work/saemix/saemixextension/simulationSuite/cont/emaxRichProp/data/data_pdemax100.tab 
    Structured data: y ~ dose | id 
    Predictor: dose (-) 
Dataset characteristics:
    number of subjects:     100 
    number of observations: 400 
    average/min/max nb obs: 4.00  /  4  /  4 
First 10 lines of data:
   id dose         y mdv cens occ ytype
1   1    0  5.097612   0    0   1     1
2   1  100  6.528783   0    0   1     1
3   1  300 10.944137   0    0   1     1
4   1 1000 17.370805   0    0   1     1
5   2    0  4.352979   0    0   1     1
6   2  100 10.826999   0    0   1     1
7   2  300 16.352964   0    0   1     1
8   2 1000 26.261591   0    0   1     1
9   3    0  8.172412   0    0   1     1
10  3  100 13.381312   0    0   1     1
-----------------------------------
----          Model            ----
-----------------------------------
Nonlinear mixed-effects model
  Model function:  PD Emax model
  Model type:  structural
function (psi, id, xidep) 
{
    dose <- xidep[, 1]
    e0 <- psi[id, 1]
    emax <- psi[id, 2]
    e50 <- psi[id, 3]
    f <- e0 + emax * dose/(e50 + dose)
    return(f)
}
<bytecode: 0x557685349418>
  Nb of parameters: 3 
      parameter names:  E0 Emax ED50 
      distribution:
     Parameter Distribution Estimated
[1,] E0        log-normal   Estimated
[2,] Emax      log-normal   Estimated
[3,] ED50      log-normal   Estimated
  Variance-covariance matrix:
     E0 Emax ED50
E0    1    0    0
Emax  0    1    1
ED50  0    1    1
  Error model: proportional , initial values: b.1=0.2 
    No covariate in the model.
    Initial values
             E0 Emax ED50
Pop.CondInit 10   60 1000
-----------------------------------
----    Key algorithm options  ----
-----------------------------------
    Estimation of individual parameters (MAP)
    Estimation of standard errors and linearised log-likelihood
    Estimation of log-likelihood by importance sampling
    Number of iterations:  K1=300, K2=100 
    Number of chains:  1 
    Seed:  2014341 
    Number of MCMC iterations for IS:  5000 
    Simulations:
        nb of simulated datasets used for npde:  1000 
        nb of simulated datasets used for VPC:  100 
    Input/output
        save the results to a file:  FALSE 
        save the graphs to files:  TRUE 
        directory where results should be saved:  newdir 
----------------------------------------------------
----                  Results                   ----
----------------------------------------------------
-----------------  Fixed effects  ------------------
----------------------------------------------------
     Parameter Estimate SE     CV(%)
[1,] E0          5.0     0.161 3.2  
[2,] Emax       30.4     2.257 7.4  
[3,] ED50      416.6    38.794 9.3  
[4,] b.1         0.1     0.007 6.9  
----------------------------------------------------
-----------  Variance of random effects  -----------
----------------------------------------------------
      Parameter     Estimate SE    CV(%)
E0    omega2.E0     0.093    0.015 16   
Emax  omega2.Emax   0.481    0.078 16   
ED50  omega2.ED50   0.611    0.125 20   
covar cov.Emax.ED50 0.255    0.079 31   
----------------------------------------------------
------  Correlation matrix of random effects  ------
----------------------------------------------------
            omega2.E0 omega2.Emax omega2.ED50
omega2.E0   1         0.00        0.00       
omega2.Emax 0         1.00        0.47       
omega2.ED50 0         0.47        1.00       
----------------------------------------------------
---------------  Statistical criteria  -------------
----------------------------------------------------
Likelihood computed by linearisation
      -2LL= 2102.668 
      AIC = 2118.668 
      BIC = 2139.509 

Likelihood computed by importance sampling
      -2LL= 2101.862 
      AIC = 2117.862 
      BIC = 2138.703 
----------------------------------------------------
----------------------------------------------------
-----------------  Fixed effects  ------------------
----------------------------------------------------
  Parameter Estimate     SE CV(%)
1        E0     5.02  0.161  3.20
2      Emax    30.38  2.257  7.43
3      ED50   416.62 38.794  9.31
4       b.1     0.10  0.007  6.93
----------------------------------------------------
-----------  Variance of random effects  -----------
----------------------------------------------------
         Parameter Estimate    SE CV(%)
E0       omega2.E0    0.093 0.015 15.67
Emax   omega2.Emax    0.481 0.078 16.25
ED50   omega2.ED50    0.611 0.125 20.39
1    cov.Emax.ED50    0.255 0.079 31.03
----------------------------------------------------
------  Correlation matrix of random effects  ------
----------------------------------------------------
            omega2.E0 omega2.Emax omega2.ED50
omega2.E0   1.00      0.00        0.00       
omega2.Emax 0.00      1.00        0.47       
omega2.ED50 0.00      0.47        1.00       
----------------------------------------------------
---------------  Statistical criteria  -------------
----------------------------------------------------
Likelihood computed by linearisation
      -2LL= 2102.668 
      AIC = 2118.668 
      BIC = 2139.509 

Likelihood computed by importance sampling
      -2LL= 2101.862 
      AIC = 2117.862 
      BIC = 2138.703 
----------------------------------------------------
> 
> 
> proc.time()
utilisateur     système      écoulé 
    331.261       0.519     332.402 
